nama_wisata,alamat,kategori,google_place_id,google_name,google_address,google_rating,google_rating_count,google_maps_url,latitude,longitude,status,selection_method,data_retrieved_at,match_status,match_reason
Ratu Boko Temple,Yogyakarta,Ancient Ruins,ChIJRf5U05Jaei4RW_l2RPFEPxU,Keraton Ratu Boko,"Jl. Ratu Boko No.2, Gatak, Bokoharjo, Kec. Prambanan, Kabupaten Sleman, Daerah Istimewa Yogyakarta 55572, Indonesia",4.7,16110.0,https://maps.google.com/?cid=1531018201355712859&g_mp=CiVnb29nbGUubWFwcy5wbGFjZXMudjEuUGxhY2VzLkdldFBsYWNlEAIYBCAA,-7.770568300000001,110.4861422,SUCCESS,FIRST_RESULT,2026-09-25T07:33:20.121821+00:00,,
Sewu Temple,Yogyakarta,Ancient Ruins,ChIJg1Q_sR5bei4RrPrSoBsmnf4,Sewu Temple,"Dukuh, Bener, Bugisan, Kec. Prambanan, Kabupaten Klaten, Jawa Tengah 57454, Indonesia",4.7,4575.0,https://maps.google.com/?cid=18346862357081422508&g_mp=CiVnb29nbGUubWFwcy5wbGFjZXMudjEuUGxhY2VzLkdldFBsYWNlEAIYBCAA,-7.743987499999999,110.4928594,SUCCESS,FIRST_RESULT,2026-09-25T07:33:20.890116+00:00,,
Ramayana Ballet At Prambanan,Sleman,Ballets,ChIJgRAaCeNaei4RQs-4Enbl00I,Ramayana Ballet Prambanan,"Klurak, Tamanmartani, Kec. Kalasan, Kabupaten Sleman, Daerah Istimewa Yogyakarta 55571, Indonesia",4.8,2836.0,https://maps.google.com/?cid=4815444721872195394&g_mp=CiVnb29nbGUubWFwcy5wbGFjZXMudjEuUGxhY2VzLkdldFBsYWNlEAIYBCAA,-7.7530267,110.4884829,SUCCESS,FIRST_RESULT,2026-09-25T07:33:21.688882+00:00,,
Malioboro Road,Yogyakarta,Flea & Street Markets,ChIJxQZh-iVYei4RMxHtpSHFpD4,Jalan Malioboro,"Jl. Malioboro, Sosromenduran, Gedong Tengen, Kota Yogyakarta, Daerah Istimewa Yogyakarta, Indonesia",4.8,9225.0,https://maps.google.com/?cid=4513949474840449331&g_mp=CiVnb29nbGUubWFwcy5wbGFjZXMudjEuUGxhY2VzLkdldFBsYWNlEAIYBCAA,-7.7937525,110.3657077,SUCCESS,FIRST_RESULT,2026-09-25T07:33:22.415200+00:00,,
Yogyakarta Palace,Yogyakarta,Historic Sites,ChIJ78cG25ZXei4RbCcrBc9xUjk,Keraton Ngayogyakarta Hadiningrat,"Jl. Rotowijayan No.1, Panembahan, Kecamatan Kraton, Kota Yogyakarta, Daerah Istimewa Yogyakarta 55131, Indonesia",4.7,39588.0,https://maps.google.com/?cid=4130488942211049324&g_mp=CiVnb29nbGUubWFwcy5wbGFjZXMudjEuUGxhY2VzLkdldFBsYWNlEAIYBCAA,-7.805369799999999,110.3643518,SUCCESS,FIRST_RESULT,2026-09-25T07:33:23.234039+00:00,,
Ullen Sentalu Museum,"Jl. Boyong Taman Wisata, 55581 Indonesia",History Museums,ChIJuQp5_QJeei4RcSZ5sDVg_qM,Museum Ullen Sentalu,"Jl. Boyong No.KM 25, Kaliurang, Hargobinangun, Kec. Pakem, Kabupaten Sleman, Daerah Istimewa Yogyakarta 55582, Indonesia",4.7,11856.0,https://maps.google.com/?cid=11816988255977023089&g_mp=CiVnb29nbGUubWFwcy5wbGFjZXMudjEuUGxhY2VzLkdldFBsYWNlEAIYBCAA,-7.598228,110.422825,SUCCESS,FIRST_RESULT,2026-09-25T07:33:24.025749+00:00,,
Sacred Monkey Forest Sanctuary,"Jl. Monkey Forest, Ubud 80571 Indonesia",Nature & Wildlife Areas,ChIJZ5sY9kM90i0RVsPvSxZD7LY,Sacred Monkey Forest Sanctuary,"Jl. Monkey Forest, Ubud, Kecamatan Ubud, Kabupaten Gianyar, Bali 80571, Indonesia",4.5,59793.0,https://maps.google.com/?cid=13180983972448944982&g_mp=CiVnb29nbGUubWFwcy5wbGFjZXMudjEuUGxhY2VzLkdldFBsYWNlEAIYBCAA,-8.5193727,115.2606299,SUCCESS,FIRST_RESULT,2026-09-25T07:33:24.789804+00:00,,
Tegalalang Rice Terrace,"Jalan Raya Ceking, Tegalalang 80517 Indonesia",Points Of Interest & Landmarks,ChIJ4wD5Iwsi0i0R7QRsOGmJGo0,Tegallalang Rice Terrace,"Jl. Raya Tegallalang, Tegallalang, Kec. Tegallalang, Kabupaten Gianyar, Bali 80561, Indonesia",4.4,54934.0,https://maps.google.com/?cid=10167590193753490669&g_mp=CiVnb29nbGUubWFwcy5wbGFjZXMudjEuUGxhY2VzLkdldFBsYWNlEAIYBCAA,-8.431711199999999,115.279303,SUCCESS,FIRST_RESULT,2026-09-25T07:33:25.547785+00:00,,
Water Castle (Tamansari),"Jl. Taman, 55133 Indonesia",Points Of Interest & Landmarks,ChIJya-Z3pNXei4R-ceM3J_doVA,Water Castle of Royal Jogjakarta,"59R5+2P2, Patehan, Kraton, Yogyakarta City, Special Region of Yogyakarta 55133, Indonesia",4.1,332.0,https://maps.google.com/?cid=5810168672954402809&g_mp=CiVnb29nbGUubWFwcy5wbGFjZXMudjEuUGxhY2VzLkdldFBsYWNlEAIYBCAA,-7.809991200000001,110.3592666,SUCCESS,FIRST_RESULT,2026-09-25T07:33:26.260266+00:00,,
Tanah Lot Temple,"Kecamatan Kediri, Kabupaten Tabanan, Beraban 82121 Indonesia",Religious Sites,ChIJBa0pr-M30i0R3m4JVAOkFvA,Tanah Lot Temple Square,"93MP+8QC, Jl. Tanah Lot, Beraban, Kec. Kediri, Kabupaten Tabanan, Bali 82121, Indonesia",4.7,1404.0,https://maps.google.com/?cid=17300195352792100574&g_mp=CiVnb29nbGUubWFwcy5wbGFjZXMudjEuUGxhY2VzLkdldFBsYWNlEAIYBCAA,-8.6166989,115.0868991,SUCCESS,FIRST_RESULT,2026-09-25T07:33:27.009598+00:00,,
Uluwatu Temple,"Jl. Raya Uluwatu Southern Part Of Bali, Pecatu 80361 Indonesia",Religious Sites,ChIJkYHLIPxP0i0RlQTbpxuNuQw,Uluwatu Temple,"Pecatu, South Kuta, Badung Regency, Bali, Indonesia",4.6,53113.0,https://maps.google.com/?cid=916919149066388629&g_mp=CiVnb29nbGUubWFwcy5wbGFjZXMudjEuUGxhY2VzLkdldFBsYWNlEAIYBCAA,-8.829143199999999,115.0849069,SUCCESS,FIRST_RESULT,2026-09-25T07:33:27.848410+00:00,,
Museum Malang Tempo Doeloe,"Jl. Gajahmada No. 2, Malang 65119 Indonesia",Speciality Museums,ChIJj9GoVTwo1i0R-bO-haadNBg,Jl. Gajahmada No.2,"Jl. Gajahmada No.2, Kiduldalem, Kec. Klojen, Kota Malang, Jawa Timur 65119, Indonesia",,,https://maps.google.com/?cid=1744192294233224185&g_mp=CiVnb29nbGUubWFwcy5wbGFjZXMudjEuUGxhY2VzLkdldFBsYWNlEAIYBCAA,-7.978899599999999,112.6348961,SUCCESS,FIRST_RESULT,2026-09-25T07:33:28.662641+00:00,,
Benteng Marlborough,Bengkulu,Benteng,ChIJB3DwedevNi4RTX5KxvRDATw,Fort Marlborough,"Jl. Benteng, Kebun Keling, Kec. Tlk. Segara, Kota Bengkulu, Bengkulu 38116, Indonesia",4.6,10358.0,https://maps.google.com/?cid=4323811835830238797&g_mp=CiVnb29nbGUubWFwcy5wbGFjZXMudjEuUGxhY2VzLkdldFBsYWNlEAIYBCAA,-3.787323,102.2516757,SUCCESS,FIRST_RESULT,2026-09-25T07:33:29.373546+00:00,,
Benteng Talagame,"Kota Ternate, Maluku Utara",Benteng,ChIJxa4k4oOxnDIRiAENh5akZG8,Benteng Portugis Tolukko,"R97Q+J55, Jl. Pemuda, Sangaji Utara, Kec. Kota Ternate Utara, Kota Ternate, Maluku Utara, Indonesia",4.5,1149.0,https://maps.google.com/?cid=8026721402298892680&g_mp=CiVnb29nbGUubWFwcy5wbGFjZXMudjEuUGxhY2VzLkdldFBsYWNlEAIYBCAA,0.8140206999999999,127.387989,SUCCESS,FIRST_RESULT,2026-09-25T07:33:30.096706+00:00,,
Benteng Willyam Star,"Kota Ternate, Maluku Utara",Benteng,ChIJz4yQa8S0nDIRmN_JAPna_E8,"Forte Português em Ternaté Moluca , Kastéla","Q866+CV4, Kastela, Pulau Ternate, Ternate City, North Maluku, Indonesia",4.2,318.0,https://maps.google.com/?cid=5763722386122334104&g_mp=CiVnb29nbGUubWFwcy5wbGFjZXMudjEuUGxhY2VzLkdldFBsYWNlEAIYBCAA,0.7610034999999999,127.3121905,SUCCESS,FIRST_RESULT,2026-09-25T07:33:30.836914+00:00,,
Benteng Fort Concordia,"Kota Kupang, Nusa Tenggara Timur",Benteng,ChIJzdlC64qcViwRh-R2K1jbEmQ,Concordia Fortress,"RHPF+WP2, Fatufeto, Alak, Kupang City, East Nusa Tenggara, Indonesia",4.5,91.0,https://maps.google.com/?cid=7211067125106402439&g_mp=CiVnb29nbGUubWFwcy5wbGFjZXMudjEuUGxhY2VzLkdldFBsYWNlEAIYBCAA,-10.1627277,123.5742679,SUCCESS,FIRST_RESULT,2026-09-25T07:33:31.582282+00:00,,
Benteng Tujuh Lapis,"Kabupaten Rokan Hulu, Riau",Benteng,ChIJHwSXb3lnKzARBMWTdE2Pzro,Benteng Tujuh Lapis (Seven Layer Fortress),"37M3+82Q, Tambusai Tengah, Tambusai, Rokan Hulu Regency, Riau 28558, Indonesia",4.4,328.0,https://maps.google.com/?cid=13460853899088086276&g_mp=CiVnb29nbGUubWFwcy5wbGFjZXMudjEuUGxhY2VzLkdldFBsYWNlEAIYBCAA,1.0833434,100.2526122,SUCCESS,FIRST_RESULT,2026-09-25T07:33:32.292222+00:00,,
Benteng Tujuh Lapis Dalu-Dalu,"Kabupaten Rokan Hulu, Riau",Benteng,ChIJHwSXb3lnKzARBMWTdE2Pzro,Benteng Tujuh Lapis (Seven Layer Fortress),"37M3+82Q, Tambusai Tengah, Tambusai, Rokan Hulu Regency, Riau 28558, Indonesia",4.4,328.0,https://maps.google.com/?cid=13460853899088086276&g_mp=CiVnb29nbGUubWFwcy5wbGFjZXMudjEuUGxhY2VzLkdldFBsYWNlEAIYBCAA,1.0833434,100.2526122,SUCCESS,FIRST_RESULT,2026-09-25T07:33:32.992800+00:00,,
Benteng Somba Opu,"Kabupaten Gowa, Sulawesi Selatan",Benteng,ChIJpVexH3Tivi0R2gWAvWT_7HI,Fort Somba Opu,"Jl. Daeng Tata, Benteng Somba Opu, Kec. Barombong, Kota Makassar, Sulawesi Selatan 90224, Indonesia",4.3,1011.0,https://maps.google.com/?cid=8281274622968595930&g_mp=CiVnb29nbGUubWFwcy5wbGFjZXMudjEuUGxhY2VzLkdldFBsYWNlEAIYBCAA,-5.189921,119.4015934,SUCCESS,FIRST_RESULT,2026-09-25T07:33:33.599980+00:00,,
Benteng Pertahanan Pongtiku,"Kabupaten Toraja Utara, Sulawesi Selatan",Benteng,ChIJ0U87C-HBky0Rr9vh3y6xEbA,Puncak Mamullu Lolai,"Rindingalo, Saloso, Kec. Rantepao, Kabupaten Toraja Utara, Sulawesi Selatan 91862, Indonesia",4.0,13.0,https://maps.google.com/?cid=12687116440162130863&g_mp=CiVnb29nbGUubWFwcy5wbGFjZXMudjEuUGxhY2VzLkdldFBsYWNlEAIYBCAA,-2.963214,119.8626824,SUCCESS,FIRST_RESULT,2026-09-25T07:33:34.109905+00:00,,
Benteng Fort Rotterdam,"Kota Makassar, Sulawesi Selatan",Benteng,ChIJ7zfOEbACvy0RI8-2wSg57Sg,Fort Rotterdam,"No.Road, Jl. Ujung Pandang, Bulo Gading, Kec. Ujung Pandang, Kota Makassar, Sulawesi Selatan 90171, Indonesia",4.5,14473.0,https://maps.google.com/?cid=2949076178209001251&g_mp=CiVnb29nbGUubWFwcy5wbGFjZXMudjEuUGxhY2VzLkdldFBsYWNlEAIYBCAA,-5.1340004,119.4056311,SUCCESS,FIRST_RESULT,2026-09-25T07:33:34.835931+00:00,,
Benteng Panyua,"Kota Makassar, Sulawesi Selatan",Benteng,ChIJ7zfOEbACvy0RI8-2wSg57Sg,Fort Rotterdam,"No.Road, Jl. Ujung Pandang, Bulo Gading, Kec. Ujung Pandang, Kota Makassar, Sulawesi Selatan 90171, Indonesia",4.5,14473.0,https://maps.google.com/?cid=2949076178209001251&g_mp=CiVnb29nbGUubWFwcy5wbGFjZXMudjEuUGxhY2VzLkdldFBsYWNlEAIYBCAA,-5.1340004,119.4056311,SUCCESS,FIRST_RESULT,2026-09-25T07:33:35.539870+00:00,,
Benteng,"Kabupaten Buton Utara, Sulawesi Tenggara",Benteng,ChIJgwXQGst2pC0Rkb9zCImxYY8,Buton Sultanate Palace Fortress,"GJG2+4W6, Jl. Labuke, Melai, Kec. Murhum, Kota Bau-Bau, Sulawesi Tenggara 93713, Indonesia",4.7,1694.0,https://maps.google.com/?cid=10331734222275067793&g_mp=CiVnb29nbGUubWFwcy5wbGFjZXMudjEuUGxhY2VzLkdldFBsYWNlEAIYBCAA,-5.474714199999999,122.6022575,SUCCESS,FIRST_RESULT,2026-09-25T07:33:36.197810+00:00,,
Benteng Keraton Buton,"Kota Bau-Bau, Sulawesi Tenggara",Benteng,ChIJgwXQGst2pC0Rkb9zCImxYY8,Buton Sultanate Palace Fortress,"GJG2+4W6, Jl. Labuke, Melai, Kec. Murhum, Kota Bau-Bau, Sulawesi Tenggara 93713, Indonesia",4.7,1694.0,https://maps.google.com/?cid=10331734222275067793&g_mp=CiVnb29nbGUubWFwcy5wbGFjZXMudjEuUGxhY2VzLkdldFBsYWNlEAIYBCAA,-5.474714199999999,122.6022575,SUCCESS,FIRST_RESULT,2026-09-25T07:33:36.957114+00:00,,
Benteng Keraton Buton Dan Masjid Agung Keraton,"Kota Bau-Bau, Sulawesi Tenggara",Benteng,ChIJgwXQGst2pC0Rkb9zCImxYY8,Buton Sultanate Palace Fortress,"GJG2+4W6, Jl. Labuke, Melai, Kec. Murhum, Kota Bau-Bau, Sulawesi Tenggara 93713, Indonesia",4.7,1694.0,https://maps.google.com/?cid=10331734222275067793&g_mp=CiVnb29nbGUubWFwcy5wbGFjZXMudjEuUGxhY2VzLkdldFBsYWNlEAIYBCAA,-5.474714199999999,122.6022575,SUCCESS,FIRST_RESULT,2026-09-25T07:33:37.686853+00:00,,
Benteng Resort,"Kota Bitung, Sulawesi Utara",Benteng,ChIJfRZ1iEushzIRd76SLBgJyp8,Benteng Resort,"H5R3+FPV, Pinenek, Likupang Timur, North Minahasa Regency, North Sulawesi, Indonesia",4.2,130.0,https://maps.google.com/?cid=11514025396757773943&g_mp=CiVnb29nbGUubWFwcy5wbGFjZXMudjEuUGxhY2VzLkdldFBsYWNlEAIYBCAA,1.5912279,125.1542864,SUCCESS,FIRST_RESULT,2026-09-25T07:33:38.514832+00:00,,
Benteng Santo Pedro,"Kota Ternate, Maluku Utara",Benteng,ChIJxa4k4oOxnDIRiAENh5akZG8,Benteng Portugis Tolukko,"R97Q+J55, Jl. Pemuda, Sangaji Utara, Kec. Kota Ternate Utara, Kota Ternate, Maluku Utara, Indonesia",4.5,1149.0,https://maps.google.com/?cid=8026721402298892680&g_mp=CiVnb29nbGUubWFwcy5wbGFjZXMudjEuUGxhY2VzLkdldFBsYWNlEAIYBCAA,0.8140206999999999,127.387989,SUCCESS,FIRST_RESULT,2026-09-25T07:33:39.168333+00:00,,
Benteng Kuto Besak,"Kota Palembang, Sumatera Selatan",Benteng,ChIJqybWvgN2Oy4RsuP3QwCiJoI,Benteng Kuto Besak,"Jl. Sultan Mahmud Badarudin, 19 Ilir, Kec. Bukit Kecil, Kota Palembang, Sumatera Selatan 30113, Indonesia",4.5,15842.0,https://maps.google.com/?cid=9378361396069655474&g_mp=CiVnb29nbGUubWFwcy5wbGFjZXMudjEuUGxhY2VzLkdldFBsYWNlEAIYBCAA,-2.9912261,104.7591867,SUCCESS,FIRST_RESULT,2026-09-25T07:33:39.937325+00:00,,
Benteng Tatas,"Kota Banjarmasin, Kalimantan Selatan",Benteng,ChIJWwj-osMj5C0R8nFRa8gyHKE,Masjid Raya Sabilal Muhtadin - Banjarmasin,"Jl. Jend Sudirman No.1, Antasan Besar, Kec. Banjarmasin Tengah, Kota Banjarmasin, Kalimantan Selatan 70114, Indonesia",4.8,11329.0,https://maps.google.com/?cid=11609209775829643762&g_mp=CiVnb29nbGUubWFwcy5wbGFjZXMudjEuUGxhY2VzLkdldFBsYWNlEAIYBCAA,-3.3190271,114.5909985,SUCCESS,FIRST_RESULT,2026-09-25T07:33:40.677351+00:00,,
Benteng Nossa Senhora Da Anunciada,"Kota Ambon, Maluku",Benteng,ChIJNdyN8lDobC0RChMAiLU6N-I,Nieuw Victoria Fort,"855J+6VC Benteng New Victoria, Jl. Slamet Riyadi No.1, Uritetu, Kec. Sirimau, Kota Ambon, Maluku 97000, Indonesia",4.1,216.0,https://maps.google.com/?cid=16300561927635997450&g_mp=CiVnb29nbGUubWFwcy5wbGFjZXMudjEuUGxhY2VzLkdldFBsYWNlEAIYBCAA,-3.6927869,128.1824825,SUCCESS,FIRST_RESULT,2026-09-25T07:33:41.420805+00:00,,
Benteng Kota Bombonawulu,"Kabupaten Buton Tengah, Sulawesi Tenggara",Benteng,ChIJMfY6AACPoy0RThpL9mlnLBs,Benteng Bombonawulu,"PH58+93, Wongko Lakudo, Lakudo, Buton Regency, South East Sulawesi 93763, Indonesia",,,https://maps.google.com/?cid=1958053642800667214&g_mp=CiVnb29nbGUubWFwcy5wbGFjZXMudjEuUGxhY2VzLkdldFBsYWNlEAIYBCAA,-5.2915631,122.5652032,SUCCESS,FIRST_RESULT,2026-09-25T07:33:42.171752+00:00,,
Benteng Wasilomata,"Kabupaten Buton Tengah, Sulawesi Tenggara",Benteng,ChIJEWbydEp5oy0R5yLxIVx66-o,Benteng Wasilomata,"M8M6+GXX, Wasilomata II, Mawasangka, Buton Regency, South East Sulawesi 93762, Indonesia",,,https://maps.google.com/?cid=16927758160527172327&g_mp=CiVnb29nbGUubWFwcy5wbGFjZXMudjEuUGxhY2VzLkdldFBsYWNlEAIYBCAA,-5.3164072,122.3124966,SUCCESS,FIRST_RESULT,2026-09-25T07:33:42.914920+00:00,,
Benteng Gumanano,"Kabupaten Buton Tengah, Sulawesi Tenggara",Benteng,ChIJOze-uFZ-oy0RdlrKfFNzljs,Danau Gumanano,"J853+XFH, Gumamano, Mawasangka, Buton Regency, South East Sulawesi 93762, Indonesia",4.5,26.0,https://maps.google.com/?cid=4293746097157462646&g_mp=CiVnb29nbGUubWFwcy5wbGFjZXMudjEuUGxhY2VzLkdldFBsYWNlEAIYBCAA,-5.3900548,122.3037402,SUCCESS,FIRST_RESULT,2026-09-25T07:33:43.703854+00:00,,
Benteng Tindoi,"Kabupaten Wakatobi, Sulawesi Tenggara",Benteng,ChIJd0pgQyQyoS0R8X5uGP89YH4,Tindoi,"Tindoi, South Wangi-Wangi, Wakatobi Regency, South East Sulawesi, Indonesia",,,https://maps.google.com/?cid=9106346612378992369&g_mp=CiVnb29nbGUubWFwcy5wbGFjZXMudjEuUGxhY2VzLkdldFBsYWNlEAIYBCAA,-5.2802504,123.586797,SUCCESS,FIRST_RESULT,2026-09-25T07:33:44.244413+00:00,,
Benteng Liya,"Kabupaten Wakatobi, Sulawesi Tenggara",Benteng,ChIJxz6VowvNpi0RIQ679jIhNV4,Masjid Keraton Liya,"MG3V+4MH Liya Togo, Liya Mawi, Wangi-Wangi Sel., Kabupaten Wakatobi, Sulawesi Tenggara 93795, Indonesia",4.6,98.0,https://maps.google.com/?cid=6788368516102426145&g_mp=CiVnb29nbGUubWFwcy5wbGFjZXMudjEuUGxhY2VzLkdldFBsYWNlEAIYBCAA,-5.3471959,123.5442394,SUCCESS,FIRST_RESULT,2026-09-25T07:33:44.948728+00:00,,
Benteng Ollo,"Kabupaten Wakatobi, Sulawesi Tenggara",Benteng,ChIJz5afYJ8bpy0RVuHPy6pDX1c,Benteng Patua Tomia,"7W9H+Q8P, Patua, Tomia, Wakatobi Regency, South East Sulawesi 93793, Indonesia",4.8,6.0,https://maps.google.com/?cid=6295825204930142550&g_mp=CiVnb29nbGUubWFwcy5wbGFjZXMudjEuUGxhY2VzLkdldFBsYWNlEAIYBCAA,-5.7305433,123.92831729999996,SUCCESS,FIRST_RESULT,2026-09-25T07:33:45.694297+00:00,,
Benteng La Donda Benteng La Donda,"Kabupaten Wakatobi, Sulawesi Tenggara",Benteng,ChIJkftXuJIFpy0RGDxj3mYArCM,Benteng Suo-Suo,"6WWX+8MW, Jl. Encik Sulaiman, Kahiyanga, Kec. Tomia Tim., Kabupaten Wakatobi, Sulawesi Tenggara 93797, Indonesia",4.7,14.0,https://maps.google.com/?cid=2570429929139420184&g_mp=CiVnb29nbGUubWFwcy5wbGFjZXMudjEuUGxhY2VzLkdldFBsYWNlEAIYBCAA,-5.754139599999999,123.9491882,SUCCESS,FIRST_RESULT,2026-09-25T07:33:46.462024+00:00,,
Benteng Patua,"Kabupaten Wakatobi, Sulawesi Tenggara",Benteng,ChIJz5afYJ8bpy0RVuHPy6pDX1c,Benteng Patua Tomia,"7W9H+Q8P, Patua, Tomia, Wakatobi Regency, South East Sulawesi 93793, Indonesia",4.8,6.0,https://maps.google.com/?cid=6295825204930142550&g_mp=CiVnb29nbGUubWFwcy5wbGFjZXMudjEuUGxhY2VzLkdldFBsYWNlEAIYBCAA,-5.7305433,123.92831729999996,SUCCESS,FIRST_RESULT,2026-09-25T07:33:47.129958+00:00,,
Benteng Palahidu,"Kabupaten Wakatobi, Sulawesi Tenggara",Benteng,ChIJCUI9YKsJpy0R6ND0UsmVcWM,Pantai Palahidu,"4265+C3G, Palahidu, Binongko, Wakatobi Regency, South East Sulawesi 93794, Indonesia",5.0,11.0,https://maps.google.com/?cid=7165673174035910888&g_mp=CiVnb29nbGUubWFwcy5wbGFjZXMudjEuUGxhY2VzLkdldFBsYWNlEAIYBCAA,-5.8889281,124.0077174,SUCCESS,FIRST_RESULT,2026-09-25T07:33:47.885177+00:00,,
Benteng Wali,"Kabupaten Wakatobi, Sulawesi Tenggara",Benteng,ChIJz5afYJ8bpy0RVuHPy6pDX1c,Benteng Patua Tomia,"7W9H+Q8P, Patua, Tomia, Wakatobi Regency, South East Sulawesi 93793, Indonesia",4.8,6.0,https://maps.google.com/?cid=6295825204930142550&g_mp=CiVnb29nbGUubWFwcy5wbGFjZXMudjEuUGxhY2VzLkdldFBsYWNlEAIYBCAA,-5.7305433,123.92831729999996,SUCCESS,FIRST_RESULT,2026-09-25T07:33:48.562658+00:00,,
Benteng Fort De Kock,"Kota Bukittinggi, Sumatera Barat",Benteng,ChIJbYTOX6M41S8RzjoVbjRPNF0,Fort De Kock,"M9X9+944, Jl. Yos Sudarso, Benteng Ps. Atas, Kec. Guguk Panjang, Kota Bukittinggi, Sumatera Barat 26136, Indonesia",4.5,1783.0,https://maps.google.com/?cid=6716080030920030926&g_mp=CiVnb29nbGUubWFwcy5wbGFjZXMudjEuUGxhY2VzLkdldFBsYWNlEAIYBCAA,-0.3016205999999999,100.3678344,SUCCESS,FIRST_RESULT,2026-09-25T07:33:49.089708+00:00,,
Benteng Tundakan,"Kabupaten Balangan, Kalimantan Selatan",Benteng,ChIJJ3eTPQBZ5S0R8ajyPIlgtIs,Batu bagantung,"JHGM+23, Tundi, Awayan, Balangan Regency, South Kalimantan 71664, Indonesia",4.3,3.0,https://maps.google.com/?cid=10066777209629223153&g_mp=CiVnb29nbGUubWFwcy5wbGFjZXMudjEuUGxhY2VzLkdldFBsYWNlEAIYBCAA,-2.3749375,115.5826875,SUCCESS,FIRST_RESULT,2026-09-25T07:33:49.577713+00:00,,
Benteng Gam Lamo,"Kota Ternate, Maluku Utara",Benteng,ChIJz4yQa8S0nDIRmN_JAPna_E8,"Forte Português em Ternaté Moluca , Kastéla","Q866+CV4, Kastela, Pulau Ternate, Ternate City, North Maluku, Indonesia",4.2,318.0,https://maps.google.com/?cid=5763722386122334104&g_mp=CiVnb29nbGUubWFwcy5wbGFjZXMudjEuUGxhY2VzLkdldFBsYWNlEAIYBCAA,0.7610034999999999,127.3121905,SUCCESS,FIRST_RESULT,2026-09-25T07:33:50.285815+00:00,,
Benteng Portugis,"Kabupaten Pesisir Selatan, Sumatera Barat",Benteng,ChIJ5xjc6pFN0y8RE5BXKRUZFPM,Benteng portugis,"JHW5+GH9, Painan, Iv Jurai, South Pesisir Regency, West Sumatra, Indonesia",4.2,35.0,https://maps.google.com/?cid=17515652429429313555&g_mp=CiVnb29nbGUubWFwcy5wbGFjZXMudjEuUGxhY2VzLkdldFBsYWNlEAIYBCAA,-1.3537019,100.5589953,SUCCESS,FIRST_RESULT,2026-09-25T07:33:51.010282+00:00,,
Benteng Kalamata,"Kota Ternate, Maluku Utara",Benteng,ChIJDxBOQSO0nDIRmyWhzusdVAQ,Kalamata Fortress,"Q96F+V6W, Kayu Merah, Ternate Selatan, Ternate City, North Maluku, Indonesia",4.5,853.0,https://maps.google.com/?cid=311907172816594331&g_mp=CiVnb29nbGUubWFwcy5wbGFjZXMudjEuUGxhY2VzLkdldFBsYWNlEAIYBCAA,0.7622315,127.3730646,SUCCESS,FIRST_RESULT,2026-09-25T07:33:51.771309+00:00,,
Benteng Kota Naka,"Kota Ternate, Maluku Utara",Benteng,ChIJxa4k4oOxnDIRiAENh5akZG8,Benteng Portugis Tolukko,"R97Q+J55, Jl. Pemuda, Sangaji Utara, Kec. Kota Ternate Utara, Kota Ternate, Maluku Utara, Indonesia",4.5,1149.0,https://maps.google.com/?cid=8026721402298892680&g_mp=CiVnb29nbGUubWFwcy5wbGFjZXMudjEuUGxhY2VzLkdldFBsYWNlEAIYBCAA,0.8140206999999999,127.387989,SUCCESS,FIRST_RESULT,2026-09-25T07:33:52.502368+00:00,,
Benteng Oranye Kwandang,Gorontalo,Benteng,ChIJCfO2n3FPeTIRmBiGFPNMOKI,Benteng Orange,"VW27+6M5, Dambalo, Kwandang, North Gorontalo Regency, Gorontalo 96252, Indonesia",4.2,97.0,https://maps.google.com/?cid=11689177439745218712&g_mp=CiVnb29nbGUubWFwcy5wbGFjZXMudjEuUGxhY2VzLkdldFBsYWNlEAIYBCAA,0.8505125,122.9142344,SUCCESS,FIRST_RESULT,2026-09-25T07:33:53.199805+00:00,,
Benteng Amsterdam,Maluku,Benteng,ChIJx0qHxtT6bC0RVVzqKFlU7rI,Fort Amsterdam,"C38M+X84, Kaitetu, Leihitu, Central Maluku Regency, Maluku, Indonesia",4.5,999.0,https://maps.google.com/?cid=12893335525123578965&g_mp=CiVnb29nbGUubWFwcy5wbGFjZXMudjEuUGxhY2VzLkdldFBsYWNlEAIYBCAA,-3.5826135000000003,128.083343,SUCCESS,FIRST_RESULT,2026-09-25T07:33:53.911635+00:00,,
Benteng Victoria,Maluku,Benteng,ChIJNdyN8lDobC0RChMAiLU6N-I,Nieuw Victoria Fort,"855J+6VC Benteng New Victoria, Jl. Slamet Riyadi No.1, Uritetu, Kec. Sirimau, Kota Ambon, Maluku 97000, Indonesia",4.1,216.0,https://maps.google.com/?cid=16300561927635997450&g_mp=CiVnb29nbGUubWFwcy5wbGFjZXMudjEuUGxhY2VzLkdldFBsYWNlEAIYBCAA,-3.6927869,128.1824825,SUCCESS,FIRST_RESULT,2026-09-25T07:33:54.559554+00:00,,
Benteng Belgica,Maluku,Benteng,ChIJa_vkAwmGFS0Rp8ER23Plvfo,Fort Belgica,"FVFX+GHV, Nusantara, Kec. Banda, Kabupaten Maluku Tengah, Maluku, Indonesia",4.7,731.0,https://maps.google.com/?cid=18067849565839671719&g_mp=CiVnb29nbGUubWFwcy5wbGFjZXMudjEuUGxhY2VzLkdldFBsYWNlEAIYBCAA,-4.526129,129.8989078,SUCCESS,FIRST_RESULT,2026-09-25T07:33:55.274829+00:00,,
Benteng Titaley,Maluku,Benteng,ChIJmUcpXADjbC0Rxs9gCZ30QPg,Benteng Wawane,"92QX+78V, Seith, Leihitu, Central Maluku Regency, Maluku, Indonesia",5.0,1.0,https://maps.google.com/?cid=17888566675219992518&g_mp=CiVnb29nbGUubWFwcy5wbGFjZXMudjEuUGxhY2VzLkdldFBsYWNlEAIYBCAA,-3.6117646,128.04831099999998,SUCCESS,FIRST_RESULT,2026-09-25T07:33:55.757062+00:00,,
Benteng Kerajaan Kabaena,Sulawesi Tenggara,Benteng,ChIJs6xwXE9Foy0RSO4ndotrAkk,Matarapa,"PVHR+C2M, Tirongkotua, Kabaena, Bombana Regency, South East Sulawesi 93781, Indonesia",,,https://maps.google.com/?cid=5260885561449115208&g_mp=CiVnb29nbGUubWFwcy5wbGFjZXMudjEuUGxhY2VzLkdldFBsYWNlEAIYBCAA,-5.2714193,121.89005879999998,SUCCESS,FIRST_RESULT,2026-09-25T07:33:56.262077+00:00,,
Benteng Portugis,Sulawesi Utara,Benteng,ChIJu7neUfgNiTIRJuShlZnOTnQ,Benteng Portugis,"P9X6+2GV, Kanawong, West Siau, Sitaro Islands Regency, North Sulawesi, Indonesia",,,https://maps.google.com/?cid=8380863115618804774&g_mp=CiVnb29nbGUubWFwcy5wbGFjZXMudjEuUGxhY2VzLkdldFBsYWNlEAIYBCAA,2.7478679,125.3612348,SUCCESS,FIRST_RESULT,2026-09-25T07:33:57.005004+00:00,,
Benteng Kuta Reh,"Kabupaten Aceh Tenggara, Aceh",Benteng,ChIJdVfSGnJOQDAR5ijQtjMuqf8,Benteng Kuta Lubok,"JG5P+WCJ, Lamreh, Mesjid Raya, Aceh Besar Regency, Aceh, Indonesia",4.0,33.0,https://maps.google.com/?cid=18422306550381029606&g_mp=CiVnb29nbGUubWFwcy5wbGFjZXMudjEuUGxhY2VzLkdldFBsYWNlEAIYBCAA,5.6098289,95.5360066,SUCCESS,FIRST_RESULT,2026-09-25T07:33:57.739202+00:00,,
Benteng Otanaha,"Kota Gorontalo, Gorontalo",Benteng,ChIJ9wzSa8EreTIR0KtoqpUEzCM,Benteng Otanaha,"Dembe I, Kota Barat, Kota Gorontalo, Gorontalo 96181, Indonesia",4.5,2067.0,https://maps.google.com/?cid=2579441727432076240&g_mp=CiVnb29nbGUubWFwcy5wbGFjZXMudjEuUGxhY2VzLkdldFBsYWNlEAIYBCAA,0.5487601999999999,123.00820849999998,SUCCESS,FIRST_RESULT,2026-09-25T07:33:58.480120+00:00,,
Benteng Pendhem,"Kabupaten Cilacap, Jawa Tengah",Benteng,ChIJldpOw4QSZS4RvRj43qJTOm4,Benteng Pendem Cilacap,"7229+CHW, Jl. Benteng, Sentolokawat, Cilacap, Kec. Cilacap Sel., Kabupaten Cilacap, Jawa Tengah 53211, Indonesia",4.3,8425.0,https://maps.google.com/?cid=7942752851811899581&g_mp=CiVnb29nbGUubWFwcy5wbGFjZXMudjEuUGxhY2VzLkdldFBsYWNlEAIYBCAA,-7.7488894,109.0189604,SUCCESS,FIRST_RESULT,2026-09-25T07:33:59.241555+00:00,,
Benteng Portugis,"Kabupaten Jepara, Jawa Tengah",Benteng,ChIJW56p5LwwcS4RvsSX6EAckpA,Portuguese Fortress,"Donorejo, Banyumanis, Kec. Donorojo, Kabupaten Jepara, Jawa Tengah 59454, Indonesia",4.2,3446.0,https://maps.google.com/?cid=10417419953167123646&g_mp=CiVnb29nbGUubWFwcy5wbGFjZXMudjEuUGxhY2VzLkdldFBsYWNlEAIYBCAA,-6.4061075,110.9166981,SUCCESS,FIRST_RESULT,2026-09-25T07:33:59.984261+00:00,,
Benteng Voc,"Kabupaten Jepara, Jawa Tengah",Benteng,ChIJIQntpDQfcS4R7y46R-AXFRk,VOC Erfgoedpad-Oud Fort Japara,"CM78+MC7, Ujungbatu V, Ujungbatu, Kec. Jepara, Kabupaten Jepara, Jawa Tengah 59416, Indonesia",5.0,4.0,https://maps.google.com/?cid=1807377077494230767&g_mp=CiVnb29nbGUubWFwcy5wbGFjZXMudjEuUGxhY2VzLkdldFBsYWNlEAIYBCAA,-6.5858306,110.6660366,SUCCESS,FIRST_RESULT,2026-09-25T07:34:00.503205+00:00,,
Benteng Pendem Purworejo,"Kabupaten Purworejo, Jawa Tengah",Benteng,ChIJ4XVhqHnmei4RLwYXBN8gs94,Wisata Benteng Pendem,"Dusun Kalimaro, 523R+GPX, Dusun I, Bapangsari, Kec. Bagelen, Kabupaten Purworejo, Jawa Tengah 54174, Indonesia",4.3,84.0,https://maps.google.com/?cid=16047206039469622831&g_mp=CiVnb29nbGUubWFwcy5wbGFjZXMudjEuUGxhY2VzLkdldFBsYWNlEAIYBCAA,-7.8461402,110.0418614,SUCCESS,FIRST_RESULT,2026-09-25T07:34:01.280587+00:00,,
Benteng Williem Ii,"Kabupaten Semarang, Jawa Tengah",Benteng,ChIJ3W4nzqKIcC4R8GLSrj6g6B8,Benteng Williem II,"Benteng Williem II, Jl. Diponegoro, Dliwang, Ungaran, Kec. Ungaran Bar., Kabupaten Semarang, Jawa Tengah 50511, Indonesia",,,https://maps.google.com/?cid=2299263800854078192&g_mp=CiVnb29nbGUubWFwcy5wbGFjZXMudjEuUGxhY2VzLkdldFBsYWNlEAIYBCAA,-7.1291506,110.4045521,SUCCESS,FIRST_RESULT,2026-09-25T07:34:02.007595+00:00,,
Benteng Kuta Asan,"Kabupaten Pidie, Aceh",Benteng,ChIJk4ggLcXsQDARd4IWUpKU4CA,Stadion Kuta Asan,"9XH2+2JQ, Gampong Asan, Kota Sigli, Pidie Regency, Aceh 24112, Indonesia",4.0,95.0,https://maps.google.com/?cid=2369056760160223863&g_mp=CiVnb29nbGUubWFwcy5wbGFjZXMudjEuUGxhY2VzLkdldFBsYWNlEAIYBCAA,5.3775802,95.9516113,SUCCESS,FIRST_RESULT,2026-09-25T07:34:02.773142+00:00,,
Benteng Sisa Peninggalan Mataram Kuno,"Kabupaten Temanggung, Jawa Tengah",Benteng,ChIJiWFj3B5Xei4RZgVGv2_pJBE,"Oud Kotagêdé , Tjepoeri - Ruïnes van het Koninklijke Fort Mataram","599X+FHC, Jl. Masjid Besar, Purbayan, Kec. Kotagede, Kota Yogyakarta, Daerah Istimewa Yogyakarta 55192, Indonesia",4.5,50.0,https://maps.google.com/?cid=1235368863966037350&g_mp=CiVnb29nbGUubWFwcy5wbGFjZXMudjEuUGxhY2VzLkdldFBsYWNlEAIYBCAA,-7.8313104,110.3989003,SUCCESS,FIRST_RESULT,2026-09-25T07:34:03.276470+00:00,,
Benteng Tolukko,"Kota Ternate, Maluku Utara",Benteng,ChIJxa4k4oOxnDIRiAENh5akZG8,Benteng Portugis Tolukko,"R97Q+J55, Jl. Pemuda, Sangaji Utara, Kec. Kota Ternate Utara, Kota Ternate, Maluku Utara, Indonesia",4.5,1149.0,https://maps.google.com/?cid=8026721402298892680&g_mp=CiVnb29nbGUubWFwcy5wbGFjZXMudjEuUGxhY2VzLkdldFBsYWNlEAIYBCAA,0.8140206999999999,127.387989,SUCCESS,FIRST_RESULT,2026-09-25T07:34:03.937051+00:00,,
Benteng Bernaveld Amasing,"Kabupaten Halmahera Selatan, Maluku Utara",Benteng,ChIJL_1-1I46Yy0R7FFE3PXLAno,Benteng Barnaveld,"9FGJ+8PV Benteng Barnaveld, Labuha, Kec. Bacan, Kabupaten Halmahera Selatan, Maluku Utara, Indonesia",,,https://maps.google.com/?cid=8791813679403520492&g_mp=CiVnb29nbGUubWFwcy5wbGFjZXMudjEuUGxhY2VzLkdldFBsYWNlEAIYBCAA,-0.6241325999999999,127.4817266,SUCCESS,FIRST_RESULT,2026-09-25T07:34:04.678891+00:00,,
Benteng Kubu Parit,"Kabupaten Lingga, Kepulauan Riau",Benteng,ChIJSfDg6UpqJy4Rnp3DAAK2ado,Benteng Bukit Cening,"29872, Daik, Kecamatan Lingga, Merawang, Kec. Lingga, Kabupaten Lingga, Kepulauan Riau 29872, Indonesia",4.8,23.0,https://maps.google.com/?cid=15738310492541918622&g_mp=CiVnb29nbGUubWFwcy5wbGFjZXMudjEuUGxhY2VzLkdldFBsYWNlEAIYBCAA,-0.2368458,104.6136185,SUCCESS,FIRST_RESULT,2026-09-25T07:34:05.405684+00:00,,
Benteng Mepar Berbentuk Segi Empat,"Kabupaten Lingga, Kepulauan Riau",Benteng,ChIJ543AkAxrJy4R8Hh8-is1aMk,Benteng Lekok,"PHRR+G75, Mepar, Lingga, Lingga Regency, Riau Islands, Indonesia",4.4,33.0,https://maps.google.com/?cid=14512908262203750640&g_mp=CiVnb29nbGUubWFwcy5wbGFjZXMudjEuUGxhY2VzLkdldFBsYWNlEAIYBCAA,-0.2587405,104.5907339,SUCCESS,FIRST_RESULT,2026-09-25T07:34:06.133596+00:00,,
Benteng Kuala Daik,"Kabupaten Lingga, Kepulauan Riau",Benteng,ChIJC-S7VSNqJy4RXXUhK8I6Wrg,Benteng Kuala Daik,"QJFH+HWC, Daik, Lingga, Lingga Regency, Riau Islands 29872, Indonesia",4.1,7.0,https://maps.google.com/?cid=13283994656504378717&g_mp=CiVnb29nbGUubWFwcy5wbGFjZXMudjEuUGxhY2VzLkdldFBsYWNlEAIYBCAA,-0.2260717,104.6297517,SUCCESS,FIRST_RESULT,2026-09-25T07:34:06.849536+00:00,,
Benteng Tanjung Cengkeh,"Kabupaten Lingga, Kepulauan Riau",Benteng,ChIJ_dbvHMttJy4R3QGtyzNVd9s,Benteng Tanjung Cengkeh,"PGMQ+V23, Lingga Regency, Riau Islands 29872, Indonesia",,,https://maps.google.com/?cid=15814202297483592157&g_mp=CiVnb29nbGUubWFwcy5wbGFjZXMudjEuUGxhY2VzLkdldFBsYWNlEAIYBCAA,-0.2653596,104.5375331,SUCCESS,FIRST_RESULT,2026-09-25T07:34:07.533005+00:00,,
Benteng Oranje,"Kota Ternate, Maluku Utara",Benteng,ChIJ-d9shV6xnDIRp4CbXewWtv8,Fort Oranje,"Benteng oranje, Kec. Ternate Tengah, Kota Ternate, Maluku Utara, Indonesia",4.4,1283.0,https://maps.google.com/?cid=18425940129871528103&g_mp=CiVnb29nbGUubWFwcy5wbGFjZXMudjEuUGxhY2VzLkdldFBsYWNlEAIYBCAA,0.7928982,127.3874108,SUCCESS,FIRST_RESULT,2026-09-25T07:34:08.245207+00:00,,
Benteng Pertahanan Belanda,"Kabupaten Bengkayang, Kalimantan Barat",Benteng,ChIJaZe9I_U54zER-Rg-0oAPc54,BENTENG VANDERING BENGKAYANG,"Dekat, Q8VP+CW4, Jl. Raya Singkawang-Bengkayang, Suka Maju, Kec. Sungai Betung, Kabupaten Bengkayang, Kalimantan Barat 79211, Indonesia",4.9,16.0,https://maps.google.com/?cid=11417486526271854841&g_mp=CiVnb29nbGUubWFwcy5wbGFjZXMudjEuUGxhY2VzLkdldFBsYWNlEAIYBCAA,0.7935249,109.3373316,SUCCESS,FIRST_RESULT,2026-09-25T07:34:08.981967+00:00,,
Benteng Voc Kalimook,"Kabupaten Sumenep, Jawa Timur",Benteng,ChIJuQM77ofk2S0Rjm--ZQdT4jg,Benteng Kalimo'ok,"Jl. Bereklorong, Bereklorong, Kalimo'ok, Kec. Kalianget, Kabupaten Sumenep, Jawa Timur 69471, Indonesia",4.0,70.0,https://maps.google.com/?cid=4098929902097428366&g_mp=CiVnb29nbGUubWFwcy5wbGFjZXMudjEuUGxhY2VzLkdldFBsYWNlEAIYBCAA,-7.034858700000001,113.9069923,SUCCESS,FIRST_RESULT,2026-09-25T07:34:09.695844+00:00,,
Benteng Lodewijk Mengare,"Kabupaten Gresik, Jawa Timur",Benteng,ChIJ34-F5G0I2C0RXoey9rP44cQ,Fort Lodewijk Ruins,"Tajung Widoro, XJJX+3MX, Bungah, Tajung Widoro, Tj. Widoro, Gresik, Kabupaten Gresik, Jawa Timur 61152, Indonesia",4.1,104.0,https://maps.google.com/?cid=14186893753015502686&g_mp=CiVnb29nbGUubWFwcy5wbGFjZXMudjEuUGxhY2VzLkdldFBsYWNlEAIYBCAA,-7.0197512,112.6492458,SUCCESS,FIRST_RESULT,2026-09-25T07:34:10.417975+00:00,,
Benteng Tjakraningrat Iv Tanjoeng Piring,"Kabupaten Bangkalan, Jawa Timur",Benteng,ChIJk_MOr8EF2C0R1bXfCQGgLGk,Cakraningrat Museum,"Jl. Soekarno Hatta No.35, Wr 08, Mlajah, Kec. Bangkalan, Kabupaten Bangkalan, Jawa Timur 69116, Indonesia",4.1,80.0,https://maps.google.com/?cid=7578608199278769621&g_mp=CiVnb29nbGUubWFwcy5wbGFjZXMudjEuUGxhY2VzLkdldFBsYWNlEAIYBCAA,-7.0485531,112.7354412,SUCCESS,FIRST_RESULT,2026-09-25T07:34:11.129813+00:00,,
Benteng Erfprins,"Kabupaten Bangkalan, Jawa Timur",Benteng,ChIJ2Tw4S30P2C0RJdmm2iFukYU,Fort Bangkalan,"XQG2+7C6, Pejagan, Kec. Bangkalan, Kabupaten Bangkalan, Jawa Timur 69112, Indonesia",4.1,46.0,https://maps.google.com/?cid=9624594970348804389&g_mp=CiVnb29nbGUubWFwcy5wbGFjZXMudjEuUGxhY2VzLkdldFBsYWNlEAIYBCAA,-7.0243478,112.7510153,SUCCESS,FIRST_RESULT,2026-09-25T07:34:11.824057+00:00,,
Benteng Bukit Cening,"Kabupaten Lingga, Kepulauan Riau",Benteng,ChIJSfDg6UpqJy4Rnp3DAAK2ado,Benteng Bukit Cening,"29872, Daik, Kecamatan Lingga, Merawang, Kec. Lingga, Kabupaten Lingga, Kepulauan Riau 29872, Indonesia",4.8,23.0,https://maps.google.com/?cid=15738310492541918622&g_mp=CiVnb29nbGUubWFwcy5wbGFjZXMudjEuUGxhY2VzLkdldFBsYWNlEAIYBCAA,-0.2368458,104.6136185,SUCCESS,FIRST_RESULT,2026-09-25T07:34:12.470453+00:00,,
Keraton Matan Tanjungpura,"Kabupaten Ketapang, Kalimantan Barat",Istana,ChIJ347MbyQYBS4RAr1hKlBQIEU,Keraton Matan Kayong Ketapang,"4XQJ+89J, Mulia Kerta, Benua Kayong, Ketapang Regency, West Kalimantan 78821, Indonesia",4.5,638.0,https://maps.google.com/?cid=4981069493110422786&g_mp=CiVnb29nbGUubWFwcy5wbGFjZXMudjEuUGxhY2VzLkdldFBsYWNlEAIYBCAA,-1.8616618,109.9808834,SUCCESS,FIRST_RESULT,2026-09-25T07:34:13.209286+00:00,,
Istana Kuning Kesultanan Kutaringin,"Kabupaten Kotawaringin Barat, Kalimantan Tengah",Istana,ChIJU08Kj0LuCC4RDVkNOfMKCwM,Istana Kuning,"Raja, South Arut, West Kotawaringin Regency, Central Kalimantan 74112, Indonesia",4.4,2790.0,https://maps.google.com/?cid=219281046608107789&g_mp=CiVnb29nbGUubWFwcy5wbGFjZXMudjEuUGxhY2VzLkdldFBsYWNlEAIYBCAA,-2.6760267,111.6325632,SUCCESS,FIRST_RESULT,2026-09-25T07:34:13.962217+00:00,,
Keraton Kesultanan Sambaliung,"Kabupaten Berau, Kalimantan Timur",Istana,ChIJ-03ozaH1DTIRGnVEGkRKLx4,Keraton Sambaliung,"5G82+8GV, Jl. ST Aminuddin, Sambaliung, Kec. Sambaliung, Kabupaten Berau, Kalimantan Timur 77352, Indonesia",4.4,667.0,https://maps.google.com/?cid=2175038801402164506&g_mp=CiVnb29nbGUubWFwcy5wbGFjZXMudjEuUGxhY2VzLkdldFBsYWNlEAIYBCAA,2.1645396,117.4993949,SUCCESS,FIRST_RESULT,2026-09-25T07:34:14.274993+00:00,,
Keraton Kesultanan Ternate,"Kota Ternate, Maluku Utara",Istana,ChIJZVvaQGKxnDIRMHgFCLBLpb4,The Ternate Sultanate Museum and Palace,"Soa Sio, Kota Ternate Utara, Ternate City, North Maluku, Indonesia",4.5,994.0,https://maps.google.com/?cid=13737469457784469552&g_mp=CiVnb29nbGUubWFwcy5wbGFjZXMudjEuUGxhY2VzLkdldFBsYWNlEAIYBCAA,0.8004437,127.3840432,SUCCESS,FIRST_RESULT,2026-09-25T07:34:14.970195+00:00,,
Istana Kesultanan Pelalawan,"Kabupaten Pelalawan, Riau",Istana,ChIJMciFXAB51jERodIICvw0YEc,Istana Sayap Pelalawan,"C3WV+7XG, Pelalawan, Pelalawan Regency, Riau 28353, Indonesia",5.0,1.0,https://maps.google.com/?cid=5143169031561859745&g_mp=CiVnb29nbGUubWFwcy5wbGFjZXMudjEuUGxhY2VzLkdldFBsYWNlEAIYBCAA,0.4456767,102.0949495,SUCCESS,FIRST_RESULT,2026-09-25T07:34:15.695401+00:00,,
Istana Rokan,"Kabupaten Rokan Hulu, Riau",Istana,ChIJ2R4XwUTYKjARMLqkhcgys5g,Istana Raja Rokan قصر سلطنة ركان,"HC84+RR6, Rokan Koto Ruang, Rokan IV Koto, Rokan Hulu Regency, Riau 28555, Indonesia",4.4,156.0,https://maps.google.com/?cid=11003194151413266992&g_mp=CiVnb29nbGUubWFwcy5wbGFjZXMudjEuUGxhY2VzLkdldFBsYWNlEAIYBCAA,0.5670406,100.4070276,SUCCESS,FIRST_RESULT,2026-09-25T07:34:16.472407+00:00,,
Istana Maimun,"Kota Medan, Sumatera Utara",Istana,ChIJWdQggUkwMTAR5FfxVEYJD8g,Istana Maimun,"Istana Maimun, A U R, Kec. Medan Maimun, Kota Medan, Sumatera Utara 20212, Indonesia",,,https://maps.google.com/?cid=14415751129913710564&g_mp=CiVnb29nbGUubWFwcy5wbGFjZXMudjEuUGxhY2VzLkdldFBsYWNlEAIYBCAA,3.5751606,98.6845138,SUCCESS,FIRST_RESULT,2026-09-25T07:34:17.168385+00:00,,
Istana Mande Rubiah,"Kabupaten Pesisir Selatan, Sumatera Barat",Istana,ChIJkznEooVvLS4RHtPgEfJhaAw,Rumah Mande Rubiah,"Lunang, South Pesisir Regency, West Sumatra 25674, Indonesia",4.6,121.0,https://maps.google.com/?cid=894072218342970142&g_mp=CiVnb29nbGUubWFwcy5wbGFjZXMudjEuUGxhY2VzLkdldFBsYWNlEAIYBCAA,-2.252197,101.1264927,SUCCESS,FIRST_RESULT,2026-09-25T07:34:17.729159+00:00,,
Istana Cilegon,"Kota Cilegon, Banten",Istana,ChIJ6zst4oOPQS4R3dNj8BjeYo8,Istana Pasir Cilegon,"X279+8XX, Lebakdenok, Citangkil, Cilegon, Banten 42442, Indonesia",4.1,363.0,https://maps.google.com/?cid=10332064693834994653&g_mp=CiVnb29nbGUubWFwcy5wbGFjZXMudjEuUGxhY2VzLkdldFBsYWNlEAIYBCAA,-6.036633699999999,106.0199926,SUCCESS,FIRST_RESULT,2026-09-25T07:34:18.511638+00:00,,
Keraton Mataram,"Kabupaten Wonosobo, Jawa Tengah",Istana,ChIJlQhsmaBXei4R3603t_lF-yI,Kompleks Keraton Mataram Pleret,"Jl. Kauman No.34, Kauman, Pleret, Kec. Pleret, Kabupaten Bantul, Daerah Istimewa Yogyakarta 55791, Indonesia",4.4,5.0,https://maps.google.com/?cid=2520685355266977247&g_mp=CiVnb29nbGUubWFwcy5wbGFjZXMudjEuUGxhY2VzLkdldFBsYWNlEAIYBCAA,-7.8662208,110.4063232,SUCCESS,FIRST_RESULT,2026-09-25T07:34:19.221407+00:00,,
Istana Mataram,"Kabupaten Madiun, Jawa Timur",Istana,ChIJhSDOA-RKeC4RNGIReMc3N24,OYO 1984 Hotel Istana Family Syariah,"Jl. Raya Madiun - Surabaya No.Km.1, Sanggrahan, Kedondong, Kec. Bagor, Kabupaten Nganjuk, Jawa Timur 64461, Indonesia",3.5,584.0,https://maps.google.com/?cid=7941877797743583796&g_mp=CiVnb29nbGUubWFwcy5wbGFjZXMudjEuUGxhY2VzLkdldFBsYWNlEAIYBCAA,-7.5898381,111.8868846,SUCCESS,FIRST_RESULT,2026-09-25T07:34:19.968704+00:00,,
Keraton Bumi Kencana Martapura,"Kabupaten Banjar, Kalimantan Selatan",Istana,ChIJvdbTS5Aq5C0RlWl0KoNeWVo,Makam Pangeran MuhammadNur Bumi Kencana,"Tambak Anyar Ulu, Kec. Martapura Tim., Kabupaten Banjar, Kalimantan Selatan 70619, Indonesia",4.3,8.0,https://maps.google.com/?cid=6510338653786761621&g_mp=CiVnb29nbGUubWFwcy5wbGFjZXMudjEuUGxhY2VzLkdldFBsYWNlEAIYBCAA,-3.3859354,114.8703083,SUCCESS,FIRST_RESULT,2026-09-25T07:34:20.717140+00:00,,
Istana Gebang,"Kota Blitar, Jawa Timur",Istana,ChIJRRn0rW_seC4RIHuX6cm2HkA,Istana Gebang Blitar,"Jl. Sultan Agung No.59, Sananwetan, Kec. Sananwetan, Kota Blitar, Jawa Timur 66137, Indonesia",4.6,4993.0,https://maps.google.com/?cid=4620331246052408096&g_mp=CiVnb29nbGUubWFwcy5wbGFjZXMudjEuUGxhY2VzLkdldFBsYWNlEAIYBCAA,-8.0982156,112.1762678,SUCCESS,FIRST_RESULT,2026-09-25T07:34:21.226685+00:00,,
Kompleks Istana Balla Lompoa,"Kabupaten Gowa, Sulawesi Selatan",Istana,ChIJUyYblCXivi0R3hCr1lbjR1s,Balla Lompoa Museum,"Jl. K. H. Wahid Hasyim No.39, Sungguminasa, Kec. Somba Opu, Kabupaten Gowa, Sulawesi Selatan 92111, Indonesia",4.5,2295.0,https://maps.google.com/?cid=6577475742906126558&g_mp=CiVnb29nbGUubWFwcy5wbGFjZXMudjEuUGxhY2VzLkdldFBsYWNlEAIYBCAA,-5.207177,119.45246799999998,SUCCESS,FIRST_RESULT,2026-09-25T07:34:21.759015+00:00,,
Keraton Sumenep,"Kabupaten Sumenep, Jawa Timur",Istana,ChIJd8dwESvk2S0RzbOjIcZMLDk,Sumenep Palace Museum,"XVR8+32M, Jl. Dr. Sutomo No.6, Lingkungan Delama, Pajagalan, Kec. Kota Sumenep, Kabupaten Sumenep, Jawa Timur 69416, Indonesia",4.6,2301.0,https://maps.google.com/?cid=4119752172988773325&g_mp=CiVnb29nbGUubWFwcy5wbGFjZXMudjEuUGxhY2VzLkdldFBsYWNlEAIYBCAA,-7.008117599999999,113.8628659,SUCCESS,FIRST_RESULT,2026-09-25T07:34:22.317710+00:00,,
Keraton Ratu Boko,Yogyakarta,Istana,ChIJRf5U05Jaei4RW_l2RPFEPxU,Keraton Ratu Boko,"Jl. Ratu Boko No.2, Gatak, Bokoharjo, Kec. Prambanan, Kabupaten Sleman, Daerah Istimewa Yogyakarta 55572, Indonesia",4.7,16110.0,https://maps.google.com/?cid=1531018201355712859&g_mp=CiVnb29nbGUubWFwcy5wbGFjZXMudjEuUGxhY2VzLkdldFBsYWNlEAIYBCAA,-7.770568300000001,110.4861422,SUCCESS,FIRST_RESULT,2026-09-25T07:34:22.774863+00:00,,
Istana Bogor,"Kota Bogor, Jawa Barat",Istana,ChIJzZZxLcbFaS4RJms1A9iKcrk,Bogor Palace,"Istana Bogor, Jl. Ir. H. Juanda, RT.04/RW.01, Palédang, Bogor Tengah, Bogor, Kecamatan Bogor Tengah, Kota Bogor, Jawa Kulon 16122, Indonesia",,,https://maps.google.com/?cid=13362895704733084454&g_mp=CiVnb29nbGUubWFwcy5wbGFjZXMudjEuUGxhY2VzLkdldFBsYWNlEAIYBCAA,-6.5980046,106.7974666,SUCCESS,FIRST_RESULT,2026-09-25T07:34:23.490639+00:00,,
Istana Presiden Cipanas,"Kabupaten Cianjur, Jawa Barat",Istana,ChIJAQAAAIS0aS4RWw0YoGp-xHw,Cipanas Presidential Palace,"Jl. Raya Cipanas No.105, Cipanas, Kec. Cipanas, Kabupaten Cianjur, Jawa Barat 43253, Indonesia",4.7,4493.0,https://maps.google.com/?cid=8990449752555916635&g_mp=CiVnb29nbGUubWFwcy5wbGFjZXMudjEuUGxhY2VzLkdldFBsYWNlEAIYBCAA,-6.7335652,107.0410261,SUCCESS,FIRST_RESULT,2026-09-25T07:34:24.246332+00:00,,
Keraton Kaibon,"Kota Serang, Banten",Istana,ChIJax4cbC3zQS4RVX3NmpTk3o0,Kaibon Palace,"Kasunyatan, 42191 Kesemen, Serang, Indonesia, X546+H9C, Jl. Raya, Kasunyatan, Kasemen, Serang City, Banten 42191, Indonesia",4.5,2372.0,https://maps.google.com/?cid=10222859531081055573&g_mp=CiVnb29nbGUubWFwcy5wbGFjZXMudjEuUGxhY2VzLkdldFBsYWNlEAIYBCAA,-6.0430556,106.16,SUCCESS,FIRST_RESULT,2026-09-25T07:34:24.793718+00:00,,
Keraton Surosowan,"Kota Serang, Banten",Istana,ChIJY4wkT8aNQS4RyJue-S7hIiU,Keraton Surosowan,"X564+GRP, Jl. Masjid Agung Banten, Banten, Kec. Kasemen, Kota Serang, Banten 42191, Indonesia",4.7,1155.0,https://maps.google.com/?cid=2675948720484162504&g_mp=CiVnb29nbGUubWFwcy5wbGFjZXMudjEuUGxhY2VzLkdldFBsYWNlEAIYBCAA,-6.0386699,106.1570776,SUCCESS,FIRST_RESULT,2026-09-25T07:34:25.537820+00:00,,
Istana Air Taman Sari,Yogyakarta,Istana,ChIJ_wJqNvNXei4RwRPQcVxLFcs,Gedhong Gapura Hageng Istana Air Taman Sari - ꦒꦥꦸꦫꦠꦩꦤ꧀ꦱꦫꦶ,"59R5+2CF, Patehan, Kraton, Yogyakarta City, Special Region of Yogyakarta 55133, Indonesia",4.6,25.0,https://maps.google.com/?cid=14633685424628831169&g_mp=CiVnb29nbGUubWFwcy5wbGFjZXMudjEuUGxhY2VzLkdldFBsYWNlEAIYBCAA,-7.809939699999999,110.3585589,SUCCESS,FIRST_RESULT,2026-09-25T07:34:26.037695+00:00,,
Istana Kamali Bata,Sulawesi Tenggara,Istana,ChIJ0RhaLTRxpC0Rh1E2mle3cHs,"Museum Istana Kamali Baadia, Pusat Kebudayaan Wolio","GJ92+PWR, Baadia, Murhum, Bau-Bau City, South East Sulawesi 93711, Indonesia",4.5,26.0,https://maps.google.com/?cid=8894810850934018439&g_mp=CiVnb29nbGUubWFwcy5wbGFjZXMudjEuUGxhY2VzLkdldFBsYWNlEAIYBCAA,-5.480647299999999,122.6022593,SUCCESS,FIRST_RESULT,2026-09-25T07:34:26.746988+00:00,,
Istana Kamali Kara,Sulawesi Tenggara,Istana,ChIJ0RhaLTRxpC0Rh1E2mle3cHs,"Museum Istana Kamali Baadia, Pusat Kebudayaan Wolio","GJ92+PWR, Baadia, Murhum, Bau-Bau City, South East Sulawesi 93711, Indonesia",4.5,26.0,https://maps.google.com/?cid=8894810850934018439&g_mp=CiVnb29nbGUubWFwcy5wbGFjZXMudjEuUGxhY2VzLkdldFBsYWNlEAIYBCAA,-5.480647299999999,122.6022593,SUCCESS,FIRST_RESULT,2026-09-25T07:34:27.452413+00:00,,
Istana Malige,Sulawesi Tenggara,Istana,ChIJC3SYaJV2pC0RGZ7R4E9chhw,Istana Malige,"Jl. Jenderal Sudirman, Tomba, Kec. Wolio, Kota Bau-Bau, Sulawesi Tenggara 93717, Indonesia",4.5,97.0,https://maps.google.com/?cid=2055431778085215769&g_mp=CiVnb29nbGUubWFwcy5wbGFjZXMudjEuUGxhY2VzLkdldFBsYWNlEAIYBCAA,-5.457150599999999,122.60678589999999,SUCCESS,FIRST_RESULT,2026-09-26T17:13:16.902521+00:00,,
Istana Kamali Baadia,Sulawesi Tenggara,Istana,ChIJ0RhaLTRxpC0Rh1E2mle3cHs,"Museum Istana Kamali Baadia, Pusat Kebudayaan Wolio","GJ92+PWR, Baadia, Murhum, Bau-Bau City, South East Sulawesi 93711, Indonesia",4.5,26.0,https://maps.google.com/?cid=8894810850934018439&g_mp=CiVnb29nbGUubWFwcy5wbGFjZXMudjEuUGxhY2VzLkdldFBsYWNlEAIYBCAA,-5.480647299999999,122.6022593,SUCCESS,FIRST_RESULT,2026-09-25T07:34:28.176571+00:00,,
Keraton Kaprabonan,Jawa Barat,Istana,ChIJOYsb433ibi4RTyc1ct_TAHI,Kaprabonan Palace,"Jl. Lemahwungkuk, Lemahwungkuk, Kec. Lemahwungkuk, Kota Cirebon, Jawa Barat 45111, Indonesia",4.5,95.0,https://maps.google.com/?cid=8214798676971038543&g_mp=CiVnb29nbGUubWFwcy5wbGFjZXMudjEuUGxhY2VzLkdldFBsYWNlEAIYBCAA,-6.721337300000001,108.56926860000002,SUCCESS,FIRST_RESULT,2026-09-25T07:34:28.648921+00:00,,
Keraton Kacirebonan,Jawa Barat,Istana,ChIJq6qqam_ibi4RWtE2MmPxzd0,Kacirebonan Palace,"Jl. Pulasaren No.51 B, Pulasaren, Kec. Pekalipan, Kota Cirebon, Jawa Barat 45116, Indonesia",4.6,2297.0,https://maps.google.com/?cid=15982696060954267994&g_mp=CiVnb29nbGUubWFwcy5wbGFjZXMudjEuUGxhY2VzLkdldFBsYWNlEAIYBCAA,-6.725252299999999,108.56537139999999,SUCCESS,FIRST_RESULT,2026-09-26T17:13:17.157057+00:00,,
Keraton Kanoman,Jawa Barat,Istana,ChIJq6qq6l3ibi4Rhwn41cMUy7U,Keraton Kanoman,"Jl. Kanoman No.40, Lemahwungkuk, Kec. Lemahwungkuk, Kota Cirebon, Jawa Barat 45111, Indonesia",4.5,3682.0,https://maps.google.com/?cid=13099586772478200199&g_mp=CiVnb29nbGUubWFwcy5wbGFjZXMudjEuUGxhY2VzLkdldFBsYWNlEAIYBCAA,-6.7223931,108.567824,SUCCESS,FIRST_RESULT,2026-09-26T17:13:17.390439+00:00,,
Keraton Kasepuhan,Jawa Barat,Istana,ChIJq6qq6mPibi4RlfEd-8sY6iA,Keraton Kasepuhan,"Jl. Kasepuhan No.43, Kesepuhan, Kec. Lemahwungkuk, Kota Cirebon, Jawa Barat 45114, Indonesia",4.5,17557.0,https://maps.google.com/?cid=2371735418134458773&g_mp=CiVnb29nbGUubWFwcy5wbGFjZXMudjEuUGxhY2VzLkdldFBsYWNlEAIYBCAA,-6.7260285,108.5708692,SUCCESS,FIRST_RESULT,2026-09-25T07:34:29.941135+00:00,,
Keraton Ngayogyakarta,"Kota Yogyakarta, Yogyakarta",Istana,ChIJCZIzpZFXei4R0ABT43Z6AgQ,Kraton,"Kraton, Yogyakarta City, Special Region of Yogyakarta, Indonesia",,,https://maps.google.com/?cid=288927977143730384&g_mp=CiVnb29nbGUubWFwcy5wbGFjZXMudjEuUGxhY2VzLkdldFBsYWNlEAIYBCAA,-7.8090256,110.363649,SUCCESS,FIRST_RESULT,2026-09-26T17:13:17.595600+00:00,,
Keraton Kartasura,"Kabupaten Sukoharjo, Jawa Tengah",Istana,ChIJvcFCFOkUei4Rc4Mm4UNCP2o,Keraton Kartosuro,"CPRR+M43, Dusun II, Ngadirejo, Kec. Kartasura, Kabupaten Sukoharjo, Jawa Tengah 57163, Indonesia",4.5,1245.0,https://maps.google.com/?cid=7655910750860772211&g_mp=CiVnb29nbGUubWFwcy5wbGFjZXMudjEuUGxhY2VzLkdldFBsYWNlEAIYBCAA,-7.5583608,110.7403039,SUCCESS,FIRST_RESULT,2026-09-25T07:34:30.525696+00:00,,
Keraton Sultan Bacan Labuha,"Kabupaten Halmahera Selatan, Maluku Utara",Istana,ChIJg39NNIY6Yy0RQPNbvPI28h0,Bacan Sultanate Palace,"9FFH+J32, Amasing Kota, Bacan, South Halmahera Regency, North Maluku, Indonesia",4.7,18.0,https://maps.google.com/?cid=2157847587634017088&g_mp=CiVnb29nbGUubWFwcy5wbGFjZXMudjEuUGxhY2VzLkdldFBsYWNlEAIYBCAA,-0.6259977,127.47764959999999,SUCCESS,FIRST_RESULT,2026-09-26T17:13:17.844776+00:00,,
Kuil Shri Mariamman,"Kota Medan, Sumatera Utara",Kuil,ChIJaexxOdQxMTARt3BU1MPMyK0,Mariamman Temple,"Jl. Teuku Umar No.18, Petisah Tengah, Kec. Medan Petisah, Kota Medan, Sumatera Utara 20151, Indonesia",4.6,1004.0,https://maps.google.com/?cid=12522483905356656823&g_mp=CiVnb29nbGUubWFwcy5wbGFjZXMudjEuUGxhY2VzLkdldFBsYWNlEAIYBCAA,3.583902,98.671177,SUCCESS,FIRST_RESULT,2026-09-25T07:34:31.946157+00:00,,
Makam Para Ulama,"Kabupaten Pidie, Aceh",Makam,ChIJaTAZZwCTQDARraNRGJVLXpM,Makam Ulama,"9W7M+465, West Kampung, Pidie, Pidie Regency, Aceh 24151, Indonesia",,,https://maps.google.com/?cid=10619008075116422061&g_mp=CiVnb29nbGUubWFwcy5wbGFjZXMudjEuUGxhY2VzLkdldFBsYWNlEAIYBCAA,5.3628013,95.9321569,SUCCESS,FIRST_RESULT,2026-09-26T17:13:18.062622+00:00,,
Makam Mbah Raden,"Kabupaten Nganjuk, Jawa Timur",Makam,ChIJpfnHeFk1eC4RoXCKE45H6EI,Makam Mbah Raden,"FWF5+JVG, Talang, Kec. Rejoso, Kabupaten Nganjuk, Jawa Timur 64453, Indonesia",5.0,2.0,https://maps.google.com/?cid=4821182076638884001&g_mp=CiVnb29nbGUubWFwcy5wbGFjZXMudjEuUGxhY2VzLkdldFBsYWNlEAIYBCAA,-7.5259354,111.9096991,SUCCESS,FIRST_RESULT,2026-09-26T17:13:18.301184+00:00,,
Makam Kanjeng Jimat,"Kabupaten Nganjuk, Jawa Timur",Makam,ChIJeynvxYFNeC4Rj6SdGXBbXGk,Makam Kanjeng Djimat,"8VQ8+X3W, Gerekan, Kacangan, Kec. Berbek, Kabupaten Nganjuk, Jawa Timur 64473, Indonesia",4.9,25.0,https://maps.google.com/?cid=7592043608864040079&g_mp=CiVnb29nbGUubWFwcy5wbGFjZXMudjEuUGxhY2VzLkdldFBsYWNlEAIYBCAA,-7.660012999999999,111.8652056,SUCCESS,FIRST_RESULT,2026-09-26T17:13:18.529649+00:00,,
Makam Batuampar,"Kabupaten Pamekasan, Jawa Timur",Makam,ChIJZX2rVTEr2C0RDrCDp1sq5MA,Makam Wali Batu Ampar Barat,"Dusun Batu Ampar, Pangbatok, Kec. Proppo, Kabupaten Pamekasan, Jawa Timur 69363, Indonesia",4.4,153.0,https://maps.google.com/?cid=13899280923113009166&g_mp=CiVnb29nbGUubWFwcy5wbGFjZXMudjEuUGxhY2VzLkdldFBsYWNlEAIYBCAA,-7.098096699999999,113.3764845,SUCCESS,FIRST_RESULT,2026-09-25T07:34:33.988727+00:00,,
Makam Kyai Ratoh Sumber Anyar,"Kabupaten Pamekasan, Jawa Timur",Makam,ChIJ1VbC91J_1y0Rgt-IkTJizc8,Asta Kiai Zubair Sumber Anyar,"Berlancar, QFM8+2P3, Jl. Sumber Anyar, Taman Dua, Larangan Tokol, Kec. Tlanakan, Kabupaten Pamekasan, Jawa Timur 69371, Indonesia",5.0,1.0,https://maps.google.com/?cid=14973732305406320514&g_mp=CiVnb29nbGUubWFwcy5wbGFjZXMudjEuUGxhY2VzLkdldFBsYWNlEAIYBCAA,-7.2174828,113.4667855,SUCCESS,FIRST_RESULT,2026-09-26T17:13:18.802289+00:00,,
Kuburan Madegan,"Kabupaten Sampang, Jawa Timur",Makam,ChIJZbQ1IVGG1y0R0dXdVW_wAAU,MASJID JAMIK MADEGAN - POLAGAN - SAMPANG,"Q6RJ+QXF, Rw. II, Polagan, Kec. Sampang, Kabupaten Sampang, Jawa Timur 69216, Indonesia",4.6,64.0,https://maps.google.com/?cid=360552331162277329&g_mp=CiVnb29nbGUubWFwcy5wbGFjZXMudjEuUGxhY2VzLkdldFBsYWNlEAIYBCAA,-7.2080502,113.2324323,SUCCESS,FIRST_RESULT,2026-09-26T17:13:19.057975+00:00,,
Pasarean Syech Maulana Ishaq,"Kabupaten Situbondo, Jawa Timur",Makam,ChIJrwxIbjQp1y0RngtkOoq-dzM,Pesarean Syekh Maulana Ishaq,"72M6+QPH, Kotakan Utara, Kotakan, Kec. Situbondo, Kabupaten Situbondo, Jawa Timur 68351, Indonesia",4.9,8.0,https://maps.google.com/?cid=3708642319057292190&g_mp=CiVnb29nbGUubWFwcy5wbGFjZXMudjEuUGxhY2VzLkdldFBsYWNlEAIYBCAA,-7.715566099999998,114.01185149999999,SUCCESS,FIRST_RESULT,2026-09-26T17:13:19.287840+00:00,,
Pasarean Agung Saifudin,"Kabupaten Situbondo, Jawa Timur",Makam,ChIJAQBAWbcf1y0RAfvbYrteucs,Asta / Pesarian Aba Agung Sahwan,"6PXG+7W4, Jl. Bondowoso, Buduan, Kec. Suboh, Kabupaten Situbondo, Jawa Timur 68354, Indonesia",5.0,2.0,https://maps.google.com/?cid=14679868619301321473&g_mp=CiVnb29nbGUubWFwcy5wbGFjZXMudjEuUGxhY2VzLkdldFBsYWNlEAIYBCAA,-7.751852899999999,113.7273383,SUCCESS,FIRST_RESULT,2026-09-26T17:13:19.497275+00:00,,
Makam Raden Tjondrokusumo,"Kabupaten Situbondo, Jawa Timur",Makam,ChIJDwEgBgAr0S0RXYrSxU1k5SE,Makam Raden Condro Kusomo,"656R+FH5, Area Hutan, Mojosari, Kec. Asembagus, Kabupaten Situbondo, Jawa Timur 68373, Indonesia",,,https://maps.google.com/?cid=2442468658112531037&g_mp=CiVnb29nbGUubWFwcy5wbGFjZXMudjEuUGxhY2VzLkdldFBsYWNlEAIYBCAA,-7.7888522,114.1914951,SUCCESS,FIRST_RESULT,2026-09-25T07:34:36.235748+00:00,,
Petilasan Syekh Maulana Ishaq,"Kabupaten Situbondo, Jawa Timur",Makam,ChIJw95J9wQk1y0RJPzD8NygA6Y,Maqom Syeh Maulana Ishaq,"8V99+J56, Kembangsambi, Pasir Putih, Kec. Bungatan, Kabupaten Situbondo, Jawa Timur 68358, Indonesia",4.6,33.0,https://maps.google.com/?cid=11962581906018794532&g_mp=CiVnb29nbGUubWFwcy5wbGFjZXMudjEuUGxhY2VzLkdldFBsYWNlEAIYBCAA,-7.6809736,113.86787799999999,SUCCESS,FIRST_RESULT,2026-09-26T17:13:19.713014+00:00,,
Makam Masjid Kuno Kuncen,"Kabupaten Madiun, Jawa Timur",Makam,ChIJq2Zxy9e9eS4RwIQ2mUGijPg,makam kuno Kuncen madiun,"8GV7+8JF, Kuncen, Madiun, Madiun City, East Java 63135, Indonesia",4.5,28.0,https://maps.google.com/?cid=17909868220772680896&g_mp=CiVnb29nbGUubWFwcy5wbGFjZXMudjEuUGxhY2VzLkdldFBsYWNlEAIYBCAA,-7.6566918,111.51405179999999,SUCCESS,FIRST_RESULT,2026-09-26T17:13:19.965310+00:00,,
Makam Ke Pate Alos,"Kabupaten Situbondo, Jawa Timur",Makam,ChIJ0Vvn7_sf1y0RCY1yvdQS5GY,Makam Raden Bagus Kosim Wirodipuro 1 (Kyai Pate Alos),"Jl. Jokotole No.Gg.1, Besuki, Kec. Besuki, Kabupaten Situbondo, Jawa Timur 68356, Indonesia",5.0,10.0,https://maps.google.com/?cid=7414071591479446793&g_mp=CiVnb29nbGUubWFwcy5wbGFjZXMudjEuUGxhY2VzLkdldFBsYWNlEAIYBCAA,-7.733319099999999,113.68496499999999,SUCCESS,FIRST_RESULT,2026-09-26T17:13:20.202031+00:00,,
Makam Syeh Maulana Ibrahim Asmaraqandi,"Kabupaten Tuban, Jawa Timur",Makam,ChIJgWGDeRqWdy4Rtwn8qYSbu8o,Tomb of Syekh Ibrahim Asmoroqondi,"Jl. Raya Daendles, Rembes, Gesikharjo, Kec. Palang, Kabupaten Tuban, Jawa Timur 62391, Indonesia",4.6,922.0,https://maps.google.com/?cid=14608440810396191159&g_mp=CiVnb29nbGUubWFwcy5wbGFjZXMudjEuUGxhY2VzLkdldFBsYWNlEAIYBCAA,-6.9057226,112.1274048,SUCCESS,FIRST_RESULT,2026-09-26T17:13:20.464691+00:00,,
Makam Sunan Bejagung Lor,"Kabupaten Tuban, Jawa Timur",Makam,ChIJ9eRj1-2Xdy4RWpWZgvCW6aw,Makam Syaikh Abdulloh Asy'ari Sunan Bejagung Lor,"33P6+7PW, Krajan, Bejagung, Kec. Semanding, Kabupaten Tuban, Jawa Timur 62381, Indonesia",4.6,87.0,https://maps.google.com/?cid=12459655803824608602&g_mp=CiVnb29nbGUubWFwcy5wbGFjZXMudjEuUGxhY2VzLkdldFBsYWNlEAIYBCAA,-6.9142508,112.06181559999999,SUCCESS,FIRST_RESULT,2026-09-26T17:13:20.717551+00:00,,
Makam Sunan Bejagung Kidul,"Kabupaten Tuban, Jawa Timur",Makam,ChIJKZKF1tCXdy4RPY-tV3mkzi4,Makam Sunan Bejagung Kidul,"33J5+PMJ, Bejagung Kidul, Bejagung, Kec. Semanding, Kabupaten Tuban, Jawa Timur 62381, Indonesia",4.9,21.0,https://maps.google.com/?cid=3372814012016070461&g_mp=CiVnb29nbGUubWFwcy5wbGFjZXMudjEuUGxhY2VzLkdldFBsYWNlEAIYBCAA,-6.918172299999999,112.0591541,SUCCESS,FIRST_RESULT,2026-09-26T17:13:20.958025+00:00,,
Makam Syekh Achmad Cholil,"Kabupaten Tuban, Jawa Timur",Makam,ChIJLwMjrkekdy4R6bBTmEsl2J8,The Tomb of Sheikh Ahmad Kholil,"6X4H+7C7, Rawasan, Kec. Jenu, Kabupaten Tuban, Jawa Timur 62352, Indonesia",4.7,22.0,https://maps.google.com/?cid=11517997053608440041&g_mp=CiVnb29nbGUubWFwcy5wbGFjZXMudjEuUGxhY2VzLkdldFBsYWNlEAIYBCAA,-6.7943346,111.9785319,SUCCESS,FIRST_RESULT,2026-09-25T07:34:39.355607+00:00,,
Makam Sunan Gesing,"Kabupaten Tuban, Jawa Timur",Makam,ChIJ7w1-kLSWdy4RkM2Ow5eQj44,Sunan Geseng,"24GF+996, Krajan, Gesing, Kec. Semanding, Kabupaten Tuban, Jawa Timur 62381, Indonesia",4.7,83.0,https://maps.google.com/?cid=10272588256550768016&g_mp=CiVnb29nbGUubWFwcy5wbGFjZXMudjEuUGxhY2VzLkdldFBsYWNlEAIYBCAA,-6.9740899,112.1233924,SUCCESS,FIRST_RESULT,2026-09-26T17:13:21.223713+00:00,,
Makam Syekh Subakir,"Kabupaten Tuban, Jawa Timur",Makam,ChIJw2OFM2-mdy4R7lNKm5DP-YM,Shekh Subakir Tomb,"6WGM+VQ8, Awar Awar, Tasikharjo, Kec. Jenu, Kabupaten Tuban, Jawa Timur 62352, Indonesia",4.7,148.0,https://maps.google.com/?cid=9509860308157092846&g_mp=CiVnb29nbGUubWFwcy5wbGFjZXMudjEuUGxhY2VzLkdldFBsYWNlEAIYBCAA,-6.7728396,111.93443909999999,SUCCESS,FIRST_RESULT,2026-09-26T17:13:21.436083+00:00,,
Makam Kuno Mbah Wassil,"Kota Kediri, Jawa Timur",Makam,ChIJC1XqXxdXeC4RQ34cs70cyS0,"Tomb of Sheikh Al Washil Syamsudin, Mbah Wasil Setono Gedong","Jl. Angsa No.25, Setono Gedong, Kec. Kota, Kota Kediri, Jawa Timur 64129, Indonesia",4.8,387.0,https://maps.google.com/?cid=3299199803104984643&g_mp=CiVnb29nbGUubWFwcy5wbGFjZXMudjEuUGxhY2VzLkdldFBsYWNlEAIYBCAA,-7.8161502,112.0114816,SUCCESS,FIRST_RESULT,2026-09-26T17:13:21.672249+00:00,,
Makam Sunan Ampel,"Kota Surabaya, Jawa Timur",Makam,ChIJJ7Pwmoj51y0Rl_BGBeLXGlY,Tomb of Sunan Ampel,"Jl. Ampel Blumbang No.2 A, Ampel, Kec. Semampir, Surabaya, Jawa Timur 60151, Indonesia",4.8,2788.0,https://maps.google.com/?cid=6204508802407395479&g_mp=CiVnb29nbGUubWFwcy5wbGFjZXMudjEuUGxhY2VzLkdldFBsYWNlEAIYBCAA,-7.229851099999999,112.7425029,SUCCESS,FIRST_RESULT,2026-09-26T17:13:21.922141+00:00,,
Makam Datu Kayan,"Kabupaten Barito Kuala, Kalimantan Selatan",Makam,ChIJs76XlNci5C0RsbLqu5m4u_c,Makam Syekh Abdurrahman Siddiq,"PHMC+H3P, Berangas, Alalak, Barito Kuala Regency, South Kalimantan 70126, Indonesia",4.7,32.0,https://maps.google.com/?cid=17851064518435320497&g_mp=CiVnb29nbGUubWFwcy5wbGFjZXMudjEuUGxhY2VzLkdldFBsYWNlEAIYBCAA,-3.26604,114.5702051,SUCCESS,FIRST_RESULT,2026-09-26T17:13:22.136459+00:00,,
Makam Sunan Bonang,"Kabupaten Tuban, Jawa Timur",Makam,ChIJ-2owqN0hdy4Rc6JvrNQxJFY,Pilgrimage Site of Sunan Bonang’s Tomb,"Jl. Sunan Bonang No.Km.4, Bonang, Kec. Lasem, Kabupaten Rembang, Jawa Tengah 59271, Indonesia",4.7,1029.0,https://maps.google.com/?cid=6207140975919211123&g_mp=CiVnb29nbGUubWFwcy5wbGFjZXMudjEuUGxhY2VzLkdldFBsYWNlEAIYBCAA,-6.8947023,112.0633318,SUCCESS,FIRST_RESULT,2026-09-26T17:13:22.367230+00:00,,
Makam Datu Aminin,"Kabupaten Barito Kuala, Kalimantan Selatan",Makam,ChIJH_WXj4kj5C0Rl9Qa-cRnkn0,Makam Pahlawan Datu Gusti Aminin,"Jl. Desa Pulau Sugara No.15, Berangas, Kec. Alalak, Kabupaten Barito Kuala, Kalimantan Selatan 70582, Indonesia",3.7,6.0,https://maps.google.com/?cid=9048408697031283863&g_mp=CiVnb29nbGUubWFwcy5wbGFjZXMudjEuUGxhY2VzLkdldFBsYWNlEAIYBCAA,-3.2601234,114.5658947,SUCCESS,FIRST_RESULT,2026-09-25T07:34:42.131932+00:00,,
Makam Masjid Kuno Taman,"Kabupaten Madiun, Jawa Timur",Makam,ChIJn56f-GG-eS4REne52F3CtqU,Makam Kuno Taman Kota Madiun,"9G6F+32J, Taman, Madiun City, East Java 63131, Indonesia",4.9,17.0,https://maps.google.com/?cid=11940945170343229202&g_mp=CiVnb29nbGUubWFwcy5wbGFjZXMudjEuUGxhY2VzLkdldFBsYWNlEAIYBCAA,-7.639792,111.5225115,SUCCESS,FIRST_RESULT,2026-09-26T17:13:22.607008+00:00,,
Makam Dewi Sekardadu,"Kabupaten Lamongan, Jawa Timur",Makam,ChIJH12QXx_1dy4RQjZ9PWG4bdw,Makam Dewi Sekardadu,"Jl. Ronggo Hadi No.8, Jaledriasri, Gondang Lor, Kec. Sugio, Kabupaten Lamongan, Jawa Timur 62256, Indonesia",5.0,2.0,https://maps.google.com/?cid=15883554188588561986&g_mp=CiVnb29nbGUubWFwcy5wbGFjZXMudjEuUGxhY2VzLkdldFBsYWNlEAIYBCAA,-7.1999716000000005,112.2661191,SUCCESS,FIRST_RESULT,2026-09-26T17:13:22.821381+00:00,,
Makam Ki Ageng Trenggonokusumo,"Kabupaten Temanggung, Jawa Tengah",Makam,ChIJDyKuCLxxcC4R9NVx2yd1ZMM,Makam Raden Trenggono Kusumo Muneng,"R39F+XV7, Jl. Desa Muneng, Hutan, Muneng, Kec. Candiroto, Kabupaten Temanggung, Jawa Tengah 56193, Indonesia",4.7,57.0,https://maps.google.com/?cid=14079507149112858100&g_mp=CiVnb29nbGUubWFwcy5wbGFjZXMudjEuUGxhY2VzLkdldFBsYWNlEAIYBCAA,-7.180095000000001,110.0746772,SUCCESS,FIRST_RESULT,2026-09-26T17:13:23.072048+00:00,,
Makam Ssayyid,"Kabupaten Temanggung, Jawa Tengah",Makam,ChIJ2yEerkl3cC4Rw6lrdV7sCoA,Makam SAYYID MANSUR,"Q36X+3J2 Kali Bandung, Hutan & Sawah, Bandunggede, Kec. Kedu, Kabupaten Temanggung, Jawa Tengah 56252, Indonesia",,,https://maps.google.com/?cid=9226446677062953411&g_mp=CiVnb29nbGUubWFwcy5wbGFjZXMudjEuUGxhY2VzLkdldFBsYWNlEAIYBCAA,-7.239873800000001,110.0990235,SUCCESS,FIRST_RESULT,2026-09-26T17:13:23.281640+00:00,,
Makam Ki Ageng Makukuhan,"Kabupaten Temanggung, Jawa Tengah",Makam,ChIJYXoshzN4cC4RbB-aRPz20oI,"The tomb of ""Ki Ageng Makukuhan""","P5F5+QQ4, Jl. Makukuhan, RW.05, Tawangsari, Kedu, Kec. Kedu, Kabupaten Temanggung, Jawa Tengah 56252, Indonesia",4.6,616.0,https://maps.google.com/?cid=9426868533383012204&g_mp=CiVnb29nbGUubWFwcy5wbGFjZXMudjEuUGxhY2VzLkdldFBsYWNlEAIYBCAA,-7.2758827,110.1584659,SUCCESS,FIRST_RESULT,2026-09-26T17:13:23.518198+00:00,,
Makam Syaikhona Muhammad Kholil,"Kabupaten Bangkalan, Jawa Timur",Makam,ChIJE5I8g-YF2C0RRcBRpizteoI,MAKAM SYAIKHONA KHOLIL BANGKALAN,"XP5F+58P, Jl. Mertajasah, Tajasah, Mertajasah, Kec. Bangkalan, Kabupaten Bangkalan, Jawa Timur 69119, Indonesia",4.8,2879.0,https://maps.google.com/?cid=9402087948114051141&g_mp=CiVnb29nbGUubWFwcy5wbGFjZXMudjEuUGxhY2VzLkdldFBsYWNlEAIYBCAA,-7.0420311,112.7233234,SUCCESS,FIRST_RESULT,2026-09-26T17:13:23.734715+00:00,,
Makam Bujuk Cendana,"Kabupaten Bangkalan, Jawa Timur",Makam,ChIJiSFhDgsd2C0RG1puXn3HKnk,Makam Sunan Cendana,"RVR4+F2P, Ketetang, Kec. Kwanyar, Kabupaten Bangkalan, Jawa Timur 69163, Indonesia",4.6,49.0,https://maps.google.com/?cid=8731010168880257563&g_mp=CiVnb29nbGUubWFwcy5wbGFjZXMudjEuUGxhY2VzLkdldFBsYWNlEAIYBCAA,-7.158796,112.8550829,SUCCESS,FIRST_RESULT,2026-09-25T07:34:44.970555+00:00,,
Makam Raja-Raja Bangkalan,"Kabupaten Bangkalan, Jawa Timur",Makam,ChIJLbCu8M4F2C0RwGh4AMyIAQY,Makam KH. Abdussalam (Raja Sultan),"XQ2M+9Q2, Pancar, Burneh, Kec. Burneh, Kabupaten Bangkalan, Jawa Timur 69121, Indonesia",5.0,3.0,https://maps.google.com/?cid=432777448966875328&g_mp=CiVnb29nbGUubWFwcy5wbGFjZXMudjEuUGxhY2VzLkdldFBsYWNlEAIYBCAA,-7.0491712,112.7837375,SUCCESS,FIRST_RESULT,2026-09-26T17:13:23.959317+00:00,,
Makam Wali Kidangan,"Kabupaten Bojonegoro, Jawa Timur",Makam,ChIJVVVVFT96dy4Rk4k4eNs5wTs,Makam Wali Kidangan,"Sukorejo, WP5Q+2HG, Malo, Hutan, Perairan, Bojonegoro, Kabupaten Bojonegoro, Jawa Timur 62153, Indonesia",4.4,122.0,https://maps.google.com/?cid=4305786333520497043&g_mp=CiVnb29nbGUubWFwcy5wbGFjZXMudjEuUGxhY2VzLkdldFBsYWNlEAIYBCAA,-7.0924362,111.73894059999999,SUCCESS,FIRST_RESULT,2026-09-26T17:13:24.177398+00:00,,
Makam Buyut Dalem,"Kabupaten Bojonegoro, Jawa Timur",Makam,ChIJ____PyeCdy4R6s5CZGCL61E,Makam Buyut Dalem,"RVXP+P4R, Jl. Dewi Sartika, Bojonegoro, Kadipaten, Kec. Bojonegoro, Kabupaten Bojonegoro, Jawa Timur 62111, Indonesia",4.5,8.0,https://maps.google.com/?cid=5902964982714388202&g_mp=CiVnb29nbGUubWFwcy5wbGFjZXMudjEuUGxhY2VzLkdldFBsYWNlEAIYBCAA,-7.1506476999999995,111.88526789999999,SUCCESS,FIRST_RESULT,2026-09-26T17:13:24.401788+00:00,,
Makam Mbah Malang Negoro,"Kabupaten Bojonegoro, Jawa Timur",Makam,ChIJrx5yz8tjdy4RknJm_jkHg3I,"Makam ;mbah malang negoro,hbb abu bakr al 'aidrus","Unnamed Road, RJ95+68C, Mberjo, Ngasinan, Kec. Padangan, Kabupaten Bojonegoro, Jawa Timur 62162, Indonesia",4.1,7.0,https://maps.google.com/?cid=8251446887935537810&g_mp=CiVnb29nbGUubWFwcy5wbGFjZXMudjEuUGxhY2VzLkdldFBsYWNlEAIYBCAA,-7.181946299999999,111.6082533,SUCCESS,FIRST_RESULT,2026-09-26T17:13:24.623785+00:00,,
Makam Dewi Andongsaroli,"Kabupaten Lamongan, Jawa Timur",Makam,ChIJAePXatgheC4RNGsm7xsFuDA,Nyai Dewi Andong Sari,"Jl. Masriah No.01, Area Sawah/ Hutan, Sekidang, Kec. Sambeng, Kabupaten Lamongan, Jawa Timur 62284, Indonesia",4.4,46.0,https://maps.google.com/?cid=3510561527069829940&g_mp=CiVnb29nbGUubWFwcy5wbGFjZXMudjEuUGxhY2VzLkdldFBsYWNlEAIYBCAA,-7.2645284,112.2368156,SUCCESS,FIRST_RESULT,2026-09-26T17:13:24.850920+00:00,,
Makam Maulana Malik Ibrahim,"Kabupaten Gresik, Jawa Timur",Makam,ChIJ_b6cGlAA2C0R3r6UnGsYQE4,Tomb of Sunan Gresik,"Jl. Malik Ibrahim No.52-62, Gapuro Sukolilo, Bedilan, Kec. Gresik, Kabupaten Gresik, Jawa Timur 61119, Indonesia",4.8,2775.0,https://maps.google.com/?cid=5638533583935422174&g_mp=CiVnb29nbGUubWFwcy5wbGFjZXMudjEuUGxhY2VzLkdldFBsYWNlEAIYBCAA,-7.160118799999999,112.65647349999999,SUCCESS,FIRST_RESULT,2026-09-26T17:13:25.084492+00:00,,
Makam Sunan Prapen,"Kabupaten Gresik, Jawa Timur",Makam,ChIJw9a733IA2C0Rp-zYEsAB_G0,Makam Sunan Prapen,"RJMH+2CH, Jl. Sunan Prapen, Pedukuhan, Kebomas, Kec. Kebomas, Kabupaten Gresik, Jawa Timur 61124, Indonesia",4.6,95.0,https://maps.google.com/?cid=7925211368726785191&g_mp=CiVnb29nbGUubWFwcy5wbGFjZXMudjEuUGxhY2VzLkdldFBsYWNlEAIYBCAA,-7.1674354,112.6285982,SUCCESS,FIRST_RESULT,2026-09-26T17:13:25.330746+00:00,,
Makam Fatimah Binti Maimun,"Kabupaten Gresik, Jawa Timur",Makam,ChIJXwhRnQz-dy4RVly6Ls9Jz1M,Tomb of Siti Fatimah Binti Maimun,"VHJW+25C, Jl. Raya Manyar, Pesantren, Peganden, Kec. Manyar, Kabupaten Gresik, Jawa Timur 61151, Indonesia",4.3,635.0,https://maps.google.com/?cid=6039126779518147670&g_mp=CiVnb29nbGUubWFwcy5wbGFjZXMudjEuUGxhY2VzLkdldFBsYWNlEAIYBCAA,-7.1199467,112.5953859,SUCCESS,FIRST_RESULT,2026-09-26T17:13:25.546314+00:00,,
Makam Kanjeng Sepuh,"Kabupaten Gresik, Jawa Timur",Makam,ChIJ3T2mLKnjdy4RElARyowvk34,Makam Kanjeng Sepuh,"Jl. Kanjeng Sepuh No.#5, Pengulu, Gresik, Kabupaten Gresik, Jawa Timur 61153, Indonesia",4.5,19.0,https://maps.google.com/?cid=9120685952087445522&g_mp=CiVnb29nbGUubWFwcy5wbGFjZXMudjEuUGxhY2VzLkdldFBsYWNlEAIYBCAA,-6.989753,112.563638,SUCCESS,FIRST_RESULT,2026-09-26T17:13:25.764511+00:00,,
Petilasan Sunan Kalijaga,"Kabupaten Gresik, Jawa Timur",Makam,ChIJm2jjPdHndy4Rpoq-DlcfeqM,Petilasan Sunan Kalijogo,"3F92+FQ7, Ketanen, Surowiti, Kec. Panceng, Kabupaten Gresik, Jawa Timur 61156, Indonesia",4.8,11.0,https://maps.google.com/?cid=11779762234110937766&g_mp=CiVnb29nbGUubWFwcy5wbGFjZXMudjEuUGxhY2VzLkdldFBsYWNlEAIYBCAA,-6.9313253999999995,112.45192639999999,SUCCESS,FIRST_RESULT,2026-09-26T17:13:25.979728+00:00,,
Makam Tan Malaka,"Kabupaten Kediri, Jawa Timur",Makam,ChIJZ4n9NrpVeC4RbN0pQmJ4g5w,Makam Tan Malaka,"RT.03/RW.03, Ledok, Selopanggung, Kec. Semen, Kabupaten Kediri, Jawa Timur 64161, Indonesia",4.8,133.0,https://maps.google.com/?cid=11277990255278021996&g_mp=CiVnb29nbGUubWFwcy5wbGFjZXMudjEuUGxhY2VzLkdldFBsYWNlEAIYBCAA,-7.850316599999999,111.92113760000001,SUCCESS,FIRST_RESULT,2026-09-26T17:13:26.229254+00:00,,
Makam Gus Miek,"Kabupaten Kediri, Jawa Timur",Makam,ChIJs2RnGaL-eC4RixI1vbn1cW8,Makam KH.Chamim Djazuli (Gus Miek),"Jl. Makam Auliya, Tambak, Ngadi, Kec. Mojo, Kabupaten Kediri, Jawa Timur 64162, Indonesia",4.7,4893.0,https://maps.google.com/?cid=8030469788670431883&g_mp=CiVnb29nbGUubWFwcy5wbGFjZXMudjEuUGxhY2VzLkdldFBsYWNlEAIYBCAA,-7.955212399999999,111.9216215,SUCCESS,FIRST_RESULT,2026-09-26T17:13:26.449760+00:00,,
Makam Sunan Drajat,"Kabupaten Lamongan, Jawa Timur",Makam,ChIJ3cO4wSnody4R3Jg22YK4z1E,Tomb of Sunan Drajat,"Drajat, Kec. Paciran, Kabupaten Lamongan, Jawa Timur 62264, Indonesia",4.7,1542.0,https://maps.google.com/?cid=5895133309380761820&g_mp=CiVnb29nbGUubWFwcy5wbGFjZXMudjEuUGxhY2VzLkdldFBsYWNlEAIYBCAA,-6.884392999999999,112.3892405,SUCCESS,FIRST_RESULT,2026-09-26T17:13:26.679249+00:00,,
Makam Sunan Sendang Duwur,"Kabupaten Lamongan, Jawa Timur",Makam,ChIJd-UI9-_pdy4RlgBp3UgkqdY,Makam Sunan Sendang,"Sendangduwur, Kranji, Kec. Paciran, Kabupaten Lamongan, Jawa Timur 62264, Indonesia",4.6,224.0,https://maps.google.com/?cid=15467934290551570582&g_mp=CiVnb29nbGUubWFwcy5wbGFjZXMudjEuUGxhY2VzLkdldFBsYWNlEAIYBCAA,-6.8954178,112.34658999999999,SUCCESS,FIRST_RESULT,2026-09-26T17:13:26.920346+00:00,,
Makam Sunan Lamongan,"Kabupaten Lamongan, Jawa Timur",Makam,ChIJ3cO4wSnody4R3Jg22YK4z1E,Tomb of Sunan Drajat,"Drajat, Kec. Paciran, Kabupaten Lamongan, Jawa Timur 62264, Indonesia",4.7,1542.0,https://maps.google.com/?cid=5895133309380761820&g_mp=CiVnb29nbGUubWFwcy5wbGFjZXMudjEuUGxhY2VzLkdldFBsYWNlEAIYBCAA,-6.884392999999999,112.3892405,SUCCESS,FIRST_RESULT,2026-09-26T17:13:27.179015+00:00,,
Makam Sunan Giri,"Kabupaten Gresik, Jawa Timur",Makam,ChIJ_____-P_dy4RtL6JcJlc_go,Tomb of Sunan Giri,"Jl. Sunan Giri, Pedukuhan, Kebomas, Kec. Kebomas, Kabupaten Gresik, Jawa Timur 61124, Indonesia",4.6,1688.0,https://maps.google.com/?cid=792172398551613108&g_mp=CiVnb29nbGUubWFwcy5wbGFjZXMudjEuUGxhY2VzLkdldFBsYWNlEAIYBCAA,-7.1689001,112.6310195,SUCCESS,FIRST_RESULT,2026-09-26T17:13:27.431129+00:00,,
Makam Pangeran Agung Alias Adji Pati,"Kabupaten Tanah Bumbu, Kalimantan Selatan",Makam,ChIJlY1GracN7y0RlwiPZ_zMlBs,Makam pangeran agung,"33H2+5HM, Bangkalan Melayu, Kelumpang Hulu, Kotabaru Regency, South Kalimantan 72162, Indonesia",5.0,5.0,https://maps.google.com/?cid=1987438720018483351&g_mp=CiVnb29nbGUubWFwcy5wbGFjZXMudjEuUGxhY2VzLkdldFBsYWNlEAIYBCAA,-2.9220268999999996,116.05143079999999,SUCCESS,FIRST_RESULT,2026-09-26T17:13:27.640661+00:00,,
Komplek Makam Sultan Suriansyah,"Kota Banjarmasin, Kalimantan Selatan",Makam,ChIJ0S6qIgAj5C0RjYpl8Z1C_Jg,Makam Sultan Suriansyah,"Jl. Kuin Utara No.220, Kuin Utara, Kec. Banjarmasin Utara, Kota Banjarmasin, Kalimantan Selatan 70124, Indonesia",4.6,430.0,https://maps.google.com/?cid=11023759234023393933&g_mp=CiVnb29nbGUubWFwcy5wbGFjZXMudjEuUGxhY2VzLkdldFBsYWNlEAIYBCAA,-3.2933575,114.57257299999999,SUCCESS,FIRST_RESULT,2026-09-26T17:13:27.847192+00:00,,
Komplek Makam Pangeran Antasari,"Kota Banjarmasin, Kalimantan Selatan",Makam,ChIJs6oxSJYj5C0R5gAiZwcKKF4,Makam Pangeran Antasari,"MHVW+JRP, Jl. Malkon Temon, Surgi Mufti, Kec. Banjarmasin Utara, Kota Banjarmasin, Kalimantan Selatan 70123, Indonesia",4.3,46.0,https://maps.google.com/?cid=6784683865544982758&g_mp=CiVnb29nbGUubWFwcy5wbGFjZXMudjEuUGxhY2VzLkdldFBsYWNlEAIYBCAA,-3.3059168999999997,114.5970828,SUCCESS,FIRST_RESULT,2026-09-26T17:13:28.063581+00:00,,
Makam Keramat Tanjung Lilin,"Kota Payakumbuh, Sumatera Barat",Makam,ChIJLW_Rtym1Ki4RvGYfE2F_qDk,Kuburan Cina Padang Karambia,"PJRG+FXR, Padang Karambia, Payakumbuh Selatan, Payakumbuh City, West Sumatra 26229, Indonesia",4.6,5.0,https://maps.google.com/?cid=4154710711158662844&g_mp=CiVnb29nbGUubWFwcy5wbGFjZXMudjEuUGxhY2VzLkdldFBsYWNlEAIYBCAA,-0.25875319999999996,100.62739119999999,SUCCESS,FIRST_RESULT,2026-09-26T17:13:28.320494+00:00,,
Makam Pangeran Peranpati,"Kabupaten Ogan Komering Ulu Timur, Sumatera Selatan",Makam,,,,,,,,,,,,API_ERROR,SEARCH_API_ERROR
Makam Ratu Bagus Baginda Ali,"Kabupaten Ogan Komering Ulu Timur, Sumatera Selatan",Makam,ChIJuTaqg3Z3Oy4RIX5-IkVZS_4,Makam Ratu Bagus kuning,"2R62+34P, Jl. D.I. Panjaitan, Tangga Takat, Kec. Seberang Ulu II, Kota Palembang, Sumatera Selatan 30111, Indonesia",4.9,20.0,https://maps.google.com/?cid=18323837662353325601&g_mp=CiVnb29nbGUubWFwcy5wbGFjZXMudjEuUGxhY2VzLkdldFBsYWNlEAIYBCAA,-2.9897869999999998,104.8003324,SUCCESS,FIRST_RESULT,2026-09-26T17:13:28.715912+00:00,,
Makam Abdullah Gelar Raden Bebas Abdul Malik Gelar Mas Purba,"Kabupaten Ogan Komering Ulu Timur, Sumatera Selatan",Makam,,,,,,,,,,,,API_ERROR,SEARCH_API_ERROR
Makam Mangku Yuda,"Kabupaten Ogan Komering Ulu Timur, Sumatera Selatan",Makam,ChIJX1mpNwA5OC4RV_rJcVln7Lg,Makam pangeran mangkuyudha,"HV43+8F7, Sura, Runjung Agung, South Ogan Komering Ulu Regency, South Sumatra 32272, Indonesia",5.0,1.0,https://maps.google.com/?cid=13325139031341267543&g_mp=CiVnb29nbGUubWFwcy5wbGFjZXMudjEuUGxhY2VzLkdldFBsYWNlEAIYBCAA,-4.4444595,103.8542389,SUCCESS,FIRST_RESULT,2026-09-25T07:34:51.002147+00:00,,
Makam Muyang Tuan Raja Benar,"Kabupaten Ogan Komering Ulu Timur, Sumatera Selatan",Makam,ChIJg0hG0gpnOS4RVUA7XJvYWJ4,MAKAM PUYANG TUAN DI PULAU (Said Hamimul Hamim),"7J2Q+6RQ, Negeri Sakti, Cempaka, East Ogan Komering Ulu Regency, South Sumatra 32361, Indonesia",5.0,26.0,https://maps.google.com/?cid=11410107817722069077&g_mp=CiVnb29nbGUubWFwcy5wbGFjZXMudjEuUGxhY2VzLkdldFBsYWNlEAIYBCAA,-3.7494028999999998,104.63959399999999,SUCCESS,FIRST_RESULT,2026-09-26T17:13:29.091916+00:00,,
Makam Muyang Putih,"Kabupaten Ogan Komering Ulu Timur, Sumatera Selatan",Makam,ChIJ9X0viBprOS4RBQSwkQ4SF18,Makam Puyang Putih,"4J6F+GGF, Betung, Semendawai Barat, East Ogan Komering Ulu Regency, South Sumatra 32184, Indonesia",,,https://maps.google.com/?cid=6851965211850572805&g_mp=CiVnb29nbGUubWFwcy5wbGFjZXMudjEuUGxhY2VzLkdldFBsYWNlEAIYBCAA,-3.8886914,104.6238048,SUCCESS,FIRST_RESULT,2026-09-25T07:34:51.796220+00:00,,
Makam Muyang Maulana Sakti,"Kabupaten Ogan Komering Ulu Timur, Sumatera Selatan",Makam,ChIJg0hG0gpnOS4RVUA7XJvYWJ4,MAKAM PUYANG TUAN DI PULAU (Said Hamimul Hamim),"7J2Q+6RQ, Negeri Sakti, Cempaka, East Ogan Komering Ulu Regency, South Sumatra 32361, Indonesia",5.0,26.0,https://maps.google.com/?cid=11410107817722069077&g_mp=CiVnb29nbGUubWFwcy5wbGFjZXMudjEuUGxhY2VzLkdldFBsYWNlEAIYBCAA,-3.7494028999999998,104.63959399999999,SUCCESS,FIRST_RESULT,2026-09-26T17:13:29.275044+00:00,,
Makam Oppu Parmata Sapihak,"Kabupaten Padang Lawas, Sumatera Utara",Makam,ChIJ34CX6niPKzAROX94o2dIc3g,Makam Ompung Parmata Sapihak,"3PJ8+XGJ, Limbong, Barumun, Padang Lawas Regency, North Sumatra 22742, Indonesia",4.4,27.0,https://maps.google.com/?cid=8679360516834492217&g_mp=CiVnb29nbGUubWFwcy5wbGFjZXMudjEuUGxhY2VzLkdldFBsYWNlEAIYBCAA,1.0824721,99.71625619999999,SUCCESS,FIRST_RESULT,2026-09-26T17:13:29.507236+00:00,,
Makam Pahlawan Nasional Ibu Maria Walanda Maramis,"Kabupaten Minahasa Utara, Sulawesi Utara",Makam,ChIJQbbMNPYKhzIRdNmTYmPcJHI,The National Heroine Cemetery of Maria Walanda Maramis,"FWJ4+55J, Maumbi, Kalawat, North Minahasa Regency, North Sulawesi, Indonesia",4.4,7.0,https://maps.google.com/?cid=8224941138899097972&g_mp=CiVnb29nbGUubWFwcy5wbGFjZXMudjEuUGxhY2VzLkdldFBsYWNlEAIYBCAA,1.4804561999999999,124.90540410000001,SUCCESS,FIRST_RESULT,2026-09-26T17:13:29.746921+00:00,,
Pekuburan Brahrang,"Kota Binjai, Sumatera Utara",Makam,ChIJgxZDBkrWMDARA787rLNosSs,Krematorium Brahrang,"HFP6+QRM, Tanah Merah, South Binjai, Binjai City, North Sumatra 20714, Indonesia",4.4,35.0,https://maps.google.com/?cid=3148412735406718723&g_mp=CiVnb29nbGUubWFwcy5wbGFjZXMudjEuUGxhY2VzLkdldFBsYWNlEAIYBCAA,3.5869519,98.4620563,SUCCESS,FIRST_RESULT,2026-09-26T17:13:29.982656+00:00,,
Pekuburan Marcapada,"Kota Binjai, Sumatera Utara",Makam,ChIJi4q9S7zXMDARxffn6FwMAXI,Pemakaman Kristen Marcapada,"HFP7+JV6, Jl. Gn. Sibayak, Tanah Merah, Kec. Binjai Sel., Kota Binjai, Sumatera Utara 20723, Indonesia",,,https://maps.google.com/?cid=8214860788484536261&g_mp=CiVnb29nbGUubWFwcy5wbGFjZXMudjEuUGxhY2VzLkdldFBsYWNlEAIYBCAA,3.5865437000000004,98.46464499999999,SUCCESS,FIRST_RESULT,2026-09-26T17:13:30.235799+00:00,,
Makam Tionghoa,"Kota Tangerang, Banten",Makam,ChIJH9DAC0z_aS4R8JJJ3giPZLI,Kuburan Makam Kapitein Oey Kiat Tjin,"Jl. Cinda No.22, RT.001/RW.003, Nusa Jaya, Kec. Karawaci, Kota Tangerang, Banten 15116, Indonesia",4.6,13.0,https://maps.google.com/?cid=12854556504674112240&g_mp=CiVnb29nbGUubWFwcy5wbGFjZXMudjEuUGxhY2VzLkdldFBsYWNlEAIYBCAA,-6.207103099999999,106.61681569999999,SUCCESS,FIRST_RESULT,2026-09-26T17:13:30.447497+00:00,,
Makam Panglima Ratu Samban,"Kabupaten Bengkulu Utara, Bengkulu",Makam,ChIJX5Hqa_zjMy4RFr06WB329Kw,Makam Palawan Ratu Samban,"HX5V+6PJ, Pagar Ruyung, Batik Nau, North Bengkulu Regency, Bengkulu 38656, Indonesia",3.7,3.0,https://maps.google.com/?cid=12462856674735734038&g_mp=CiVnb29nbGUubWFwcy5wbGFjZXMudjEuUGxhY2VzLkdldFBsYWNlEAIYBCAA,-3.4419095,101.9942744,SUCCESS,FIRST_RESULT,2026-09-26T17:13:30.648697+00:00,,
Makam Syekh Tubagus Ahmad Bakri As,"Kabupaten Purwakarta, Jawa Barat",Makam,ChIJzT1t2BgHaS4RKuAhg_vMSoE,Makom karomah Tubagus seda/ tempat maulid mama sempur,"994G+469, Citeko, Plered, Purwakarta Regency, West Java 41162, Indonesia",4.9,23.0,https://maps.google.com/?cid=9316484159778185258&g_mp=CiVnb29nbGUubWFwcy5wbGFjZXMudjEuUGxhY2VzLkdldFBsYWNlEAIYBCAA,-6.644711999999999,107.3756075,SUCCESS,FIRST_RESULT,2026-09-26T17:13:30.872704+00:00,,
Makam Gedong Ageng,"Kabupaten Blora, Jawa Tengah",Makam,ChIJiXts7Hhhdy4RbDVH7i2KrdQ,MAKAM GEDONG AGENG Jipang,"QHW7+74M, Jipang, Kec. Cepu, Kabupaten Blora, Jawa Tengah 58315, Indonesia",4.5,47.0,https://maps.google.com/?cid=15325057036887471468&g_mp=CiVnb29nbGUubWFwcy5wbGFjZXMudjEuUGxhY2VzLkdldFBsYWNlEAIYBCAA,-7.204285599999999,111.5627854,SUCCESS,FIRST_RESULT,2026-09-26T17:13:31.093099+00:00,,
Makam Islam,"Kabupaten Bangkalan, Jawa Timur",Makam,ChIJE5I8g-YF2C0RRcBRpizteoI,MAKAM SYAIKHONA KHOLIL BANGKALAN,"XP5F+58P, Jl. Mertajasah, Tajasah, Mertajasah, Kec. Bangkalan, Kabupaten Bangkalan, Jawa Timur 69119, Indonesia",4.8,2879.0,https://maps.google.com/?cid=9402087948114051141&g_mp=CiVnb29nbGUubWFwcy5wbGFjZXMudjEuUGxhY2VzLkdldFBsYWNlEAIYBCAA,-7.0420311,112.7233234,SUCCESS,FIRST_RESULT,2026-09-26T17:13:31.347843+00:00,,
Makam Syech Husen,"Kabupaten Bangkalan, Jawa Timur",Makam,ChIJ9ZvWQcg_2C0RhHgWfDkSpg0,Pangeran Azimat (Sayyid Husein) Tomb,"jln: Makam Zimat No: 99 Barat-Sungai,, Barat Sungai, Banyu Sangkah, Kec. Tj. Bumi, Kabupaten Bangkalan, Jawa Timur 69156, Indonesia",4.6,78.0,https://maps.google.com/?cid=983493606731315332&g_mp=CiVnb29nbGUubWFwcy5wbGFjZXMudjEuUGxhY2VzLkdldFBsYWNlEAIYBCAA,-6.8827389,113.0233267,SUCCESS,FIRST_RESULT,2026-09-26T17:13:31.561983+00:00,,
Makam Anusapati,"Kabupaten Malang, Jawa Timur",Makam,ChIJVf41RCQn1i0R3kK9e-Svh8I,Makam Mbah Jago Pati,"WMJ5+HR6, Kertowinangun, Jatisari, Kec. Tajinan, Kabupaten Malang, Jawa Timur 65172, Indonesia",4.6,97.0,https://maps.google.com/?cid=14017365761077363422&g_mp=CiVnb29nbGUubWFwcy5wbGFjZXMudjEuUGxhY2VzLkdldFBsYWNlEAIYBCAA,-8.068538799999999,112.65950959999999,SUCCESS,FIRST_RESULT,2026-09-26T17:13:31.789163+00:00,,
Kuburan Panglima Ali,"Kabupaten Bangka Selatan, Kepulauan Bangka Belitung",Makam,ChIJI6krYgAxPS4RgnnXxGIvFwM,Makam Panglima Tuan Syarah,"F2P7+6F, Bangka Kota, Simpang Rimba, South Bangka Regency, Bangka Belitung Islands 33777, Indonesia",,,https://maps.google.com/?cid=222698807833885058&g_mp=CiVnb29nbGUubWFwcy5wbGFjZXMudjEuUGxhY2VzLkdldFBsYWNlEAIYBCAA,-2.5144146,106.0136615,SUCCESS,FIRST_RESULT,2026-09-26T17:13:32.015214+00:00,,
Pekuburan Rambung,"Kota Binjai, Sumatera Utara",Makam,ChIJzdNJ3dspMTARK30EluNDFAY,Kuburan Muslim Rambung Barat Binjai,"HFVR+256, Jl. Letjend Jamin Ginting, Rambung Bar., Kec. Binjai Sel., Kota Binjai, Sumatera Utara 20734, Indonesia",4.5,6.0,https://maps.google.com/?cid=438049708515294507&g_mp=CiVnb29nbGUubWFwcy5wbGFjZXMudjEuUGxhY2VzLkdldFBsYWNlEAIYBCAA,3.5925263000000003,98.4903818,SUCCESS,FIRST_RESULT,2026-09-26T17:13:32.254346+00:00,,
Makam Raja-Raja Tallo,"Kota Makassar, Sulawesi Selatan",Makam,ChIJtfYT6aD9vi0RJ7fHIgAeyw4,Kings of Tallo Cemetery,"Jl. Sultan Abdullah Raya No.6, Tallo, Kec. Tallo, Kota Makassar, Sulawesi Selatan 90212, Indonesia",4.5,348.0,https://maps.google.com/?cid=1065978722735601447&g_mp=CiVnb29nbGUubWFwcy5wbGFjZXMudjEuUGxhY2VzLkdldFBsYWNlEAIYBCAA,-5.1028762,119.44555740000001,SUCCESS,FIRST_RESULT,2026-09-26T17:13:32.484392+00:00,,
Makam Pongtiku,"Kabupaten Toraja Utara, Sulawesi Selatan",Makam,ChIJW2nVNLbAky0R__UdrAMFlbg,Makam Pahlawan Pongtiku,"3RW6+68G, Pangala' Utara, Rindingalo, North Toraja Regency, South Sulawesi 91862, Indonesia",4.1,18.0,https://maps.google.com/?cid=13300542587839313407&g_mp=CiVnb29nbGUubWFwcy5wbGFjZXMudjEuUGxhY2VzLkdldFBsYWNlEAIYBCAA,-2.9044287,119.81081749999998,SUCCESS,FIRST_RESULT,2026-09-26T17:13:32.702667+00:00,,
Makam Syech Yusuf,"Kabupaten Gowa, Sulawesi Selatan",Makam,ChIJQ0Y4Rjrivi0RlMpvumKT240,Masjid Agung Syekh Yusuf,"Jl. Mesjid Raya, Sungguminasa, Kec. Somba Opu, Kabupaten Gowa, Sulawesi Selatan 92111, Indonesia",4.8,1772.0,https://maps.google.com/?cid=10221925831491439252&g_mp=CiVnb29nbGUubWFwcy5wbGFjZXMudjEuUGxhY2VzLkdldFBsYWNlEAIYBCAA,-5.2024125,119.45093360000001,SUCCESS,FIRST_RESULT,2026-09-26T17:13:32.936564+00:00,,
Makam Raja-Raja Kesultanan Gunung Tabur,"Kabupaten Berau, Kalimantan Timur",Makam,ChIJy7h72nD1DTIRguKUujDs7U0,Komplek Makam Kesultanan Gunung Tabur,"5F5R+WPW, Gunung Tabur, Berau Regency, East Kalimantan 77352, Indonesia",5.0,3.0,https://maps.google.com/?cid=5615404004433781378&g_mp=CiVnb29nbGUubWFwcy5wbGFjZXMudjEuUGxhY2VzLkdldFBsYWNlEAIYBCAA,2.1594349999999998,117.4914562,SUCCESS,FIRST_RESULT,2026-09-26T17:13:33.149304+00:00,,
Kompleks Makam Raja-Raja,"Kabupaten Paser, Kalimantan Timur",Makam,ChIJ7RsPazY48C0RZ2UZuX8Z93g,Makam Raja Raja Tana Paser,"26W5+3MQ, Pasir Belengkong, Paser Regency, East Kalimantan 76271, Indonesia",4.2,93.0,https://maps.google.com/?cid=8716463640155874663&g_mp=CiVnb29nbGUubWFwcy5wbGFjZXMudjEuUGxhY2VzLkdldFBsYWNlEAIYBCAA,-1.9547866999999999,116.20923350000001,SUCCESS,FIRST_RESULT,2026-09-26T17:13:33.363706+00:00,,
Makam Tentara Jepang,"Kota Tarakan, Kalimantan Utara",Makam,ChIJpfTQnWaKEzIRZp8iFZSqUww,MAKAM JEPANG,"8J33+XRW, Pamusian, Tarakan Tengah, Tarakan City, North Kalimantan, Indonesia",4.4,43.0,https://maps.google.com/?cid=888241104508591974&g_mp=CiVnb29nbGUubWFwcy5wbGFjZXMudjEuUGxhY2VzLkdldFBsYWNlEAIYBCAA,3.3049944000000004,117.60457029999999,SUCCESS,FIRST_RESULT,2026-09-26T17:13:33.622477+00:00,,
Makam Belanda,"Kota Pangkal Pinang, Kepulauan Bangka Belitung",Makam,ChIJD5fHTirBIi4RmpBYdjWjr6g,Makam belanda kerkhof Pangkalpinang,"V485+PC4, Jl. Hormen Maddati, Melintang, Kec. Rangkui, Kota Pangkal Pinang, Kepulauan Bangka Belitung 33684, Indonesia",4.0,6.0,https://maps.google.com/?cid=12155113369310367898&g_mp=CiVnb29nbGUubWFwcy5wbGFjZXMudjEuUGxhY2VzLkdldFBsYWNlEAIYBCAA,-2.1332367999999997,106.10857449999999,SUCCESS,FIRST_RESULT,2026-09-26T17:13:33.839767+00:00,,
Kompleks Makam Temenggung Jamaludin,"Kabupaten Lingga, Kepulauan Riau",Makam,ChIJMeVYL2Xt2TERgzDYjbZ4WnE,Makam Temenggung Abdul Jamal,"2VCJ+544, Bulang Lintang, Bulang, Batam City, Riau Islands, Indonesia",3.7,7.0,https://maps.google.com/?cid=8167973599648952451&g_mp=CiVnb29nbGUubWFwcy5wbGFjZXMudjEuUGxhY2VzLkdldFBsYWNlEAIYBCAA,1.0203966,103.8803177,SUCCESS,FIRST_RESULT,2026-09-25T07:34:56.537316+00:00,,
Datuk Kaya Montel,"Kabupaten Lingga, Kepulauan Riau",Makam,ChIJm0rFk7huJy4RLK3ParTYpXs,Daik Mountain,"Daik Mountain, Merawang, Lingga, Lingga Regency, Riau Islands, Indonesia",4.7,46.0,https://maps.google.com/?cid=8909765707220102444&g_mp=CiVnb29nbGUubWFwcy5wbGFjZXMudjEuUGxhY2VzLkdldFBsYWNlEAIYBCAA,-0.19999999999999998,104.55,SUCCESS,FIRST_RESULT,2026-09-26T17:13:34.034500+00:00,,
Kompleks Makam Temenggung Jamaludin Dan Datuk Kaya Montel,"Kabupaten Lingga, Kepulauan Riau",Makam,ChIJ7TLtKYJpJy4RgvcxXRuTRAs,Makam Sultan Mahmud Riayat Syah,"QJP7+XV6, Daik, Lingga, Lingga Regency, Riau Islands 29872, Indonesia",5.0,1.0,https://maps.google.com/?cid=811935578570487682&g_mp=CiVnb29nbGUubWFwcy5wbGFjZXMudjEuUGxhY2VzLkdldFBsYWNlEAIYBCAA,-0.21259509999999998,104.6146438,SUCCESS,FIRST_RESULT,2026-09-26T17:13:34.240138+00:00,,
Makam Megat Kuning,"Kabupaten Lingga, Kepulauan Riau",Makam,ChIJi76UPn9pJy4RWSCjiRAh2T0,Makam megad kuning,"RH4W+2P, Daik, Lingga, Lingga Regency, Riau Islands 29872, Indonesia",,,https://maps.google.com/?cid=4456629661172179033&g_mp=CiVnb29nbGUubWFwcy5wbGFjZXMudjEuUGxhY2VzLkdldFBsYWNlEAIYBCAA,-0.19497499999999998,104.59686169999999,SUCCESS,FIRST_RESULT,2026-09-26T17:13:34.417790+00:00,,
Makam Kh Ghalib Pringsewu Barat Pringsewu,"Kabupaten Pringsewu, Lampung",Makam,ChIJNZJVQkQyRy4RlBAAGfjpDRY,Makam KH Ghalib,"Jl. Makam KH. Ghalib, Pringsewu Utara, Kec. Pringsewu, Kabupaten Pringsewu, Lampung 35373, Indonesia",4.6,46.0,https://maps.google.com/?cid=1589183495312248980&g_mp=CiVnb29nbGUubWFwcy5wbGFjZXMudjEuUGxhY2VzLkdldFBsYWNlEAIYBCAA,-5.347508899999999,104.9722863,SUCCESS,FIRST_RESULT,2026-09-26T17:13:34.644603+00:00,,
Makam Raja-Raja Taebenu,"Kota Kupang, Nusa Tenggara Timur",Makam,ChIJm9ZfHYWcViwRClyKaNaYDjs,Kompleks pemakaman Raja Taebenu,"RHHJ+2QH, Manutapen, Alak, Kupang City, East Nusa Tenggara, Indonesia",5.0,3.0,https://maps.google.com/?cid=4255506744556018698&g_mp=CiVnb29nbGUubWFwcy5wbGFjZXMudjEuUGxhY2VzLkdldFBsYWNlEAIYBCAA,-10.1724478,123.5819858,SUCCESS,FIRST_RESULT,2026-09-25T07:34:58.296894+00:00,,
Makam Mahmud Syah,"Kabupaten Pelalawan, Riau",Makam,ChIJPSsCMgBx1jER_acyiej7BhE,MAKAM SULTAN MAHMUDSYAH 1,"95HP+HF4, Kuala Tolam, Pelalawan, Pelalawan Regency, Riau, Indonesia",,,https://maps.google.com/?cid=1226944924657821693&g_mp=CiVnb29nbGUubWFwcy5wbGFjZXMudjEuUGxhY2VzLkdldFBsYWNlEAIYBCAA,0.3788841,102.1861825,SUCCESS,FIRST_RESULT,2026-09-26T17:13:34.834225+00:00,,
Komplek Makam Raja-Raja Pelalawan,"Kabupaten Pelalawan, Riau",Makam,ChIJXY-rUVV51jERl1Xjpc9_o1U,Makam raja Pelalawan,"F32M+54Q, Pelalawan, Pelalawan Regency, Riau 28353, Indonesia",4.0,6.0,https://maps.google.com/?cid=6170916444245808535&g_mp=CiVnb29nbGUubWFwcy5wbGFjZXMudjEuUGxhY2VzLkdldFBsYWNlEAIYBCAA,0.45047170000000003,102.0828655,SUCCESS,FIRST_RESULT,2026-09-26T17:13:35.047797+00:00,,
Makam Panglima Kudin,"Kabupaten Pelalawan, Riau",Makam,ChIJXY-rUVV51jERl1Xjpc9_o1U,Makam raja Pelalawan,"F32M+54Q, Pelalawan, Pelalawan Regency, Riau 28353, Indonesia",4.0,6.0,https://maps.google.com/?cid=6170916444245808535&g_mp=CiVnb29nbGUubWFwcy5wbGFjZXMudjEuUGxhY2VzLkdldFBsYWNlEAIYBCAA,0.45047170000000003,102.0828655,SUCCESS,FIRST_RESULT,2026-09-26T17:13:35.220930+00:00,,
Makam Raja-Raja Rambah,"Kabupaten Rokan Hulu, Riau",Makam,ChIJQUunydBAKzARrxaC7P7oMLE,Makam Raja Rambah,"W8FR+93C, Rambah, Rambah Hilir, Rokan Hulu Regency, Riau 28558, Indonesia",4.3,14.0,https://maps.google.com/?cid=12767961125182641839&g_mp=CiVnb29nbGUubWFwcy5wbGFjZXMudjEuUGxhY2VzLkdldFBsYWNlEAIYBCAA,0.9234378999999999,100.3401367,SUCCESS,FIRST_RESULT,2026-09-26T17:13:35.455120+00:00,,
Makam Wae Tenri Leleang,"Kabupaten Barru, Sulawesi Selatan",Makam,ChIJURn3Q1Qlvi0RGm9JBIa2plI,Kompleks Makam We Tenrileleag,"FJG4+RG5, Lalabata, Tanete Rilau, Barru Regency, South Sulawesi 90761, Indonesia",4.0,1.0,https://maps.google.com/?cid=5955648243957853978&g_mp=CiVnb29nbGUubWFwcy5wbGFjZXMudjEuUGxhY2VzLkdldFBsYWNlEAIYBCAA,-4.5229872,119.6063505,SUCCESS,FIRST_RESULT,2026-09-26T17:13:35.671421+00:00,,
Makam Petta Pallaselasee,"Kabupaten Barru, Sulawesi Selatan",Makam,ChIJs9ZdX1Alvi0Rwych-nNaEHI,Makam Petta Pallase LaseE,"FJF5+R48, Jl. H. Ranreng, Lalabata, Kec. Tanete Rilau, Kabupaten Barru, Sulawesi Selatan 90761, Indonesia",4.3,4.0,https://maps.google.com/?cid=8219168774115370947&g_mp=CiVnb29nbGUubWFwcy5wbGFjZXMudjEuUGxhY2VzLkdldFBsYWNlEAIYBCAA,-4.5254658999999995,119.60783909999999,SUCCESS,FIRST_RESULT,2026-09-26T17:13:35.898482+00:00,,
Makam We Pancai Tana,"Kabupaten Barru, Sulawesi Selatan",Makam,ChIJoWiSCqAvvi0RK8JiHcvLi0Y,Kompleks Makam We Tenri Ole,"FHFM+79R, Pancana, Tanete Rilau, Barru Regency, South Sulawesi 90761, Indonesia",,,https://maps.google.com/?cid=5083380677649547819&g_mp=CiVnb29nbGUubWFwcy5wbGFjZXMudjEuUGxhY2VzLkdldFBsYWNlEAIYBCAA,-4.5268125,119.58294620000001,SUCCESS,FIRST_RESULT,2026-09-26T17:13:36.123119+00:00,,
Makam Lamaddusila,"Kabupaten Barru, Sulawesi Selatan",Makam,ChIJDalydf4vvi0RvcXRmYfK4Uc,Kompleks Makam La Maddusila,"FH8R+HG8, Pancana, Tanete Rilau, Barru Regency, South Sulawesi 90761, Indonesia",5.0,2.0,https://maps.google.com/?cid=5179643730202838461&g_mp=CiVnb29nbGUubWFwcy5wbGFjZXMudjEuUGxhY2VzLkdldFBsYWNlEAIYBCAA,-4.5335763,119.5913197,SUCCESS,FIRST_RESULT,2026-09-26T17:13:36.352751+00:00,,
Makam Karaeng Lipukasi,"Kabupaten Barru, Sulawesi Selatan",Makam,ChIJd6-nT0GRlS0REy12I1ShjhM,Kompleks Makam Arung Nepo,"Dusun Pallae, Desa, QMV5+3QC, Manuba, Kec. Mallusetasi, Kabupaten Barru, Sulawesi Selatan 90753, Indonesia",3.0,1.0,https://maps.google.com/?cid=1409241116157816083&g_mp=CiVnb29nbGUubWFwcy5wbGFjZXMudjEuUGxhY2VzLkdldFBsYWNlEAIYBCAA,-4.2073031,119.6594049,SUCCESS,FIRST_RESULT,2026-09-26T17:13:36.557799+00:00,,
Makam Sultan Hasanuddin,"Kabupaten Gowa, Sulawesi Selatan",Makam,ChIJiXb8NADjvi0R3aeoeY16BDo,Makam Sultan Hasanuddin,"RF52+3QP, Katangka, Somba Opu, Gowa Regency, South Sulawesi 92114, Indonesia",4.5,8.0,https://maps.google.com/?cid=4180601102156736477&g_mp=CiVnb29nbGUubWFwcy5wbGFjZXMudjEuUGxhY2VzLkdldFBsYWNlEAIYBCAA,-5.1922817,119.45196480000001,SUCCESS,FIRST_RESULT,2026-09-26T17:13:36.773543+00:00,,
Makam Arung Palakka,"Kabupaten Gowa, Sulawesi Selatan",Makam,ChIJyZWqawDjvi0RGOFkt6q9TJI,Makam Sultan Saaduddin Arung Palakka,"RC4W+M6M, Katangka, Somba Opu, Gowa Regency, South Sulawesi 90221, Indonesia",5.0,1.0,https://maps.google.com/?cid=10542009368686420248&g_mp=CiVnb29nbGUubWFwcy5wbGFjZXMudjEuUGxhY2VzLkdldFBsYWNlEAIYBCAA,-5.1935131,119.4457154,SUCCESS,FIRST_RESULT,2026-09-26T17:13:36.984281+00:00,,
Makam Ki Ageng Purwoto Sidik,"Kabupaten Sukoharjo, Jawa Tengah",Makam,ChIJW556SWQ3ei4RIYpbydduzmE,Makam Ki Ageng Banyu Biru (Ki Ageng Purwoto Sidik),"5QQH+HCH, Jl. Kelir - Manyaran Jl. Sarehan, Watukelir, Jatingarang, Kec. Weru, Kabupaten Sukoharjo, Jawa Tengah 57562, Indonesia",5.0,9.0,https://maps.google.com/?cid=7047692339956648481&g_mp=CiVnb29nbGUubWFwcy5wbGFjZXMudjEuUGxhY2VzLkdldFBsYWNlEAIYBCAA,-7.8108717,110.77857569999999,SUCCESS,FIRST_RESULT,2026-09-26T17:13:37.210359+00:00,,
Makam Ki Ageng Sutowijoyo,"Kabupaten Sukoharjo, Jawa Tengah",Makam,ChIJWcgj1zo5ei4RNUKGSAlf8Ak,Makam Ki Ageng Sutawijaya,"Majasto Tawangsari, Gg. 2, Dua, Majasto, Kec. Sukoharjo, Kabupaten Sukoharjo, Jawa Tengah 57561, Indonesia",4.5,144.0,https://maps.google.com/?cid=716176834228011573&g_mp=CiVnb29nbGUubWFwcy5wbGFjZXMudjEuUGxhY2VzLkdldFBsYWNlEAIYBCAA,-7.7060667999999986,110.7724341,SUCCESS,FIRST_RESULT,2026-09-26T17:13:37.436374+00:00,,
Makam Syeh Ahmad Mutamakkin,"Kabupaten Pati, Jawa Tengah",Makam,ChIJI8HpmkMrcS4RfRYdzQjRgcY,MAKAM MBAH AHMAD MUTAMAKKIN,"93W5+G24, Kajen, Kec. Margoyoso, Kabupaten Pati, Jawa Tengah 59154, Indonesia",4.8,273.0,https://maps.google.com/?cid=14303943727236585085&g_mp=CiVnb29nbGUubWFwcy5wbGFjZXMudjEuUGxhY2VzLkdldFBsYWNlEAIYBCAA,-6.607092000000001,111.0576002,SUCCESS,FIRST_RESULT,2026-09-26T17:13:37.651179+00:00,,
Makam Mahapatih Batik Madrim,"Kabupaten Pati, Jawa Tengah",Makam,ChIJV3gFf5rHcC4RvIKF8wgWLOs,Makam Patih Batik Madrim,"Krajan, RT.09/RW.01, Krajan, Kedungwinong, Kec. Sukolilo, Kabupaten Pati, Jawa Tengah 59712, Indonesia",4.6,30.0,https://maps.google.com/?cid=16945943725589496508&g_mp=CiVnb29nbGUubWFwcy5wbGFjZXMudjEuUGxhY2VzLkdldFBsYWNlEAIYBCAA,-6.9370337,110.89507239999999,SUCCESS,FIRST_RESULT,2026-09-26T17:13:37.869312+00:00,,
Makam Syekh Magelung Sakti,"Kabupaten Cirebon, Jawa Barat",Makam,ChIJcWibLhfmbi4RmQXvMdi9NiY,Situs Syekh Magelung Sakti,"CGC3+8QM, Karangkendal, Kapetakan, Cirebon, West Java 45152, Indonesia",4.6,89.0,https://maps.google.com/?cid=2753596958431970713&g_mp=CiVnb29nbGUubWFwcy5wbGFjZXMudjEuUGxhY2VzLkdldFBsYWNlEAIYBCAA,-6.5791733,108.50441049999999,SUCCESS,FIRST_RESULT,2026-09-26T17:13:38.068656+00:00,,
Makam Talun,"Kabupaten Cirebon, Jawa Barat",Makam,ChIJVVVVFWMeby4RFKW5_CVImtY,Keramat Talun,"6GG3+PVP, Cirebon Girang, Talun, Cirebon, West Java 45171, Indonesia",4.6,494.0,https://maps.google.com/?cid=15463751598521034004&g_mp=CiVnb29nbGUubWFwcy5wbGFjZXMudjEuUGxhY2VzLkdldFBsYWNlEAIYBCAA,-6.7731561,108.5046993,SUCCESS,FIRST_RESULT,2026-09-26T17:13:38.319627+00:00,,
Makam Buyut Trusmi,"Kabupaten Cirebon, Jawa Barat",Makam,ChIJty0J09Phbi4RTRG-QXKlBGU,Buyut Trusmi,"7GX7+R5F, Blok desa, Trusmi Wetan, Kec. Plered, Kabupaten Cirebon, Jawa Barat 45154, Indonesia",4.6,659.0,https://maps.google.com/?cid=7279124807885394253&g_mp=CiVnb29nbGUubWFwcy5wbGFjZXMudjEuUGxhY2VzLkdldFBsYWNlEAIYBCAA,-6.7004347,108.51293170000001,SUCCESS,FIRST_RESULT,2026-09-26T17:13:38.551376+00:00,,
Makam Godog,"Kabupaten Garut, Jawa Barat",Makam,ChIJr0RvQv6taC4RlWEtFXhXDqU,Makam Godog,"Godog, Karangpawitan, Garut Regency, West Java 44182, Indonesia",4.2,421.0,https://maps.google.com/?cid=11893539839195046293&g_mp=CiVnb29nbGUubWFwcy5wbGFjZXMudjEuUGxhY2VzLkdldFBsYWNlEAIYBCAA,-7.251604899999999,107.9555832,SUCCESS,FIRST_RESULT,2026-09-26T17:13:38.780639+00:00,,
Makam Cinunuk Hilir,"Kabupaten Garut, Jawa Barat",Makam,ChIJXd1Ywe-zaC4RV3uobTCu49Y,Cinunuk tomb (Tomb of Prince Papak),"Makam Keramat Pangeran Papak Cinunuk, Cinunuk, Kec. Wanaraja, Kabupaten Garut, Jawa Barat 44183, Indonesia",4.5,87.0,https://maps.google.com/?cid=15484411466851318615&g_mp=CiVnb29nbGUubWFwcy5wbGFjZXMudjEuUGxhY2VzLkdldFBsYWNlEAIYBCAA,-7.172767199999999,107.9663315,SUCCESS,FIRST_RESULT,2026-09-26T17:13:39.008375+00:00,,
Makam Pangeran Muhammad,"Kabupaten Majalengka, Jawa Barat",Makam,ChIJT6O6alsvby4RVEnSRbCOEEc,Makam Pangeran Muhammad,"46WJ+X9G, Majalengka Kulon, Kec. Majalengka, Kabupaten Majalengka, Jawa Barat 45418, Indonesia",4.8,48.0,https://maps.google.com/?cid=5120749664057051476&g_mp=CiVnb29nbGUubWFwcy5wbGFjZXMudjEuUGxhY2VzLkdldFBsYWNlEAIYBCAA,-6.852561,108.23095959999999,SUCCESS,FIRST_RESULT,2026-09-26T17:13:39.213363+00:00,,
Makam Siti Armilah,"Kabupaten Majalengka, Jawa Barat",Makam,ChIJT6O6alsvby4RVEnSRbCOEEc,Makam Pangeran Muhammad,"46WJ+X9G, Majalengka Kulon, Kec. Majalengka, Kabupaten Majalengka, Jawa Barat 45418, Indonesia",4.8,48.0,https://maps.google.com/?cid=5120749664057051476&g_mp=CiVnb29nbGUubWFwcy5wbGFjZXMudjEuUGxhY2VzLkdldFBsYWNlEAIYBCAA,-6.852561,108.23095959999999,SUCCESS,FIRST_RESULT,2026-09-26T17:13:39.417181+00:00,,
Makam Sunan Parung,"Kabupaten Majalengka, Jawa Barat",Makam,ChIJReuD55s5by4RmX1or2mAiV0,Makam sunan parung telaga manggung,"2876+WFV, manggung, Kec. Talaga, Kabupaten Majalengka, Jawa Barat 45463, Indonesia",4.8,25.0,https://maps.google.com/?cid=6740059508739440025&g_mp=CiVnb29nbGUubWFwcy5wbGFjZXMudjEuUGxhY2VzLkdldFBsYWNlEAIYBCAA,-6.985140899999999,108.3111701,SUCCESS,FIRST_RESULT,2026-09-26T17:13:39.613283+00:00,,
Makam Baing Yusuf,"Kabupaten Purwakarta, Jawa Barat",Makam,ChIJx37iWFAOaS4ReVVFA1IdSDU,Tomb of Baing Yusuf,"CCVR+HF9, Jl. Mr. Dr. Kusumahatmaja, Cipaisan, Kec. Purwakarta, Kabupaten Purwakarta, Jawa Barat 41113, Indonesia",4.7,84.0,https://maps.google.com/?cid=3839350920412747129&g_mp=CiVnb29nbGUubWFwcy5wbGFjZXMudjEuUGxhY2VzLkdldFBsYWNlEAIYBCAA,-6.5560995,107.44124749999999,SUCCESS,FIRST_RESULT,2026-09-26T17:13:39.813070+00:00,,
Makam Nyi Mas Gandasari,"Kabupaten Cirebon, Jawa Barat",Makam,ChIJd7aULZghby4RxCQ8boTej8E,Makam Keramat Nyimas Gandasari,"7C39+69V, Gunung Giwur, Kepuh, Kec. Palimanan, Kabupaten Cirebon, Jawa Barat 45161, Indonesia",5.0,20.0,https://maps.google.com/?cid=13947611231356200132&g_mp=CiVnb29nbGUubWFwcy5wbGFjZXMudjEuUGxhY2VzLkdldFBsYWNlEAIYBCAA,-6.7468898,108.4184116,SUCCESS,FIRST_RESULT,2026-09-26T17:13:40.054058+00:00,,
Makam Mama Sempur,"Kabupaten Purwakarta, Jawa Barat",Makam,ChIJwda0oDwEaS4RBALQorbAkOc,Makam Mama Sempur,"Jl. Raya Sempur No.18, Sempur, Kec. Plered, Kabupaten Purwakarta, Jawa Barat 41162, Indonesia",4.4,177.0,https://maps.google.com/?cid=16686048510055809540&g_mp=CiVnb29nbGUubWFwcy5wbGFjZXMudjEuUGxhY2VzLkdldFBsYWNlEAIYBCAA,-6.6638986,107.3988857,SUCCESS,FIRST_RESULT,2026-09-26T17:13:40.257861+00:00,,
Makam Embah Tumpang,"Kota Cimahi, Jawa Barat",Makam,ChIJ0QQ03UTkaC4R2HWFTk9paUc,Makam Mbah Tumpang,"4GFR+672, Setiamanah, Cimahi Tengah, Cimahi City, West Java 40524, Indonesia",5.0,3.0,https://maps.google.com/?cid=5145759838588204504&g_mp=CiVnb29nbGUubWFwcy5wbGFjZXMudjEuUGxhY2VzLkdldFBsYWNlEAIYBCAA,-6.8769976999999995,107.54063970000001,SUCCESS,FIRST_RESULT,2026-09-26T17:13:40.506692+00:00,,
Makam Sunan Kalijaga,"Kabupaten Demak, Jawa Tengah",Makam,ChIJr83Qj8TrcC4Rqwnyz3lDyiI,Tomb of Sunan Kalijaga,"Jl. Raden Sahid, Kadilangu, Kec. Demak, Kabupaten Demak, Jawa Tengah 59517, Indonesia",4.7,7491.0,https://maps.google.com/?cid=2506890333043952043&g_mp=CiVnb29nbGUubWFwcy5wbGFjZXMudjEuUGxhY2VzLkdldFBsYWNlEAIYBCAA,-6.8964563,110.6477436,SUCCESS,FIRST_RESULT,2026-09-26T17:13:40.736124+00:00,,
Makam Raden Patah,"Kabupaten Demak, Jawa Tengah",Makam,ChIJYay1KObrcC4R2YE4DY-hmgk,Tomb of Raden Patah,"Jl. Kauman I No.1, Kauman, Bintoro, Kec. Demak, Kabupaten Demak, Jawa Tengah 59511, Indonesia",4.6,206.0,https://maps.google.com/?cid=692043128528994777&g_mp=CiVnb29nbGUubWFwcy5wbGFjZXMudjEuUGxhY2VzLkdldFBsYWNlEAIYBCAA,-6.8943976,110.63715549999999,SUCCESS,FIRST_RESULT,2026-09-26T17:13:40.947027+00:00,,
Makam Ki Ageng Selo,"Kabupaten Grobogan, Jawa Tengah",Makam,ChIJpzbSCFWzcC4R_ua5w_NA23U,Makam Ki Ageng Selo Tawangharjo Grobogan,"Jl. Kyai Ageng Selo, Kebondalem, Selo, Kec. Tawangharjo, Kabupaten Grobogan, Jawa Tengah 58191, Indonesia",4.7,371.0,https://maps.google.com/?cid=8492452938042173182&g_mp=CiVnb29nbGUubWFwcy5wbGFjZXMudjEuUGxhY2VzLkdldFBsYWNlEAIYBCAA,-7.097624199999999,111.00040849999999,SUCCESS,FIRST_RESULT,2026-09-26T17:13:41.177792+00:00,,
Makam Ki Ageng Tarub,"Kabupaten Grobogan, Jawa Tengah",Makam,ChIJhWPe2s6zcC4RJMtuGuvkqME,Makam Ki Ageng Tarub,"Komplek makam KI AGENG RT.03/RW.03 Beji Beji, Beji, Tarub, Kec. Tawangharjo, Kabupaten Grobogan, Jawa Tengah 58191, Indonesia",4.6,131.0,https://maps.google.com/?cid=13954655143819397924&g_mp=CiVnb29nbGUubWFwcy5wbGFjZXMudjEuUGxhY2VzLkdldFBsYWNlEAIYBCAA,-7.0641589,111.0155164,SUCCESS,FIRST_RESULT,2026-09-26T17:13:41.421235+00:00,,
Makam Ki Ageng Getas Pendowo,"Kabupaten Grobogan, Jawa Tengah",Makam,ChIJ53QVGH66cC4RuD7hTkVPN5o,Makam Ki Ageng Getas Pendowo Purwodadi,"Jl. Ki Ageng Getas Pendowo, Kuripan Timur, Kuripan, Kec. Purwodadi, Kabupaten Grobogan, Jawa Tengah 58153, Indonesia",4.7,61.0,https://maps.google.com/?cid=11112437764654710456&g_mp=CiVnb29nbGUubWFwcy5wbGFjZXMudjEuUGxhY2VzLkdldFBsYWNlEAIYBCAA,-7.0748764,110.89831249999999,SUCCESS,FIRST_RESULT,2026-09-26T17:13:41.649351+00:00,,
Makam Syekh Siti Jenar,"Kabupaten Jepara, Jawa Tengah",Makam,ChIJBXGEwMU9cS4R9wCQkYRsaEw,Makam Syekh Siti Jenar (Wali Syech Lemah Bang),"HR53+JM4, Sidorejo, Balong, Kec. Kembang, Kabupaten Jepara, Jawa Tengah 59453, Indonesia",4.3,53.0,https://maps.google.com/?cid=5505769861094047991&g_mp=CiVnb29nbGUubWFwcy5wbGFjZXMudjEuUGxhY2VzLkdldFBsYWNlEAIYBCAA,-6.4409905,110.8042152,SUCCESS,FIRST_RESULT,2026-09-26T17:13:41.862846+00:00,,
Makam Mbah Roboyo,"Kabupaten Jepara, Jawa Tengah",Makam,ChIJ7ySnV43dcC4R8QI5lqw4Exw,Makam Mbah Robaya,"7P6F+4H4, Jl. Mangga 5, Rw. III, Robayan, Kec. Kalinyamatan, Kabupaten Jepara, Jawa Tengah 59467, Indonesia",5.0,2.0,https://maps.google.com/?cid=2023022971525333745&g_mp=CiVnb29nbGUubWFwcy5wbGFjZXMudjEuUGxhY2VzLkdldFBsYWNlEAIYBCAA,-6.739747299999999,110.72396020000001,SUCCESS,FIRST_RESULT,2026-09-26T17:13:42.062853+00:00,,
Makam Datuk Gunardi,"Kabupaten Jepara, Jawa Tengah",Makam,ChIJiaK6mUnccC4Rqr9MKHLooMg,Makam Mbah Datuk Singorojo,"Rw. 03, Singorojo, Kec. Mayong, Kabupaten Jepara, Jawa Tengah 59465, Indonesia",4.6,19.0,https://maps.google.com/?cid=14456810380859326378&g_mp=CiVnb29nbGUubWFwcy5wbGFjZXMudjEuUGxhY2VzLkdldFBsYWNlEAIYBCAA,-6.7393014,110.7672903,SUCCESS,FIRST_RESULT,2026-09-26T17:13:42.302477+00:00,,
Makam Raden Aria Wangsa Goparana,"Kabupaten Subang, Jawa Barat",Makam,,,,,,,,,,,,API_ERROR,SEARCH_API_ERROR
Makam Keramat Megu,"Kabupaten Cirebon, Jawa Barat",Makam,,,,,,,,,,,,API_ERROR,SEARCH_API_ERROR
Balong Keramat Tuk,"Kabupaten Cirebon, Jawa Barat",Makam,,,,,,,,,,,,API_ERROR,SEARCH_API_ERROR
Petilasan Cimandung,"Kabupaten Cirebon, Jawa Barat",Makam,,,,,,,,,,,,API_ERROR,SEARCH_API_ERROR
Kuburan Kerkhoff,Aceh,Makam,ChIJL9isI1I3QDARpzy1dGn9-6I,Kerkhoff Poetjoet,"Peucut, G8W7+PQ5, Sukaramai, Kec. Baiturrahman, Kota Banda Aceh, Aceh 23116, Indonesia",4.5,34.0,https://maps.google.com/?cid=11744259082670128295&g_mp=CiVnb29nbGUubWFwcy5wbGFjZXMudjEuUGxhY2VzLkdldFBsYWNlEAIYBCAA,5.5467599,95.314488,SUCCESS,FIRST_RESULT,2026-09-26T17:13:43.368074+00:00,,
Makam Sentot Alibasyah,Bengkulu,Makam,ChIJJVdlCiWwNi4Rz725fRf2kR8,Makam Sentot Alibasyah,"6767+C97, Bajak, Teluk Segara, Bengkulu City, Bengkulu 38115, Indonesia",4.2,45.0,https://maps.google.com/?cid=2274869867552816591&g_mp=CiVnb29nbGUubWFwcy5wbGFjZXMudjEuUGxhY2VzLkdldFBsYWNlEAIYBCAA,-3.7889713000000005,102.26342269999999,SUCCESS,FIRST_RESULT,2026-09-26T17:13:43.554345+00:00,,
Makam Auliya Male Ta Illayabe,Gorontalo,Makam,,,,,,,,,,,,API_ERROR,SEARCH_API_ERROR
Makam Akik Ning,Kepulauan Bangka Belitung,Makam,,,,,,,,,,,,API_ERROR,SEARCH_API_ERROR
Makam Atok Banjar,Kepulauan Bangka Belitung,Makam,,,,,,,,,,,,API_ERROR,SEARCH_API_ERROR
Kuburan Borgo,Sulawesi Utara,Makam,,,,,,,,,,,,API_ERROR,SEARCH_API_ERROR
Kuburan Kerkhoff Kuburan Belanda,Sulawesi Utara,Makam,,,,,,,,,,,,API_ERROR,SEARCH_API_ERROR
Pemakaman Imogiri,Yogyakarta,Makam,,,,,,,,,,,,API_ERROR,SEARCH_API_ERROR
Makam Ki Ageng Balak,"Kabupaten Sukoharjo, Jawa Tengah",Makam,,,,,,,,,,,,API_ERROR,SEARCH_API_ERROR
Makam Raja Haji,Kepulauan Riau,Makam,,,,,,,,,,,,API_ERROR,SEARCH_API_ERROR
Kuburan Batee Meuculek,"Kabupaten Aceh Barat Daya, Aceh",Makam,,,,,,,,,,,,API_ERROR,SEARCH_API_ERROR
Makam Syeh Mahmud,"Kabupaten Aceh Barat Daya, Aceh",Makam,,,,,,,,,,,,API_ERROR,SEARCH_API_ERROR
Makam Laksamana Malahayati,"Kabupaten Aceh Besar, Aceh",Makam,,,,,,,,,,,,API_ERROR,SEARCH_API_ERROR
Makam Kramat Du Panggola,"Kota Gorontalo, Gorontalo",Makam,,,,,,,,,,,,API_ERROR,SEARCH_API_ERROR
Makam Kramat Tajailoyibuo,"Kota Gorontalo, Gorontalo",Makam,,,,,,,,,,,,API_ERROR,SEARCH_API_ERROR
Makam Aulia Raja Ilato,"Kota Gorontalo, Gorontalo",Makam,,,,,,,,,,,,API_ERROR,SEARCH_API_ERROR
Makam Aulia Male Tailayabe,"Kota Gorontalo, Gorontalo",Makam,,,,,,,,,,,,API_ERROR,SEARCH_API_ERROR
Makam Pangeran Jayakarta,"Jakarta Timur, Jakarta",Makam,,,,,,,,,,,,API_ERROR,SEARCH_API_ERROR
Makam Sultan Thaha,"Kabupaten Tebo, Jambi",Makam,,,,,,,,,,,,API_ERROR,SEARCH_API_ERROR
Makam Karl Adolf Bosscha,"Kabupaten Bandung Barat, Jawa Barat",Makam,,,,,,,,,,,,API_ERROR,SEARCH_API_ERROR
Makam Sunan Gunung Jati,"Kabupaten Cirebon, Jawa Barat",Makam,,,,,,,,,,,,API_ERROR,SEARCH_API_ERROR
Makam Habib Ali,"Kabupaten Jepara, Jawa Tengah",Makam,,,,,,,,,,,,API_ERROR,SEARCH_API_ERROR
Makam Syeh Abu Bakar,"Kabupaten Jepara, Jawa Tengah",Makam,,,,,,,,,,,,API_ERROR,SEARCH_API_ERROR
Pemakaman Girigondo,Yogyakarta,Makam,,,,,,,,,,,,API_ERROR,SEARCH_API_ERROR
Makam Syeh Amir Hasan,"Kabupaten Jepara, Jawa Tengah",Makam,,,,,,,,,,,,API_ERROR,SEARCH_API_ERROR
Makam Petilasan Krapyak,"Kabupaten Kendal, Jawa Tengah",Makam,,,,,,,,,,,,API_ERROR,SEARCH_API_ERROR
Makam Pengeran Benowo,"Kabupaten Kendal, Jawa Tengah",Makam,,,,,,,,,,,,API_ERROR,SEARCH_API_ERROR
Makam Sunan Kudus,"Kabupaten Kudus, Jawa Tengah",Makam,,,,,,,,,,,,API_ERROR,SEARCH_API_ERROR
Makam Sunan Muria,"Kabupaten Kudus, Jawa Tengah",Makam,,,,,,,,,,,,API_ERROR,SEARCH_API_ERROR
Makam Sunan Kedu,"Kabupaten Kudus, Jawa Tengah",Makam,,,,,,,,,,,,API_ERROR,SEARCH_API_ERROR
Makam Syeh Syadzili,"Kabupaten Kudus, Jawa Tengah",Makam,,,,,,,,,,,,API_ERROR,SEARCH_API_ERROR
Makam Kyai Telingsing,"Kabupaten Kudus, Jawa Tengah",Makam,,,,,,,,,,,,API_ERROR,SEARCH_API_ERROR
Makam Keluarga Trah Tjondronegoro Iii,"Kabupaten Kudus, Jawa Tengah",Makam,,,,,,,,,,,,API_ERROR,SEARCH_API_ERROR
Makam Mbah Tanggulangin,"Kabupaten Kudus, Jawa Tengah",Makam,,,,,,,,,,,,API_ERROR,SEARCH_API_ERROR
Makam Kyai Asyari,"Kabupaten Kendal, Jawa Tengah",Makam,,,,,,,,,,,,API_ERROR,SEARCH_API_ERROR
Makam Sedo Mukti,"Kabupaten Kudus, Jawa Tengah",Makam,,,,,,,,,,,,API_ERROR,SEARCH_API_ERROR
Makam Nyai Ageng Ngerang,"Kabupaten Pati, Jawa Tengah",Makam,,,,,,,,,,,,API_ERROR,SEARCH_API_ERROR
Makam Syeh Jangkung,"Kabupaten Pati, Jawa Tengah",Makam,,,,,,,,,,,,API_ERROR,SEARCH_API_ERROR
Makam Mbah Tabek Merto,"Kabupaten Pati, Jawa Tengah",Makam,,,,,,,,,,,,API_ERROR,SEARCH_API_ERROR
Makam Sunan Ngerang,"Kabupaten Pati, Jawa Tengah",Makam,,,,,,,,,,,,API_ERROR,SEARCH_API_ERROR
Makam Syeh Ronggo Kusumo,"Kabupaten Pati, Jawa Tengah",Makam,,,,,,,,,,,,API_ERROR,SEARCH_API_ERROR
Makam Sunan Prawoto,"Kabupaten Pati, Jawa Tengah",Makam,,,,,,,,,,,,API_ERROR,SEARCH_API_ERROR
Makam Bandung Bondowoso Ratu Pengging,"Kabupaten Pati, Jawa Tengah",Makam,,,,,,,,,,,,API_ERROR,SEARCH_API_ERROR
Makam Prabu Angling Dharma,"Kabupaten Pati, Jawa Tengah",Makam,,,,,,,,,,,,API_ERROR,SEARCH_API_ERROR
Makam Ki Gede,"Kabupaten Jepara, Jawa Tengah",Makam,,,,,,,,,,,,API_ERROR,SEARCH_API_ERROR
Makam Sosro Kartono Para Bupati,"Kabupaten Kudus, Jawa Tengah",Makam,,,,,,,,,,,,API_ERROR,SEARCH_API_ERROR
Makam Sunan Abinowo,"Kabupaten Kendal, Jawa Tengah",Makam,,,,,,,,,,,,API_ERROR,SEARCH_API_ERROR
Makam Sunan Makhdum Pimpinan Walisongo I,"Kabupaten Pati, Jawa Tengah",Makam,,,,,,,,,,,,API_ERROR,SEARCH_API_ERROR
Makam Pangeran Djoeminah,"Kabupaten Kendal, Jawa Tengah",Makam,,,,,,,,,,,,API_ERROR,SEARCH_API_ERROR
Makam Tumenggung Mertowijoyo,"Kabupaten Kendal, Jawa Tengah",Makam,,,,,,,,,,,,API_ERROR,SEARCH_API_ERROR
Makam Ronggo Kusumo,"Kabupaten Jepara, Jawa Tengah",Makam,,,,,,,,,,,,API_ERROR,SEARCH_API_ERROR
Makam Mbah Datuk Subuh,"Kabupaten Jepara, Jawa Tengah",Makam,,,,,,,,,,,,API_ERROR,SEARCH_API_ERROR
Makam Mbah Pakisaji,"Kabupaten Jepara, Jawa Tengah",Makam,,,,,,,,,,,,API_ERROR,SEARCH_API_ERROR
Kh Noor Ahmad Ss,"Kabupaten Jepara, Jawa Tengah",Makam,,,,,,,,,,,,API_ERROR,SEARCH_API_ERROR
Makam Habib Sodiq Dan Kh Noor Ahmad Ss,"Kabupaten Jepara, Jawa Tengah",Makam,,,,,,,,,,,,API_ERROR,SEARCH_API_ERROR
Makam Assayyid Thoyyib Thohir,"Kabupaten Jepara, Jawa Tengah",Makam,,,,,,,,,,,,API_ERROR,SEARCH_API_ERROR
Syaikh Syamsuri,"Kabupaten Jepara, Jawa Tengah",Makam,,,,,,,,,,,,API_ERROR,SEARCH_API_ERROR
Makam Assayyid Thoyyib Thohir Dan Syaikh Syamsuri,"Kabupaten Jepara, Jawa Tengah",Makam,,,,,,,,,,,,API_ERROR,SEARCH_API_ERROR
Makam Pangeran Syarif,"Kabupaten Jepara, Jawa Tengah",Makam,,,,,,,,,,,,API_ERROR,SEARCH_API_ERROR
Makam Habib Sodiq,"Kabupaten Jepara, Jawa Tengah",Makam,,,,,,,,,,,,API_ERROR,SEARCH_API_ERROR
Makam Pangeran Syarif Dan Mbah Jenggolo,"Kabupaten Jepara, Jawa Tengah",Makam,,,,,,,,,,,,API_ERROR,SEARCH_API_ERROR
Mbah Jenggolo,"Kabupaten Jepara, Jawa Tengah",Makam,,,,,,,,,,,,API_ERROR,SEARCH_API_ERROR
Makam Wali Joko,"Kabupaten Kendal, Jawa Tengah",Makam,,,,,,,,,,,,API_ERROR,SEARCH_API_ERROR
Makam Kyai Mandurorejo Protomulyo Kaliwungu Selatan Kabupaten Kendal,"Kabupaten Kendal, Jawa Tengah",Makam,,,,,,,,,,,,API_ERROR,SEARCH_API_ERROR
Makam Sunan Bromo,"Kabupaten Kendal, Jawa Tengah",Makam,,,,,,,,,,,,API_ERROR,SEARCH_API_ERROR
Makam Wali Gembyang,"Kabupaten Kendal, Jawa Tengah",Makam,,,,,,,,,,,,API_ERROR,SEARCH_API_ERROR
Makam Sunan Hadirin Dan Ratu Kalinyamat Serta Raden Abdul Jalil,"Kabupaten Jepara, Jawa Tengah",Makam,,,,,,,,,,,,API_ERROR,SEARCH_API_ERROR
Ratu Kalinyamat Serta Raden Abdul Jalil,"Kabupaten Jepara, Jawa Tengah",Makam,,,,,,,,,,,,API_ERROR,SEARCH_API_ERROR
Makam Sunan Hadirin,"Kabupaten Jepara, Jawa Tengah",Makam,,,,,,,,,,,,API_ERROR,SEARCH_API_ERROR
Makam Wali Hadi,"Kabupaten Kendal, Jawa Tengah",Makam,,,,,,,,,,,,API_ERROR,SEARCH_API_ERROR
Masjid,"Kabupaten Halmahera Selatan, Maluku Utara",Masjid,,,,,,,,,,,,API_ERROR,SEARCH_API_ERROR
Masjid Ridwanul Bahri,"Kabupaten Manokwari, Papua Barat",Masjid,,,,,,,,,,,,API_ERROR,SEARCH_API_ERROR
Masjid Al Munawwaroh Ternate,"Kota Ternate, Maluku Utara",Masjid,,,,,,,,,,,,API_ERROR,SEARCH_API_ERROR
Masjid Tua Patimburak Masjid Tertua,"Kabupaten Fakfak, Papua Barat",Masjid,,,,,,,,,,,,API_ERROR,SEARCH_API_ERROR
Masjid Jami Merdeka,"Kabupaten Manokwari, Papua Barat",Masjid,,,,,,,,,,,,API_ERROR,SEARCH_API_ERROR
Masjid Al Ishlah,"Kabupaten Manokwari, Papua Barat",Masjid,,,,,,,,,,,,API_ERROR,SEARCH_API_ERROR
Masjid Al Ikhlas Korem,"Kabupaten Manokwari, Papua Barat",Masjid,,,,,,,,,,,,API_ERROR,SEARCH_API_ERROR
Masjid Dan Keraton Sultan Bacan Labuha,"Kabupaten Halmahera Selatan, Maluku Utara",Masjid,,,,,,,,,,,,API_ERROR,SEARCH_API_ERROR
Masjid At Taqwa,"Kabupaten Manokwari, Papua Barat",Masjid,,,,,,,,,,,,API_ERROR,SEARCH_API_ERROR
Masjid Al,"Kabupaten Manokwari, Papua Barat",Masjid,,,,,,,,,,,,API_ERROR,SEARCH_API_ERROR
Masjid Madinah,"Kabupaten Manokwari, Papua Barat",Masjid,,,,,,,,,,,,API_ERROR,SEARCH_API_ERROR
Masjid Istiqlal,"Kabupaten Manokwari, Papua Barat",Masjid,,,,,,,,,,,,API_ERROR,SEARCH_API_ERROR
Masjid As Sakinah,"Kabupaten Manokwari, Papua Barat",Masjid,,,,,,,,,,,,API_ERROR,SEARCH_API_ERROR
Masjid Darussalam,"Kabupaten Manokwari, Papua Barat",Masjid,,,,,,,,,,,,API_ERROR,SEARCH_API_ERROR
Masjid Al Falah,"Kabupaten Manokwari, Papua Barat",Masjid,,,,,,,,,,,,API_ERROR,SEARCH_API_ERROR
Masjid Nurul Fatah,"Kabupaten Manokwari, Papua Barat",Masjid,,,,,,,,,,,,API_ERROR,SEARCH_API_ERROR
Masjid Darul Ulum,"Kabupaten Manokwari, Papua Barat",Masjid,,,,,,,,,,,,API_ERROR,SEARCH_API_ERROR
Masjid Agung Taqwa,"Kota Metro, Lampung",Masjid,,,,,,,,,,,,API_ERROR,SEARCH_API_ERROR
Masjid Sultan Lingga,"Kabupaten Lingga, Kepulauan Riau",Masjid,,,,,,,,,,,,API_ERROR,SEARCH_API_ERROR
Masjid Taqwa Kota Metro,"Kota Metro, Lampung",Masjid,,,,,,,,,,,,API_ERROR,SEARCH_API_ERROR
Masjid Istiqomah,"Kota Balikpapan, Kalimantan Timur",Masjid,,,,,,,,,,,,API_ERROR,SEARCH_API_ERROR
Masjid Al Mutaqin,"Kabupaten Manokwari, Papua Barat",Masjid,,,,,,,,,,,,API_ERROR,SEARCH_API_ERROR
Masjid Nurul Iman,"Kota Balikpapan, Kalimantan Timur",Masjid,,,,,,,,,,,,API_ERROR,SEARCH_API_ERROR
Masjid Jabalussuada,"Kota Balikpapan, Kalimantan Timur",Masjid,,,,,,,,,,,,API_ERROR,SEARCH_API_ERROR
Masjid Jami Darussalam,"Kota Balikpapan, Kalimantan Timur",Masjid,,,,,,,,,,,,API_ERROR,SEARCH_API_ERROR
Masjid Al Munawwar,"Kota Balikpapan, Kalimantan Timur",Masjid,,,,,,,,,,,,API_ERROR,SEARCH_API_ERROR
Masjid Al Hidayah,"Kota Balikpapan, Kalimantan Timur",Masjid,,,,,,,,,,,,API_ERROR,SEARCH_API_ERROR
Masjid Agung Nurul Huda,"Kota Metro, Lampung",Masjid,,,,,,,,,,,,API_ERROR,SEARCH_API_ERROR
Masjid Jabalussalam,"Kota Balikpapan, Kalimantan Timur",Masjid,,,,,,,,,,,,API_ERROR,SEARCH_API_ERROR
Masjid Agung Al-Furqon Bandar Lampung,"Kota Bandar Lampung, Lampung",Masjid,,,,,,,,,,,,API_ERROR,SEARCH_API_ERROR
Masjid Al-Anwar,"Kota Bandar Lampung, Lampung",Masjid,,,,,,,,,,,,API_ERROR,SEARCH_API_ERROR
Masjid Taqwa,"Kota Bandar Lampung, Lampung",Masjid,,,,,,,,,,,,API_ERROR,SEARCH_API_ERROR
Masjid Al-Abror,"Kota Bandar Lampung, Lampung",Masjid,,,,,,,,,,,,API_ERROR,SEARCH_API_ERROR
Masjid Nurul Ulum,"Kota Bandar Lampung, Lampung",Masjid,,,,,,,,,,,,API_ERROR,SEARCH_API_ERROR
Masjid Al-Muhajirin,"Kota Bandar Lampung, Lampung",Masjid,,,,,,,,,,,,API_ERROR,SEARCH_API_ERROR
Masjid Babusalam,"Kota Bandar Lampung, Lampung",Masjid,,,,,,,,,,,,API_ERROR,SEARCH_API_ERROR
Masjid Jami,"Kota Pangkal Pinang, Kepulauan Bangka Belitung",Masjid,,,,,,,,,,,,API_ERROR,SEARCH_API_ERROR
Masjid Nurul Qolbi,"Kabupaten Manokwari, Papua Barat",Masjid,,,,,,,,,,,,API_ERROR,SEARCH_API_ERROR
Masjid Al Abrar Titipapan,"Kota Medan, Sumatera Utara",Masjid,,,,,,,,,,,,API_ERROR,SEARCH_API_ERROR
Masjid Agung Nasional Madani Islamic Centre,"Kabupaten Rokan Hulu, Riau",Masjid,,,,,,,,,,,,API_ERROR,SEARCH_API_ERROR
Masjid Baitul Amal Martubung,"Kota Medan, Sumatera Utara",Masjid,,,,,,,,,,,,API_ERROR,SEARCH_API_ERROR
Masjid Al Iman Marelan Pasar Ii,"Kota Medan, Sumatera Utara",Masjid,,,,,,,,,,,,API_ERROR,SEARCH_API_ERROR
Masjid Jami Al Qanitin Sei Sikambing,"Kota Medan, Sumatera Utara",Masjid,,,,,,,,,,,,API_ERROR,SEARCH_API_ERROR
Masjid Cipto Mulyo,"Kabupaten Boyolali, Jawa Tengah",Masjid,,,,,,,,,,,,API_ERROR,SEARCH_API_ERROR
Masjid Jami,"Kabupaten Purworejo, Jawa Tengah",Masjid,,,,,,,,,,,,API_ERROR,SEARCH_API_ERROR
Masjid Agung Surakarta,"Kota Surakarta, Jawa Tengah",Masjid,,,,,,,,,,,,API_ERROR,SEARCH_API_ERROR
Masjid Al Wustho Mangkunegaran,"Kota Surakarta, Jawa Tengah",Masjid,,,,,,,,,,,,API_ERROR,SEARCH_API_ERROR
Masjid Jami Al Hidayah Paya Pasir Marelan,"Kota Medan, Sumatera Utara",Masjid,,,,,,,,,,,,API_ERROR,SEARCH_API_ERROR
Masjid Laweyan,"Kota Surakarta, Jawa Tengah",Masjid,,,,,,,,,,,,API_ERROR,SEARCH_API_ERROR
Masjid Raya Batam,"Kota Batam, Kepulauan Riau",Masjid,,,,,,,,,,,,API_ERROR,SEARCH_API_ERROR
Masjid Raya Al,"Kota Ambon, Maluku",Masjid,,,,,,,,,,,,API_ERROR,SEARCH_API_ERROR
Masjid Raya Pekanbaru,"Kota Pekanbaru, Riau",Masjid,,,,,,,,,,,,API_ERROR,SEARCH_API_ERROR
Masjid Raya Ganting,"Kota Padang, Sumatera Barat",Masjid,,,,,,,,,,,,API_ERROR,SEARCH_API_ERROR
Masjid Muhammadan,"Kota Padang, Sumatera Barat",Masjid,,,,,,,,,,,,API_ERROR,SEARCH_API_ERROR
Masjid Agung As Salam,"Kota Lubuklinggau, Sumatera Selatan",Masjid,,,,,,,,,,,,API_ERROR,SEARCH_API_ERROR
Masjid Dwima As Salam,"Kota Balikpapan, Kalimantan Timur",Masjid,,,,,,,,,,,,API_ERROR,SEARCH_API_ERROR
Masjid Islamic Center Samarinda,"Kota Samarinda, Kalimantan Timur",Masjid,,,,,,,,,,,,API_ERROR,SEARCH_API_ERROR
Masjid Nurul Iman Komplek Mtsn Medan Perumnas Helvetia,"Kota Medan, Sumatera Utara",Masjid,,,,,,,,,,,,API_ERROR,SEARCH_API_ERROR
Masjid Al Amin,"Kota Medan, Sumatera Utara",Masjid,,,,,,,,,,,,API_ERROR,SEARCH_API_ERROR
Masjid Nurul Hidayah,"Kota Medan, Sumatera Utara",Masjid,,,,,,,,,,,,API_ERROR,SEARCH_API_ERROR
Masjid Tua Lalabata,"Kabupaten Barru, Sulawesi Selatan",Masjid,,,,,,,,,,,,API_ERROR,SEARCH_API_ERROR
Masjid Katangka,"Kabupaten Gowa, Sulawesi Selatan",Masjid,,,,,,,,,,,,API_ERROR,SEARCH_API_ERROR
Masjid Al-Markaz Al-Islami,"Kota Makassar, Sulawesi Selatan",Masjid,,,,,,,,,,,,API_ERROR,SEARCH_API_ERROR
Masjid Raya Makassar,"Kota Makassar, Sulawesi Selatan",Masjid,,,,,,,,,,,,API_ERROR,SEARCH_API_ERROR
Masjid Kuba,"Kota Bau-Bau, Sulawesi Tenggara",Masjid,,,,,,,,,,,,API_ERROR,SEARCH_API_ERROR
Masjid Kuba Dan Tiang Bendera,"Kota Bau-Bau, Sulawesi Tenggara",Masjid,,,,,,,,,,,,API_ERROR,SEARCH_API_ERROR
Masjid Tuo Koto Nan Ompek,"Kota Payakumbuh, Sumatera Barat",Masjid,,,,,,,,,,,,API_ERROR,SEARCH_API_ERROR
Masjid Gadang Balai Nan Duo Koto Nan Ompek,"Kota Payakumbuh, Sumatera Barat",Masjid,,,,,,,,,,,,API_ERROR,SEARCH_API_ERROR
Masjid Agung Sultan Mahmud Badaruddin I Palembang,"Kota Palembang, Sumatera Selatan",Masjid,,,,,,,,,,,,API_ERROR,SEARCH_API_ERROR
Masjid Cheng Ho Palembang,"Kota Palembang, Sumatera Selatan",Masjid,,,,,,,,,,,,API_ERROR,SEARCH_API_ERROR
Masjid Azizi,"Kabupaten Langkat, Sumatera Utara",Masjid,,,,,,,,,,,,API_ERROR,SEARCH_API_ERROR
Masjid Al Osmani,"Kota Medan, Sumatera Utara",Masjid,,,,,,,,,,,,API_ERROR,SEARCH_API_ERROR
Masjid Al Osmani Medan Labuhan,"Kota Medan, Sumatera Utara",Masjid,,,,,,,,,,,,API_ERROR,SEARCH_API_ERROR
Masjid Agung Medan,"Kota Medan, Sumatera Utara",Masjid,,,,,,,,,,,,API_ERROR,SEARCH_API_ERROR
Masjid Amaliyah Panglima Denai Amplas,"Kota Medan, Sumatera Utara",Masjid,,,,,,,,,,,,API_ERROR,SEARCH_API_ERROR
Masjid Al-Musabbihin Tasbi Blok C,"Kota Medan, Sumatera Utara",Masjid,,,,,,,,,,,,API_ERROR,SEARCH_API_ERROR
Masjid Al-Huda,"Kota Medan, Sumatera Utara",Masjid,,,,,,,,,,,,API_ERROR,SEARCH_API_ERROR
Masjid Al Hijrah,"Kabupaten Manokwari, Papua Barat",Masjid,,,,,,,,,,,,API_ERROR,SEARCH_API_ERROR
Masjid Baiturrahman,"Kota Balikpapan, Kalimantan Timur",Masjid,,,,,,,,,,,,API_ERROR,SEARCH_API_ERROR
Masjid Raya Manado,Sulawesi Utara,Masjid,,,,,,,,,,,,API_ERROR,SEARCH_API_ERROR
Masjid Al Falah,"Kota Balikpapan, Kalimantan Timur",Masjid,,,,,,,,,,,,API_ERROR,SEARCH_API_ERROR
Masjid Tertua,"Kota Langsa, Aceh",Masjid,,,,,,,,,,,,API_ERROR,SEARCH_API_ERROR
Masjid Agung Banten,"Kota Serang, Banten",Masjid,,,,,,,,,,,,API_ERROR,SEARCH_API_ERROR
Masjid Raya Al-Azhom,"Kota Tangerang, Banten",Masjid,,,,,,,,,,,,API_ERROR,SEARCH_API_ERROR
Masjid Berjumlah Buah,"Kabupaten Rejang Lebong, Bengkulu",Masjid,,,,,,,,,,,,API_ERROR,SEARCH_API_ERROR
Masjid Agung Curup,"Kabupaten Rejang Lebong, Bengkulu",Masjid,,,,,,,,,,,,API_ERROR,SEARCH_API_ERROR
Masjid Jami Baiturrahim,"Kota Gorontalo, Gorontalo",Masjid,,,,,,,,,,,,API_ERROR,SEARCH_API_ERROR
Masjid Keramat Desa Pulau Tengah,"Kabupaten Kerinci, Jambi",Masjid,,,,,,,,,,,,API_ERROR,SEARCH_API_ERROR
Masjid Raya Darul Falah Kota Langsa,"Kota Langsa, Aceh",Masjid,,,,,,,,,,,,API_ERROR,SEARCH_API_ERROR
Masjid Agung Al-Falah,"Kota Jambi, Jambi",Masjid,,,,,,,,,,,,API_ERROR,SEARCH_API_ERROR
Masjid Agung,"Kabupaten Purwakarta, Jawa Barat",Masjid,,,,,,,,,,,,API_ERROR,SEARCH_API_ERROR
Masjid Agung Al-Musabaqoh Subang,"Kabupaten Subang, Jawa Barat",Masjid,,,,,,,,,,,,API_ERROR,SEARCH_API_ERROR
Masjid Raya Kota Bogor,"Kota Bogor, Jawa Barat",Masjid,,,,,,,,,,,,API_ERROR,SEARCH_API_ERROR
Masjid Jami Al-Juman Bogor,"Kota Bogor, Jawa Barat",Masjid,,,,,,,,,,,,API_ERROR,SEARCH_API_ERROR
Masjid Agung Bogor,"Kota Bogor, Jawa Barat",Masjid,,,,,,,,,,,,API_ERROR,SEARCH_API_ERROR
Masjid Istiqom Budi Agung,"Kota Bogor, Jawa Barat",Masjid,,,,,,,,,,,,API_ERROR,SEARCH_API_ERROR
Masjid Almuhajirin,"Kota Bogor, Jawa Barat",Masjid,,,,,,,,,,,,API_ERROR,SEARCH_API_ERROR
Masjid Asyuro Cipari Pangatikan Garut,"Kabupaten Garut, Jawa Barat",Masjid,,,,,,,,,,,,API_ERROR,SEARCH_API_ERROR
Masjid Nahwa Nur Pura,"Kota Bogor, Jawa Barat",Masjid,,,,,,,,,,,,API_ERROR,SEARCH_API_ERROR
Masjid Po Teumeureuhom,"Kabupaten Pidie, Aceh",Masjid,,,,,,,,,,,,API_ERROR,SEARCH_API_ERROR
Masjid Kuno Desa Kaitetu,Maluku,Masjid,,,,,,,,,,,,API_ERROR,SEARCH_API_ERROR
Masjid At Taqwa,"Kota Balikpapan, Kalimantan Timur",Masjid,,,,,,,,,,,,API_ERROR,SEARCH_API_ERROR
Masjid Agung Keraton,"Kota Bau-Bau, Sulawesi Tenggara",Masjid,,,,,,,,,,,,API_ERROR,SEARCH_API_ERROR
Masjid Raya Baiturrahman,Aceh,Masjid,,,,,,,,,,,,API_ERROR,SEARCH_API_ERROR
Masjid Dian Al-Mahri,Jawa Barat,Masjid,,,,,,,,,,,,API_ERROR,SEARCH_API_ERROR
Masjid Raya Sabilal Muhtadin,Kalimantan Selatan,Masjid,,,,,,,,,,,,API_ERROR,SEARCH_API_ERROR
Masjid Jami Banjarmasin,Kalimantan Selatan,Masjid,,,,,,,,,,,,API_ERROR,SEARCH_API_ERROR
Masjid Jami Tuhfaturroghibin,Kalimantan Selatan,Masjid,,,,,,,,,,,,API_ERROR,SEARCH_API_ERROR
Masjid Agung At-Taqwa,"Kabupaten Aceh Tenggara, Aceh",Masjid,,,,,,,,,,,,API_ERROR,SEARCH_API_ERROR
Masjid Muhammadiyah Kelayan,Kalimantan Selatan,Masjid,,,,,,,,,,,,API_ERROR,SEARCH_API_ERROR
Masjid Baangkat,Kalimantan Selatan,Masjid,,,,,,,,,,,,API_ERROR,SEARCH_API_ERROR
Masjid Jami Sungai Banar,Kalimantan Selatan,Masjid,,,,,,,,,,,,API_ERROR,SEARCH_API_ERROR
Masjid Keramat Banua Halat,Kalimantan Selatan,Masjid,,,,,,,,,,,,API_ERROR,SEARCH_API_ERROR
Masjid Pusaka Tabalong,Kalimantan Selatan,Masjid,,,,,,,,,,,,API_ERROR,SEARCH_API_ERROR
Masjid Jami Pangkalpinang,Kepulauan Bangka Belitung,Masjid,,,,,,,,,,,,API_ERROR,SEARCH_API_ERROR
Masjid Sebanyak Hampir Ribu Buah,Maluku,Masjid,,,,,,,,,,,,API_ERROR,SEARCH_API_ERROR
Masjid Agung Keraton Buton,Sulawesi Tenggara,Masjid,,,,,,,,,,,,API_ERROR,SEARCH_API_ERROR
Masjid Agung Al-Karomah,Kalimantan Selatan,Masjid,,,,,,,,,,,,API_ERROR,SEARCH_API_ERROR
Masjid As-Sholihin,"Kota Bogor, Jawa Barat",Masjid,,,,,,,,,,,,API_ERROR,SEARCH_API_ERROR
Masjid Agung Pasir Pengaraian,Riau,Masjid,,,,,,,,,,,,API_ERROR,SEARCH_API_ERROR
Masjid Al-Munawwar,"Kota Bogor, Jawa Barat",Masjid,,,,,,,,,,,,API_ERROR,SEARCH_API_ERROR
Masjid Kuno Sewulan,"Kabupaten Madiun, Jawa Timur",Masjid,,,,,,,,,,,,API_ERROR,SEARCH_API_ERROR
Masjid Ajaib,"Kabupaten Malang, Jawa Timur",Masjid,,,,,,,,,,,,API_ERROR,SEARCH_API_ERROR
Masjid Yoni Al-Mubarok,"Kabupaten Nganjuk, Jawa Timur",Masjid,,,,,,,,,,,,API_ERROR,SEARCH_API_ERROR
Masjid Agung Sidoarjo,"Kabupaten Sidoarjo, Jawa Timur",Masjid,,,,,,,,,,,,API_ERROR,SEARCH_API_ERROR
Masjid Jamik Sumenep,"Kabupaten Sumenep, Jawa Timur",Masjid,,,,,,,,,,,,API_ERROR,SEARCH_API_ERROR
Masjid Agung Tuban,"Kabupaten Tuban, Jawa Timur",Masjid,,,,,,,,,,,,API_ERROR,SEARCH_API_ERROR
Masjid Banjar Mlati,"Kota Kediri, Jawa Timur",Masjid,,,,,,,,,,,,API_ERROR,SEARCH_API_ERROR
Masjid Al Amin,"Kota Balikpapan, Kalimantan Timur",Masjid,,,,,,,,,,,,API_ERROR,SEARCH_API_ERROR
Masjid Auliyya Setono Gedong,"Kota Kediri, Jawa Timur",Masjid,,,,,,,,,,,,API_ERROR,SEARCH_API_ERROR
Masjid Cheng Ho Surabaya,"Kota Surabaya, Jawa Timur",Masjid,,,,,,,,,,,,API_ERROR,SEARCH_API_ERROR
Masjid Nasional Al Akbar,"Kota Surabaya, Jawa Timur",Masjid,,,,,,,,,,,,API_ERROR,SEARCH_API_ERROR
Masjid Sultan Suriansyah Terletak,"Kota Banjarmasin, Kalimantan Selatan",Masjid,,,,,,,,,,,,API_ERROR,SEARCH_API_ERROR
Masjid Kyai Gede,"Kabupaten Kotawaringin Barat, Kalimantan Tengah",Masjid,,,,,,,,,,,,API_ERROR,SEARCH_API_ERROR
Masjid Agung Baitul Hikmah,"Kabupaten Berau, Kalimantan Timur",Masjid,,,,,,,,,,,,API_ERROR,SEARCH_API_ERROR
Masjid Al-Aman,"Kota Balikpapan, Kalimantan Timur",Masjid,,,,,,,,,,,,API_ERROR,SEARCH_API_ERROR
Masjid Al-Hidayah,"Kota Bogor, Jawa Barat",Masjid,,,,,,,,,,,,API_ERROR,SEARCH_API_ERROR
Masjid Agung Kota Kediri,"Kota Kediri, Jawa Timur",Masjid,,,,,,,,,,,,API_ERROR,SEARCH_API_ERROR
Masjid Agung Bojonegoro,"Kabupaten Bojonegoro, Jawa Timur",Masjid,,,,,,,,,,,,API_ERROR,SEARCH_API_ERROR
Masjid An-Nur Pare,"Kabupaten Kediri, Jawa Timur",Masjid,,,,,,,,,,,,API_ERROR,SEARCH_API_ERROR
Masjid Kauman Semarang,"Kota Semarang, Jawa Tengah",Masjid,,,,,,,,,,,,API_ERROR,SEARCH_API_ERROR
Masjid Al-Mai,"Kota Bogor, Jawa Barat",Masjid,,,,,,,,,,,,API_ERROR,SEARCH_API_ERROR
Masjid Saka Tunggal,"Kabupaten Banyumas, Jawa Tengah",Masjid,,,,,,,,,,,,API_ERROR,SEARCH_API_ERROR
Masjid Agung Brebes,"Kabupaten Brebes, Jawa Tengah",Masjid,,,,,,,,,,,,API_ERROR,SEARCH_API_ERROR
Masjid Al Kurdi Didesa Karangmalang,"Kabupaten Brebes, Jawa Tengah",Masjid,,,,,,,,,,,,API_ERROR,SEARCH_API_ERROR
Masjid Agung Demak,"Kabupaten Demak, Jawa Tengah",Masjid,,,,,,,,,,,,API_ERROR,SEARCH_API_ERROR
Masjid Astana Mantingan,"Kabupaten Jepara, Jawa Tengah",Masjid,,,,,,,,,,,,API_ERROR,SEARCH_API_ERROR
Masjid Agung Baitul Makmur Jepara,"Kabupaten Jepara, Jawa Tengah",Masjid,,,,,,,,,,,,API_ERROR,SEARCH_API_ERROR
Masjid Al Birru Pertiwi,"Kabupaten Bojonegoro, Jawa Timur",Masjid,,,,,,,,,,,,API_ERROR,SEARCH_API_ERROR
Masjid Bubrah,"Kabupaten Kudus, Jawa Tengah",Masjid,,,,,,,,,,,,API_ERROR,SEARCH_API_ERROR
Masjid Menara Kudus,"Kabupaten Kudus, Jawa Tengah",Masjid,,,,,,,,,,,,API_ERROR,SEARCH_API_ERROR
Masjid Agung Rembang,"Kabupaten Rembang, Jawa Tengah",Masjid,,,,,,,,,,,,API_ERROR,SEARCH_API_ERROR
Masjid Jami Lasem,"Kabupaten Rembang, Jawa Tengah",Masjid,,,,,,,,,,,,API_ERROR,SEARCH_API_ERROR
Masjid Agung,"Kabupaten Tegal, Jawa Tengah",Masjid,,,,,,,,,,,,API_ERROR,SEARCH_API_ERROR
Masjid Wali Limbung,"Kabupaten Temanggung, Jawa Tengah",Masjid,,,,,,,,,,,,API_ERROR,SEARCH_API_ERROR
Masjid Damarjati,"Kota Salatiga, Jawa Tengah",Masjid,,,,,,,,,,,,API_ERROR,SEARCH_API_ERROR
Masjid Agung Jawa Tengah,"Kota Semarang, Jawa Tengah",Masjid,,,,,,,,,,,,API_ERROR,SEARCH_API_ERROR
Masjid Baiturrahman Semarang,"Kota Semarang, Jawa Tengah",Masjid,,,,,,,,,,,,API_ERROR,SEARCH_API_ERROR
Masjid Agung Pati,"Kabupaten Pati, Jawa Tengah",Masjid,,,,,,,,,,,,API_ERROR,SEARCH_API_ERROR
Arca Joko Budhek,"Kabupaten Tulungagung, Jawa Timur",Patung,,,,,,,,,,,,API_ERROR,SEARCH_API_ERROR
Patung Bekantan,"Kota Banjarmasin, Kalimantan Selatan",Patung,,,,,,,,,,,,API_ERROR,SEARCH_API_ERROR
Arca Wisnu,"Kabupaten Sumenep, Jawa Timur",Patung,,,,,,,,,,,,API_ERROR,SEARCH_API_ERROR
Patung Warak Ngendok,"Kabupaten Kendal, Jawa Tengah",Patung,,,,,,,,,,,,API_ERROR,SEARCH_API_ERROR
Arca Manusia Purba,"Kota Pagar Alam, Sumatera Selatan",Patung,,,,,,,,,,,,API_ERROR,SEARCH_API_ERROR
Patung Salib Buntu Singki,"Kabupaten Toraja Utara, Sulawesi Selatan",Patung,,,,,,,,,,,,API_ERROR,SEARCH_API_ERROR
Patung Joko Dolog,"Kota Surabaya, Jawa Timur",Patung,,,,,,,,,,,,API_ERROR,SEARCH_API_ERROR
Patung Dewi Kwan Im,Kepulauan Riau,Patung,,,,,,,,,,,,API_ERROR,SEARCH_API_ERROR
Patung Letda Sucipto,"Kabupaten Tuban, Jawa Timur",Patung,,,,,,,,,,,,API_ERROR,SEARCH_API_ERROR
Patung Satria Gatot Kaca,"Kabupaten Badung, Bali",Patung,,,,,,,,,,,,API_ERROR,SEARCH_API_ERROR
Patung Dewi Kwan Im Di,Kepulauan Riau,Patung,,,,,,,,,,,,API_ERROR,SEARCH_API_ERROR
Patung Mini,"Kabupaten Jepara, Jawa Tengah",Patung,,,,,,,,,,,,API_ERROR,SEARCH_API_ERROR
Arca Dwarapala,"Kabupaten Malang, Jawa Timur",Patung,,,,,,,,,,,,API_ERROR,SEARCH_API_ERROR
Patung Buddha Empat Wajah,"Kota Surabaya, Jawa Timur",Patung,,,,,,,,,,,,API_ERROR,SEARCH_API_ERROR
Prasasti Padang Roco,"Kabupaten Dharmasraya, Sumatera Barat",Prasasti,,,,,,,,,,,,API_ERROR,SEARCH_API_ERROR
Prasasti Hering,"Kabupaten Nganjuk, Jawa Timur",Prasasti,,,,,,,,,,,,API_ERROR,SEARCH_API_ERROR
Prasasti Kinawe,"Kabupaten Nganjuk, Jawa Timur",Prasasti,,,,,,,,,,,,API_ERROR,SEARCH_API_ERROR
Prasasti Mula Malurung,"Kabupaten Lumajang, Jawa Timur",Prasasti,,,,,,,,,,,,API_ERROR,SEARCH_API_ERROR
Prasasti Plumpungan,"Kota Salatiga, Jawa Tengah",Prasasti,,,,,,,,,,,,API_ERROR,SEARCH_API_ERROR
Prasasti Gondosuli,"Kabupaten Temanggung, Jawa Tengah",Prasasti,,,,,,,,,,,,API_ERROR,SEARCH_API_ERROR
Prasasti Anjuk Ladang,"Kabupaten Nganjuk, Jawa Timur",Prasasti,,,,,,,,,,,,API_ERROR,SEARCH_API_ERROR
Prasasti Siwagrha Terjemahan Casparis,"Kabupaten Temanggung, Jawa Tengah",Prasasti,,,,,,,,,,,,API_ERROR,SEARCH_API_ERROR
Prasasti Wanua Tengah Iii,"Kabupaten Temanggung, Jawa Tengah",Prasasti,,,,,,,,,,,,API_ERROR,SEARCH_API_ERROR
Prasasti Batutulis,"Kota Bogor, Jawa Barat",Prasasti,,,,,,,,,,,,API_ERROR,SEARCH_API_ERROR
Prasasti Karang Berahi,"Kabupaten Merangin, Jambi",Prasasti,,,,,,,,,,,,API_ERROR,SEARCH_API_ERROR
Prasasti Dinoyo,Sulawesi Utara,Prasasti,,,,,,,,,,,,API_ERROR,SEARCH_API_ERROR
Prasasti Dinoyo,Jawa Timur,Prasasti,,,,,,,,,,,,API_ERROR,SEARCH_API_ERROR
Prasasti Nalanda Tahun,"Kabupaten Temanggung, Jawa Tengah",Prasasti,,,,,,,,,,,,API_ERROR,SEARCH_API_ERROR
Pura Agung Jagatnatha,"Kota Denpasar, Bali",Pura,,,,,,,,,,,,API_ERROR,SEARCH_API_ERROR
Pura Batukaru,"Kabupaten Tabanan, Bali",Pura,,,,,,,,,,,,API_ERROR,SEARCH_API_ERROR
Pura Sakenan,"Kota Denpasar, Bali",Pura,,,,,,,,,,,,API_ERROR,SEARCH_API_ERROR
Pura Dalam Tahap Pembangunan,"Kabupaten Rejang Lebong, Bengkulu",Pura,,,,,,,,,,,,API_ERROR,SEARCH_API_ERROR
Pura Parhyangan Agung Jagatkartta,"Kota Bogor, Jawa Barat",Pura,,,,,,,,,,,,API_ERROR,SEARCH_API_ERROR
Pura Giri Kusuma,"Kota Bogor, Jawa Barat",Pura,,,,,,,,,,,,API_ERROR,SEARCH_API_ERROR
Pura Jagad Karana,"Kota Surabaya, Jawa Timur",Pura,,,,,,,,,,,,API_ERROR,SEARCH_API_ERROR
Pura Lugusari Pagelaran,"Kabupaten Pringsewu, Lampung",Pura,,,,,,,,,,,,API_ERROR,SEARCH_API_ERROR
Pura Giri Sutra Mandala Gadingrejo,"Kabupaten Pringsewu, Lampung",Pura,,,,,,,,,,,,API_ERROR,SEARCH_API_ERROR
Pura Kerti Bhuana,"Kota Bandar Lampung, Lampung",Pura,,,,,,,,,,,,API_ERROR,SEARCH_API_ERROR
Pura Segara,"Kota Bandar Lampung, Lampung",Pura,,,,,,,,,,,,API_ERROR,SEARCH_API_ERROR
Pura Agung Raksa Buana,"Kota Medan, Sumatera Utara",Pura,,,,,,,,,,,,API_ERROR,SEARCH_API_ERROR
Pura Pulaki,"Kabupaten Buleleng, Bali",Pura,,,,,,,,,,,,API_ERROR,SEARCH_API_ERROR
Pura Watu Klosot,"Kabupaten Lumajang, Jawa Timur",Pura,,,,,,,,,,,,API_ERROR,SEARCH_API_ERROR
Pura Giri Jaya Natha,"Kota Balikpapan, Kalimantan Timur",Pura,,,,,,,,,,,,API_ERROR,SEARCH_API_ERROR
Pura Ulun Danu Bratan,"Kabupaten Tabanan, Bali",Pura,,,,,,,,,,,,API_ERROR,SEARCH_API_ERROR
Pura Majapahit,"Kabupaten Jembrana, Bali",Pura,,,,,,,,,,,,API_ERROR,SEARCH_API_ERROR
Pura Lempuyang,"Kabupaten Karangasem, Bali",Pura,,,,,,,,,,,,API_ERROR,SEARCH_API_ERROR
Pura Jagatnata Banjarmasin,Kalimantan Selatan,Pura,,,,,,,,,,,,API_ERROR,SEARCH_API_ERROR
Pura Sebanyak Buah,Maluku,Pura,,,,,,,,,,,,API_ERROR,SEARCH_API_ERROR
Pura Penataran Puspem Badung,"Kabupaten Badung, Bali",Pura,,,,,,,,,,,,API_ERROR,SEARCH_API_ERROR
Pura Peti Tenget,"Kabupaten Badung, Bali",Pura,,,,,,,,,,,,API_ERROR,SEARCH_API_ERROR
Pura Pucak Tedung,"Kabupaten Badung, Bali",Pura,,,,,,,,,,,,API_ERROR,SEARCH_API_ERROR
Pura Sadha,"Kabupaten Badung, Bali",Pura,,,,,,,,,,,,API_ERROR,SEARCH_API_ERROR
Pura Tanah Lot,"Kabupaten Tabanan, Bali",Pura,,,,,,,,,,,,API_ERROR,SEARCH_API_ERROR
Pura Uluwatu,"Kabupaten Badung, Bali",Pura,,,,,,,,,,,,API_ERROR,SEARCH_API_ERROR
Pura Dalem Jawa,"Kabupaten Bangli, Bali",Pura,,,,,,,,,,,,API_ERROR,SEARCH_API_ERROR
Pura Kehen,"Kabupaten Bangli, Bali",Pura,,,,,,,,,,,,API_ERROR,SEARCH_API_ERROR
Pura Rambut Siwi,"Kabupaten Jembrana, Bali",Pura,,,,,,,,,,,,API_ERROR,SEARCH_API_ERROR
Pura Jati,"Kabupaten Jembrana, Bali",Pura,,,,,,,,,,,,API_ERROR,SEARCH_API_ERROR
Pura Besakih,"Kabupaten Karangasem, Bali",Pura,,,,,,,,,,,,API_ERROR,SEARCH_API_ERROR
Pura Taman Ayun,"Kabupaten Badung, Bali",Pura,,,,,,,,,,,,API_ERROR,SEARCH_API_ERROR
Rumah Adat Baluk,"Kabupaten Bengkayang, Kalimantan Barat",Rumah,,,,,,,,,,,,API_ERROR,SEARCH_API_ERROR
Rumah Adat Kutai Guntung,"Kota Bontang, Kalimantan Timur",Rumah,,,,,,,,,,,,API_ERROR,SEARCH_API_ERROR
Rumah Adat,"Kabupaten Alor, Nusa Tenggara Timur",Rumah,,,,,,,,,,,,API_ERROR,SEARCH_API_ERROR
Rumah Adat Dan Moko,"Kabupaten Alor, Nusa Tenggara Timur",Rumah,,,,,,,,,,,,API_ERROR,SEARCH_API_ERROR
Rumah Adat Berwarna Coklat Tua,"Kabupaten Alor, Nusa Tenggara Timur",Rumah,,,,,,,,,,,,API_ERROR,SEARCH_API_ERROR
Rumah Adat,"Kabupaten Lembata, Nusa Tenggara Timur",Rumah,,,,,,,,,,,,API_ERROR,SEARCH_API_ERROR
Rumah Adat Pakpak,"Kabupaten Dairi, Sumatera Utara",Rumah,,,,,,,,,,,,API_ERROR,SEARCH_API_ERROR
Rumah Adat Palembang,"Kota Palembang, Sumatera Selatan",Rumah,,,,,,,,,,,,API_ERROR,SEARCH_API_ERROR
Rumah Adat,"Kabupaten Nias, Sumatera Utara",Rumah,,,,,,,,,,,,API_ERROR,SEARCH_API_ERROR
Rumah Adat Dalam Perisai Segi Lima,"Kabupaten Toba Samosir, Sumatera Utara",Rumah,,,,,,,,,,,,API_ERROR,SEARCH_API_ERROR
Rumah Adat Desa Tumori,"Kota Gunungsitoli, Sumatera Utara",Rumah,,,,,,,,,,,,API_ERROR,SEARCH_API_ERROR
Rumah Adat Tradisional Madura Tanean Lanjhang,"Kabupaten Sumenep, Jawa Timur",Rumah,,,,,,,,,,,,API_ERROR,SEARCH_API_ERROR
Rumah Adat Dan Ritus Pesta Kacang Jontona,"Kabupaten Lembata, Nusa Tenggara Timur",Rumah,,,,,,,,,,,,API_ERROR,SEARCH_API_ERROR
Museum Keraton Sumenep,"Kabupaten Sumenep, Jawa Timur",Rumah,,,,,,,,,,,,API_ERROR,SEARCH_API_ERROR
Rumah Adat,"Kota Bau-Bau, Sulawesi Tenggara",Rumah,,,,,,,,,,,,API_ERROR,SEARCH_API_ERROR
Rumah Adat Bandayo Poboide,"Kota Gorontalo, Gorontalo",Rumah,,,,,,,,,,,,API_ERROR,SEARCH_API_ERROR
Rumah Adat Panjalin,"Kabupaten Majalengka, Jawa Barat",Rumah,,,,,,,,,,,,API_ERROR,SEARCH_API_ERROR
Rumah Adat Bubungan Tinggi,Kalimantan Selatan,Rumah,,,,,,,,,,,,API_ERROR,SEARCH_API_ERROR
Rumah Adat Suku Dayak Bukit Disebut Balai,Kalimantan Selatan,Rumah,,,,,,,,,,,,API_ERROR,SEARCH_API_ERROR
Rumah Panggung,Kepulauan Bangka Belitung,Rumah,,,,,,,,,,,,API_ERROR,SEARCH_API_ERROR
Rumah Limas,Kepulauan Bangka Belitung,Rumah,,,,,,,,,,,,API_ERROR,SEARCH_API_ERROR
Rumah Adat,Nusa Tenggara Timur,Rumah,,,,,,,,,,,,API_ERROR,SEARCH_API_ERROR
Rumah Rakit,Kepulauan Bangka Belitung,Rumah,,,,,,,,,,,,API_ERROR,SEARCH_API_ERROR
Rumah Adat Gobel,Gorontalo,Rumah,,,,,,,,,,,,API_ERROR,SEARCH_API_ERROR
Rumah Adat Bentara Pineung,"Kabupaten Pidie, Aceh",Rumah,,,,,,,,,,,,API_ERROR,SEARCH_API_ERROR
Rumah Adat Bentara Blang,"Kabupaten Pidie, Aceh",Rumah,,,,,,,,,,,,API_ERROR,SEARCH_API_ERROR
Rumah Adat Rejang Lebong,"Kabupaten Rejang Lebong, Bengkulu",Rumah,,,,,,,,,,,,API_ERROR,SEARCH_API_ERROR
Rumah Adat Dulohupa,"Kota Gorontalo, Gorontalo",Rumah,,,,,,,,,,,,API_ERROR,SEARCH_API_ERROR
Rumah Adat Dan Pasola,Nusa Tenggara Timur,Rumah,,,,,,,,,,,,API_ERROR,SEARCH_API_ERROR
Situs Fondasi Bilik,"Kabupaten Lingga, Kepulauan Riau",Situs,,,,,,,,,,,,API_ERROR,SEARCH_API_ERROR
Situs Selobanteng,"Kabupaten Situbondo, Jawa Timur",Situs,,,,,,,,,,,,API_ERROR,SEARCH_API_ERROR
Situs Istana Damnah,"Kabupaten Lingga, Kepulauan Riau",Situs,,,,,,,,,,,,API_ERROR,SEARCH_API_ERROR
Situs Prasejarah Sumbermalang,"Kabupaten Situbondo, Jawa Timur",Situs,,,,,,,,,,,,API_ERROR,SEARCH_API_ERROR
Situs Batu Lantai,"Kabupaten Situbondo, Jawa Timur",Situs,,,,,,,,,,,,API_ERROR,SEARCH_API_ERROR
Situs Makam Sayyid Ustman Bin Ali Bin Abdillah Al-Habsyi,"Kabupaten Sampang, Jawa Timur",Situs,,,,,,,,,,,,API_ERROR,SEARCH_API_ERROR
Situs Sendang Gede Ngimbang,"Kabupaten Lamongan, Jawa Timur",Situs,,,,,,,,,,,,API_ERROR,SEARCH_API_ERROR
Situs Makam Bangsacara,"Kabupaten Sampang, Jawa Timur",Situs,,,,,,,,,,,,API_ERROR,SEARCH_API_ERROR
Situs Makam Pangeran Santo Merto,"Kabupaten Sampang, Jawa Timur",Situs,,,,,,,,,,,,API_ERROR,SEARCH_API_ERROR
Situs Ratoh Ebuh,"Kabupaten Sampang, Jawa Timur",Situs,,,,,,,,,,,,API_ERROR,SEARCH_API_ERROR
Situs Pababaran Trunojoyo,"Kabupaten Sampang, Jawa Timur",Situs,,,,,,,,,,,,API_ERROR,SEARCH_API_ERROR
Situs Pangeran Rangga Sukawati,"Kabupaten Pamekasan, Jawa Timur",Situs,,,,,,,,,,,,API_ERROR,SEARCH_API_ERROR
Situs Istana Robat,"Kabupaten Lingga, Kepulauan Riau",Situs,,,,,,,,,,,,API_ERROR,SEARCH_API_ERROR
Situs Bung Karno,"Kabupaten Kediri, Jawa Timur",Situs,,,,,,,,,,,,API_ERROR,SEARCH_API_ERROR
Situs Makam Bangsacara Dan Ragapatmi,"Kabupaten Sampang, Jawa Timur",Situs,,,,,,,,,,,,API_ERROR,SEARCH_API_ERROR
Situs Warisan Dunia Unesco,"Kabupaten Ngada, Nusa Tenggara Timur",Situs,,,,,,,,,,,,API_ERROR,SEARCH_API_ERROR
Menara Bakaran Batu,"Kota Medan, Sumatera Utara",Situs,,,,,,,,,,,,API_ERROR,SEARCH_API_ERROR
Situs Candi Pulau Sawah,"Kabupaten Dharmasraya, Sumatera Barat",Situs,,,,,,,,,,,,API_ERROR,SEARCH_API_ERROR
Situs Tondowongso,"Kabupaten Kediri, Jawa Timur",Situs,,,,,,,,,,,,API_ERROR,SEARCH_API_ERROR
Wihara Mahavira Graha,"Kota Medan, Sumatera Utara",Situs,,,,,,,,,,,,API_ERROR,SEARCH_API_ERROR
Katedral Roma Katholik,"Kota Medan, Sumatera Utara",Situs,,,,,,,,,,,,API_ERROR,SEARCH_API_ERROR
Graha Bunda Maria Annai Velangkanni,"Kota Medan, Sumatera Utara",Situs,,,,,,,,,,,,API_ERROR,SEARCH_API_ERROR
Titi Gantung,"Kota Medan, Sumatera Utara",Situs,,,,,,,,,,,,API_ERROR,SEARCH_API_ERROR
Restoran Tip Top,"Kota Medan, Sumatera Utara",Situs,,,,,,,,,,,,API_ERROR,SEARCH_API_ERROR
Situs Purbakala Kokas,"Kabupaten Fakfak, Papua Barat",Situs,,,,,,,,,,,,API_ERROR,SEARCH_API_ERROR
Pekong Lima Medan Labuhan,"Kota Medan, Sumatera Utara",Situs,,,,,,,,,,,,API_ERROR,SEARCH_API_ERROR
Rumah Tjong A Fie,"Kota Medan, Sumatera Utara",Situs,,,,,,,,,,,,API_ERROR,SEARCH_API_ERROR
Menara Air Tirtanadi,"Kota Medan, Sumatera Utara",Situs,,,,,,,,,,,,API_ERROR,SEARCH_API_ERROR
Situs Cagar Budaya Pdri Kototinggi,"Kabupaten Lima Puluh Kota, Sumatera Barat",Situs,,,,,,,,,,,,API_ERROR,SEARCH_API_ERROR
Kawasan Megalit Maek,"Kabupaten Lima Puluh Kota, Sumatera Barat",Situs,,,,,,,,,,,,API_ERROR,SEARCH_API_ERROR
Kawasan Megalit Belubus,"Kabupaten Lima Puluh Kota, Sumatera Barat",Situs,,,,,,,,,,,,API_ERROR,SEARCH_API_ERROR
Situs Megalitik Sokoliman,"Kabupaten Gunungkidul, Yogyakarta",Situs,,,,,,,,,,,,API_ERROR,SEARCH_API_ERROR
Masjid Raya Al Mashun,"Kota Medan, Sumatera Utara",Situs,,,,,,,,,,,,API_ERROR,SEARCH_API_ERROR
Situs Kanjeng Sepuh Sedayu,"Kabupaten Gresik, Jawa Timur",Situs,,,,,,,,,,,,API_ERROR,SEARCH_API_ERROR
Situs Raja Balok,Kepulauan Bangka Belitung,Situs,,,,,,,,,,,,API_ERROR,SEARCH_API_ERROR
Situs Peninggalan Era Megalitikum,"Kabupaten Temanggung, Jawa Tengah",Situs,,,,,,,,,,,,API_ERROR,SEARCH_API_ERROR
Situs Makam Tegal Mas,"Kabupaten Situbondo, Jawa Timur",Situs,,,,,,,,,,,,API_ERROR,SEARCH_API_ERROR
Situs Lawang Gede,"Kabupaten Cirebon, Jawa Barat",Situs,,,,,,,,,,,,API_ERROR,SEARCH_API_ERROR
Situs Pasanggrahan Balong Biru,"Kabupaten Cirebon, Jawa Barat",Situs,,,,,,,,,,,,API_ERROR,SEARCH_API_ERROR
Situs Batu Tulis Huludayeuh,"Kabupaten Cirebon, Jawa Barat",Situs,,,,,,,,,,,,API_ERROR,SEARCH_API_ERROR
Situs Bleberan,Yogyakarta,Situs,,,,,,,,,,,,API_ERROR,SEARCH_API_ERROR
Situs Gondangan,Yogyakarta,Situs,,,,,,,,,,,,API_ERROR,SEARCH_API_ERROR
Situs Oluhuta,Gorontalo,Situs,,,,,,,,,,,,API_ERROR,SEARCH_API_ERROR
Situs Sokoliman,Yogyakarta,Situs,,,,,,,,,,,,API_ERROR,SEARCH_API_ERROR
Situs Arca Gupolo,Yogyakarta,Situs,,,,,,,,,,,,API_ERROR,SEARCH_API_ERROR
Situs Arca Bugisan,Yogyakarta,Situs,,,,,,,,,,,,API_ERROR,SEARCH_API_ERROR
Situs Mangir,Yogyakarta,Situs,,,,,,,,,,,,API_ERROR,SEARCH_API_ERROR
Situs Payak,Yogyakarta,Situs,,,,,,,,,,,,API_ERROR,SEARCH_API_ERROR
Situs Mantup,Yogyakarta,Situs,,,,,,,,,,,,API_ERROR,SEARCH_API_ERROR
Situs Gondangan,"Kabupaten Gunungkidul, Yogyakarta",Situs,,,,,,,,,,,,API_ERROR,SEARCH_API_ERROR
Situs Gua Sentono,Yogyakarta,Situs,,,,,,,,,,,,API_ERROR,SEARCH_API_ERROR
Situs Trowulan,Jawa Timur,Situs,,,,,,,,,,,,API_ERROR,SEARCH_API_ERROR
Situs Kerajaan Kuala Batee,"Kabupaten Aceh Barat Daya, Aceh",Situs,,,,,,,,,,,,API_ERROR,SEARCH_API_ERROR
Situs Salakanagara,"Kabupaten Pandeglang, Banten",Situs,,,,,,,,,,,,API_ERROR,SEARCH_API_ERROR
Situs Manusia Purba Semedo,"Kabupaten Tegal, Jawa Tengah",Situs,,,,,,,,,,,,API_ERROR,SEARCH_API_ERROR
Situs Kota Sejarah Lasem,"Kabupaten Rembang, Jawa Tengah",Situs,,,,,,,,,,,,API_ERROR,SEARCH_API_ERROR
Situs Pertapaan Pamulang,"Kabupaten Rembang, Jawa Tengah",Situs,,,,,,,,,,,,API_ERROR,SEARCH_API_ERROR
Situs Tulang Belulang Manusia Austronesia Dan Peninggalan Kebudayaannya,"Kabupaten Rembang, Jawa Tengah",Situs,,,,,,,,,,,,API_ERROR,SEARCH_API_ERROR
Situs Tulang Belulang Manusia Austronesia,"Kabupaten Rembang, Jawa Tengah",Situs,,,,,,,,,,,,API_ERROR,SEARCH_API_ERROR
Situs Cungkuk,"Kabupaten Sukabumi, Jawa Barat",Situs,,,,,,,,,,,,API_ERROR,SEARCH_API_ERROR
Situs Gunung Ageung,"Kabupaten Majalengka, Jawa Barat",Situs,,,,,,,,,,,,API_ERROR,SEARCH_API_ERROR
Situs Sanghyang Lingga,"Kabupaten Majalengka, Jawa Barat",Situs,,,,,,,,,,,,API_ERROR,SEARCH_API_ERROR
Situs Sanghiang Sagarahiang,"Kabupaten Kuningan, Jawa Barat",Situs,,,,,,,,,,,,API_ERROR,SEARCH_API_ERROR
Situs Megalitikum Gunung Kasur,"Kabupaten Cianjur, Jawa Barat",Situs,,,,,,,,,,,,API_ERROR,SEARCH_API_ERROR
Situs Megalitikum Gunung Padang,"Kabupaten Cianjur, Jawa Barat",Situs,,,,,,,,,,,,API_ERROR,SEARCH_API_ERROR
Situs Gunung Padang,"Kabupaten Bandung, Jawa Barat",Situs,,,,,,,,,,,,API_ERROR,SEARCH_API_ERROR
Situs Makam Bosscha,"Kabupaten Bandung, Jawa Barat",Situs,,,,,,,,,,,,API_ERROR,SEARCH_API_ERROR
Situs Bumi Alit Kabuyutan,"Kabupaten Bandung, Jawa Barat",Situs,,,,,,,,,,,,API_ERROR,SEARCH_API_ERROR
Situs Rumah Hitam,"Kabupaten Bandung, Jawa Barat",Situs,,,,,,,,,,,,API_ERROR,SEARCH_API_ERROR
Situs Gosari,"Kabupaten Gresik, Jawa Timur",Situs,,,,,,,,,,,,API_ERROR,SEARCH_API_ERROR
Situs Desa Blebera,"Kabupaten Gunungkidul, Yogyakarta",Situs,,,,,,,,,,,,API_ERROR,SEARCH_API_ERROR
