nama_wisata,alamat,kategori,google_place_id,google_name,google_address,google_rating,google_rating_count,google_maps_url,latitude,longitude,status,selection_method,data_retrieved_at,match_status,match_reason,wiki_title,wiki_url,wiki_score,wiki_match_category,deskripsi,wiki_retrieved_at
Ratu Boko Temple,Yogyakarta,Ancient Ruins,ChIJRf5U05Jaei4RW_l2RPFEPxU,Keraton Ratu Boko,"Jl. Ratu Boko No.2, Gatak, Bokoharjo, Kec. Prambanan, Kabupaten Sleman, Daerah Istimewa Yogyakarta 55572, Indonesia",4.7,16110.0,https://maps.google.com/?cid=1531018201355712859&g_mp=CiVnb29nbGUubWFwcy5wbGFjZXMudjEuUGxhY2VzLkdldFBsYWNlEAIYBCAA,-7.770568300000001,110.4861422,SUCCESS,FIRST_RESULT,2026-09-25T07:33:20.121821+00:00,,,Situs Ratu Boko,https://id.wikipedia.org/wiki/Situs_Ratu_Boko,0.5209898564302319,SIMILARITY_MATCH,"Keraton Ratu Boko (bahasa Jawa: ꦏꦝꦠꦺꦴꦤ꧀ꦫꦠꦸꦧꦏ, translit. Kadhaton Ratu Baka) adalah situs purbakala yang merupakan kompleks sejumlah sisa bangunan yang berada kira-kira 3 km di sebelah selatan dari kompleks Candi Prambanan, 18 km sebelah timur Kota Yogyakarta atau 50 km barat daya Kota Surakarta, Jawa Tengah, lebih tepatnya di kalurahan Bokoharjo, kapanéwon Prambanan, kabupaten Sleman, Daerah Istimewa Yogyakarta. Situs Ratu Boko terletak di sebuah bukit pada ketinggian 196 meter dari permukaan laut. Luas keseluruhan kompleks adalah sekitar 25 ha.
Situs ini menampilkan atribut sebagai tempat berkegiatan atau situs permukiman dan tempat tinggal raja. Ratu Boko diperkirakan sudah dipergunakan orang pada abad ke-8 pada masa Wangsa Sailendra (Rakai Panangkaran) dari Kerajaan Medang (Masa Mataram Hindu). Dilihat dari pola peletakan sisa-sisa bangunan, yang diduga kuat situs ini merupakan bekas keraton (istana raja). Pendapat ini berdasarkan pada kenyataan bahwa kompleks ini bukan candi atau bangunan dengan sifat religius, melainkan sebuah istana berbenteng dengan bukti adanya sisa dinding benteng dan parit kering sebagai struktur pertahanan. Sisa-sisa permukiman penduduk juga ditemukan di sekitar lokasi situs ini.
Nama ""Ratu Boko"" berasal dari legenda masyarakat setempat. Ratu Boko (bahasa Jawa, arti harfiah: ""raja bangau"") adalah ayah dari Roro Jonggrang, yang juga menjadi nama candi utama pada kompleks Candi Prambanan. Kompleks bangunan ini dikaitkan dengan legenda rakyat setempat Roro Jonggrang.
Secara administratif, situs ini berada di wilayah dua padukuhan, yakni Dusun Dawung, Desa Bokoharjo dan Dusun Sumberwatu, Desa Sambirejo, Kecamatan Prambanan, Kabupaten Sleman, Daerah Istimewa Yogyakarta.",2026-10-09T04:37:41.253690+00:00
Sewu Temple,Yogyakarta,Ancient Ruins,ChIJg1Q_sR5bei4RrPrSoBsmnf4,Sewu Temple,"Dukuh, Bener, Bugisan, Kec. Prambanan, Kabupaten Klaten, Jawa Tengah 57454, Indonesia",4.7,4575.0,https://maps.google.com/?cid=18346862357081422508&g_mp=CiVnb29nbGUubWFwcy5wbGFjZXMudjEuUGxhY2VzLkdldFBsYWNlEAIYBCAA,-7.743987499999999,110.4928594,SUCCESS,FIRST_RESULT,2026-09-25T07:33:20.890116+00:00,,,Candi Sewu,https://id.wikipedia.org/wiki/Candi_Sewu,0.3880978914508697,SIMILARITY_MATCH,"Candi Sewu (bahasa Jawa: ꦕꦤ꧀ꦝꦶꦱꦺꦮꦸ, translit. Candhi Sèwu) adalah candi Buddha yang dibangun pada abad ke-8 Masehi yang berjarak sekitar delapan ratus meter di sebelah utara Candi Prambanan. Candi Sewu merupakan kompleks candi Buddha terbesar kedua setelah Candi Borobudur di Jawa Tengah. Dikenal dengan nama asli Manjusri grha (Rumah Manjusri), Candi Sewu berusia lebih tua daripada Candi Borobudur dan Prambanan. Meskipun aslinya memiliki 249 candi, oleh masyarakat setempat candi ini dinamakan ""Sewu"" yang berarti seribu dalam bahasa Jawa. Penamaan ini berdasarkan kisah legenda Roro Jonggrang.
Secara administratif, kompleks Candi Sewu terletak di Dukuh Bener, Desa Bugisan, Kecamatan Prambanan, Kabupaten Klaten, Provinsi Jawa Tengah.
Gugus Candi Sewu merupakan kompleks candi Buddha yang paling luas di Indonesia. Candi Sewu merupakan suatu gugusan candi yang terdiri atas candi induk di tengah di kelilingi oleh sekitar 252 candi perwara yang disusun mengelilingi candi induk dalam empat deretan dan mempunyai halaman yang luasnya 185 x 252 m. Pintu gerbang ke halaman candi ada di sebelah timur yang dijaga oleh sepasang dwarapala. Untuk mengetahui sifat keagamaan Candi Sewu, terdapat dua prasasti yang bisa dipakai, yaitu prasasti Manjusgrha tahun 714 Saka (792 Masehi) dan Prasasti Kelurak tahun 704 Saka (782 Masehi). Saat ini, Candi Sewu dikelola oleh Museum dan Cagar Budaya, Kementerian Kebudayaan Republik Indonesia.",2026-10-09T04:37:41.518256+00:00
Ramayana Ballet At Prambanan,Sleman,Ballets,ChIJgRAaCeNaei4RQs-4Enbl00I,Ramayana Ballet Prambanan,"Klurak, Tamanmartani, Kec. Kalasan, Kabupaten Sleman, Daerah Istimewa Yogyakarta 55571, Indonesia",4.8,2836.0,https://maps.google.com/?cid=4815444721872195394&g_mp=CiVnb29nbGUubWFwcy5wbGFjZXMudjEuUGxhY2VzLkdldFBsYWNlEAIYBCAA,-7.7530267,110.4884829,SUCCESS,FIRST_RESULT,2026-09-25T07:33:21.688882+00:00,,,Sendratari Ramayana Prambanan,https://id.wikipedia.org/wiki/Sendratari_Ramayana_Prambanan,0.6489066744602607,SIMILARITY_MATCH,"Sendratari Ramayana Prambanan merupakan sebuah pertunjukan yang menggabungkan tari dan drama tanpa dialog, diangkat dari cerita Ramayana dan dipertunjukkan di dekat Candi Prambanan di Pulau Jawa, Indonesia.  Kawasan Candi Prambanan mengadakan Ramayana Ballet Prambanan dan Jazz Prambanan guna memberikan kontribusi pada peningkatan pengunjung. Sendratari Ramayana Prambanan merupakan sendratari yang paling rutin mementaskan Sendratari Ramayana sejak 1961. Pemilihan bentuk sendratari sebagai penutur cerita pahlawan atau biasa disebut wiracarita Ramayana karena sendratari mengutamakan gerak-gerak penguat ekspresi sebagai pengganti dialog, sehingga diharapkan penyampaian wiracarita Ramayana dapat lebih mudah dipahami dengan latar belakang budaya dan bahasa penonton yang berbeda. Cerita Ramayana adalah perjalan Rama dalam menyelamatkan istrinya Sita (di Jawa biasa disebut Sinta) yang diculik oleh raja Negara Alengka, Rahwana.
Sendratari Ramayana Prambanan biasa digelar tiap hari Selasa, Kamis, dan Sabtu, pementasan di panggung terbuka hanya pada bulan kemarau, di luar itu pementasan diadakan di panggung tertutup.",2026-10-09T04:37:41.769258+00:00
Malioboro Road,Yogyakarta,Flea & Street Markets,ChIJxQZh-iVYei4RMxHtpSHFpD4,Jalan Malioboro,"Jl. Malioboro, Sosromenduran, Gedong Tengen, Kota Yogyakarta, Daerah Istimewa Yogyakarta, Indonesia",4.8,9225.0,https://maps.google.com/?cid=4513949474840449331&g_mp=CiVnb29nbGUubWFwcy5wbGFjZXMudjEuUGxhY2VzLkdldFBsYWNlEAIYBCAA,-7.7937525,110.3657077,SUCCESS,FIRST_RESULT,2026-09-25T07:33:22.415200+00:00,,,Jalan Malioboro,https://id.wikipedia.org/wiki/Jalan_Malioboro,0.9999999999999992,EXACT_MATCH,"Jalan Malioboro (bahasa Jawa: ꦢꦭꦤ꧀ꦩꦭꦶꦪꦧꦫ, translit. Dalan Maliyabara) adalah jalan perbelanjaan utama di Yogyakarta, Indonesia; nama ini juga digunakan secara lebih umum untuk lingkungan sekitar jalan tersebut. Jalan ini terletak pada sumbu utara-selatan di garis antara Keraton Yogyakarta dan Gunung Merapi. Hal ini sendiri sangat penting bagi banyak penduduk setempat, karena orientasi utara-selatan antara istana dan gunung berapi tersebut memiliki arti penting. 
Jalan ini merupakan pusat kawasan wisata terbesar di Yogyakarta, dikelilingi oleh banyak hotel, restoran, dan toko di sekitarnya. Trotoar di kedua sisi jalan dipenuhi oleh kios-kios kecil yang menjual berbagai macam barang. Di malam hari, beberapa restoran pinggir jalan terbuka, yang disebut lesehan, beroperasi di sepanjang jalan ini. Ini adalah jalan para seniman. Musisi jalanan, pelukis, dan seniman lainnya memamerkan karya mereka di jalan ini.",2026-10-09T04:37:42.027809+00:00
Yogyakarta Palace,Yogyakarta,Historic Sites,ChIJ78cG25ZXei4RbCcrBc9xUjk,Keraton Ngayogyakarta Hadiningrat,"Jl. Rotowijayan No.1, Panembahan, Kecamatan Kraton, Kota Yogyakarta, Daerah Istimewa Yogyakarta 55131, Indonesia",4.7,39588.0,https://maps.google.com/?cid=4130488942211049324&g_mp=CiVnb29nbGUubWFwcy5wbGFjZXMudjEuUGxhY2VzLkdldFBsYWNlEAIYBCAA,-7.805369799999999,110.3643518,SUCCESS,FIRST_RESULT,2026-09-25T07:33:23.234039+00:00,,,Keraton Ngayogyakarta Hadiningrat,https://id.wikipedia.org/wiki/Keraton_Ngayogyakarta_Hadiningrat,0.9999999999999971,EXACT_MATCH,"Keraton Ngayogyakarta Hadiningrat atau Kraton Jogja (bahasa Jawa: ꦏꦫꦠꦺꦴꦤ꧀ꦔꦪꦺꦴꦒꦾꦏꦂꦠꦲꦢꦶꦤꦶꦔꦿꦠ꧀, translit. Karaton Ngayogyakarta Hadiningrat)) merupakan istana resmi Kesultanan Ngayogyakarta Hadiningrat yang kini berlokasi di Kota Yogyakarta. Keraton ini didirikan oleh Sri Sultan Hamengkubuwana I pada tahun 1755 sebagai Istana/Keraton Yogyakarta yang baru berdiri akibat perpecahan Mataram Islam dengan adanya Perjanjian Giyanti. Keraton ini adalah pecahan dari Keraton Surakarta Hadiningrat dari Mataram Islam Surakarta (Kerajaan Surakarta). Sehingga dinasti Mataram diteruskan oleh 2 Kerajaan yakni Kesultanan Yogyakarta dan Kesunanan Surakarta. Total luas wilayah keseluruhan keraton yogyakarta mencapai 144 hektar, yakni meliputi seluruh area di dalam benteng Baluwarti, alun-alun Lor, alun-alun Kidul, gapura Gladak, dan kompleks Masjid Gedhe Yogyakarta. Sementara luas dari kedhaton (inti keraton) mencapai 13 hektar.
Walaupun Kesultanan Yogyakarta secara resmi telah menjadi bagian Republik Indonesia pada tahun 1945, kompleks bangunan keraton ini masih berfungsi sebagai tempat tinggal sultan dan rumah tangga istananya yang masih menjalankan tradisi kesultanan hingga saat ini. Keraton ini kini juga merupakan salah satu objek wisata di Kota Yogyakarta. Sebagian kompleks keraton merupakan museum yang menyimpan berbagai koleksi milik kesultanan, termasuk berbagai pemberian dari raja-raja Eropa, replika pusaka keraton, dan gamelan. Dari segi bangunannya, keraton ini merupakan salah satu contoh arsitektur istana Jawa yang terbaik, memiliki balairung-balairung mewah dan lapangan serta paviliun yang luas.",2026-10-09T04:37:42.297897+00:00
Ullen Sentalu Museum,"Jl. Boyong Taman Wisata, 55581 Indonesia",History Museums,ChIJuQp5_QJeei4RcSZ5sDVg_qM,Museum Ullen Sentalu,"Jl. Boyong No.KM 25, Kaliurang, Hargobinangun, Kec. Pakem, Kabupaten Sleman, Daerah Istimewa Yogyakarta 55582, Indonesia",4.7,11856.0,https://maps.google.com/?cid=11816988255977023089&g_mp=CiVnb29nbGUubWFwcy5wbGFjZXMudjEuUGxhY2VzLkdldFBsYWNlEAIYBCAA,-7.598228,110.422825,SUCCESS,FIRST_RESULT,2026-09-25T07:33:24.025749+00:00,,,Museum Ullen Sentalu,https://id.wikipedia.org/wiki/Museum_Ullen_Sentalu,1.0,EXACT_MATCH,"Museum Ullen Sentalu, (bahasa Jawa: ꦩꦸꦱꦶꦪꦸꦩ꧀ꦈꦭ꧀ꦭꦺꦤ꧀ꦱꦼꦤ꧀ꦠꦭꦸ, translit. Musiyum Ullèn Sentalu) terletak di Kecamatan Pakem (Kaliurang), Kabupaten Sleman, Daerah Istimewa Yogyakarta, adalah museum yang menampilkan budaya dan kehidupan para bangsawan Dinasti Mataram (Kasunanan Surakarta, Kesultanan Yogyakarta, Praja Mangkunegaran, dan Kadipaten Pakualaman) beserta koleksi bermacam-macam batik (baik gaya Yogyakarta maupun Surakarta).
Museum ini juga menampilkan koleksi patung-patung yang berbentuk tokoh-tokoh bangsawan zaman dahulu seperti tokoh raja-raja beserta permaisurinya dengan berbagai macam pakaian yang dikenakan, baik untuk acara formal maupun untuk keseharian.",2026-10-09T04:37:42.569796+00:00
Sacred Monkey Forest Sanctuary,"Jl. Monkey Forest, Ubud 80571 Indonesia",Nature & Wildlife Areas,ChIJZ5sY9kM90i0RVsPvSxZD7LY,Sacred Monkey Forest Sanctuary,"Jl. Monkey Forest, Ubud, Kecamatan Ubud, Kabupaten Gianyar, Bali 80571, Indonesia",4.5,59793.0,https://maps.google.com/?cid=13180983972448944982&g_mp=CiVnb29nbGUubWFwcy5wbGFjZXMudjEuUGxhY2VzLkdldFBsYWNlEAIYBCAA,-8.5193727,115.2606299,SUCCESS,FIRST_RESULT,2026-09-25T07:33:24.789804+00:00,,,Daftar kartu Yu-Gi-Oh!,https://id.wikipedia.org/wiki/Daftar_kartu_Yu-Gi-Oh!,0.025747405999778195,SIMILARITY_MATCH,"Berikut ini adalah daftar kartu Yu-Gi-Oh! yang terdapat dalam Yu-Gi-Oh! Trading Card Game. Kartu yang terdaftar memiliki relevansi terhadap versi anime dan manga dengan nama yang sama, ataupun terhadap ketiga seri spin-off nya, Yu-Gi-Oh! GX, Yu-Gi-Oh! 5D's, dan Yu-Gi-Oh! Zexal, dan juga permainan kartu dalam kehidupan nyata.
Seluruh kartu yang terdaftar diurut berdasarkan jenis/ tipe kartu tersebut.",2026-10-09T04:37:42.832098+00:00
Tegalalang Rice Terrace,"Jalan Raya Ceking, Tegalalang 80517 Indonesia",Points Of Interest & Landmarks,ChIJ4wD5Iwsi0i0R7QRsOGmJGo0,Tegallalang Rice Terrace,"Jl. Raya Tegallalang, Tegallalang, Kec. Tegallalang, Kabupaten Gianyar, Bali 80561, Indonesia",4.4,54934.0,https://maps.google.com/?cid=10167590193753490669&g_mp=CiVnb29nbGUubWFwcy5wbGFjZXMudjEuUGxhY2VzLkdldFBsYWNlEAIYBCAA,-8.431711199999999,115.279303,SUCCESS,FIRST_RESULT,2026-09-25T07:33:25.547785+00:00,,,Horison Hotels Group,https://id.wikipedia.org/wiki/Horison_Hotels_Group,0.022309404809032485,SIMILARITY_MATCH,"PT Metropolitan Golden Management, berdagang dengan nama Horison Hotels Group, adalah perusahaan manajemen hotel asal Indonesia yang didirikan pada tahun 2003. Dimiliki oleh Metland, sejarah perusahaan ini dapat ditarik hingga tahun 1970, ketika tujuh pengusaha mendirikan PT Metropolitan Development. Saat ini, Horison Hotels Group merupakan salah satu perusahaan pengelola hotel terbesar di Indonesia.",2026-10-09T04:37:43.093832+00:00
Water Castle (Tamansari),"Jl. Taman, 55133 Indonesia",Points Of Interest & Landmarks,ChIJya-Z3pNXei4R-ceM3J_doVA,Water Castle of Royal Jogjakarta,"59R5+2P2, Patehan, Kraton, Yogyakarta City, Special Region of Yogyakarta 55133, Indonesia",4.1,332.0,https://maps.google.com/?cid=5810168672954402809&g_mp=CiVnb29nbGUubWFwcy5wbGFjZXMudjEuUGxhY2VzLkdldFBsYWNlEAIYBCAA,-7.809991200000001,110.3592666,SUCCESS,FIRST_RESULT,2026-09-25T07:33:26.260266+00:00,,,Tamansari,https://id.wikipedia.org/wiki/Tamansari,1.0,SIMILARITY_MATCH,"Tamansari adalah salah sebuah jalan atau daerah yang berada di kota Bandung. Daerah ini cukup dikenal di kalangan masyarakat Bandung dan merupakan salah satu saksi sejarah dari berdirinya kota Bandung. Sejak tahun 1920an, para arsitek yang merancang dan menata kota Bandung memiliki rencana untuk menjadikan sebuah kawasan sebagai kebun terbuka dan juga hutan kota bagi masyarakat umum. Kawasan yang dimaksud adalah kawasan yang diberi nama Lebak Gede yang dalam Bahasa Indonesia berarti lembah besar. Lembah ini dilewati oleh Sungai Cikapundung. Di bagian selatan dari sungai ini, para arsitek membangun sebuah taman botani, yang terdiri dari berbagai macam tanaman, dan pepohonan, yang diberi nama Jubileumpark. Jubileumpark inilah yang menjadi asal muasal daerah Tamansari di kota Bandung. Di dalam Tamansari, dibangun juga sebuah jalan yang menjadi batas selatan dari Lebak Gede yang disebut dengan Jalan Huygenweg, yang saat ini juga diberi nama Jalan Tamansari. Di jalan ini, dibuat juga kebun binatang, yang pada saat ini menjadi Kebun Binatang Bandung. Kekhasan dari Tamansari Bandung adalah memiliki koleksi bunga raksasa yang cukup langka yakni Amorphallus titanium. Saat ini, Jalan Tamansari dikenal karena adanya Kebun Binatang Bandung, hutan kota Bandung Babakan Siliwangi yang merupakan nama baru dari Lebak Gede, dan menjadi lokasi dari Institut Teknologi Bandung.",2026-10-09T04:37:43.351809+00:00
Tanah Lot Temple,"Kecamatan Kediri, Kabupaten Tabanan, Beraban 82121 Indonesia",Religious Sites,ChIJBa0pr-M30i0R3m4JVAOkFvA,Tanah Lot Temple Square,"93MP+8QC, Jl. Tanah Lot, Beraban, Kec. Kediri, Kabupaten Tabanan, Bali 82121, Indonesia",4.7,1404.0,https://maps.google.com/?cid=17300195352792100574&g_mp=CiVnb29nbGUubWFwcy5wbGFjZXMudjEuUGxhY2VzLkdldFBsYWNlEAIYBCAA,-8.6166989,115.0868991,SUCCESS,FIRST_RESULT,2026-09-25T07:33:27.009598+00:00,,,Daftar tempat wisata di Indonesia,https://id.wikipedia.org/wiki/Daftar_tempat_wisata_di_Indonesia,0.15150289577278023,SIMILARITY_MATCH,"Berikut adalah daftar tempat pariwisata di Indonesia berdasarkan provinsi. Silakan kunjungi Pariwisata di Indonesia untuk informasi lebih lengkap.

",2026-10-09T04:37:43.682433+00:00
Uluwatu Temple,"Jl. Raya Uluwatu Southern Part Of Bali, Pecatu 80361 Indonesia",Religious Sites,ChIJkYHLIPxP0i0RlQTbpxuNuQw,Uluwatu Temple,"Pecatu, South Kuta, Badung Regency, Bali, Indonesia",4.6,53113.0,https://maps.google.com/?cid=916919149066388629&g_mp=CiVnb29nbGUubWFwcy5wbGFjZXMudjEuUGxhY2VzLkdldFBsYWNlEAIYBCAA,-8.829143199999999,115.0849069,SUCCESS,FIRST_RESULT,2026-09-25T07:33:27.848410+00:00,,,Situs Ratu Boko,https://id.wikipedia.org/wiki/Situs_Ratu_Boko,0.13047662093374215,SIMILARITY_MATCH,"Keraton Ratu Boko (bahasa Jawa: ꦏꦝꦠꦺꦴꦤ꧀ꦫꦠꦸꦧꦏ, translit. Kadhaton Ratu Baka) adalah situs purbakala yang merupakan kompleks sejumlah sisa bangunan yang berada kira-kira 3 km di sebelah selatan dari kompleks Candi Prambanan, 18 km sebelah timur Kota Yogyakarta atau 50 km barat daya Kota Surakarta, Jawa Tengah, lebih tepatnya di kalurahan Bokoharjo, kapanéwon Prambanan, kabupaten Sleman, Daerah Istimewa Yogyakarta. Situs Ratu Boko terletak di sebuah bukit pada ketinggian 196 meter dari permukaan laut. Luas keseluruhan kompleks adalah sekitar 25 ha.
Situs ini menampilkan atribut sebagai tempat berkegiatan atau situs permukiman dan tempat tinggal raja. Ratu Boko diperkirakan sudah dipergunakan orang pada abad ke-8 pada masa Wangsa Sailendra (Rakai Panangkaran) dari Kerajaan Medang (Masa Mataram Hindu). Dilihat dari pola peletakan sisa-sisa bangunan, yang diduga kuat situs ini merupakan bekas keraton (istana raja). Pendapat ini berdasarkan pada kenyataan bahwa kompleks ini bukan candi atau bangunan dengan sifat religius, melainkan sebuah istana berbenteng dengan bukti adanya sisa dinding benteng dan parit kering sebagai struktur pertahanan. Sisa-sisa permukiman penduduk juga ditemukan di sekitar lokasi situs ini.
Nama ""Ratu Boko"" berasal dari legenda masyarakat setempat. Ratu Boko (bahasa Jawa, arti harfiah: ""raja bangau"") adalah ayah dari Roro Jonggrang, yang juga menjadi nama candi utama pada kompleks Candi Prambanan. Kompleks bangunan ini dikaitkan dengan legenda rakyat setempat Roro Jonggrang.
Secara administratif, situs ini berada di wilayah dua padukuhan, yakni Dusun Dawung, Desa Bokoharjo dan Dusun Sumberwatu, Desa Sambirejo, Kecamatan Prambanan, Kabupaten Sleman, Daerah Istimewa Yogyakarta.",2026-10-09T04:37:43.937392+00:00
Museum Malang Tempo Doeloe,"Jl. Gajahmada No. 2, Malang 65119 Indonesia",Speciality Museums,ChIJj9GoVTwo1i0R-bO-haadNBg,Jl. Gajahmada No.2,"Jl. Gajahmada No.2, Kiduldalem, Kec. Klojen, Kota Malang, Jawa Timur 65119, Indonesia",,,https://maps.google.com/?cid=1744192294233224185&g_mp=CiVnb29nbGUubWFwcy5wbGFjZXMudjEuUGxhY2VzLkdldFBsYWNlEAIYBCAA,-7.978899599999999,112.6348961,SUCCESS,FIRST_RESULT,2026-09-25T07:33:28.662641+00:00,,,Museum Malang Tempoe Doeloe,https://id.wikipedia.org/wiki/Museum_Malang_Tempoe_Doeloe,0.9220067772827285,SIMILARITY_MATCH,"Museum Malang Tempoe Doeloe adalah sebuah museum yang berlokasi di Jalan Gajah Mada 18-6, Kecamatan Klojen, Kota Malang. Lokasi bangunan Museum Malang Tempo Doeloe berada di belakang Balai Kota Malang. Kepemilikan Museum Malang Tempoe Doeloe oleh Dwi Cahyono. Pada tahun 1996, Dwi mulai mendirikan Museum Malang Tempoe Doeloe dengan mengumpulkan sebanyak 72 arca yang tercecer di sekitar Kota Malang. Sempat gagal beberapa kali, akhirnya museum ini bisa berdiri atas izin pemerintah daerah. Pembangunannya di bawah pengurus Perhimpunan Hotel dan Restoran Indonesia Kota Malang. Museum Malang Tempoe Doeloe menempati sebuah bangunan yang memiliki luas 1.000 m2. Di dalam Museum Malang Tempo Doeloe terdapat sebanyak 20 ruang pameran.
Setiap ruangannya memiliki tema sejarah wilayah Malang, yang mencakup tema sejarah, arkeologi, Kerajaan Kanjuruhan, Mataram Kuno, Kerajaan Singasari, Kerajaan Majapahit, pertapaan Ken Arok, dan benteng Malang yang saat ini menjadi RSUD dr Sjaiful Anwar. Selain itu, ada juga lorong sejarah yang berisi foto-foto zaman dulu, mulai dari pendapa Kabupaten Malang, masa penjajahan, hingga pembumi hangusan Malang oleh pejuang pada 8 Maret 1949, dan peresmian Alun-alun Tugu oleh Ir. Soekarno.",2026-10-09T04:37:44.203855+00:00
Benteng Marlborough,Bengkulu,Benteng,ChIJB3DwedevNi4RTX5KxvRDATw,Fort Marlborough,"Jl. Benteng, Kebun Keling, Kec. Tlk. Segara, Kota Bengkulu, Bengkulu 38116, Indonesia",4.6,10358.0,https://maps.google.com/?cid=4323811835830238797&g_mp=CiVnb29nbGUubWFwcy5wbGFjZXMudjEuUGxhY2VzLkdldFBsYWNlEAIYBCAA,-3.787323,102.2516757,SUCCESS,FIRST_RESULT,2026-09-25T07:33:29.373546+00:00,,,Benteng Marlborough,https://id.wikipedia.org/wiki/Benteng_Marlborough,1.0000000000000007,EXACT_MATCH,"Benteng Marlborough (bahasa Inggris: Fort Marlborough), juga dikenal sebagai Malabero, adalah bekas benteng Perusahaan Hindia Timur yang terletak di Kota Bengkulu, Sumatra. Dibangun antara tahun 1713 dan 1719 oleh Perusahaan Hindia Timur di bawah kepemimpinan Gubernur Joseph Collett sebagai benteng pertahanan Keresidenan Perusahaan Hindia Timur di sana. Itu adalah salah satu benteng Inggris terkuat di wilayah timur, kedua setelah Benteng St. George di Madras, India.
Marlborough masih berfungsi sebagai benteng pertahanan hingga masa Hindia Belanda tahun 1825-1942, Jepang tahun 1942-1945, dan pada perang kemerdekaan Indonesia. Sejak Jepang kalah hingga tahun 1948, benteng itu manjadi markas Polri. Namun, pada tahun 1949-1950, benteng Marlborough diduduki kembali oleh Belanda. Setelah Belanda pergi tahun 1950, benteng Marlborough menjadi markas TNI-AD. Pada tahun 1977, benteng ini diserahkan kepada Depdikbud untuk dipugar dan dijadikan bangunan cagar budaya.",2026-10-09T04:37:44.468423+00:00
Benteng Talagame,"Kota Ternate, Maluku Utara",Benteng,ChIJxa4k4oOxnDIRiAENh5akZG8,Benteng Portugis Tolukko,"R97Q+J55, Jl. Pemuda, Sangaji Utara, Kec. Kota Ternate Utara, Kota Ternate, Maluku Utara, Indonesia",4.5,1149.0,https://maps.google.com/?cid=8026721402298892680&g_mp=CiVnb29nbGUubWFwcy5wbGFjZXMudjEuUGxhY2VzLkdldFBsYWNlEAIYBCAA,0.8140206999999999,127.387989,SUCCESS,FIRST_RESULT,2026-09-25T07:33:30.096706+00:00,,,Benteng Tolukko,https://id.wikipedia.org/wiki/Benteng_Tolukko,0.7097591816232592,SIMILARITY_MATCH,"Benteng Tolukko adalah benteng peninggalan Portugis yang berada di Kelurahan Sangaji, Kecamatan Ternate Utara, Kota Ternate, Maluku Utara, Indonesia. Benteng Tolukko dibangun pada tahun 1522. Benteng ini dibangun Portugis untuk mencoba mengusir Belanda dari pulau Benteng ini diambil alih oleh Belanda pada tahun 1612 dan direnovasi oleh Pieter Both. Pada tahun 1864, oleh Residen P. van der Crab, benteng Tolukko dikosongkan karena sebagian bangunannya telah rusak. Pemerintah Republik Indonesia memugar benteng ini pada tahun 1996–1997.",2026-10-09T04:37:44.739871+00:00
Benteng Willyam Star,"Kota Ternate, Maluku Utara",Benteng,ChIJz4yQa8S0nDIRmN_JAPna_E8,"Forte Português em Ternaté Moluca , Kastéla","Q866+CV4, Kastela, Pulau Ternate, Ternate City, North Maluku, Indonesia",4.2,318.0,https://maps.google.com/?cid=5763722386122334104&g_mp=CiVnb29nbGUubWFwcy5wbGFjZXMudjEuUGxhY2VzLkdldFBsYWNlEAIYBCAA,0.7610034999999999,127.3121905,SUCCESS,FIRST_RESULT,2026-09-25T07:33:30.836914+00:00,,,,,,NO_CANDIDATE,,
Benteng Fort Concordia,"Kota Kupang, Nusa Tenggara Timur",Benteng,ChIJzdlC64qcViwRh-R2K1jbEmQ,Concordia Fortress,"RHPF+WP2, Fatufeto, Alak, Kupang City, East Nusa Tenggara, Indonesia",4.5,91.0,https://maps.google.com/?cid=7211067125106402439&g_mp=CiVnb29nbGUubWFwcy5wbGFjZXMudjEuUGxhY2VzLkdldFBsYWNlEAIYBCAA,-10.1627277,123.5742679,SUCCESS,FIRST_RESULT,2026-09-25T07:33:31.582282+00:00,,,Benteng Concordia,https://id.wikipedia.org/wiki/Benteng_Concordia,0.86854197885694,SIMILARITY_MATCH,"Benteng Concordia merupakan salah satu peninggalan sejarah yang terletak di Kota Kupang, Nusa Tenggara Timur tepatnya di Kelurahan Fatufeto. Benteng Concordia atau yang disebut juga Fort Concordia adalah salah satu benteng yang didirikan pada zaman penjajahan Portugis. Benteng ini didirikan oleh Pater Antoni Taveiro, seorang berkebangsaan Portugis sebagai bentuk pertahanan terhadap Belanda.",2026-10-09T04:37:44.993132+00:00
Benteng Tujuh Lapis,"Kabupaten Rokan Hulu, Riau",Benteng,ChIJHwSXb3lnKzARBMWTdE2Pzro,Benteng Tujuh Lapis (Seven Layer Fortress),"37M3+82Q, Tambusai Tengah, Tambusai, Rokan Hulu Regency, Riau 28558, Indonesia",4.4,328.0,https://maps.google.com/?cid=13460853899088086276&g_mp=CiVnb29nbGUubWFwcy5wbGFjZXMudjEuUGxhY2VzLkdldFBsYWNlEAIYBCAA,1.0833434,100.2526122,SUCCESS,FIRST_RESULT,2026-09-25T07:33:32.292222+00:00,,,Benteng Tujuh Lapis,https://id.wikipedia.org/wiki/Benteng_Tujuh_Lapis,1.0000000000000013,EXACT_MATCH,"Benteng Tujuh Lapis merupakan sebuah benteng yang berada di Desa Dalu-dalu, Kecamatan Tambusai, Kabupaten Rokan Hulu, Provinsi Riau. Benteng Tujuh Lapis ini dibangun pada tahun 1835 oleh Tuanku Tambusai yang berfungsi sebagai basis pertahanan terhadap perlawanan penjajahan Belanda. Mulanya, benteng ini dinamakan Kubu Aur Duri, karena parit dan tanggul pertahanan benteng ini diperkuat dengan aur berduri (jenis bambu berduri). Kubu yang dimaksud diartikan sebagai tempat pertahanan yang diperkuat dengan pagar-pagar pertahanan.",2026-10-09T04:37:45.246854+00:00
Benteng Tujuh Lapis Dalu-Dalu,"Kabupaten Rokan Hulu, Riau",Benteng,ChIJHwSXb3lnKzARBMWTdE2Pzro,Benteng Tujuh Lapis (Seven Layer Fortress),"37M3+82Q, Tambusai Tengah, Tambusai, Rokan Hulu Regency, Riau 28558, Indonesia",4.4,328.0,https://maps.google.com/?cid=13460853899088086276&g_mp=CiVnb29nbGUubWFwcy5wbGFjZXMudjEuUGxhY2VzLkdldFBsYWNlEAIYBCAA,1.0833434,100.2526122,SUCCESS,FIRST_RESULT,2026-09-25T07:33:32.992800+00:00,,,Benteng Tujuh Lapis,https://id.wikipedia.org/wiki/Benteng_Tujuh_Lapis,0.6540205146597802,SIMILARITY_MATCH,"Benteng Tujuh Lapis merupakan sebuah benteng yang berada di Desa Dalu-dalu, Kecamatan Tambusai, Kabupaten Rokan Hulu, Provinsi Riau. Benteng Tujuh Lapis ini dibangun pada tahun 1835 oleh Tuanku Tambusai yang berfungsi sebagai basis pertahanan terhadap perlawanan penjajahan Belanda. Mulanya, benteng ini dinamakan Kubu Aur Duri, karena parit dan tanggul pertahanan benteng ini diperkuat dengan aur berduri (jenis bambu berduri). Kubu yang dimaksud diartikan sebagai tempat pertahanan yang diperkuat dengan pagar-pagar pertahanan.",2026-10-09T04:37:45.501836+00:00
Benteng Somba Opu,"Kabupaten Gowa, Sulawesi Selatan",Benteng,ChIJpVexH3Tivi0R2gWAvWT_7HI,Fort Somba Opu,"Jl. Daeng Tata, Benteng Somba Opu, Kec. Barombong, Kota Makassar, Sulawesi Selatan 90224, Indonesia",4.3,1011.0,https://maps.google.com/?cid=8281274622968595930&g_mp=CiVnb29nbGUubWFwcy5wbGFjZXMudjEuUGxhY2VzLkdldFBsYWNlEAIYBCAA,-5.189921,119.4015934,SUCCESS,FIRST_RESULT,2026-09-25T07:33:33.599980+00:00,,,Benteng Somba Opu,https://id.wikipedia.org/wiki/Benteng_Somba_Opu,1.0000000000000018,EXACT_MATCH,"Benteng Somba Opu adalah benteng peninggalan Kesultanan Gowa yang dibangun oleh Raja Gowa ke-9 Daeng Matanre Karaeng Tumapa'risi' Kallonna pada tahun 1525. Benteng ini terletak di Jalan Daeng Tata, Kelurahan Benteng Somba Opu, Kecamatan Barombong, Kabupaten Gowa, Sulawesi Selatan.

Pada zaman dulu Benteng Somba Opu pernah menjadi pusat perdagangan dan pelabuhan di mana rempah-rempah yang diperjualbelikan untuk beberapa pedagang baik dari Asia, sekitar Indonesia dan wilayah Eropa. Sayangnya tempat yang sering dikunjungi oleh beberapa masyarakat lokal dan internasional ini telah dikuasai oleh VOC pada tahun 1669, kemudian dihancurkan hingga terendam oleh ombak pasang. Pada tahun 1980-an pun benteng ini ditemukan kembali oleh beberapa ilmuwan yang datang ke tempat itu. Pada tahun 1990 benteng ini telah direkonstruksi sehingga terlihat lebih baik lagi. Pada saat ini pun Benteng Somba Opu telah menjadi sebuah objek wisata bersejarah karena di dalamnya terdapat beberapa bangunan rumah adat Sulawesi Selatan. Tidak hanya itu saja, tempat ini juga memiliki sebuah meriam dengan panjang 9 meter dan berat sekitar 9.500 kilogram, serta ada sebuah museum yang berisi benda- benda bersejarah peninggalan Kesultanan Gowa.",2026-10-09T04:37:45.761784+00:00
Benteng Pertahanan Pongtiku,"Kabupaten Toraja Utara, Sulawesi Selatan",Benteng,ChIJ0U87C-HBky0Rr9vh3y6xEbA,Puncak Mamullu Lolai,"Rindingalo, Saloso, Kec. Rantepao, Kabupaten Toraja Utara, Sulawesi Selatan 91862, Indonesia",4.0,13.0,https://maps.google.com/?cid=12687116440162130863&g_mp=CiVnb29nbGUubWFwcy5wbGFjZXMudjEuUGxhY2VzLkdldFBsYWNlEAIYBCAA,-2.963214,119.8626824,SUCCESS,FIRST_RESULT,2026-09-25T07:33:34.109905+00:00,,,Benteng Pertahanan Pongtiku,https://id.wikipedia.org/wiki/Benteng_Pertahanan_Pongtiku,1.0000000000000007,EXACT_MATCH,"Benteng Pertahanan Pongtiku adalah suatu wilayah yang digunakan Pongtiku bersama pasukannya dalam melakukan perlawanan terhadap serangan penjajah. Benteng pertahanan Pongtiku terletak di puncak gunung Ka’do To’ria, kecamatan Tikala, Kabupaten Toraja Utara, Provinsi Sulawesi Selatan. Benteng Ka’do To’ria atau disebut Benteng Ka’do merupakan salah satu benteng pertahanan yang digunakan oleh Pongtiku bersama pasukannya melakukan perlawanan terhadap penjajahan pasukan Belanda.",2026-10-09T04:37:46.022292+00:00
Benteng Fort Rotterdam,"Kota Makassar, Sulawesi Selatan",Benteng,ChIJ7zfOEbACvy0RI8-2wSg57Sg,Fort Rotterdam,"No.Road, Jl. Ujung Pandang, Bulo Gading, Kec. Ujung Pandang, Kota Makassar, Sulawesi Selatan 90171, Indonesia",4.5,14473.0,https://maps.google.com/?cid=2949076178209001251&g_mp=CiVnb29nbGUubWFwcy5wbGFjZXMudjEuUGxhY2VzLkdldFBsYWNlEAIYBCAA,-5.1340004,119.4056311,SUCCESS,FIRST_RESULT,2026-09-25T07:33:34.835931+00:00,,,Benteng Rotterdam,https://id.wikipedia.org/wiki/Benteng_Rotterdam,0.8681687753367819,SIMILARITY_MATCH,"Benteng Rotterdam atau Benteng Ujung Pandang adalah benteng peninggalan Kesultanan Gowa yang terletak di pesisir barat Kota Makassar, Sulawesi Selatan.
Benteng ini awalnya dibangun pada tahun 1545 oleh Raja Gowa ke-9, Daeng Matanre Karaeng Manguntungi Tumaparisi Kallona. Nama awal benteng ini adalah Benteng Ujung Pandang. Benteng ini dibangun sebagai bagian dari sistem pertahanan Kesultanan Gowa-Tallo untuk melindungi wilayah pesisir Makassar dan lokasinya dipilih karena letaknya strategis untuk menyambut tamu-tamu kerjaan.
Benteng ini kemudian digunakan oleh Belanda sebagai pusat penampungan rempah-rempah di Indonesia bagian timur. Benteng ini juga merupakan markas militer dan pemerintahan daerah Belanda hingga tahun 1930-an. Pada 1937 kepemilikan Benteng Rotterdam oleh pemerintah Hindia Belanda diserahkan kepada Yayasan Fort Rotterdam. 
Benteng ini terdaftar sebagai bangunan bersejarah pada 23 Mei 1940. Benteng ini dipugar secara ekstensif pada tahun 1970-an dan sekarang menjadi pusat budaya dan pendidikan, tempat untuk berbagai acara musik dan tarian, serta tujuan wisata.
Saat ini, situs berada di bawah pengelolaan Museum dan Cagar Budaya, Kementerian Kebudayaan Republik Indonesia",2026-10-09T04:37:46.282029+00:00
Benteng Panyua,"Kota Makassar, Sulawesi Selatan",Benteng,ChIJ7zfOEbACvy0RI8-2wSg57Sg,Fort Rotterdam,"No.Road, Jl. Ujung Pandang, Bulo Gading, Kec. Ujung Pandang, Kota Makassar, Sulawesi Selatan 90171, Indonesia",4.5,14473.0,https://maps.google.com/?cid=2949076178209001251&g_mp=CiVnb29nbGUubWFwcy5wbGFjZXMudjEuUGxhY2VzLkdldFBsYWNlEAIYBCAA,-5.1340004,119.4056311,SUCCESS,FIRST_RESULT,2026-09-25T07:33:35.539870+00:00,,,Benteng Rotterdam,https://id.wikipedia.org/wiki/Benteng_Rotterdam,0.5312092274066256,SIMILARITY_MATCH,"Benteng Rotterdam atau Benteng Ujung Pandang adalah benteng peninggalan Kesultanan Gowa yang terletak di pesisir barat Kota Makassar, Sulawesi Selatan.
Benteng ini awalnya dibangun pada tahun 1545 oleh Raja Gowa ke-9, Daeng Matanre Karaeng Manguntungi Tumaparisi Kallona. Nama awal benteng ini adalah Benteng Ujung Pandang. Benteng ini dibangun sebagai bagian dari sistem pertahanan Kesultanan Gowa-Tallo untuk melindungi wilayah pesisir Makassar dan lokasinya dipilih karena letaknya strategis untuk menyambut tamu-tamu kerjaan.
Benteng ini kemudian digunakan oleh Belanda sebagai pusat penampungan rempah-rempah di Indonesia bagian timur. Benteng ini juga merupakan markas militer dan pemerintahan daerah Belanda hingga tahun 1930-an. Pada 1937 kepemilikan Benteng Rotterdam oleh pemerintah Hindia Belanda diserahkan kepada Yayasan Fort Rotterdam. 
Benteng ini terdaftar sebagai bangunan bersejarah pada 23 Mei 1940. Benteng ini dipugar secara ekstensif pada tahun 1970-an dan sekarang menjadi pusat budaya dan pendidikan, tempat untuk berbagai acara musik dan tarian, serta tujuan wisata.
Saat ini, situs berada di bawah pengelolaan Museum dan Cagar Budaya, Kementerian Kebudayaan Republik Indonesia",2026-10-09T04:37:46.556232+00:00
Benteng,"Kabupaten Buton Utara, Sulawesi Tenggara",Benteng,ChIJgwXQGst2pC0Rkb9zCImxYY8,Buton Sultanate Palace Fortress,"GJG2+4W6, Jl. Labuke, Melai, Kec. Murhum, Kota Bau-Bau, Sulawesi Tenggara 93713, Indonesia",4.7,1694.0,https://maps.google.com/?cid=10331734222275067793&g_mp=CiVnb29nbGUubWFwcy5wbGFjZXMudjEuUGxhY2VzLkdldFBsYWNlEAIYBCAA,-5.474714199999999,122.6022575,SUCCESS,FIRST_RESULT,2026-09-25T07:33:36.197810+00:00,,,Benteng,https://id.wikipedia.org/wiki/Benteng,0.9999999999999999,EXACT_MATCH,"Benteng adalah bangunan untuk keperluan militer yang dibuat untuk keperluan pertahanan sewaktu dalam peperangan. Benteng sudah dibangun oleh umat manusia sejak ribuan tahun yang lalu dalam berbagai bentuk dan pada akhirnya berkembang menjadi bentuk yang sangat kompleks. Di Indonesia, benteng yang masih ada saat ini umumnya merupakan peninggalan dari kolonialisme Eropa, terutama Belanda.",2026-10-09T04:37:46.843795+00:00
Benteng Keraton Buton,"Kota Bau-Bau, Sulawesi Tenggara",Benteng,ChIJgwXQGst2pC0Rkb9zCImxYY8,Buton Sultanate Palace Fortress,"GJG2+4W6, Jl. Labuke, Melai, Kec. Murhum, Kota Bau-Bau, Sulawesi Tenggara 93713, Indonesia",4.7,1694.0,https://maps.google.com/?cid=10331734222275067793&g_mp=CiVnb29nbGUubWFwcy5wbGFjZXMudjEuUGxhY2VzLkdldFBsYWNlEAIYBCAA,-5.474714199999999,122.6022575,SUCCESS,FIRST_RESULT,2026-09-25T07:33:36.957114+00:00,,,Benteng Keraton Buton,https://id.wikipedia.org/wiki/Benteng_Keraton_Buton,0.9999999999999994,EXACT_MATCH,"Benteng Kesultanan Buton merupakan salah satu objek wisata bersejarah di Bau-bau, Sulawesi Tenggara. Benteng ini merupakan bekas ibu kota Kesultanan Buton memiliki bentuk arsitek yang cukup unik, terbuat dari batu kapur/gunung. Benteng yang berbentuk lingkaran ini dengan panjang keliling 2.740 meter. Benteng Keraton Buton mendapat penghargaan dari Museum Rekor Indonesia (MURI) dan Guiness Book Record yang dikeluarkan bulan September 2006 sebagai benteng terluas di dunia dengan luas sekitar 23,375 hektare.
Benteng ini memiliki 12 pintu gerbang yang disebut Lawa dan 16 emplasemen meriam yang mereka sebut Baluara. Karena letaknya pada puncak bukit yang cukup tinggi dengan lereng yang cukup terjal memungkinkan tempat ini sebagai tempat pertahanan terbaik di zamannya. Dari tepi benteng yang sampai saat ini masih berdiri kokoh anda dapat menikmati pemandangan kota Bau-Bau dan hilir mudik kapal di selat Buton dengan jelas dari ketinggian,suatu pemandangan yang cukup menakjukkan. Selain itu, di dalam kawasan benteng dapat dijumpai berbagai peninggalan sejarah Kesultanan Buton.
Benteng Kesultanan Buton dibangun pada abad ke-16 oleh Sultan Buton III bernama La Sangaji yang bergelar Sultan Kaimuddin (1591-1596). Pada awalnya, benteng tersebut hanya dibangun dalam bentuk tumpukan batu yang disusun mengelilingi komplek istana dengan tujuan untuk mambuat pagar pembatas antara komplek istana dengan perkampungan masyarakat sekaligus sebagai benteng pertahanan. Pada masa pemerintahan Sultan Buton IV yang bernama La Elangi atau Sultan Dayanu Ikhsanuddin, benteng berupa tumpukan batu tersebut dijadikan bangunan permanen.
Pada masa kejayaan pemerintahan Kesultanan Buton, keberadan Benteng Kesultanan Buton memberi pengaruh besar terhadap eksistensi Kerajaan. Dalam kurun waktu lebih dari empat abad, Kesultanan Buton bisa bertahan dan terhindar dari ancaman musuh. Dari tepi benteng yang sampai saat ini masih berdiri kokoh anda dapat menikmati pemandangan kota Bau-Bau dan hilir mudik kapal di selat Buton dengan jelas dari ketinggian",2026-10-09T04:37:47.100808+00:00
Benteng Keraton Buton Dan Masjid Agung Keraton,"Kota Bau-Bau, Sulawesi Tenggara",Benteng,ChIJgwXQGst2pC0Rkb9zCImxYY8,Buton Sultanate Palace Fortress,"GJG2+4W6, Jl. Labuke, Melai, Kec. Murhum, Kota Bau-Bau, Sulawesi Tenggara 93713, Indonesia",4.7,1694.0,https://maps.google.com/?cid=10331734222275067793&g_mp=CiVnb29nbGUubWFwcy5wbGFjZXMudjEuUGxhY2VzLkdldFBsYWNlEAIYBCAA,-5.474714199999999,122.6022575,SUCCESS,FIRST_RESULT,2026-09-25T07:33:37.686853+00:00,,,Benteng Keraton Buton,https://id.wikipedia.org/wiki/Benteng_Keraton_Buton,1.0000000000000016,SIMILARITY_MATCH,"Benteng Kesultanan Buton merupakan salah satu objek wisata bersejarah di Bau-bau, Sulawesi Tenggara. Benteng ini merupakan bekas ibu kota Kesultanan Buton memiliki bentuk arsitek yang cukup unik, terbuat dari batu kapur/gunung. Benteng yang berbentuk lingkaran ini dengan panjang keliling 2.740 meter. Benteng Keraton Buton mendapat penghargaan dari Museum Rekor Indonesia (MURI) dan Guiness Book Record yang dikeluarkan bulan September 2006 sebagai benteng terluas di dunia dengan luas sekitar 23,375 hektare.
Benteng ini memiliki 12 pintu gerbang yang disebut Lawa dan 16 emplasemen meriam yang mereka sebut Baluara. Karena letaknya pada puncak bukit yang cukup tinggi dengan lereng yang cukup terjal memungkinkan tempat ini sebagai tempat pertahanan terbaik di zamannya. Dari tepi benteng yang sampai saat ini masih berdiri kokoh anda dapat menikmati pemandangan kota Bau-Bau dan hilir mudik kapal di selat Buton dengan jelas dari ketinggian,suatu pemandangan yang cukup menakjukkan. Selain itu, di dalam kawasan benteng dapat dijumpai berbagai peninggalan sejarah Kesultanan Buton.
Benteng Kesultanan Buton dibangun pada abad ke-16 oleh Sultan Buton III bernama La Sangaji yang bergelar Sultan Kaimuddin (1591-1596). Pada awalnya, benteng tersebut hanya dibangun dalam bentuk tumpukan batu yang disusun mengelilingi komplek istana dengan tujuan untuk mambuat pagar pembatas antara komplek istana dengan perkampungan masyarakat sekaligus sebagai benteng pertahanan. Pada masa pemerintahan Sultan Buton IV yang bernama La Elangi atau Sultan Dayanu Ikhsanuddin, benteng berupa tumpukan batu tersebut dijadikan bangunan permanen.
Pada masa kejayaan pemerintahan Kesultanan Buton, keberadan Benteng Kesultanan Buton memberi pengaruh besar terhadap eksistensi Kerajaan. Dalam kurun waktu lebih dari empat abad, Kesultanan Buton bisa bertahan dan terhindar dari ancaman musuh. Dari tepi benteng yang sampai saat ini masih berdiri kokoh anda dapat menikmati pemandangan kota Bau-Bau dan hilir mudik kapal di selat Buton dengan jelas dari ketinggian",2026-10-09T04:37:47.351866+00:00
Benteng Resort,"Kota Bitung, Sulawesi Utara",Benteng,ChIJfRZ1iEushzIRd76SLBgJyp8,Benteng Resort,"H5R3+FPV, Pinenek, Likupang Timur, North Minahasa Regency, North Sulawesi, Indonesia",4.2,130.0,https://maps.google.com/?cid=11514025396757773943&g_mp=CiVnb29nbGUubWFwcy5wbGFjZXMudjEuUGxhY2VzLkdldFBsYWNlEAIYBCAA,1.5912279,125.1542864,SUCCESS,FIRST_RESULT,2026-09-25T07:33:38.514832+00:00,,,Benteng De Kock,https://id.wikipedia.org/wiki/Benteng_De_Kock,0.365006815366106,SIMILARITY_MATCH,"Benteng de Kock (bahasa Belanda: Fort de Kock) adalah benteng peninggalan Belanda pada abad ke-19 yang didirikan di atas bukit di Bukittinggi, Sumatera Barat, Indonesia. Di sekitar benteng, permukiman baru tumbuh, yang akhirnya berkembang menjadi Kota Bukittinggi, kota terbesar kedua di Sumatera Barat. Meskipun sisa-sisa gundukan tanah dan beberapa meriam masih bisa dilihat, bangunan asli di atas benteng telah dihancurkan.",2026-10-09T04:37:47.609994+00:00
Benteng Santo Pedro,"Kota Ternate, Maluku Utara",Benteng,ChIJxa4k4oOxnDIRiAENh5akZG8,Benteng Portugis Tolukko,"R97Q+J55, Jl. Pemuda, Sangaji Utara, Kec. Kota Ternate Utara, Kota Ternate, Maluku Utara, Indonesia",4.5,1149.0,https://maps.google.com/?cid=8026721402298892680&g_mp=CiVnb29nbGUubWFwcy5wbGFjZXMudjEuUGxhY2VzLkdldFBsYWNlEAIYBCAA,0.8140206999999999,127.387989,SUCCESS,FIRST_RESULT,2026-09-25T07:33:39.168333+00:00,,,Benteng Tolukko,https://id.wikipedia.org/wiki/Benteng_Tolukko,0.7383930124379845,SIMILARITY_MATCH,"Benteng Tolukko adalah benteng peninggalan Portugis yang berada di Kelurahan Sangaji, Kecamatan Ternate Utara, Kota Ternate, Maluku Utara, Indonesia. Benteng Tolukko dibangun pada tahun 1522. Benteng ini dibangun Portugis untuk mencoba mengusir Belanda dari pulau Benteng ini diambil alih oleh Belanda pada tahun 1612 dan direnovasi oleh Pieter Both. Pada tahun 1864, oleh Residen P. van der Crab, benteng Tolukko dikosongkan karena sebagian bangunannya telah rusak. Pemerintah Republik Indonesia memugar benteng ini pada tahun 1996–1997.",2026-10-09T04:37:47.863192+00:00
Benteng Kuto Besak,"Kota Palembang, Sumatera Selatan",Benteng,ChIJqybWvgN2Oy4RsuP3QwCiJoI,Benteng Kuto Besak,"Jl. Sultan Mahmud Badarudin, 19 Ilir, Kec. Bukit Kecil, Kota Palembang, Sumatera Selatan 30113, Indonesia",4.5,15842.0,https://maps.google.com/?cid=9378361396069655474&g_mp=CiVnb29nbGUubWFwcy5wbGFjZXMudjEuUGxhY2VzLkdldFBsYWNlEAIYBCAA,-2.9912261,104.7591867,SUCCESS,FIRST_RESULT,2026-09-25T07:33:39.937325+00:00,,,Benteng Kuto Besak,https://id.wikipedia.org/wiki/Benteng_Kuto_Besak,0.9999999999999994,EXACT_MATCH,"Kuto Besak (""Kota Besar"") atau yang secara tautologis sering disebut Benteng Kuto Besak (“Benteng Kota Besar”) adalah salah satu peninggalan bersejarah yang terdapat di Kota Palembang, Sumatera Selatan. Benteng ini terletak di tepian Sungai Musi, di Jalan Sultan Mahmud Badarudin, 19 Ilir, Bukit Kecil, Kota Palembang. Benteng ini dibangun oleh pribumi, bukan oleh kolonial Belanda.",2026-10-09T04:37:48.117491+00:00
Benteng Tatas,"Kota Banjarmasin, Kalimantan Selatan",Benteng,ChIJWwj-osMj5C0R8nFRa8gyHKE,Masjid Raya Sabilal Muhtadin - Banjarmasin,"Jl. Jend Sudirman No.1, Antasan Besar, Kec. Banjarmasin Tengah, Kota Banjarmasin, Kalimantan Selatan 70114, Indonesia",4.8,11329.0,https://maps.google.com/?cid=11609209775829643762&g_mp=CiVnb29nbGUubWFwcy5wbGFjZXMudjEuUGxhY2VzLkdldFBsYWNlEAIYBCAA,-3.3190271,114.5909985,SUCCESS,FIRST_RESULT,2026-09-25T07:33:40.677351+00:00,,,Benteng Tatas,https://id.wikipedia.org/wiki/Benteng_Tatas,1.0000000000000004,EXACT_MATCH,"Benteng Tatas (bahasa Inggris: Fort Tatas) adalah bekas benteng historis sebagai pusat pertahanan militer Belanda di Kalimantan. Situs Benteng ini terletak di pusat kota banjarmasin, sekarang menjadi lahan Masjid Raya Sabilal Muhtadin.",2026-10-09T04:37:48.382257+00:00
Benteng Nossa Senhora Da Anunciada,"Kota Ambon, Maluku",Benteng,ChIJNdyN8lDobC0RChMAiLU6N-I,Nieuw Victoria Fort,"855J+6VC Benteng New Victoria, Jl. Slamet Riyadi No.1, Uritetu, Kec. Sirimau, Kota Ambon, Maluku 97000, Indonesia",4.1,216.0,https://maps.google.com/?cid=16300561927635997450&g_mp=CiVnb29nbGUubWFwcy5wbGFjZXMudjEuUGxhY2VzLkdldFBsYWNlEAIYBCAA,-3.6927869,128.1824825,SUCCESS,FIRST_RESULT,2026-09-25T07:33:41.420805+00:00,,,Benteng,https://id.wikipedia.org/wiki/Benteng,0.47328298931346924,SIMILARITY_MATCH,"Benteng adalah bangunan untuk keperluan militer yang dibuat untuk keperluan pertahanan sewaktu dalam peperangan. Benteng sudah dibangun oleh umat manusia sejak ribuan tahun yang lalu dalam berbagai bentuk dan pada akhirnya berkembang menjadi bentuk yang sangat kompleks. Di Indonesia, benteng yang masih ada saat ini umumnya merupakan peninggalan dari kolonialisme Eropa, terutama Belanda.",2026-10-09T04:37:48.640868+00:00
Benteng Kota Bombonawulu,"Kabupaten Buton Tengah, Sulawesi Tenggara",Benteng,ChIJMfY6AACPoy0RThpL9mlnLBs,Benteng Bombonawulu,"PH58+93, Wongko Lakudo, Lakudo, Buton Regency, South East Sulawesi 93763, Indonesia",,,https://maps.google.com/?cid=1958053642800667214&g_mp=CiVnb29nbGUubWFwcy5wbGFjZXMudjEuUGxhY2VzLkdldFBsYWNlEAIYBCAA,-5.2915631,122.5652032,SUCCESS,FIRST_RESULT,2026-09-25T07:33:42.171752+00:00,,,Kabupaten Buton Tengah,https://id.wikipedia.org/wiki/Kabupaten_Buton_Tengah,0.1056931447290188,SIMILARITY_MATCH,"Kabupaten Buton Tengah atau disingkat Buteng merupakan salah satu kabupaten yang berada di Provinsi Sulawesi Tenggara, Indonesia. Ibu kotanya berada di Labungkari, kecamatan Lakudo. Buton Tengah merupakan hasil pemerkaran dari Kabupaten Buton yang disahkan pada pertengahan tahun 2014 bersama Kabupaten Buton Selatan dan Kabupaten Muna Barat. Ketiga daerah otonomi baru tersebut disahkan menjelang akhir kepengurusan DPR RI periode 2009-2014.
Salah satu alasan pemekaran wilayah ini adalah karena permasalahan akses. Seluruh wilayah Buton Tengah tidak berada di Pulau Buton melainkan di Pulau Muna, sedangkan ibu kota Kabupaten Buton berada di Pasarwajo. Pelayanan dan kontrol membutuhkan biaya dan waktu yang panjang karena harus melewati laut menuju Kota Baubau, lalu dilanjutkan perjalanan darat menuju Pasarwajo di ujung timur Pulau Buton.",2026-10-09T04:37:48.907128+00:00
Benteng Wasilomata,"Kabupaten Buton Tengah, Sulawesi Tenggara",Benteng,ChIJEWbydEp5oy0R5yLxIVx66-o,Benteng Wasilomata,"M8M6+GXX, Wasilomata II, Mawasangka, Buton Regency, South East Sulawesi 93762, Indonesia",,,https://maps.google.com/?cid=16927758160527172327&g_mp=CiVnb29nbGUubWFwcy5wbGFjZXMudjEuUGxhY2VzLkdldFBsYWNlEAIYBCAA,-5.3164072,122.3124966,SUCCESS,FIRST_RESULT,2026-09-25T07:33:42.914920+00:00,,,Kabupaten Buton Tengah,https://id.wikipedia.org/wiki/Kabupaten_Buton_Tengah,0.10540549561103583,SIMILARITY_MATCH,"Kabupaten Buton Tengah atau disingkat Buteng merupakan salah satu kabupaten yang berada di Provinsi Sulawesi Tenggara, Indonesia. Ibu kotanya berada di Labungkari, kecamatan Lakudo. Buton Tengah merupakan hasil pemerkaran dari Kabupaten Buton yang disahkan pada pertengahan tahun 2014 bersama Kabupaten Buton Selatan dan Kabupaten Muna Barat. Ketiga daerah otonomi baru tersebut disahkan menjelang akhir kepengurusan DPR RI periode 2009-2014.
Salah satu alasan pemekaran wilayah ini adalah karena permasalahan akses. Seluruh wilayah Buton Tengah tidak berada di Pulau Buton melainkan di Pulau Muna, sedangkan ibu kota Kabupaten Buton berada di Pasarwajo. Pelayanan dan kontrol membutuhkan biaya dan waktu yang panjang karena harus melewati laut menuju Kota Baubau, lalu dilanjutkan perjalanan darat menuju Pasarwajo di ujung timur Pulau Buton.",2026-10-09T04:37:49.168786+00:00
Benteng Gumanano,"Kabupaten Buton Tengah, Sulawesi Tenggara",Benteng,ChIJOze-uFZ-oy0RdlrKfFNzljs,Danau Gumanano,"J853+XFH, Gumamano, Mawasangka, Buton Regency, South East Sulawesi 93762, Indonesia",4.5,26.0,https://maps.google.com/?cid=4293746097157462646&g_mp=CiVnb29nbGUubWFwcy5wbGFjZXMudjEuUGxhY2VzLkdldFBsYWNlEAIYBCAA,-5.3900548,122.3037402,SUCCESS,FIRST_RESULT,2026-09-25T07:33:43.703854+00:00,,,Daftar kecamatan dan kelurahan di Sulawesi Tenggara,https://id.wikipedia.org/wiki/Daftar_kecamatan_dan_kelurahan_di_Sulawesi_Tenggara,0.13340756652748675,SIMILARITY_MATCH,"Berikut adalah daftar kecamatan dan kelurahan di Provinsi Sulawesi Tenggara, Indonesia. Provinsi Sulawesi Tenggara terdiri dari 15 kabupaten, 2 kota madya, 221 kecamatan, 377 kelurahan dan 1.915 desa. Pada tahun 2017, jumlah penduduknya diperkirakan mencapai 2.571.562 jiwa dengan total luas wilayah 38.067,70 km².",2026-10-09T04:37:49.422772+00:00
Benteng Tindoi,"Kabupaten Wakatobi, Sulawesi Tenggara",Benteng,ChIJd0pgQyQyoS0R8X5uGP89YH4,Tindoi,"Tindoi, South Wangi-Wangi, Wakatobi Regency, South East Sulawesi, Indonesia",,,https://maps.google.com/?cid=9106346612378992369&g_mp=CiVnb29nbGUubWFwcy5wbGFjZXMudjEuUGxhY2VzLkdldFBsYWNlEAIYBCAA,-5.2802504,123.586797,SUCCESS,FIRST_RESULT,2026-09-25T07:33:44.244413+00:00,,,"Tindoi Timur, Wangi-Wangi, Wakatobi","https://id.wikipedia.org/wiki/Tindoi_Timur,_Wangi-Wangi,_Wakatobi",0.3968634322864048,SIMILARITY_MATCH,"Tindoi Timur adalah desa di kecamatan Wangi-Wangi, Kabupaten Wakatobi, Sulawesi Tenggara, Indonesia.",2026-10-09T04:37:49.683486+00:00
Benteng Liya,"Kabupaten Wakatobi, Sulawesi Tenggara",Benteng,ChIJxz6VowvNpi0RIQ679jIhNV4,Masjid Keraton Liya,"MG3V+4MH Liya Togo, Liya Mawi, Wangi-Wangi Sel., Kabupaten Wakatobi, Sulawesi Tenggara 93795, Indonesia",4.6,98.0,https://maps.google.com/?cid=6788368516102426145&g_mp=CiVnb29nbGUubWFwcy5wbGFjZXMudjEuUGxhY2VzLkdldFBsYWNlEAIYBCAA,-5.3471959,123.5442394,SUCCESS,FIRST_RESULT,2026-09-25T07:33:44.948728+00:00,,,"Liya Togo, Wangi-Wangi Selatan, Wakatobi","https://id.wikipedia.org/wiki/Liya_Togo,_Wangi-Wangi_Selatan,_Wakatobi",0.149344802709101,SIMILARITY_MATCH,"Liya Togo adalah salah satu desa yang terletak di Kecamatan Wangi-Wangi Selatan, Kabupaten Wakatobi, Provinsi Sulawesi Tenggara, Indonesia. Desa ini sebagian besar penduduknya bersuku Wakatobi.
Liya Togo merupakan salah satu Desa yg berada di Wilayah Hukum Adat Liya, Benteng Liya ditetapkan jadi cagar budaya Indonesia yang merupakan jejak peninggalan Kerajaan Liya, Benteng Liya terdiri dari 3 Lapis Benteng dengan luas kurang lebih 52,9 Hektar. Letak desa Liya Togo tepatnya di bagian selatan pulau Wangi-wangi.Jarak yg ditempuh dari ibu kota kabupaten sekitar 8 km.mata pencaharian penduduk sebagian besar merupakan Petani Agar-agar laut dan nelayan.",2026-10-09T04:37:49.941752+00:00
Benteng Ollo,"Kabupaten Wakatobi, Sulawesi Tenggara",Benteng,ChIJz5afYJ8bpy0RVuHPy6pDX1c,Benteng Patua Tomia,"7W9H+Q8P, Patua, Tomia, Wakatobi Regency, South East Sulawesi 93793, Indonesia",4.8,6.0,https://maps.google.com/?cid=6295825204930142550&g_mp=CiVnb29nbGUubWFwcy5wbGFjZXMudjEuUGxhY2VzLkdldFBsYWNlEAIYBCAA,-5.7305433,123.92831729999996,SUCCESS,FIRST_RESULT,2026-09-25T07:33:45.694297+00:00,,,"Patua, Tomia, Wakatobi","https://id.wikipedia.org/wiki/Patua,_Tomia,_Wakatobi",0.34994618655361504,SIMILARITY_MATCH,"Patua adalah desa di kecamatan Tomia, Kabupaten Wakatobi, Sulawesi Tenggara, Indonesia. Desa Patua terletak 3 km dari ibu kota kecamatan.",2026-10-09T04:37:50.205959+00:00
Benteng La Donda Benteng La Donda,"Kabupaten Wakatobi, Sulawesi Tenggara",Benteng,ChIJkftXuJIFpy0RGDxj3mYArCM,Benteng Suo-Suo,"6WWX+8MW, Jl. Encik Sulaiman, Kahiyanga, Kec. Tomia Tim., Kabupaten Wakatobi, Sulawesi Tenggara 93797, Indonesia",4.7,14.0,https://maps.google.com/?cid=2570429929139420184&g_mp=CiVnb29nbGUubWFwcy5wbGFjZXMudjEuUGxhY2VzLkdldFBsYWNlEAIYBCAA,-5.754139599999999,123.9491882,SUCCESS,FIRST_RESULT,2026-09-25T07:33:46.462024+00:00,,,Benteng Hobe,https://id.wikipedia.org/wiki/Benteng_Hobe,0.5096620450845302,SIMILARITY_MATCH,"Benteng Hobe adalah benteng militer untuk perang dan garnisun pada abad ke-19, dan juga merupakan fasilitas pertahanan laut penting untuk modernisasi Taiwan pada masa Dinasti Qing. Berlokasi di Jl. Zhengzheng, Seksi 1, Gang 6, No.32-2, Distrik Tamsui, Kota New Taipei. Terdapat juga benteng Hongmau, juga bekas kediaman Bea Cukai Tamsui Dinasti Qing sambil menikmati pemandangan sungai Tamsui dan Gunung Guanyin"" Matahari Terbenam di Benteng"".
Benteng Hobe merupakan garis pertahanan pertama di Taiwan Utara selama Dinasti Qing. Meskipun benteng ini tidak pernah terlibat dalam pertempuran apa pun, terjadi pertempuran antara Tiongkok dan Prancis pada tahun 1884 sebelum benteng ini dibangun. Dinding luar benteng dulunya merupakan asrama dan area penyimpanan bagi para prajurit. Sekarang, tempat ini menjadi ruang yang memajang arsip sejarah benteng beserta foto-foto lama Tamsui. Di dekatnya terdapat salah satu dari delapan tempat wisata utama Tamsui, yaitu Kuil Martir Song Tao.",2026-10-09T04:37:50.467888+00:00
Benteng Patua,"Kabupaten Wakatobi, Sulawesi Tenggara",Benteng,ChIJz5afYJ8bpy0RVuHPy6pDX1c,Benteng Patua Tomia,"7W9H+Q8P, Patua, Tomia, Wakatobi Regency, South East Sulawesi 93793, Indonesia",4.8,6.0,https://maps.google.com/?cid=6295825204930142550&g_mp=CiVnb29nbGUubWFwcy5wbGFjZXMudjEuUGxhY2VzLkdldFBsYWNlEAIYBCAA,-5.7305433,123.92831729999996,SUCCESS,FIRST_RESULT,2026-09-25T07:33:47.129958+00:00,,,"Patua, Tomia, Wakatobi","https://id.wikipedia.org/wiki/Patua,_Tomia,_Wakatobi",0.34049740405958606,SIMILARITY_MATCH,"Patua adalah desa di kecamatan Tomia, Kabupaten Wakatobi, Sulawesi Tenggara, Indonesia. Desa Patua terletak 3 km dari ibu kota kecamatan.",2026-10-09T04:37:50.738119+00:00
Benteng Palahidu,"Kabupaten Wakatobi, Sulawesi Tenggara",Benteng,ChIJCUI9YKsJpy0R6ND0UsmVcWM,Pantai Palahidu,"4265+C3G, Palahidu, Binongko, Wakatobi Regency, South East Sulawesi 93794, Indonesia",5.0,11.0,https://maps.google.com/?cid=7165673174035910888&g_mp=CiVnb29nbGUubWFwcy5wbGFjZXMudjEuUGxhY2VzLkdldFBsYWNlEAIYBCAA,-5.8889281,124.0077174,SUCCESS,FIRST_RESULT,2026-09-25T07:33:47.885177+00:00,,,Daftar kecamatan dan kelurahan di Sulawesi Tenggara,https://id.wikipedia.org/wiki/Daftar_kecamatan_dan_kelurahan_di_Sulawesi_Tenggara,0.06085742824209703,SIMILARITY_MATCH,"Berikut adalah daftar kecamatan dan kelurahan di Provinsi Sulawesi Tenggara, Indonesia. Provinsi Sulawesi Tenggara terdiri dari 15 kabupaten, 2 kota madya, 221 kecamatan, 377 kelurahan dan 1.915 desa. Pada tahun 2017, jumlah penduduknya diperkirakan mencapai 2.571.562 jiwa dengan total luas wilayah 38.067,70 km².",2026-10-09T04:37:50.994224+00:00
Benteng Wali,"Kabupaten Wakatobi, Sulawesi Tenggara",Benteng,ChIJz5afYJ8bpy0RVuHPy6pDX1c,Benteng Patua Tomia,"7W9H+Q8P, Patua, Tomia, Wakatobi Regency, South East Sulawesi 93793, Indonesia",4.8,6.0,https://maps.google.com/?cid=6295825204930142550&g_mp=CiVnb29nbGUubWFwcy5wbGFjZXMudjEuUGxhY2VzLkdldFBsYWNlEAIYBCAA,-5.7305433,123.92831729999996,SUCCESS,FIRST_RESULT,2026-09-25T07:33:48.562658+00:00,,,Benteng Kedung Cowek,https://id.wikipedia.org/wiki/Benteng_Kedung_Cowek,0.48951877599757115,SIMILARITY_MATCH,"Benteng Kedung Cowek merupakan bangunan peninggalan kolonial Belanda yang berlokasi di Kelurahan Kedung Cowek, Kecamatan Bulak, Kota Surabaya, Jawa Timur. Bangunan ini merupakan sekumpulan baterai artileri tepi pantai (kustbatterij) yang berfungsi sebagai benteng dan sistem pertahanan tepi pantai dan Selat Madura. Sistem perbentengan dari benteng ini termasuk salah satu yang modern. Baterai artileri ditempatkan secara terpisah membentuk formasi memanjang di tepi pantai. Setiap baterai meriam tersebut memiliki jarak tembak tertentu. Sehingga meriam lain memiliki jarak tembak bantu antar meriam. 
Benteng ini sempat menjadi gudang peluru dan setidaknya benteng ini masih beruntung karena relatif utuh tidak seperti Benteng Prins Hendrik yang dibongkar pada tahun 1895. Status cagar budaya untuk benteng ini pun tengah diupayakan oleh para pegiat sejarah Kota Surabaya.",2026-10-09T04:37:51.264246+00:00
Benteng Fort De Kock,"Kota Bukittinggi, Sumatera Barat",Benteng,ChIJbYTOX6M41S8RzjoVbjRPNF0,Fort De Kock,"M9X9+944, Jl. Yos Sudarso, Benteng Ps. Atas, Kec. Guguk Panjang, Kota Bukittinggi, Sumatera Barat 26136, Indonesia",4.5,1783.0,https://maps.google.com/?cid=6716080030920030926&g_mp=CiVnb29nbGUubWFwcy5wbGFjZXMudjEuUGxhY2VzLkdldFBsYWNlEAIYBCAA,-0.3016205999999999,100.3678344,SUCCESS,FIRST_RESULT,2026-09-25T07:33:49.089708+00:00,,,Benteng De Kock,https://id.wikipedia.org/wiki/Benteng_De_Kock,0.795569849043988,SIMILARITY_MATCH,"Benteng de Kock (bahasa Belanda: Fort de Kock) adalah benteng peninggalan Belanda pada abad ke-19 yang didirikan di atas bukit di Bukittinggi, Sumatera Barat, Indonesia. Di sekitar benteng, permukiman baru tumbuh, yang akhirnya berkembang menjadi Kota Bukittinggi, kota terbesar kedua di Sumatera Barat. Meskipun sisa-sisa gundukan tanah dan beberapa meriam masih bisa dilihat, bangunan asli di atas benteng telah dihancurkan.",2026-10-09T04:37:51.527395+00:00
Benteng Tundakan,"Kabupaten Balangan, Kalimantan Selatan",Benteng,ChIJJ3eTPQBZ5S0R8ajyPIlgtIs,Batu bagantung,"JHGM+23, Tundi, Awayan, Balangan Regency, South Kalimantan 71664, Indonesia",4.3,3.0,https://maps.google.com/?cid=10066777209629223153&g_mp=CiVnb29nbGUubWFwcy5wbGFjZXMudjEuUGxhY2VzLkdldFBsYWNlEAIYBCAA,-2.3749375,115.5826875,SUCCESS,FIRST_RESULT,2026-09-25T07:33:49.577713+00:00,,,Benteng Tahula,https://id.wikipedia.org/wiki/Benteng_Tahula,0.4377777174447195,SIMILARITY_MATCH,"Benteng Tahula adalah Benteng yang terletak di Desa Soasio, Kecamatan Tidore, Kota Tidore Kepulauan, Provinsi Maluku Utara. Pada tahun 1607 di Tidore, sebuah Benteng diperintahkan dibangun pada masa Gubernur pertama Spanyol di Maluku yang bernama Juan de Esquivel, akan tetapi tidak terlaksana. Hingga pada tahun 1610, Benteng Tahula dibangun dibawah kepemimpinan Gubernur Spanyol yang bernama Cristobal de Azcqueta Menchacha.",2026-10-09T04:37:51.787227+00:00
Benteng Gam Lamo,"Kota Ternate, Maluku Utara",Benteng,ChIJz4yQa8S0nDIRmN_JAPna_E8,"Forte Português em Ternaté Moluca , Kastéla","Q866+CV4, Kastela, Pulau Ternate, Ternate City, North Maluku, Indonesia",4.2,318.0,https://maps.google.com/?cid=5763722386122334104&g_mp=CiVnb29nbGUubWFwcy5wbGFjZXMudjEuUGxhY2VzLkdldFBsYWNlEAIYBCAA,0.7610034999999999,127.3121905,SUCCESS,FIRST_RESULT,2026-09-25T07:33:50.285815+00:00,,,Kota Ternate,https://id.wikipedia.org/wiki/Kota_Ternate,0.21909487568128438,SIMILARITY_MATCH,"Kota Ternate adalah sebuah kota yang terletak di Provinsi Maluku Utara, Indonesia. Kota Ternate berada di bawah kaki gunung api Gamalama di Pulau Ternate. Kota Ternate pernah menjadi ibu kota sementara Provinsi Maluku Utara secara de facto dari tahun 1999 hingga 2010. 
Pada 4 Agustus 2010, Sofifi diresmikan menjadi ibu kota Provinsi Maluku Utara pengganti Kota Ternate, yang merupakan sebuah kelurahan di wilayah Kota Tidore Kepulauan yang berada di Pulau Halmahera. Jumlah penduduk Ternate pada tahun 2025 sebanyak 216.175 jiwa.",2026-10-09T04:37:52.045954+00:00
Benteng Portugis,"Kabupaten Pesisir Selatan, Sumatera Barat",Benteng,ChIJ5xjc6pFN0y8RE5BXKRUZFPM,Benteng portugis,"JHW5+GH9, Painan, Iv Jurai, South Pesisir Regency, West Sumatra, Indonesia",4.2,35.0,https://maps.google.com/?cid=17515652429429313555&g_mp=CiVnb29nbGUubWFwcy5wbGFjZXMudjEuUGxhY2VzLkdldFBsYWNlEAIYBCAA,-1.3537019,100.5589953,SUCCESS,FIRST_RESULT,2026-09-25T07:33:51.010282+00:00,,,Benteng Portugis (Jepara),https://id.wikipedia.org/wiki/Benteng_Portugis_(Jepara),0.7451440779180516,SIMILARITY_MATCH,"Benteng Portugis adalah salah satu objek wisata andalan di Jepara. Benteng Portugis yang terletak di Desa Banyumanis Kecamatan Donorojo atau 45 km di sebelah timur laut Kota Jepara. Untuk mencapainya tersedia sarana jalan aspal berbatu dan hanya dapat dicapai menggunakan kendaraan pribadi karena tidak ada rute transportasi umum ke situs sejarah ini.
Dilihat dari sisi geografis benteng ini tampak sangat strategis untuk kepentingan militer khususnya zaman dahulu yang kemampuan tembakan meriamnya terbatas 2 s/d 3 km saja. Benteng ini dibangun di atas sebuah bukit batu di pinggir laut dan persis di depannya terhampar Pulau mondoliko, sehingga praktis selat yang ada di depan benteng ini berada di bawah kendali Meriam Benteng sehingga akan berpengaruh pada pelayaran kapal dari Jepara ke Indonesia bagian timur atau sebaliknya.",2026-10-09T04:37:52.314203+00:00
Benteng Kalamata,"Kota Ternate, Maluku Utara",Benteng,ChIJDxBOQSO0nDIRmyWhzusdVAQ,Kalamata Fortress,"Q96F+V6W, Kayu Merah, Ternate Selatan, Ternate City, North Maluku, Indonesia",4.5,853.0,https://maps.google.com/?cid=311907172816594331&g_mp=CiVnb29nbGUubWFwcy5wbGFjZXMudjEuUGxhY2VzLkdldFBsYWNlEAIYBCAA,0.7622315,127.3730646,SUCCESS,FIRST_RESULT,2026-09-25T07:33:51.771309+00:00,,,Benteng Kalamata,https://id.wikipedia.org/wiki/Benteng_Kalamata,1.000000000000001,EXACT_MATCH,"Benteng Kalamata adalah benteng yang dibangun oleh Portugis pada tahun 1540. Benteng Kalamata disebut juga Benteng Kayu Merah. Disebut Benteng Kayu Merah karena berada kelurahan Kayu Merah, Kota Ternate Selatan. Awalnya benteng ini bernama Santa Lucia, tetapi kemudian terkenal dengan Benteng Kalamata. Kalamata sendiri berasal dari nama Pangeran Kalamata, yakni adik dari Sultan Ternate Mandar Syah.",2026-10-09T04:37:52.582939+00:00
Benteng Kota Naka,"Kota Ternate, Maluku Utara",Benteng,ChIJxa4k4oOxnDIRiAENh5akZG8,Benteng Portugis Tolukko,"R97Q+J55, Jl. Pemuda, Sangaji Utara, Kec. Kota Ternate Utara, Kota Ternate, Maluku Utara, Indonesia",4.5,1149.0,https://maps.google.com/?cid=8026721402298892680&g_mp=CiVnb29nbGUubWFwcy5wbGFjZXMudjEuUGxhY2VzLkdldFBsYWNlEAIYBCAA,0.8140206999999999,127.387989,SUCCESS,FIRST_RESULT,2026-09-25T07:33:52.502368+00:00,,,Benteng Tolukko,https://id.wikipedia.org/wiki/Benteng_Tolukko,0.7113254334229585,SIMILARITY_MATCH,"Benteng Tolukko adalah benteng peninggalan Portugis yang berada di Kelurahan Sangaji, Kecamatan Ternate Utara, Kota Ternate, Maluku Utara, Indonesia. Benteng Tolukko dibangun pada tahun 1522. Benteng ini dibangun Portugis untuk mencoba mengusir Belanda dari pulau Benteng ini diambil alih oleh Belanda pada tahun 1612 dan direnovasi oleh Pieter Both. Pada tahun 1864, oleh Residen P. van der Crab, benteng Tolukko dikosongkan karena sebagian bangunannya telah rusak. Pemerintah Republik Indonesia memugar benteng ini pada tahun 1996–1997.",2026-10-09T04:37:52.841885+00:00
Benteng Oranye Kwandang,Gorontalo,Benteng,ChIJCfO2n3FPeTIRmBiGFPNMOKI,Benteng Orange,"VW27+6M5, Dambalo, Kwandang, North Gorontalo Regency, Gorontalo 96252, Indonesia",4.2,97.0,https://maps.google.com/?cid=11689177439745218712&g_mp=CiVnb29nbGUubWFwcy5wbGFjZXMudjEuUGxhY2VzLkdldFBsYWNlEAIYBCAA,0.8505125,122.9142344,SUCCESS,FIRST_RESULT,2026-09-25T07:33:53.199805+00:00,,,Benteng Oranje,https://id.wikipedia.org/wiki/Benteng_Oranje,0.6752705040680308,SIMILARITY_MATCH,"Benteng Oranje adalah benteng yang dulunya ditinggali Bangsa Portugis dan Belanda, sebagai penanda kekuasaan bangsa tersebut untuk menguasai cengkeh dan hasil alam lainnya dari Ternate. Di sekitar kawasan Benteng Oranje terdapat permukiman yang secara historis dihuni oleh komunitas pedagang dari Tiongkok, Arab, Melayu, dan Makassar. Di dalam benteng terdapat bangunan dengan langgam arsitektur Indis, sedangkan kawasan di luar benteng pada awalnya memiliki ruang terbuka dengan vegetasi.
Setelah kemerdekaan Indonesia, kawasan Benteng Oranje digunakan oleh Tentara Nasional Indonesia Angkatan Darat (TNI AD) dan Kepolisian Negara Republik Indonesia untuk berbagai fungsi, antara lain perkantoran, perumahan, dan rumah sakit. Perkembangan Kota Ternate kemudian memengaruhi perubahan fungsi dan tata ruang di sekitar kawasan benteng. Perluasan permukiman dan kegiatan komersial menyebabkan perubahan pada ruang terbuka serta berkurangnya vegetasi di sekitar benteng.
Sebuah penelitian mengenai kawasan Benteng Oranje mengidentifikasi perubahan pada karakter fisik bangunan dan lingkungan di dalam maupun di luar benteng. Di dalam benteng, perubahan terjadi pada tampilan bangunan dan tata ruang. Sementara itu, kawasan di luar benteng mengalami perubahan tata ruang dan pemanfaatan lahan, termasuk perubahan ruang terbuka di sekitar benteng menjadi kawasan permukiman.",2026-10-09T04:37:53.107635+00:00
Benteng Amsterdam,Maluku,Benteng,ChIJx0qHxtT6bC0RVVzqKFlU7rI,Fort Amsterdam,"C38M+X84, Kaitetu, Leihitu, Central Maluku Regency, Maluku, Indonesia",4.5,999.0,https://maps.google.com/?cid=12893335525123578965&g_mp=CiVnb29nbGUubWFwcy5wbGFjZXMudjEuUGxhY2VzLkdldFBsYWNlEAIYBCAA,-3.5826135000000003,128.083343,SUCCESS,FIRST_RESULT,2026-09-25T07:33:53.911635+00:00,,,Benteng Amsterdam,https://id.wikipedia.org/wiki/Benteng_Amsterdam,1.0,EXACT_MATCH,"Benteng Amsterdam adalah sebuah benteng peninggalan Belanda yang letaknya di perbatasan antara begeri Hila dan negeri Kaitetu, kecamatan Leihitu, Kabupaten Maluku Tengah, sekitar 42 km dari Kota Ambon. Letak benteng ini tepat di samping pantai negeri Hila dan negeri Kaitetu. Benteng Amsterdam adalah bangunan kedua yang didirikan oleh Belanda setelah Casteel Vanveere di negeri Seith hancur. Benteng Amsterdam merupakan salah satu bangunan tua yang berusia ratusan tahun dan merupakan bagian dari sejarah penguasaan VOC di Ambon, Maluku.",2026-10-09T04:37:53.360208+00:00
Benteng Victoria,Maluku,Benteng,ChIJNdyN8lDobC0RChMAiLU6N-I,Nieuw Victoria Fort,"855J+6VC Benteng New Victoria, Jl. Slamet Riyadi No.1, Uritetu, Kec. Sirimau, Kota Ambon, Maluku 97000, Indonesia",4.1,216.0,https://maps.google.com/?cid=16300561927635997450&g_mp=CiVnb29nbGUubWFwcy5wbGFjZXMudjEuUGxhY2VzLkdldFBsYWNlEAIYBCAA,-3.6927869,128.1824825,SUCCESS,FIRST_RESULT,2026-09-25T07:33:54.559554+00:00,,,Benteng Victoria,https://id.wikipedia.org/wiki/Benteng_Victoria,1.0000000000000002,EXACT_MATCH,"Benteng Victoria adalah salah satu benteng peninggalan Portugis terletak di Kecamatan Sirimau, pusat Kota Ambon. Benteng Victoria merupakan benteng tertua di Kota Ambon. Benteng Victoria dibangun oleh Portugis pada tahun 1575, tetapi kemudian diambil alih oleh Belanda. Benteng ini merupakan salah satu objek wisata yang ada di Pulau Ambon dan saat ini menjadi markas Kodam Pattimura.",2026-10-09T04:37:53.615680+00:00
Benteng Belgica,Maluku,Benteng,ChIJa_vkAwmGFS0Rp8ER23Plvfo,Fort Belgica,"FVFX+GHV, Nusantara, Kec. Banda, Kabupaten Maluku Tengah, Maluku, Indonesia",4.7,731.0,https://maps.google.com/?cid=18067849565839671719&g_mp=CiVnb29nbGUubWFwcy5wbGFjZXMudjEuUGxhY2VzLkdldFBsYWNlEAIYBCAA,-4.526129,129.8989078,SUCCESS,FIRST_RESULT,2026-09-25T07:33:55.274829+00:00,,,Benteng Belgica,https://id.wikipedia.org/wiki/Benteng_Belgica,1.0000000000000002,EXACT_MATCH,"Benteng Belgica adalah benteng peninggalan Belanda abad ke-17, yang berada di Kecamatan Banda, Kabupaten Maluku Tengah, Maluku. Benteng ini dibangun untuk pertahanan VOC dari serangan rakyat Banda yang menentang monopoli perdagangan pala saat itu.",2026-10-09T04:37:53.903974+00:00
Benteng Titaley,Maluku,Benteng,ChIJmUcpXADjbC0Rxs9gCZ30QPg,Benteng Wawane,"92QX+78V, Seith, Leihitu, Central Maluku Regency, Maluku, Indonesia",5.0,1.0,https://maps.google.com/?cid=17888566675219992518&g_mp=CiVnb29nbGUubWFwcy5wbGFjZXMudjEuUGxhY2VzLkdldFBsYWNlEAIYBCAA,-3.6117646,128.04831099999998,SUCCESS,FIRST_RESULT,2026-09-25T07:33:55.757062+00:00,,,"Kaitetu, Leihitu, Maluku Tengah","https://id.wikipedia.org/wiki/Kaitetu,_Leihitu,_Maluku_Tengah",0.11347159889514424,SIMILARITY_MATCH,"Kaitetu adalah negeri di Kecamatan Leihitu, Kabupaten Maluku Tengah, Provinsi Maluku, Indonesia.",2026-10-09T04:37:54.163096+00:00
Benteng Kerajaan Kabaena,Sulawesi Tenggara,Benteng,ChIJs6xwXE9Foy0RSO4ndotrAkk,Matarapa,"PVHR+C2M, Tirongkotua, Kabaena, Bombana Regency, South East Sulawesi 93781, Indonesia",,,https://maps.google.com/?cid=5260885561449115208&g_mp=CiVnb29nbGUubWFwcy5wbGFjZXMudjEuUGxhY2VzLkdldFBsYWNlEAIYBCAA,-5.2714193,121.89005879999998,SUCCESS,FIRST_RESULT,2026-09-25T07:33:56.262077+00:00,,,Kabupaten Buton Tengah,https://id.wikipedia.org/wiki/Kabupaten_Buton_Tengah,0.1952712901372639,SIMILARITY_MATCH,"Kabupaten Buton Tengah atau disingkat Buteng merupakan salah satu kabupaten yang berada di Provinsi Sulawesi Tenggara, Indonesia. Ibu kotanya berada di Labungkari, kecamatan Lakudo. Buton Tengah merupakan hasil pemerkaran dari Kabupaten Buton yang disahkan pada pertengahan tahun 2014 bersama Kabupaten Buton Selatan dan Kabupaten Muna Barat. Ketiga daerah otonomi baru tersebut disahkan menjelang akhir kepengurusan DPR RI periode 2009-2014.
Salah satu alasan pemekaran wilayah ini adalah karena permasalahan akses. Seluruh wilayah Buton Tengah tidak berada di Pulau Buton melainkan di Pulau Muna, sedangkan ibu kota Kabupaten Buton berada di Pasarwajo. Pelayanan dan kontrol membutuhkan biaya dan waktu yang panjang karena harus melewati laut menuju Kota Baubau, lalu dilanjutkan perjalanan darat menuju Pasarwajo di ujung timur Pulau Buton.",2026-10-09T04:37:54.415968+00:00
Benteng Portugis,Sulawesi Utara,Benteng,ChIJu7neUfgNiTIRJuShlZnOTnQ,Benteng Portugis,"P9X6+2GV, Kanawong, West Siau, Sitaro Islands Regency, North Sulawesi, Indonesia",,,https://maps.google.com/?cid=8380863115618804774&g_mp=CiVnb29nbGUubWFwcy5wbGFjZXMudjEuUGxhY2VzLkdldFBsYWNlEAIYBCAA,2.7478679,125.3612348,SUCCESS,FIRST_RESULT,2026-09-25T07:33:57.005004+00:00,,,Benteng Portugis (Jepara),https://id.wikipedia.org/wiki/Benteng_Portugis_(Jepara),0.7451440779180516,SIMILARITY_MATCH,"Benteng Portugis adalah salah satu objek wisata andalan di Jepara. Benteng Portugis yang terletak di Desa Banyumanis Kecamatan Donorojo atau 45 km di sebelah timur laut Kota Jepara. Untuk mencapainya tersedia sarana jalan aspal berbatu dan hanya dapat dicapai menggunakan kendaraan pribadi karena tidak ada rute transportasi umum ke situs sejarah ini.
Dilihat dari sisi geografis benteng ini tampak sangat strategis untuk kepentingan militer khususnya zaman dahulu yang kemampuan tembakan meriamnya terbatas 2 s/d 3 km saja. Benteng ini dibangun di atas sebuah bukit batu di pinggir laut dan persis di depannya terhampar Pulau mondoliko, sehingga praktis selat yang ada di depan benteng ini berada di bawah kendali Meriam Benteng sehingga akan berpengaruh pada pelayaran kapal dari Jepara ke Indonesia bagian timur atau sebaliknya.",2026-10-09T04:37:54.688299+00:00
Benteng Kuta Reh,"Kabupaten Aceh Tenggara, Aceh",Benteng,ChIJdVfSGnJOQDAR5ijQtjMuqf8,Benteng Kuta Lubok,"JG5P+WCJ, Lamreh, Mesjid Raya, Aceh Besar Regency, Aceh, Indonesia",4.0,33.0,https://maps.google.com/?cid=18422306550381029606&g_mp=CiVnb29nbGUubWFwcy5wbGFjZXMudjEuUGxhY2VzLkdldFBsYWNlEAIYBCAA,5.6098289,95.5360066,SUCCESS,FIRST_RESULT,2026-09-25T07:33:57.739202+00:00,,,Benteng Kuta Lubok,https://id.wikipedia.org/wiki/Benteng_Kuta_Lubok,1.0000000000000004,EXACT_MATCH,"Kuta Lubok adalah sebuah benteng yang terdapat di Lam Reh, Krueng Raya, Aceh Besar. Benteng ini dibangun pada masa Kerajaan Lamuri.",2026-10-09T04:37:54.951836+00:00
Benteng Otanaha,"Kota Gorontalo, Gorontalo",Benteng,ChIJ9wzSa8EreTIR0KtoqpUEzCM,Benteng Otanaha,"Dembe I, Kota Barat, Kota Gorontalo, Gorontalo 96181, Indonesia",4.5,2067.0,https://maps.google.com/?cid=2579441727432076240&g_mp=CiVnb29nbGUubWFwcy5wbGFjZXMudjEuUGxhY2VzLkdldFBsYWNlEAIYBCAA,0.5487601999999999,123.00820849999998,SUCCESS,FIRST_RESULT,2026-09-25T07:33:58.480120+00:00,,,Benteng Otanaha,https://id.wikipedia.org/wiki/Benteng_Otanaha,1.000000000000001,EXACT_MATCH,"Benteng Otanaha terletak di atas perbukitan Kelurahan Dembe I, Kecamatan Kota Barat, Kota Gorontalo. Benteng ini merupakan salah satu cagar budaya di Provinsi Gorontalo.
Benteng ini dapat dicapai melalui empat tempat persinggahan dan 348 anak tangga menuju puncak. Masing-masing jumlah anak tangga tidak sama untuk setiap persinggahan. Dari dasar ke persinggahan I terdapat 52 anak tangga, ke persinggahan II 83 anak tangga, ke persinggahan III 53 anak tangga, dan ke persinggahan IV 89 anak tangga. Sementara itu, menuju area benteng terdapat 71 anak tangga sehingga jumlah keseluruhannya adalah 348 anak tangga.",2026-10-09T04:37:55.219271+00:00
Benteng Pendhem,"Kabupaten Cilacap, Jawa Tengah",Benteng,ChIJldpOw4QSZS4RvRj43qJTOm4,Benteng Pendem Cilacap,"7229+CHW, Jl. Benteng, Sentolokawat, Cilacap, Kec. Cilacap Sel., Kabupaten Cilacap, Jawa Tengah 53211, Indonesia",4.3,8425.0,https://maps.google.com/?cid=7942752851811899581&g_mp=CiVnb29nbGUubWFwcy5wbGFjZXMudjEuUGxhY2VzLkdldFBsYWNlEAIYBCAA,-7.7488894,109.0189604,SUCCESS,FIRST_RESULT,2026-09-25T07:33:59.241555+00:00,,,Benteng Pendem Cilacap,https://id.wikipedia.org/wiki/Benteng_Pendem_Cilacap,1.000000000000001,EXACT_MATCH,"Benteng Pendem Cilacap (bahasa Belanda: Kustbatterij op de Landtong te Tjilatjap), merupakan benteng pertahanan peninggalan pemerintah Hindia Belanda yang terletak di tepi pantai Cilacap, Jawa Tengah. Benteng Pendem bersebelahan dengan objek wisata Teluk Penyu dan dibangun pada tahun 1861 dan selasai tahun 1879 dengan luas wilayah 10,5 ha. Benteng ini kemudian ditemukan dan mulai digali pemerintah Cilacap tahun 1986. Saat ini, pemerintah Kabupaten Cilacap menjadikan benteng ini sebagai tempat wisata sejarah",2026-10-09T04:37:55.480504+00:00
Benteng Portugis,"Kabupaten Jepara, Jawa Tengah",Benteng,ChIJW56p5LwwcS4RvsSX6EAckpA,Portuguese Fortress,"Donorejo, Banyumanis, Kec. Donorojo, Kabupaten Jepara, Jawa Tengah 59454, Indonesia",4.2,3446.0,https://maps.google.com/?cid=10417419953167123646&g_mp=CiVnb29nbGUubWFwcy5wbGFjZXMudjEuUGxhY2VzLkdldFBsYWNlEAIYBCAA,-6.4061075,110.9166981,SUCCESS,FIRST_RESULT,2026-09-25T07:33:59.984261+00:00,,,Benteng Portugis (Jepara),https://id.wikipedia.org/wiki/Benteng_Portugis_(Jepara),0.7584009300544581,SIMILARITY_MATCH,"Benteng Portugis adalah salah satu objek wisata andalan di Jepara. Benteng Portugis yang terletak di Desa Banyumanis Kecamatan Donorojo atau 45 km di sebelah timur laut Kota Jepara. Untuk mencapainya tersedia sarana jalan aspal berbatu dan hanya dapat dicapai menggunakan kendaraan pribadi karena tidak ada rute transportasi umum ke situs sejarah ini.
Dilihat dari sisi geografis benteng ini tampak sangat strategis untuk kepentingan militer khususnya zaman dahulu yang kemampuan tembakan meriamnya terbatas 2 s/d 3 km saja. Benteng ini dibangun di atas sebuah bukit batu di pinggir laut dan persis di depannya terhampar Pulau mondoliko, sehingga praktis selat yang ada di depan benteng ini berada di bawah kendali Meriam Benteng sehingga akan berpengaruh pada pelayaran kapal dari Jepara ke Indonesia bagian timur atau sebaliknya.",2026-10-09T04:37:55.742974+00:00
Benteng Voc,"Kabupaten Jepara, Jawa Tengah",Benteng,ChIJIQntpDQfcS4R7y46R-AXFRk,VOC Erfgoedpad-Oud Fort Japara,"CM78+MC7, Ujungbatu V, Ujungbatu, Kec. Jepara, Kabupaten Jepara, Jawa Tengah 59416, Indonesia",5.0,4.0,https://maps.google.com/?cid=1807377077494230767&g_mp=CiVnb29nbGUubWFwcy5wbGFjZXMudjEuUGxhY2VzLkdldFBsYWNlEAIYBCAA,-6.5858306,110.6660366,SUCCESS,FIRST_RESULT,2026-09-25T07:34:00.503205+00:00,,,Benteng VOC (Jepara),https://id.wikipedia.org/wiki/Benteng_VOC_(Jepara),0.590554646007695,SIMILARITY_MATCH,"Benteng VOC Jepara, juga dikenal sebagai Fort Japara (XVI) dan Loji Gunung, adalah sebuah benteng peninggalan VOC yang berdiri di Kabupaten Jepara, Jawa Tengah. Benteng ini merupakan bagian dari kawasan yang terdiri dari benteng itu sendiri, kompleks permakaman (yang diantaranya adalah Taman Makam Pahlawan Giri Dharma), dan stebuah hutan buah. Benteng ini diperkirakan berdiri pada abad ke-17 dan ditinggalkan pada awal abad ke-18 karena faktor keamanan.
Pada September 2013, Balai Pelestarian Cagar Budaya (BPCB) Yogyakarta melakukan pemugaran dan perawatan terhadap benteng ini. Penataan terhadap benteng ini dilakukan setiap tahunnya oleh Pemerintah Kabupaten Jepara sejak tahun 2014, yang setidaknya masih dilakukan pada 2019.",2026-10-09T04:37:56.006278+00:00
Benteng Pendem Purworejo,"Kabupaten Purworejo, Jawa Tengah",Benteng,ChIJ4XVhqHnmei4RLwYXBN8gs94,Wisata Benteng Pendem,"Dusun Kalimaro, 523R+GPX, Dusun I, Bapangsari, Kec. Bagelen, Kabupaten Purworejo, Jawa Tengah 54174, Indonesia",4.3,84.0,https://maps.google.com/?cid=16047206039469622831&g_mp=CiVnb29nbGUubWFwcy5wbGFjZXMudjEuUGxhY2VzLkdldFBsYWNlEAIYBCAA,-7.8461402,110.0418614,SUCCESS,FIRST_RESULT,2026-09-25T07:34:01.280587+00:00,,,Benteng Pendem Cilacap,https://id.wikipedia.org/wiki/Benteng_Pendem_Cilacap,0.6488306696659338,SIMILARITY_MATCH,"Benteng Pendem Cilacap (bahasa Belanda: Kustbatterij op de Landtong te Tjilatjap), merupakan benteng pertahanan peninggalan pemerintah Hindia Belanda yang terletak di tepi pantai Cilacap, Jawa Tengah. Benteng Pendem bersebelahan dengan objek wisata Teluk Penyu dan dibangun pada tahun 1861 dan selasai tahun 1879 dengan luas wilayah 10,5 ha. Benteng ini kemudian ditemukan dan mulai digali pemerintah Cilacap tahun 1986. Saat ini, pemerintah Kabupaten Cilacap menjadikan benteng ini sebagai tempat wisata sejarah",2026-10-09T04:37:56.272266+00:00
Benteng Williem Ii,"Kabupaten Semarang, Jawa Tengah",Benteng,ChIJ3W4nzqKIcC4R8GLSrj6g6B8,Benteng Williem II,"Benteng Williem II, Jl. Diponegoro, Dliwang, Ungaran, Kec. Ungaran Bar., Kabupaten Semarang, Jawa Tengah 50511, Indonesia",,,https://maps.google.com/?cid=2299263800854078192&g_mp=CiVnb29nbGUubWFwcy5wbGFjZXMudjEuUGxhY2VzLkdldFBsYWNlEAIYBCAA,-7.1291506,110.4045521,SUCCESS,FIRST_RESULT,2026-09-25T07:34:02.007595+00:00,,,Benteng Willem II Ungaran,https://id.wikipedia.org/wiki/Benteng_Willem_II_Ungaran,0.6129453783504263,SIMILARITY_MATCH,"Benteng Willem II Ungaran (dikenal secara lokal sebagai Benteng Ungaran atau Benteng Diponegoro) adalah sebuah benteng pada akhir abad ke-18 yang dibangun oleh Belanda di Ungaran, Kabupaten Semarang, Jawa Tengah, Indonesia. Tujuan utamanya adalah untuk mengendalikan jalur perdagangan penting antara Semarang dan Yogyakarta. Benteng ini merupakan tempat di mana Pangeran Diponegoro dipenjara sambil menunggu pengadilan di Batavia dan selanjutnya diasingkan ke Makassar. Benteng ini saat ini digunakan sebagai asrama bagi keluarga anggota kepolisian Indonesia.",2026-10-09T04:37:56.531531+00:00
Benteng Kuta Asan,"Kabupaten Pidie, Aceh",Benteng,ChIJk4ggLcXsQDARd4IWUpKU4CA,Stadion Kuta Asan,"9XH2+2JQ, Gampong Asan, Kota Sigli, Pidie Regency, Aceh 24112, Indonesia",4.0,95.0,https://maps.google.com/?cid=2369056760160223863&g_mp=CiVnb29nbGUubWFwcy5wbGFjZXMudjEuUGxhY2VzLkdldFBsYWNlEAIYBCAA,5.3775802,95.9516113,SUCCESS,FIRST_RESULT,2026-09-25T07:34:02.773142+00:00,,,Benteng Kuta Asan,https://id.wikipedia.org/wiki/Benteng_Kuta_Asan,1.0,EXACT_MATCH,Benteng Kuta Asan merupakan saksi bisu perjuangan Aceh sejak abad ke-15. Kuta Asan dulunya adalah pelabuhan kecil di kota Leupon tanah endapan sungai dan pasang laut yang kini dikenal dengan nama kota Sigli. Benteng ini dibangun dengan tangan kosong para rakyat Aceh untuk menghadang para penjajah dan pasukan Portugis dari pesisir Aceh.,2026-10-09T04:37:56.787663+00:00
Benteng Sisa Peninggalan Mataram Kuno,"Kabupaten Temanggung, Jawa Tengah",Benteng,ChIJiWFj3B5Xei4RZgVGv2_pJBE,"Oud Kotagêdé , Tjepoeri - Ruïnes van het Koninklijke Fort Mataram","599X+FHC, Jl. Masjid Besar, Purbayan, Kec. Kotagede, Kota Yogyakarta, Daerah Istimewa Yogyakarta 55192, Indonesia",4.5,50.0,https://maps.google.com/?cid=1235368863966037350&g_mp=CiVnb29nbGUubWFwcy5wbGFjZXMudjEuUGxhY2VzLkdldFBsYWNlEAIYBCAA,-7.8313104,110.3989003,SUCCESS,FIRST_RESULT,2026-09-25T07:34:03.276470+00:00,,,Jawa Tengah,https://id.wikipedia.org/wiki/Jawa_Tengah,0.1312467436818558,SIMILARITY_MATCH,"Jawa Tengah (diakronimkan sebagai Jateng) adalah provinsi yang terletak di bagian tengah Pulau Jawa, Indonesia. Provinsi ini beribukota di Kota Semarang. Penduduk Provinsi Jawa Tengah berdasarkan Badan Pusat Statistik tahun 2021 berjumlah 37.516.035 jiwa, dan sebanyak 38.748.326 jiwa pada 30 Juni 2026.
Provinsi ini berbatasan dengan Provinsi Jawa Barat di sebelah barat, Samudra Hindia beserta Daerah Istimewa Yogyakarta di sebelah selatan, Provinsi Jawa Timur di sebelah timur dan Laut Jawa di sebelah utara. Luas total wilayahnya 32.800,69 km², atau sekitar 28,94% dari luas pulau Jawa. Provinsi Jawa Tengah juga meliputi Pulau Nusakambangan di sebelah selatan (dekat dengan perbatasan Jawa Barat), serta Kepulauan Karimun Jawa di Laut Jawa.
Pengertian Jawa Tengah secara geografis dan budaya juga mencakup wilayah Daerah Istimewa Yogyakarta secara de facto, yang masih satu teritorial dengan Provinsi Jawa Tengah. Provinsi Jawa Tengah bagian tengah dikenal sebagai pusat budaya Jawa. Meskipun demikian di provinsi ini ada pula suku bangsa lain yang memiliki budaya yang berbeda dengan suku Jawa seperti suku Sunda di daerah perbatasan dengan Jawa Barat, sebagian kecil masyarakat Brebes dan Cilacap. Selain itu ada pula warga Tionghoa-Indonesia, Arab-Indonesia dan India-Indonesia sebagai pendatang yang tersebar di seluruh provinsi ini. Sejak tahun 2008, provinsi Jawa Tengah memiliki hubungan kembar dengan Provinsi Fujian di Tiongkok.",2026-10-09T04:37:57.039938+00:00
Benteng Tolukko,"Kota Ternate, Maluku Utara",Benteng,ChIJxa4k4oOxnDIRiAENh5akZG8,Benteng Portugis Tolukko,"R97Q+J55, Jl. Pemuda, Sangaji Utara, Kec. Kota Ternate Utara, Kota Ternate, Maluku Utara, Indonesia",4.5,1149.0,https://maps.google.com/?cid=8026721402298892680&g_mp=CiVnb29nbGUubWFwcy5wbGFjZXMudjEuUGxhY2VzLkdldFBsYWNlEAIYBCAA,0.8140206999999999,127.387989,SUCCESS,FIRST_RESULT,2026-09-25T07:34:03.937051+00:00,,,Benteng Tolukko,https://id.wikipedia.org/wiki/Benteng_Tolukko,1.0000000000000002,EXACT_MATCH,"Benteng Tolukko adalah benteng peninggalan Portugis yang berada di Kelurahan Sangaji, Kecamatan Ternate Utara, Kota Ternate, Maluku Utara, Indonesia. Benteng Tolukko dibangun pada tahun 1522. Benteng ini dibangun Portugis untuk mencoba mengusir Belanda dari pulau Benteng ini diambil alih oleh Belanda pada tahun 1612 dan direnovasi oleh Pieter Both. Pada tahun 1864, oleh Residen P. van der Crab, benteng Tolukko dikosongkan karena sebagian bangunannya telah rusak. Pemerintah Republik Indonesia memugar benteng ini pada tahun 1996–1997.",2026-10-09T04:37:57.300163+00:00
Benteng Bernaveld Amasing,"Kabupaten Halmahera Selatan, Maluku Utara",Benteng,ChIJL_1-1I46Yy0R7FFE3PXLAno,Benteng Barnaveld,"9FGJ+8PV Benteng Barnaveld, Labuha, Kec. Bacan, Kabupaten Halmahera Selatan, Maluku Utara, Indonesia",,,https://maps.google.com/?cid=8791813679403520492&g_mp=CiVnb29nbGUubWFwcy5wbGFjZXMudjEuUGxhY2VzLkdldFBsYWNlEAIYBCAA,-0.6241325999999999,127.4817266,SUCCESS,FIRST_RESULT,2026-09-25T07:34:04.678891+00:00,,,Benteng Barnaveld,https://id.wikipedia.org/wiki/Benteng_Barnaveld,0.9999999999999994,EXACT_MATCH,"Benteng Barneveld merupakan bangunan cagar budaya yang terletak di Labuha, Pulau Bacan, Kabupaten Halmahera Selatan, Maluku Utara. Benteng ini tercatat sebagai cagar budaya peringkat nasional berdasarkan Keputusan Menteri Kebudayaan dan Pariwisata. Benteng Barneveld juga memiliki pintu gerbang utama berbentuk lengkung yang mengarah ke Sungai Amasing. Kawasan di sekitar benteng berada dekat dengan garis pantai. Perubahan garis pantai akibat proses sedimentasi kemudian menyebabkan posisi benteng kini berada di tengah kawasan permukiman Labuha.",2026-10-09T04:37:57.552007+00:00
Benteng Kubu Parit,"Kabupaten Lingga, Kepulauan Riau",Benteng,ChIJSfDg6UpqJy4Rnp3DAAK2ado,Benteng Bukit Cening,"29872, Daik, Kecamatan Lingga, Merawang, Kec. Lingga, Kabupaten Lingga, Kepulauan Riau 29872, Indonesia",4.8,23.0,https://maps.google.com/?cid=15738310492541918622&g_mp=CiVnb29nbGUubWFwcy5wbGFjZXMudjEuUGxhY2VzLkdldFBsYWNlEAIYBCAA,-0.2368458,104.6136185,SUCCESS,FIRST_RESULT,2026-09-25T07:34:05.405684+00:00,,,Benteng Bukit Cening,https://id.wikipedia.org/wiki/Benteng_Bukit_Cening,1.0000000000000002,EXACT_MATCH,"Benteng Bukit Cening adalah salah satu benteng yang berada di Desa Seranggung, Kecamatan Lingga, Kabupaten Lingga, Kepulauan Riau, Indonesia. Fungsi Benteng Bukit Cening adalah sebagai benteng pertahanan yang kedua setelah Benteng Pulau Mepar dan sebelum Benteng Kuala Daik. Luas benteng ini adalah 32 meter x 30 meter. Benteng Bukit Cening dibangun di atas bukit. Benteng Bukit Cening dibangun pada masa pemerintahan Sultan Mahmud Syah III. Ia adalah sultan yang memimpin Kesultanan Lingga pada tahun 1761 hingga tahun 1812. Ukuran Benteng Bukit Cening lebih besar dibandingkan kedua benteng pertahanan lainnya. Posisi Benteng Cening berdekatan dengan pesisir pantai. Nama benteng ini merupakan perwakilan dari lokasinya yang tinggi dengan menghadap ke arah laut. Benteng Bukit Cening digunakan untuk melindungi wilayah kekuasaan Kesultanan Lingga dari serangan Belanda. Benteng Bukit Cening dilengkapi dengan 19 meriam berukuran besar dan kecil. Masing-masing meriam diletakkan di atas batu beton dengan susunan yang rapi dan berjejer. Bagian dinding Benteng Bukit Cening setebal 4 meter dengan ketinggian 1-1,5 meter. Sekeliling Benteng Bukit Cening dijadikan sebagai parit pertahanan.",2026-10-09T04:37:57.803737+00:00
Benteng Mepar Berbentuk Segi Empat,"Kabupaten Lingga, Kepulauan Riau",Benteng,ChIJ543AkAxrJy4R8Hh8-is1aMk,Benteng Lekok,"PHRR+G75, Mepar, Lingga, Lingga Regency, Riau Islands, Indonesia",4.4,33.0,https://maps.google.com/?cid=14512908262203750640&g_mp=CiVnb29nbGUubWFwcy5wbGFjZXMudjEuUGxhY2VzLkdldFBsYWNlEAIYBCAA,-0.2587405,104.5907339,SUCCESS,FIRST_RESULT,2026-09-25T07:34:06.133596+00:00,,,Benteng Pulau Mepar,https://id.wikipedia.org/wiki/Benteng_Pulau_Mepar,0.5417644668744337,SIMILARITY_MATCH,"Benteng Pulau Mepar merupakan sebuah benteng yang berada di Desa Mepar, Kecamatan Lingga, Kabupaten Lingga.  Dinas Kebudayaan dan Pariwisata Kabupaten Lingga mendaftarkan Benteng Pulau Mepar sebagai cagar budaya Indonesia ke Kementerian Pendidikan dan Kebudayaan pada tanggal 19 Oktober 2016. Proses verifikasi dilakukan oleh Balai Pelestarian Cagar Budaya Sumatera Barat pada tanggal 11 Desember 2017. Benteng Pulau Mepar berada di Pulau Mepar. Letaknya sekitar 1 kilometer dari arah selatan Tanjung Butung. Lokasinya termasuk ke dalam Posisi benteng mengarah ke laut lepas. Di dalam benteng terdapat lima bangunan dan dua sumur. Bangunan pertama terletak di bagian timur Pulau Mepar yang merupakan bukit. Bangunan tersebut berukuran 25 meter × 23 meter dengan ketebalan dinding 2,5 meter dengan ketinggian 1­1,5 meter. Bangunan kedua berada di bagian tenggara Pulau Mepar. Sekeliling bangunan ada parit. Bangunan kedua mempunyai dua bagian menyerupai selekoh selebar 2­3 meter. Bangunan ketiga dan keempat berukuran sekitar 300 meter persegi dan berbentuk segi empat. Bangunan kelima berada di bagian selatan pulau. Luasnya sekitar 150 meter persegi dengan bentuk segitiga. Seluruh bangunan sudah dalam keadaan rusak. Benteng Pulau Mepar mempunyai banyak meriam. Penduduk setempat memindahkan meriam ke pemukiman penduduk di bagian utara Pulau Mepar. Benteng di Pulau Mepar merupakan benteng pertahanan yang paling terdepan untuk memasuki Istana Daik. Petugas yang mengawasi Benteng Pulau Mepar dipilih secara turun-temurun dari keturunan Datuk Kaya. Ia merupakan keturunan dari Megat Mata Merah.",2026-10-09T04:37:58.069857+00:00
Benteng Kuala Daik,"Kabupaten Lingga, Kepulauan Riau",Benteng,ChIJC-S7VSNqJy4RXXUhK8I6Wrg,Benteng Kuala Daik,"QJFH+HWC, Daik, Lingga, Lingga Regency, Riau Islands 29872, Indonesia",4.1,7.0,https://maps.google.com/?cid=13283994656504378717&g_mp=CiVnb29nbGUubWFwcy5wbGFjZXMudjEuUGxhY2VzLkdldFBsYWNlEAIYBCAA,-0.2260717,104.6297517,SUCCESS,FIRST_RESULT,2026-09-25T07:34:06.849536+00:00,,,Benteng Bukit Cening,https://id.wikipedia.org/wiki/Benteng_Bukit_Cening,0.37987899730586544,SIMILARITY_MATCH,"Benteng Bukit Cening adalah salah satu benteng yang berada di Desa Seranggung, Kecamatan Lingga, Kabupaten Lingga, Kepulauan Riau, Indonesia. Fungsi Benteng Bukit Cening adalah sebagai benteng pertahanan yang kedua setelah Benteng Pulau Mepar dan sebelum Benteng Kuala Daik. Luas benteng ini adalah 32 meter x 30 meter. Benteng Bukit Cening dibangun di atas bukit. Benteng Bukit Cening dibangun pada masa pemerintahan Sultan Mahmud Syah III. Ia adalah sultan yang memimpin Kesultanan Lingga pada tahun 1761 hingga tahun 1812. Ukuran Benteng Bukit Cening lebih besar dibandingkan kedua benteng pertahanan lainnya. Posisi Benteng Cening berdekatan dengan pesisir pantai. Nama benteng ini merupakan perwakilan dari lokasinya yang tinggi dengan menghadap ke arah laut. Benteng Bukit Cening digunakan untuk melindungi wilayah kekuasaan Kesultanan Lingga dari serangan Belanda. Benteng Bukit Cening dilengkapi dengan 19 meriam berukuran besar dan kecil. Masing-masing meriam diletakkan di atas batu beton dengan susunan yang rapi dan berjejer. Bagian dinding Benteng Bukit Cening setebal 4 meter dengan ketinggian 1-1,5 meter. Sekeliling Benteng Bukit Cening dijadikan sebagai parit pertahanan.",2026-10-09T04:37:58.332998+00:00
Benteng Tanjung Cengkeh,"Kabupaten Lingga, Kepulauan Riau",Benteng,ChIJ_dbvHMttJy4R3QGtyzNVd9s,Benteng Tanjung Cengkeh,"PGMQ+V23, Lingga Regency, Riau Islands 29872, Indonesia",,,https://maps.google.com/?cid=15814202297483592157&g_mp=CiVnb29nbGUubWFwcy5wbGFjZXMudjEuUGxhY2VzLkdldFBsYWNlEAIYBCAA,-0.2653596,104.5375331,SUCCESS,FIRST_RESULT,2026-09-25T07:34:07.533005+00:00,,,Kota Binjai,https://id.wikipedia.org/wiki/Kota_Binjai,0.03709831249678745,SIMILARITY_MATCH,"Kota Binjai (Abjad Jawi: كوتا بينجاي; Surat Batak: ᯂᯬᯖ ᯅᯪᯉ᯲ᯐᯀᯪ) adalah salah satu kota di Provinsi Sumatera Utara, Indonesia. Kota Binjai terletak sekitar 22 km di sebelah barat ibu kota Provinsi Sumatera Utara, yaitu Kota Medan. Sebelum berstatus kota, Binjai adalah ibu kota Kabupaten Langkat yang kemudian dipindahkan ke Kecamatan Stabat. Kota Binjai berbatasan langsung dengan Kabupaten Langkat di sebelah barat dan utara serta Kabupaten Deli Serdang di sebelah timur dan selatan. Jumlah penduduk Kota Binjai sebanyak 279.302 jiwa pada tahun 2021, dengan kepadatan 3.095 jiwa/km², dan pada akhir tahun 2024 sebanyak 315.609 jiwa.
Kota Binjai merupakan salah satu daerah dalam proyek pembangunan Mebidangro yang meliputi kawasan Kota Medan, Kota Binjai, Kabupaten Deli Serdang, dan Kabupaten Karo. Saat ini, Kota Binjai dan Kota Medan dihubungkan oleh Jalan Raya Lintas Sumatera yang menghubungkan antara Kota Medan dan Kota Banda Aceh. Oleh karena ini, Kota Binjai terletak di daerah strategis di mana merupakan pintu gerbang Kota Medan ditinjau dari Provinsi Aceh.
Kota Binjai sejak lama dijuluki sebagai kota rambutan karena rambutan binjai memang sangat terkenal. Bibit rambutan asal Kota Binjai ini telah tersebar dan dibudidayakan di berbagai tempat di Indonesia seperti Blitar, Jawa Timur menjadi komoditas unggulan daerah tersebut.",2026-10-09T04:37:58.620488+00:00
Benteng Oranje,"Kota Ternate, Maluku Utara",Benteng,ChIJ-d9shV6xnDIRp4CbXewWtv8,Fort Oranje,"Benteng oranje, Kec. Ternate Tengah, Kota Ternate, Maluku Utara, Indonesia",4.4,1283.0,https://maps.google.com/?cid=18425940129871528103&g_mp=CiVnb29nbGUubWFwcy5wbGFjZXMudjEuUGxhY2VzLkdldFBsYWNlEAIYBCAA,0.7928982,127.3874108,SUCCESS,FIRST_RESULT,2026-09-25T07:34:08.245207+00:00,,,Benteng Oranje,https://id.wikipedia.org/wiki/Benteng_Oranje,1.0000000000000002,EXACT_MATCH,"Benteng Oranje adalah benteng yang dulunya ditinggali Bangsa Portugis dan Belanda, sebagai penanda kekuasaan bangsa tersebut untuk menguasai cengkeh dan hasil alam lainnya dari Ternate. Di sekitar kawasan Benteng Oranje terdapat permukiman yang secara historis dihuni oleh komunitas pedagang dari Tiongkok, Arab, Melayu, dan Makassar. Di dalam benteng terdapat bangunan dengan langgam arsitektur Indis, sedangkan kawasan di luar benteng pada awalnya memiliki ruang terbuka dengan vegetasi.
Setelah kemerdekaan Indonesia, kawasan Benteng Oranje digunakan oleh Tentara Nasional Indonesia Angkatan Darat (TNI AD) dan Kepolisian Negara Republik Indonesia untuk berbagai fungsi, antara lain perkantoran, perumahan, dan rumah sakit. Perkembangan Kota Ternate kemudian memengaruhi perubahan fungsi dan tata ruang di sekitar kawasan benteng. Perluasan permukiman dan kegiatan komersial menyebabkan perubahan pada ruang terbuka serta berkurangnya vegetasi di sekitar benteng.
Sebuah penelitian mengenai kawasan Benteng Oranje mengidentifikasi perubahan pada karakter fisik bangunan dan lingkungan di dalam maupun di luar benteng. Di dalam benteng, perubahan terjadi pada tampilan bangunan dan tata ruang. Sementara itu, kawasan di luar benteng mengalami perubahan tata ruang dan pemanfaatan lahan, termasuk perubahan ruang terbuka di sekitar benteng menjadi kawasan permukiman.",2026-10-09T04:37:58.890300+00:00
Benteng Pertahanan Belanda,"Kabupaten Bengkayang, Kalimantan Barat",Benteng,ChIJaZe9I_U54zER-Rg-0oAPc54,BENTENG VANDERING BENGKAYANG,"Dekat, Q8VP+CW4, Jl. Raya Singkawang-Bengkayang, Suka Maju, Kec. Sungai Betung, Kabupaten Bengkayang, Kalimantan Barat 79211, Indonesia",4.9,16.0,https://maps.google.com/?cid=11417486526271854841&g_mp=CiVnb29nbGUubWFwcy5wbGFjZXMudjEuUGxhY2VzLkdldFBsYWNlEAIYBCAA,0.7935249,109.3373316,SUCCESS,FIRST_RESULT,2026-09-25T07:34:08.981967+00:00,,,Benteng Van den Bosch,https://id.wikipedia.org/wiki/Benteng_Van_den_Bosch,0.30333803190824843,SIMILARITY_MATCH,"Benteng Van den Bosch, lebih dikenal sebagai Benteng Pendem adalah sebuah benteng yang terletak di Kelurahan Pelem, Kecamatan Ngawi Kota, Ngawi. Benteng ini memiliki ukuran bangunan 165 m x 80 m dengan luas tanah 15 Ha. Lokasinya mudah dijangkau yakni dari Kantor Pemerintah Kabupaten Ngawi +/- 1,5 Km arah timur laut. Letak benteng ini sangat strategis karena berada di dekat muara sungai Bengawan Madiun yang bermuara ke sungai Bengawan Solo. Benteng ini dulu sengaja dibuat lebih rendah dari tanah sekitar yang dikelilingi oleh tanah tinggi sehingga terlihat dari luar terpendam.",2026-10-09T04:37:59.147638+00:00
Benteng Voc Kalimook,"Kabupaten Sumenep, Jawa Timur",Benteng,ChIJuQM77ofk2S0Rjm--ZQdT4jg,Benteng Kalimo'ok,"Jl. Bereklorong, Bereklorong, Kalimo'ok, Kec. Kalianget, Kabupaten Sumenep, Jawa Timur 69471, Indonesia",4.0,70.0,https://maps.google.com/?cid=4098929902097428366&g_mp=CiVnb29nbGUubWFwcy5wbGFjZXMudjEuUGxhY2VzLkdldFBsYWNlEAIYBCAA,-7.034858700000001,113.9069923,SUCCESS,FIRST_RESULT,2026-09-25T07:34:09.695844+00:00,,,Benteng VOC Kalimo'ok,https://id.wikipedia.org/wiki/Benteng_VOC_Kalimo%27ok,0.871904826182506,SIMILARITY_MATCH,"Benteng VOC Kalimo'ok adalah salah satu bangunan cagar budaya yang dilindungi oleh BP3 Trowulan Jawa Timur. Benteng ini merupakan satu-satunya bangunan benteng yang ada di Pulau Madura. Posisi benteng ini berada jauh dari Pelabuhan Kalianget dan juga pusat kota, kira-kira 4 km dari pelabuhan Kalianget dan 7 km dari keraton Sumenep, atau 1 km dari Bandar Udara Trunojoyo",2026-10-09T04:37:59.401231+00:00
Benteng Lodewijk Mengare,"Kabupaten Gresik, Jawa Timur",Benteng,ChIJ34-F5G0I2C0RXoey9rP44cQ,Fort Lodewijk Ruins,"Tajung Widoro, XJJX+3MX, Bungah, Tajung Widoro, Tj. Widoro, Gresik, Kabupaten Gresik, Jawa Timur 61152, Indonesia",4.1,104.0,https://maps.google.com/?cid=14186893753015502686&g_mp=CiVnb29nbGUubWFwcy5wbGFjZXMudjEuUGxhY2VzLkdldFBsYWNlEAIYBCAA,-7.0197512,112.6492458,SUCCESS,FIRST_RESULT,2026-09-25T07:34:10.417975+00:00,,,Mengare,https://id.wikipedia.org/wiki/Mengare,0.55056349296932,SIMILARITY_MATCH,"Mengare adalah sebuah pulau kecil yang berada di baratdaya Kabupaten Gresik, dan secara administratif masuk ke dalam wilayah kecamatan Bungah.
Pulau Mengare ini dulunya berada di delta Bengawan Solo lama, sebelum pada akhirnya pemerintah Hindia Belanda membuat terusan/kanal sepanjang 12km di tahun 1890 untuk mengubah aliran Bengawan Solo agar tidak lagi bermuara di Selat Madura namun di Laut Jawa. Pembuatan kanal ini dilakukan agar tidak terjadi sedimentasi berlebihan di Selat Madura yang pada akhirnya akan mengganggu arus kapal di pelabuhan Tanjung Perak, Surabaya.
Penduduk Mengare banyak yang berprofesi sebagai nelayan dan petambak, terutama tambak Bandeng. Ikan bandeng hasil budidaya warga Mengare kerap menjadi pemenang dalam lelang bandeng kawak yang diselenggarakan dalam even Pasar Bandeng, sebuah even tradisional yang diselenggarakan Pemerintah Kabupaten Gresik sehari sebelum hari raya Idul Fitri.",2026-10-09T04:37:59.670851+00:00
Benteng Tjakraningrat Iv Tanjoeng Piring,"Kabupaten Bangkalan, Jawa Timur",Benteng,ChIJk_MOr8EF2C0R1bXfCQGgLGk,Cakraningrat Museum,"Jl. Soekarno Hatta No.35, Wr 08, Mlajah, Kec. Bangkalan, Kabupaten Bangkalan, Jawa Timur 69116, Indonesia",4.1,80.0,https://maps.google.com/?cid=7578608199278769621&g_mp=CiVnb29nbGUubWFwcy5wbGFjZXMudjEuUGxhY2VzLkdldFBsYWNlEAIYBCAA,-7.0485531,112.7354412,SUCCESS,FIRST_RESULT,2026-09-25T07:34:11.129813+00:00,,,Museum Cakraningrat,https://id.wikipedia.org/wiki/Museum_Cakraningrat,1.0000000000000002,SIMILARITY_MATCH,"Museum Cakraningrat adalah museum yang terletak di Jalan Soekarno Hatta No. 39 A, Kabupaten Bangkalan, Pulau Madura. Museum ini didirikan pada tahun 2007 oleh Gubernur Jawa Timur, Bapak Imam Utomo. Museum ini diresmikan pada tanggal 13 Maret 2008. Nama Museum Cakraningrat digunakan untuk mengenang dan menghormati jasa dan kebesaran Pangeran Cakraningrat. Pada awal berdiri, benda-benda koleksi museum ini berpindah-pindah tempat dan berganti nama tempatnya. Pada tanggal 13 Maret 2008 Pemerintah Kabupaten Bangkalan mulai antusias memperhatikan peninggalan-peninggalan bersejarah yang ada di Kabupaten Bangkalan sehingga dibangun bangunan gedung museum baru dengan nama Museum Cakraningrat.",2026-10-09T04:37:59.934936+00:00
Benteng Erfprins,"Kabupaten Bangkalan, Jawa Timur",Benteng,ChIJ2Tw4S30P2C0RJdmm2iFukYU,Fort Bangkalan,"XQG2+7C6, Pejagan, Kec. Bangkalan, Kabupaten Bangkalan, Jawa Timur 69112, Indonesia",4.1,46.0,https://maps.google.com/?cid=9624594970348804389&g_mp=CiVnb29nbGUubWFwcy5wbGFjZXMudjEuUGxhY2VzLkdldFBsYWNlEAIYBCAA,-7.0243478,112.7510153,SUCCESS,FIRST_RESULT,2026-09-25T07:34:11.824057+00:00,,,Kabupaten Bangkalan,https://id.wikipedia.org/wiki/Kabupaten_Bangkalan,0.5172951311805813,SIMILARITY_MATCH,"Kabupaten Bangkalan (Pèghu: بّۤاڠكالان, Hanacaraka: ꦧꦁꦏꦭꦤ꧀, pelafalan dalam bahasa Indonesia: [ˈbaŋːkalan]) adalah sebuah wilayah kabupaten yang terletak di Pulau Madura, Provinsi Jawa Timur, Indonesia. Ibu kotanya adalah Kecamatan Bangkalan. Kabupaten ini terletak di ujung paling barat Pulau Madura; berbatasan dengan Laut Jawa di utara, Kabupaten Sampang di timur serta Selat Madura di selatan dan barat.
Pelabuhan Kamal merupakan pintu gerbang Madura dari Jawa, serta terdapat layanan kapal feri yang menghubungkan Madura dengan Surabaya (Pelabuhan Ujung). Saat ini telah beroperasi Jembatan Suramadu (Surabaya-Madura) yang merupakan jembatan terpanjang di Indonesia. Kabupaten Bangkalan merupakan salah satu wilayah yang masuk dalam kawasan metropolitan Surabaya, yaitu Gerbangkertosusila.
Kabupaten Bangkalan terdiri atas 18 kecamatan yang dibagi lagi atas sejumlah 273 desa dan 8 kelurahan. Pusat pemerintahannya berada di Kecamatan Bangkalan.
Sejak diresmikannya Jembatan Suramadu, Kabupaten Bangkalan menjadi gerbang utama Pulau Madura serta menjadi salah satu destinasi wisata pilihan di Jawa Timur, baik dari keindahan alamnya (Bukit Jaddih, Gunung Geger, Pemandian Sumber Bening -Langkap–Modung dsb); budaya (Karapan sapi, dsb), serta wisata kuliner di antaranya adalah nasi bebek khas Madura.",2026-10-09T04:38:00.210484+00:00
Benteng Bukit Cening,"Kabupaten Lingga, Kepulauan Riau",Benteng,ChIJSfDg6UpqJy4Rnp3DAAK2ado,Benteng Bukit Cening,"29872, Daik, Kecamatan Lingga, Merawang, Kec. Lingga, Kabupaten Lingga, Kepulauan Riau 29872, Indonesia",4.8,23.0,https://maps.google.com/?cid=15738310492541918622&g_mp=CiVnb29nbGUubWFwcy5wbGFjZXMudjEuUGxhY2VzLkdldFBsYWNlEAIYBCAA,-0.2368458,104.6136185,SUCCESS,FIRST_RESULT,2026-09-25T07:34:12.470453+00:00,,,Benteng Bukit Cening,https://id.wikipedia.org/wiki/Benteng_Bukit_Cening,1.0,EXACT_MATCH,"Benteng Bukit Cening adalah salah satu benteng yang berada di Desa Seranggung, Kecamatan Lingga, Kabupaten Lingga, Kepulauan Riau, Indonesia. Fungsi Benteng Bukit Cening adalah sebagai benteng pertahanan yang kedua setelah Benteng Pulau Mepar dan sebelum Benteng Kuala Daik. Luas benteng ini adalah 32 meter x 30 meter. Benteng Bukit Cening dibangun di atas bukit. Benteng Bukit Cening dibangun pada masa pemerintahan Sultan Mahmud Syah III. Ia adalah sultan yang memimpin Kesultanan Lingga pada tahun 1761 hingga tahun 1812. Ukuran Benteng Bukit Cening lebih besar dibandingkan kedua benteng pertahanan lainnya. Posisi Benteng Cening berdekatan dengan pesisir pantai. Nama benteng ini merupakan perwakilan dari lokasinya yang tinggi dengan menghadap ke arah laut. Benteng Bukit Cening digunakan untuk melindungi wilayah kekuasaan Kesultanan Lingga dari serangan Belanda. Benteng Bukit Cening dilengkapi dengan 19 meriam berukuran besar dan kecil. Masing-masing meriam diletakkan di atas batu beton dengan susunan yang rapi dan berjejer. Bagian dinding Benteng Bukit Cening setebal 4 meter dengan ketinggian 1-1,5 meter. Sekeliling Benteng Bukit Cening dijadikan sebagai parit pertahanan.",2026-10-09T04:38:00.470957+00:00
Keraton Matan Tanjungpura,"Kabupaten Ketapang, Kalimantan Barat",Istana,ChIJ347MbyQYBS4RAr1hKlBQIEU,Keraton Matan Kayong Ketapang,"4XQJ+89J, Mulia Kerta, Benua Kayong, Ketapang Regency, West Kalimantan 78821, Indonesia",4.5,638.0,https://maps.google.com/?cid=4981069493110422786&g_mp=CiVnb29nbGUubWFwcy5wbGFjZXMudjEuUGxhY2VzLkdldFBsYWNlEAIYBCAA,-1.8616618,109.9808834,SUCCESS,FIRST_RESULT,2026-09-25T07:34:13.209286+00:00,,,Kerajaan Tanjungpura,https://id.wikipedia.org/wiki/Kerajaan_Tanjungpura,0.66870409905622,SIMILARITY_MATCH,"Kerajaan Tanjungpura atau Tanjompura merupakan kerajaan tertua di Kalimantan Barat yang telah wujud sejak abad ke-8. Kerajaan ini mengalami beberapa kali perpindahan ibu kota kerajaan, pertama kali terletak di Negeri Baru (nama desa saat ini) Kabupaten Ketapang, kemudian pindah ke Sukadana (saat ini ibu kota Kabupaten Kayong Utara) pada abad ke-14 M, sejak Rajanya Sorgi (Giri Kesuma) memeluk Islam. Kerajaan Tanjungpura menjadi bukti bahwa peradaban negeri Tanah Kayong sudah cukup maju pada masa lampau. Tanjungpura pernah menjadi provinsi Kerajaan Singasari sebagai Bakulapura. Nama bakula berasal dari bahasa Sanskerta yang berarti tumbuhan tanjung (Mimusops elengi), sehingga setelah dimelayukan menjadi Tanjungpura. Sebagianan keturunan kerajaan ini tersebar dibeberapa wilayah karena pernikahan dll. Ada yang menempati di Mempawah, Pontianak dan beberapa kota lainnya. Menurut beberapa hasil telusuran, ada beberapa keturunan kerajaan ini yang melepas gelarnya dan tidak menggunakan gelar kerajaannya.",2026-10-09T04:38:00.731014+00:00
Istana Kuning Kesultanan Kutaringin,"Kabupaten Kotawaringin Barat, Kalimantan Tengah",Istana,ChIJU08Kj0LuCC4RDVkNOfMKCwM,Istana Kuning,"Raja, South Arut, West Kotawaringin Regency, Central Kalimantan 74112, Indonesia",4.4,2790.0,https://maps.google.com/?cid=219281046608107789&g_mp=CiVnb29nbGUubWFwcy5wbGFjZXMudjEuUGxhY2VzLkdldFBsYWNlEAIYBCAA,-2.6760267,111.6325632,SUCCESS,FIRST_RESULT,2026-09-25T07:34:13.962217+00:00,,,Istana Kuning,https://id.wikipedia.org/wiki/Istana_Kuning,0.9999999999999999,EXACT_MATCH,"Istana Kuning adalah sebuah istana Kerajaan pada masa Kesultanan Kutaringin yang saat ini berlokasi di Kabupaten Kotawaringin Barat, Provinsi Kalimantan Tengah, Indonesia. Lokasinya berada di tengah kota Pangkalan Bun dan bersebelahan dengan Lapangan Tugu. Istana Kuning terdiri dari empat bangunan yaitu: Bangsal (tempat penerimaan tamu kerajaan), Rumbang (tempat raja bersemedi), Dalem Kuning (pusat pemerintahan, dan tempat tinggal raja), dan Pedahiran (ruang makan kerajaan).
Pada tahun 1986 istana yang terkenal dengan pintu kerajaan berwarna kuning itu di bakar oleh seorang wanita gila bernama Draya dan tidak meninggalkan satu barang pun. Hingga saat ini, replika istana yang telah selesai di bangun kembali pada tahun 2000 masih setia menunggu kembali di isi oleh Ditjen Purbakala Departemen Kebudayaan dan Pariwisata di setiap ruangannya.
Istana Kuning memiliki daya tarik tersendiri yaitu warna kuning di mana bagi masyarakat Kotawaringin warna kuning ini adalah warna keramat. Istana Kuning telah menjadi kebanggaan dan menjadi destinasi wisata di Kalimantan Tengah. Wisatawan yang akan berkunjung ke Istana Kuning dapat menempuh perjalanan kurang lebih sembilan jam dari Kota Palangkaraya.",2026-10-09T04:38:00.991194+00:00
Keraton Kesultanan Sambaliung,"Kabupaten Berau, Kalimantan Timur",Istana,ChIJ-03ozaH1DTIRGnVEGkRKLx4,Keraton Sambaliung,"5G82+8GV, Jl. ST Aminuddin, Sambaliung, Kec. Sambaliung, Kabupaten Berau, Kalimantan Timur 77352, Indonesia",4.4,667.0,https://maps.google.com/?cid=2175038801402164506&g_mp=CiVnb29nbGUubWFwcy5wbGFjZXMudjEuUGxhY2VzLkdldFBsYWNlEAIYBCAA,2.1645396,117.4993949,SUCCESS,FIRST_RESULT,2026-09-25T07:34:14.274993+00:00,,,Kesultanan Sambaliung,https://id.wikipedia.org/wiki/Kesultanan_Sambaliung,0.8417656919074635,SIMILARITY_MATCH,"Kesultanan Sambaliung (sebelumnya bernama Kerajaan Tanjung) adalah kesultanan hasil dari pemecahan Kesultanan Berau, di mana Berau dipecah menjadi dua, yaitu Sambaliung dan Gunung Tabur pada sekitar tahun 1810-an. Sultan Sambaliung pertama adalah Sultan Alimuddin yang lebih dikenal dengan nama Raja Alam. Raja Alam adalah keturunan dari Baddit Dipattung atau yang lebih dikenal dengan Aji Suryanata Kesuma raja Berau pertama. Sampai dengan generasi ke-9, yakni Aji Dilayas. Aji Dilayas mempunyai dua anak yang berlainan ibu. Yang satu bernama Pangeran Tua dan satunya lagi bernama Pangeran Dipati.
Kemudian, kerajaan Berau diperintah secara bergantian antara keturunan Pangeran Tua dan Pangeran Dipati  (hal inilah yang membuat terjadinya perbedaan pendapat yang bahkan kadang-kadang menimbulkan insiden). Raja Alam adalah cucu dari Sultan Hasanuddin dan cicit dari Pangeran Tua, atau generasi ke-13 dari Aji Surya Nata Kesuma.
Raja Alam adalah sultan pertama di Tanjung Batu Putih, yang mendirikan ibu kota kerajaannya di Tanjung pada tahun 1810. (Tanjung Batu Putih kemudian menjadi kerajaan Sambaliung).",2026-10-09T04:38:01.262264+00:00
Keraton Kesultanan Ternate,"Kota Ternate, Maluku Utara",Istana,ChIJZVvaQGKxnDIRMHgFCLBLpb4,The Ternate Sultanate Museum and Palace,"Soa Sio, Kota Ternate Utara, Ternate City, North Maluku, Indonesia",4.5,994.0,https://maps.google.com/?cid=13737469457784469552&g_mp=CiVnb29nbGUubWFwcy5wbGFjZXMudjEuUGxhY2VzLkdldFBsYWNlEAIYBCAA,0.8004437,127.3840432,SUCCESS,FIRST_RESULT,2026-09-25T07:34:14.970195+00:00,,,Keraton Kesultanan Ternate,https://id.wikipedia.org/wiki/Keraton_Kesultanan_Ternate,0.9999999999999997,EXACT_MATCH,"Keraton Kesultanan Ternate adalah istana kediaman Sultan Ternate bergaya bangunan Abad 19, berlantai dua, menghadap ke arah laut dikelilingi perbentengan, terletak satu kompleks dengan Sigi Lamo (Mesjid Sultan Ternate). Di halaman samping kanan depan terdapat pintu gerbang yang disebut Ngara Upas.  Memasuki istana dari depan melalui dua buah tangga masing-masing beranak tangga 27 buah.  
Sesudah melewati tangga-tangga tersebut, ditemui beranda terbuka yang disebut balkon, selanjutnya ke ruang tamu melalui sebuah pintu yang disebut Hajral. Di atas pintu ini terdapat prasasti yang bertuliskan Arab, isinya menjelaskan tentang pendirian Kesultanan Ternate.  
Secara administratif kesultanan Ternate terletak di Soasio. Konon, mulai tahun 1981 keraton Ternate pernah dialihfungsikan menjadi Museum Memorial Kesultana Ternate, dengan menyimpan koleksi artefak yang berkaitan dengan eksistensi Kesultanan Ternate.",2026-10-09T04:38:01.522244+00:00
Istana Kesultanan Pelalawan,"Kabupaten Pelalawan, Riau",Istana,ChIJMciFXAB51jERodIICvw0YEc,Istana Sayap Pelalawan,"C3WV+7XG, Pelalawan, Pelalawan Regency, Riau 28353, Indonesia",5.0,1.0,https://maps.google.com/?cid=5143169031561859745&g_mp=CiVnb29nbGUubWFwcy5wbGFjZXMudjEuUGxhY2VzLkdldFBsYWNlEAIYBCAA,0.4456767,102.0949495,SUCCESS,FIRST_RESULT,2026-09-25T07:34:15.695401+00:00,,,Istana Sayap Pelalawan,https://id.wikipedia.org/wiki/Istana_Sayap_Pelalawan,0.9999999999999999,EXACT_MATCH,"Istana Sayap Pelalawan merupakan istana yang terletak di kabupaten Pelalawan, Riau. Istana ini juga dikenal dengan Istana Sayap atau Istana Pelalawan. Istana ini dibangun pada masa Pemerintah Sultan Assyaidi Syarif Hasim pada periode 1892 - 1930 M. bangun Istana Sayap tersebut memiliki luas 4.327 meter persegi dengan diapit oleh dua bangunan sayap kanan-kiri yang masing-masing mempunyai luas 103,5 meter persegi.",2026-10-09T04:38:01.795797+00:00
Istana Rokan,"Kabupaten Rokan Hulu, Riau",Istana,ChIJ2R4XwUTYKjARMLqkhcgys5g,Istana Raja Rokan قصر سلطنة ركان,"HC84+RR6, Rokan Koto Ruang, Rokan IV Koto, Rokan Hulu Regency, Riau 28555, Indonesia",4.4,156.0,https://maps.google.com/?cid=11003194151413266992&g_mp=CiVnb29nbGUubWFwcy5wbGFjZXMudjEuUGxhY2VzLkdldFBsYWNlEAIYBCAA,0.5670406,100.4070276,SUCCESS,FIRST_RESULT,2026-09-25T07:34:16.472407+00:00,,,Istana Rokan,https://id.wikipedia.org/wiki/Istana_Rokan,1.0000000000000004,EXACT_MATCH,"Istana Rokan adalah salah satu objek wisata sejarah yang telah ditetapkan sebagai cagar budaya yang terletak di daerah Rokan Hulu. Istana Rokan adalah peninggalan dari kesultanan ""Nagari Tuo"" berumur 200 tahun. Istana dan beberapa rumah penduduk sekitar memiliki koleksi ukiran dan bentuk bangunan lama khas Melayu (Rumah tinggi). Istana Rokan berlokasi di Luhak Rokan IV Koto, kecamatan Rokan IV Koto, Kabupaten Rokan Hulu, Provinsi Riau.",2026-10-09T04:38:02.053959+00:00
Istana Maimun,"Kota Medan, Sumatera Utara",Istana,ChIJWdQggUkwMTAR5FfxVEYJD8g,Istana Maimun,"Istana Maimun, A U R, Kec. Medan Maimun, Kota Medan, Sumatera Utara 20212, Indonesia",,,https://maps.google.com/?cid=14415751129913710564&g_mp=CiVnb29nbGUubWFwcy5wbGFjZXMudjEuUGxhY2VzLkdldFBsYWNlEAIYBCAA,3.5751606,98.6845138,SUCCESS,FIRST_RESULT,2026-09-25T07:34:17.168385+00:00,,,Istana Maimun,https://id.wikipedia.org/wiki/Istana_Maimun,1.0,EXACT_MATCH,"Istana Maimun atau Istana Maimoon adalah istana Kesultanan Deli yang merupakan salah satu ikon Kota Medan, Sumatera Utara. Istana ini terletak di Jalan Brigadir Jenderal Katamso, Aur, Medan Maimun.
Istana Maimun didesain oleh arsitek Capt. Theodoor van Erp, seorang tentara Hindia Belanda yang dibangun atas perintah Sultan Deli, Sultan Ma'moen Al Rasyid. Pembangunan istana ini dimulai dari 26 Agustus 1888 dan selesai pada 18 Mei 1891. Istana Maimun memiliki luas sebesar 2.772 m2 dan 30 ruangan. Istana Maimun terdiri dari 2 lantai dan memiliki 3 bagian yaitu bangunan induk, bangunan sayap kiri dan bangunan sayap kanan. Bangunan istana ini menghadap ke timur dan pada sisi depan terdapat bangunan Masjid Raya Al-Mashun.

Istana Maimun menjadi tujuan wisata bukan hanya karena usianya yang tua, tetapi juga desain interiornya yang unik, memadukan unsur-unsur warisan kebudayaan Melayu Deli, dengan gaya Islam, Spanyol, India, Belanda dan Italia. Namun sayang, tempat wisata ini tidak bebas dari kawasan Pedagang kaki lima.",2026-10-09T04:38:02.324006+00:00
Istana Mande Rubiah,"Kabupaten Pesisir Selatan, Sumatera Barat",Istana,ChIJkznEooVvLS4RHtPgEfJhaAw,Rumah Mande Rubiah,"Lunang, South Pesisir Regency, West Sumatra 25674, Indonesia",4.6,121.0,https://maps.google.com/?cid=894072218342970142&g_mp=CiVnb29nbGUubWFwcy5wbGFjZXMudjEuUGxhY2VzLkdldFBsYWNlEAIYBCAA,-2.252197,101.1264927,SUCCESS,FIRST_RESULT,2026-09-25T07:34:17.729159+00:00,,,Mande Rubiah,https://id.wikipedia.org/wiki/Mande_Rubiah,0.8622893175644848,SIMILARITY_MATCH,"Mandeh Rubiyah/ Mande Rabiyah/ Mande Rubiah merupakan beberapa istilah dengan perbedaan dalam penulisan dan penyebutan, tetapi memiliki maksud yang sama. Untuk selanjutnya dipakai saja nama Mande Rubiah. Dalam perjalanan riwayatnya, baik yang terdapat dalam kisah-kisah kaba atau hikayat, maupun yang hidup ditengah-tengah masyarakat tradisi, khususnya di kalangan masyarakat tradisi pesisir pantai Sumatera Barat,  Mande Rubiah mengacu pada gelar kehormatan yang cukup terpandang untuk seorang wanita, seperti gelar Bundo Kanduang bagi seorang raja atau pemimpin wanita di Minangkabau pada masa dahulu.
Dalam versi Istana Basa Pagaruyung, menoktahkan bahwa Puti Indo Jalito adalah Bundo Kanduang yang sebenarnya. Namun dalam versi Dharmasraya, Dara Jingga ibu Aditiyawarman adalah Bundo Kanduang yang sebenarnya. Kemudian ada lagi versi Lunang yang mengklaim bahwa Mande Rubiah adalah Bundo Kanduang yang sebenarnya. Versi kerajaan Alam Surambi Sungai Pagu juga turut meramaikan bahwa keturunan Puti merekalah yang Bundo Kandung (tapi versi ini dapat dibedakan dengan kalimat nan naiek ateh jambangan-jambangan di Sungai Pagu).
Dapat disimpulkan bahwa Bundo Kanduang adalah personifikasi etnis sekaligus julukan yang diberikan kepada perempuan sulung atau yang dituakan dalam suatu suku di Minangkabau. Jadi, Bundo Kanduang adalah gelar, bukan personal orang. Sah-sah saja semuanya kalau begitu, bahkan Rahmah El Yunisiah dan Rohana Kudus juga mendapatkan gelar ini.
Oleh sebab itu, dapat dikatakan bahwa Mande Rubiah adalah personifikasi etnis sekaligus julukan yang diberikan kepada perempuan sulung atau yang dituakan dalam suatu suku di Minangkabau dalam versi Lunang yang sekaligus merupakan gelar Ratu Kerajaan Minangkabau Terakhir (Lunang).",2026-10-09T04:38:02.597080+00:00
Istana Cilegon,"Kota Cilegon, Banten",Istana,ChIJ6zst4oOPQS4R3dNj8BjeYo8,Istana Pasir Cilegon,"X279+8XX, Lebakdenok, Citangkil, Cilegon, Banten 42442, Indonesia",4.1,363.0,https://maps.google.com/?cid=10332064693834994653&g_mp=CiVnb29nbGUubWFwcy5wbGFjZXMudjEuUGxhY2VzLkdldFBsYWNlEAIYBCAA,-6.036633699999999,106.0199926,SUCCESS,FIRST_RESULT,2026-09-25T07:34:18.511638+00:00,,,Ciplaz Cilegon,https://id.wikipedia.org/wiki/Ciplaz_Cilegon,0.545659831897959,SIMILARITY_MATCH,"Ciplaz Cilegon, sebelumnya bernama Mal Cilegon dan dikenal pula sebagai Ramayana Mall Cilegon, adalah sebuah pusat perbelanjaan di Cilegon, Banten. Didirikan pada tahun 1996, mal ini merupakan mal tertua yang masih beroperasi di Cilegon. PT Jakarta Intiland, anak usaha Ramayana Lestari Sentosa, bertugas sebagai pengelola mal.",2026-10-09T04:38:03.427565+00:00
Keraton Mataram,"Kabupaten Wonosobo, Jawa Tengah",Istana,ChIJlQhsmaBXei4R3603t_lF-yI,Kompleks Keraton Mataram Pleret,"Jl. Kauman No.34, Kauman, Pleret, Kec. Pleret, Kabupaten Bantul, Daerah Istimewa Yogyakarta 55791, Indonesia",4.4,5.0,https://maps.google.com/?cid=2520685355266977247&g_mp=CiVnb29nbGUubWFwcy5wbGFjZXMudjEuUGxhY2VzLkdldFBsYWNlEAIYBCAA,-7.8662208,110.4063232,SUCCESS,FIRST_RESULT,2026-09-25T07:34:19.221407+00:00,,,Kesultanan Mataram,https://id.wikipedia.org/wiki/Kesultanan_Mataram,0.5387968155106283,SIMILARITY_MATCH,"Kesultanan Mataram atau Kesunanan Mataram (bahasa Jawa: ꧋ꦏꦱꦸꦤꦤꦤ꧀ꦩꦠꦫꦩ꧀, Pegon: كسونانن ماتارام, translit. Kasunanan Mataram) adalah kerajaan Islam di Pulau Jawa dari akhir abad ke-16, ketika Panembahan Senapati dinobatkan menjadi raja, hingga 1755, ketika Mataram dibagi menjadi negara-negara lebih kecil dalam Perjanjian Giyanti. Kerajaan ini dipimpin oleh penguasa yang bergelar Susuhunan dari Wangsa Mataram.
Sepanjang abad ke-17, tepatnya di bawah pemerintahan Sultan Agung, Mataram adalah negara terkuat yang menyatukan Pulau Jawa meliputi Jawa Barat (kecuali Banten), Jawa Tengah (termasuk Yogyakarta), Jawa Timur (termasuk Madura), Kalimantan Barat (meliputi Sukadana), Sulawesi Selatan (meliputi Makassar) hingga Sumatra (meliputi Palembang dan Jambi). Kerajaan ini terdiri dari beberapa wilayah inti mulai dari: kutagara, nagaragung, mancanagara, pasisiran dan sejumlah vasal, beberapa di antaranya dianeksasi ke dalam teritori kerajaan, sedangkan sisanya diberikan beragam tingkat otonomi.
Kerajaan ini adalah negara merdeka yang menjalin hubungan perdagangan dengan Kerajaan Belanda, ditandai dengan kedua pihak saling mengirim duta besar. Menjelang keruntuhannya, Mataram menjadi negara protektorat Belanda, dengan status swapraja.
Perjanjian Giyanti yang ditandatangani oleh Pangeran Mangkubumi dengan VOC membuahkan kesepakatan bahwa Kesunanan Mataram dibagi separuh wilayahnya, untuk dijadikan wilayah Kesultanan Yogyakarta. Perjanjian yang ditandatangani dan diratifikasi pada tanggal 13 Februari 1755 di Giyanti ini secara hukum (de jure) menandai berakhirnya Mataram.",2026-10-09T04:38:03.686133+00:00
Istana Mataram,"Kabupaten Madiun, Jawa Timur",Istana,ChIJhSDOA-RKeC4RNGIReMc3N24,OYO 1984 Hotel Istana Family Syariah,"Jl. Raya Madiun - Surabaya No.Km.1, Sanggrahan, Kedondong, Kec. Bagor, Kabupaten Nganjuk, Jawa Timur 64461, Indonesia",3.5,584.0,https://maps.google.com/?cid=7941877797743583796&g_mp=CiVnb29nbGUubWFwcy5wbGFjZXMudjEuUGxhY2VzLkdldFBsYWNlEAIYBCAA,-7.5898381,111.8868846,SUCCESS,FIRST_RESULT,2026-09-25T07:34:19.968704+00:00,,,Kesultanan Mataram,https://id.wikipedia.org/wiki/Kesultanan_Mataram,0.4772415723928406,SIMILARITY_MATCH,"Kesultanan Mataram atau Kesunanan Mataram (bahasa Jawa: ꧋ꦏꦱꦸꦤꦤꦤ꧀ꦩꦠꦫꦩ꧀, Pegon: كسونانن ماتارام, translit. Kasunanan Mataram) adalah kerajaan Islam di Pulau Jawa dari akhir abad ke-16, ketika Panembahan Senapati dinobatkan menjadi raja, hingga 1755, ketika Mataram dibagi menjadi negara-negara lebih kecil dalam Perjanjian Giyanti. Kerajaan ini dipimpin oleh penguasa yang bergelar Susuhunan dari Wangsa Mataram.
Sepanjang abad ke-17, tepatnya di bawah pemerintahan Sultan Agung, Mataram adalah negara terkuat yang menyatukan Pulau Jawa meliputi Jawa Barat (kecuali Banten), Jawa Tengah (termasuk Yogyakarta), Jawa Timur (termasuk Madura), Kalimantan Barat (meliputi Sukadana), Sulawesi Selatan (meliputi Makassar) hingga Sumatra (meliputi Palembang dan Jambi). Kerajaan ini terdiri dari beberapa wilayah inti mulai dari: kutagara, nagaragung, mancanagara, pasisiran dan sejumlah vasal, beberapa di antaranya dianeksasi ke dalam teritori kerajaan, sedangkan sisanya diberikan beragam tingkat otonomi.
Kerajaan ini adalah negara merdeka yang menjalin hubungan perdagangan dengan Kerajaan Belanda, ditandai dengan kedua pihak saling mengirim duta besar. Menjelang keruntuhannya, Mataram menjadi negara protektorat Belanda, dengan status swapraja.
Perjanjian Giyanti yang ditandatangani oleh Pangeran Mangkubumi dengan VOC membuahkan kesepakatan bahwa Kesunanan Mataram dibagi separuh wilayahnya, untuk dijadikan wilayah Kesultanan Yogyakarta. Perjanjian yang ditandatangani dan diratifikasi pada tanggal 13 Februari 1755 di Giyanti ini secara hukum (de jure) menandai berakhirnya Mataram.",2026-10-09T04:38:03.944852+00:00
Keraton Bumi Kencana Martapura,"Kabupaten Banjar, Kalimantan Selatan",Istana,ChIJvdbTS5Aq5C0RlWl0KoNeWVo,Makam Pangeran MuhammadNur Bumi Kencana,"Tambak Anyar Ulu, Kec. Martapura Tim., Kabupaten Banjar, Kalimantan Selatan 70619, Indonesia",4.3,8.0,https://maps.google.com/?cid=6510338653786761621&g_mp=CiVnb29nbGUubWFwcy5wbGFjZXMudjEuUGxhY2VzLkdldFBsYWNlEAIYBCAA,-3.3859354,114.8703083,SUCCESS,FIRST_RESULT,2026-09-25T07:34:20.717140+00:00,,,"Keraton, Martapura, Banjar","https://id.wikipedia.org/wiki/Keraton,_Martapura,_Banjar",0.5134199223738319,SIMILARITY_MATCH,"Keraton adalah salah satu kelurahan yang terletak di Kecamatan Martapura, Kabupaten Banjar, Provinsi Kalimantan Selatan, Indonesia.",2026-10-09T04:38:04.212097+00:00
Istana Gebang,"Kota Blitar, Jawa Timur",Istana,ChIJRRn0rW_seC4RIHuX6cm2HkA,Istana Gebang Blitar,"Jl. Sultan Agung No.59, Sananwetan, Kec. Sananwetan, Kota Blitar, Jawa Timur 66137, Indonesia",4.6,4993.0,https://maps.google.com/?cid=4620331246052408096&g_mp=CiVnb29nbGUubWFwcy5wbGFjZXMudjEuUGxhY2VzLkdldFBsYWNlEAIYBCAA,-8.0982156,112.1762678,SUCCESS,FIRST_RESULT,2026-09-25T07:34:21.226685+00:00,,,Istana Gebang,https://id.wikipedia.org/wiki/Istana_Gebang,1.0000000000000016,EXACT_MATCH,"Istana Gebang adalah rumah kediaman mantan Presiden Soekarno di Kota Blitar, Jawa Timur. Rumah ini berada di Jalan Sultan Agung Blitar, sekitar 2 km dari Makam Bung Karno. 
Bangunan berarsitektur kolonial yang dikenal masyarakat sekitar dengan nama Ndalem Gebang ini adalah saksi bisu Bung Karno muda di kota Blitar. Soekarno tinggal bersama kedua orang tuanya, Raden Soekeni Sosrodihardjo dan Ida Ajoe Njoman Rai, beserta kakak kandung Soekarno, Soekarmini dan suaminya Raden Poegoeh Reksoatmodjo. 
Keberadaan Istana Gebang saat ini difungsikan sebagai Museum Situs Istana Gebang yang dikelola oleh Pemerintah Kota Blitar. Berada di Jalan Sultan Agung nomor 27-59 dan 61, RT/RW.03/7, Kampung Gebang, Kelurahan Sananwetan, Kota Blitar. 
Setiap tanggal 6 Juni, hari kelahiran Bung Karno, di rumah ini diselenggarakan acara memperingati hari lahir Bung Karno.",2026-10-09T04:38:04.472999+00:00
Kompleks Istana Balla Lompoa,"Kabupaten Gowa, Sulawesi Selatan",Istana,ChIJUyYblCXivi0R3hCr1lbjR1s,Balla Lompoa Museum,"Jl. K. H. Wahid Hasyim No.39, Sungguminasa, Kec. Somba Opu, Kabupaten Gowa, Sulawesi Selatan 92111, Indonesia",4.5,2295.0,https://maps.google.com/?cid=6577475742906126558&g_mp=CiVnb29nbGUubWFwcy5wbGFjZXMudjEuUGxhY2VzLkdldFBsYWNlEAIYBCAA,-5.207177,119.45246799999998,SUCCESS,FIRST_RESULT,2026-09-25T07:34:21.759015+00:00,,,Museum Ballaʼ Lompoa,https://id.wikipedia.org/wiki/Museum_Balla%CA%BC_Lompoa,0.8771392050421545,SIMILARITY_MATCH,"Museum Ballaʼ Lompoa atau Ballaʼ Lompoa ri Sungguminasa adalah sebuah museum yang terletak di Jalan Wahid Hasyim, Kelurahan Sungguminasa. Museum ini didirikan pada tanggal 11 Desember 1973. Ballaʼ Lompoa merupakan arsitek rumah etnis Makassar dapat diartikan rumah besar dalam bahasa Makassar atau istana bagi raja-raja dari Kerajaan Gowa. Museum ini dibangun di areal seluas 7663 m2 tahun 1936 di masa Raja Gowa ke-XXXV. Luas bangunan kayu 1144 m2. Bangunan ini terbuat dari bahan kayu jati bercorak arsitektur tradisional Makassar. Ada juga terdapat teknik modern di beberapa bagian tertentu, misalnya di persambungan kayu menggunakan baut, bahkan bagian dapurnya menggunakan bahan batu bata.",2026-10-09T04:38:04.733599+00:00
Keraton Sumenep,"Kabupaten Sumenep, Jawa Timur",Istana,ChIJd8dwESvk2S0RzbOjIcZMLDk,Sumenep Palace Museum,"XVR8+32M, Jl. Dr. Sutomo No.6, Lingkungan Delama, Pajagalan, Kec. Kota Sumenep, Kabupaten Sumenep, Jawa Timur 69416, Indonesia",4.6,2301.0,https://maps.google.com/?cid=4119752172988773325&g_mp=CiVnb29nbGUubWFwcy5wbGFjZXMudjEuUGxhY2VzLkdldFBsYWNlEAIYBCAA,-7.008117599999999,113.8628659,SUCCESS,FIRST_RESULT,2026-09-25T07:34:22.317710+00:00,,,Keraton Sumenep,https://id.wikipedia.org/wiki/Keraton_Sumenep,1.0,EXACT_MATCH,"Keraton Sumenep adalah tempat kediaman resmi para Adipati/Raja-Raja selain sebagai tempat untuk menjalankan roda pemerintahan. Kerajaan Sumenep sendiri bisa dibilang sifatnya sebagai kerajaan (setingkat Kadipaten) kala itu, sebab sebelum wilayah Sumenep dikuasai VOC wilayah Sumenep sendiri masih kerabat dari Kertanegara dan Raden Wijaya seduluran kepada kerajaan-kerajaan besar seperti (Singhasari, pada tahun 1269 dan Majapahit pada tahun 1293 pada saat itu.
Keraton Sumenep sejatinya banyak jumlahnya, selain sebagai kediaman resmi adipati/raja yang berkuasa saat itu, karaton juga difungsikan sebagai tempat untuk mengatur segala urusan pemerintahan kerajaan. Saat ini Bangunan Karaton yang masih tersisa dan utuh adalah bangunan Karaton yang dibangun oleh Gusti Raden Ayu Tirtonegoro R. Rasmana dan Kanjeng Tumenggung Ario Tirtonegoro (Bindara Saod) beserta keturunannya yakni Panembahan Somala Asirudin Pakunataningrat dan Sri Sultan Abdurrahman Pakunataningrat I (Raden Ario Notonegoro). Sedangkan untuk bangunan karaton-karaton milik Adipati/Raja yang lainnya, seperti Karaton Pangeran Siding Puri di Parsanga, Karaton Tumenggung Kanduruan, Karaton Pangeran Lor dan Pangeran Wetan di Karangduak hanya tinggal sisa puing bangunannya saja yakni hanya berupa pintu gerbang dan umpak pondasi bangunan Keraton.
Istilah penyebutan Karaton apabila dikaitkan dengan sistem pemerintahan di Jawa saat itu, merasa kurang tepat karena karaton Sumenep memeliki strata tingkatan yang sama dari bangunan keraton yang ada . Karaton Sumenep adalah bangunan kediaman keadipatian yang pola penataan bangunannya sederhana Namun perlu dimaklumi bahwa penggunaan penyebutan istilah karaton sudah berlangsung sejak dulu kala oleh masyarakat Madura, karena kondisi geografis Sumenep yang berada di daerah mancanegara (wilayah pesisir wetan) yang jauh dari Kerajaan Mataram. Begitu juga penyebutan Penguasa Kadipaten yang lebih familiar dikalangan masyarakatnya dengan sebutan ""Rato/Raja"".",2026-10-09T04:38:04.992048+00:00
Keraton Ratu Boko,Yogyakarta,Istana,ChIJRf5U05Jaei4RW_l2RPFEPxU,Keraton Ratu Boko,"Jl. Ratu Boko No.2, Gatak, Bokoharjo, Kec. Prambanan, Kabupaten Sleman, Daerah Istimewa Yogyakarta 55572, Indonesia",4.7,16110.0,https://maps.google.com/?cid=1531018201355712859&g_mp=CiVnb29nbGUubWFwcy5wbGFjZXMudjEuUGxhY2VzLkdldFBsYWNlEAIYBCAA,-7.770568300000001,110.4861422,SUCCESS,FIRST_RESULT,2026-09-25T07:34:22.774863+00:00,,,Situs Ratu Boko,https://id.wikipedia.org/wiki/Situs_Ratu_Boko,0.5132722862761216,SIMILARITY_MATCH,"Keraton Ratu Boko (bahasa Jawa: ꦏꦝꦠꦺꦴꦤ꧀ꦫꦠꦸꦧꦏ, translit. Kadhaton Ratu Baka) adalah situs purbakala yang merupakan kompleks sejumlah sisa bangunan yang berada kira-kira 3 km di sebelah selatan dari kompleks Candi Prambanan, 18 km sebelah timur Kota Yogyakarta atau 50 km barat daya Kota Surakarta, Jawa Tengah, lebih tepatnya di kalurahan Bokoharjo, kapanéwon Prambanan, kabupaten Sleman, Daerah Istimewa Yogyakarta. Situs Ratu Boko terletak di sebuah bukit pada ketinggian 196 meter dari permukaan laut. Luas keseluruhan kompleks adalah sekitar 25 ha.
Situs ini menampilkan atribut sebagai tempat berkegiatan atau situs permukiman dan tempat tinggal raja. Ratu Boko diperkirakan sudah dipergunakan orang pada abad ke-8 pada masa Wangsa Sailendra (Rakai Panangkaran) dari Kerajaan Medang (Masa Mataram Hindu). Dilihat dari pola peletakan sisa-sisa bangunan, yang diduga kuat situs ini merupakan bekas keraton (istana raja). Pendapat ini berdasarkan pada kenyataan bahwa kompleks ini bukan candi atau bangunan dengan sifat religius, melainkan sebuah istana berbenteng dengan bukti adanya sisa dinding benteng dan parit kering sebagai struktur pertahanan. Sisa-sisa permukiman penduduk juga ditemukan di sekitar lokasi situs ini.
Nama ""Ratu Boko"" berasal dari legenda masyarakat setempat. Ratu Boko (bahasa Jawa, arti harfiah: ""raja bangau"") adalah ayah dari Roro Jonggrang, yang juga menjadi nama candi utama pada kompleks Candi Prambanan. Kompleks bangunan ini dikaitkan dengan legenda rakyat setempat Roro Jonggrang.
Secara administratif, situs ini berada di wilayah dua padukuhan, yakni Dusun Dawung, Desa Bokoharjo dan Dusun Sumberwatu, Desa Sambirejo, Kecamatan Prambanan, Kabupaten Sleman, Daerah Istimewa Yogyakarta.",2026-10-09T04:38:05.254210+00:00
Istana Bogor,"Kota Bogor, Jawa Barat",Istana,ChIJzZZxLcbFaS4RJms1A9iKcrk,Bogor Palace,"Istana Bogor, Jl. Ir. H. Juanda, RT.04/RW.01, Palédang, Bogor Tengah, Bogor, Kecamatan Bogor Tengah, Kota Bogor, Jawa Kulon 16122, Indonesia",,,https://maps.google.com/?cid=13362895704733084454&g_mp=CiVnb29nbGUubWFwcy5wbGFjZXMudjEuUGxhY2VzLkdldFBsYWNlEAIYBCAA,-6.5980046,106.7974666,SUCCESS,FIRST_RESULT,2026-09-25T07:34:23.490639+00:00,,,Istana Bogor,https://id.wikipedia.org/wiki/Istana_Bogor,0.9999999999999987,EXACT_MATCH,"Istana Bogor (bahasa Inggris: Bogor Palace; bahasa Belanda: Het Paleis te Buitenzorg) adalah salah satu dari tujuh istana kepresidenan Indonesia yang terletak di Kota Bogor, Jawa Barat. Istana ini terkenal karena fitur arsitektur dan sejarahnya yang khas, serta kebun raya yang bersebelahan dengannya. Istana Bogor dibuka untuk umum pada tahun 1968 untuk rombongan wisata umum (bukan individu), dengan izin dari Penjabat Presiden Indonesia, Soeharto. Istana Bogor memiliki luas sekitar 28,86 hektar.
Selama era kolonial, istana ini menjadi kediaman favorit para gubernur jenderal karena iklim Bogor yang lebih adaptif. Istana ini juga disukai oleh mendiang Presiden Soekarno dan menjadi kediaman resmi presiden hingga kejatuhannya pada tahun 1967. Istana ini sebagian besar tidak digunakan hingga Februari 2015, ketika presiden baru Joko Widodo memindahkan kantor presiden dari Istana Merdeka ke Istana Bogor.",2026-10-09T04:38:05.509393+00:00
Istana Presiden Cipanas,"Kabupaten Cianjur, Jawa Barat",Istana,ChIJAQAAAIS0aS4RWw0YoGp-xHw,Cipanas Presidential Palace,"Jl. Raya Cipanas No.105, Cipanas, Kec. Cipanas, Kabupaten Cianjur, Jawa Barat 43253, Indonesia",4.7,4493.0,https://maps.google.com/?cid=8990449752555916635&g_mp=CiVnb29nbGUubWFwcy5wbGFjZXMudjEuUGxhY2VzLkdldFBsYWNlEAIYBCAA,-6.7335652,107.0410261,SUCCESS,FIRST_RESULT,2026-09-25T07:34:24.246332+00:00,,,Istana Cipanas,https://id.wikipedia.org/wiki/Istana_Cipanas,0.6933484844727427,SIMILARITY_MATCH,"Istana Cipanas adalah salah satu dari tujuh istana kepresidenan Republik Indonesia. Istana ini terletak di Cipanas, Jawa Barat, Indonesia, dekat jalan raya yang menghubungkan Jakarta dan Bandung melalui Puncak. Terletak sekitar 103 kilometer (64 mi) dari Jakarta, atau sekitar 20 kilometer (12 mi) dari kota Cianjur. Istana Cipanas terletak di desa Cipanas di Kabupaten Cianjur, di kaki Gunung Gede dan pada ketinggian 1.100 meter (3.600 ft) di atas permukaan laut. Bangunan ini berdiri di atas lahan seluas sekitar 26 hektare (64 ekar), dengan luas bangunan sekitar 7.760 meter persegi (83.500 sq ft).",2026-10-09T04:38:05.762386+00:00
Keraton Kaibon,"Kota Serang, Banten",Istana,ChIJax4cbC3zQS4RVX3NmpTk3o0,Kaibon Palace,"Kasunyatan, 42191 Kesemen, Serang, Indonesia, X546+H9C, Jl. Raya, Kasunyatan, Kasemen, Serang City, Banten 42191, Indonesia",4.5,2372.0,https://maps.google.com/?cid=10222859531081055573&g_mp=CiVnb29nbGUubWFwcy5wbGFjZXMudjEuUGxhY2VzLkdldFBsYWNlEAIYBCAA,-6.0430556,106.16,SUCCESS,FIRST_RESULT,2026-09-25T07:34:24.793718+00:00,,,Keraton Kaibon,https://id.wikipedia.org/wiki/Keraton_Kaibon,0.9999999999999989,EXACT_MATCH,"Keraton Kaibon adalah sebuah keraton peninggalan Kesultanan Banten yang terletak di Kota Serang, tepatnya berada di Kelurahan Kasunyatan, Kecamatan Kasemen, Kota Serang, Banten. Keraton ini dibangun kira-kira tahun 1815 dan dihancurkan oleh Belanda pada tahun 1832, sehingga menyisakan berupa pondasi, tembok-tembok bangunan dan gapura keraton. Pada tahun 1998 Keraton Kaibon secara resmi ditetapkan sebagai salah satu situs cagar budaya di Kota Serang. Saat ini Keraton kaibon digunakan sebagai salah satu wisata edukasi untuk masyarakat di Kawasan Banten Lama.",2026-10-09T04:38:06.015017+00:00
Keraton Surosowan,"Kota Serang, Banten",Istana,ChIJY4wkT8aNQS4RyJue-S7hIiU,Keraton Surosowan,"X564+GRP, Jl. Masjid Agung Banten, Banten, Kec. Kasemen, Kota Serang, Banten 42191, Indonesia",4.7,1155.0,https://maps.google.com/?cid=2675948720484162504&g_mp=CiVnb29nbGUubWFwcy5wbGFjZXMudjEuUGxhY2VzLkdldFBsYWNlEAIYBCAA,-6.0386699,106.1570776,SUCCESS,FIRST_RESULT,2026-09-25T07:34:25.537820+00:00,,,Keraton Surosowan,https://id.wikipedia.org/wiki/Keraton_Surosowan,1.0000000000000016,EXACT_MATCH,"Keraton Surasowan adalah sebuah keraton dan sekaligus cagar budaya yang ada di di Kawasan Banten Lama, Kecamatan Kasemen, Kota Serang, Provinsi Banten. Keraton ini pertama dibangun sekitar tahun 1526 hingga tahun 1570 pada masa pemerintahan Maulana Hasanuddin, yang kemudian dikenal sebagai pendiri dari Kesultanan Banten. 
Sejarah pembuatan keraton ini terkait dengan pemberian wilayah yang diberikan oleh Sunan Gunung Djati kepada anaknya, yakni Sultan Maulana Hasanuddin.
Selanjutnya pada masa penguasa Banten berikutnya bangunan keraton ini ditingkatkan bahkan konon juga melibatkan ahli bangunan asal Belanda, yaitu Hendrik Lucasz Cardeel, seorang arsitek berkebangsaan Belanda yang memeluk Islam yang bergelar Pangeran Wiraguna. Dinding pembatas setinggi 2 meter mengitari area keraton sekitar kurang lebih 3 hektare. Surasowan mirip sebuah benteng Belanda yang kokoh dengan bastion (sudut benteng yang berbentuk intan) di empat sudut bangunannya. Sehingga pada masa jayanya Banten juga disebut dengan Kota Intan.
Saat ini bangunan di dalam dinding keraton tak ada lagi yang utuh. Hanya menyisakan runtuhan dinding dan pondasi kamar-kamar berdenah persegi empat yang jumlahnya puluhan.",2026-10-09T04:38:06.282620+00:00
Istana Air Taman Sari,Yogyakarta,Istana,ChIJ_wJqNvNXei4RwRPQcVxLFcs,Gedhong Gapura Hageng Istana Air Taman Sari - ꦒꦥꦸꦫꦠꦩꦤ꧀ꦱꦫꦶ,"59R5+2CF, Patehan, Kraton, Yogyakarta City, Special Region of Yogyakarta 55133, Indonesia",4.6,25.0,https://maps.google.com/?cid=14633685424628831169&g_mp=CiVnb29nbGUubWFwcy5wbGFjZXMudjEuUGxhY2VzLkdldFBsYWNlEAIYBCAA,-7.809939699999999,110.3585589,SUCCESS,FIRST_RESULT,2026-09-25T07:34:26.037695+00:00,,,Taman Sari Yogyakarta,https://id.wikipedia.org/wiki/Taman_Sari_Yogyakarta,0.4555930530388762,SIMILARITY_MATCH,"Taman Sari Yogyakarta (bahasa Jawa: ꦠꦩꦤ꧀ꦱꦫꦶꦔꦪꦺꦴꦒꦾꦏꦂꦠ, translit. Taman Sari Ngayogyakarta) adalah situs bekas taman istana Keraton Ngayogyakarta Hadiningrat. Taman istana ini dibangun pada zaman Sultan Hamengkubuwana I pada tahun 1758–1765. Kebun yang digunakan secara efektif antara 1765-1812 ini pada mulanya membentang dari barat daya kompleks Kedhaton sampai tenggara kompleks Magangan. Namun saat ini, sisa-sisa bagian Taman Sari yang dapat dilihat hanyalah yang berada di barat daya kompleks Kedhaton saja.
Taman Sari memiliki luas 12,666 hektare (31,30 ekar) dengan sekitar 58 bangunan dengan 15 di antaranya merupakan bangunan utama baik berupa gedung, kolam pemandian, jembatan gantung, kanal air, maupun danau buatan beserta pulau buatan dan lorong bawah air. 
Kompleks Taman Sari setidaknya dapat dibagi menjadi 4 bagian. Bagian pertama adalah danau buatan yang terletak di sebelah barat. Bagian selanjutnya adalah bangunan yang berada di sebelah selatan danau buatan antara lain Pemandian Umbul Binangun. Bagian ketiga adalah Pasarean Ledok Sari dan Kolam Garjitawati yang terletak di selatan bagian kedua. Bagian terakhir adalah bagian sebelah timur bagian pertama dan kedua dan meluas ke arah timur sampai tenggara kompleks Magangan.",2026-10-09T04:38:06.547578+00:00
Istana Kamali Bata,Sulawesi Tenggara,Istana,ChIJ0RhaLTRxpC0Rh1E2mle3cHs,"Museum Istana Kamali Baadia, Pusat Kebudayaan Wolio","GJ92+PWR, Baadia, Murhum, Bau-Bau City, South East Sulawesi 93711, Indonesia",4.5,26.0,https://maps.google.com/?cid=8894810850934018439&g_mp=CiVnb29nbGUubWFwcy5wbGFjZXMudjEuUGxhY2VzLkdldFBsYWNlEAIYBCAA,-5.480647299999999,122.6022593,SUCCESS,FIRST_RESULT,2026-09-25T07:34:26.746988+00:00,,,Museum Kamali Baadia,https://id.wikipedia.org/wiki/Museum_Kamali_Baadia,0.5656875238151879,SIMILARITY_MATCH,"Museum Kamali Baadia adalah museum yang berada di Baadia, Murhum, Kota Baubau, Sulawesi Tenggara. Museum ini sering juga disebut dengnan Pusat Kebudayaan Wolio yang terdiri dari dua bangunan berupa rumah adat Kamali. Rumah pertama digunakan sebagai rumah tinggal dan rumah kedua yang difungsikan sebagai museum dan rumah tinggal juga.
Nama museum ini berasal dari bahasa Wolio yaitu Kamali yang berarti Istana, sedangkan Baadia adalah nama daerah istana ini berada.
Mesuem Kamali Baadia terbuka untuk umum dan waktu berkunjung mulai pukul 09.00 - 14.00 Wita.",2026-10-09T04:38:06.805614+00:00
Istana Kamali Kara,Sulawesi Tenggara,Istana,ChIJ0RhaLTRxpC0Rh1E2mle3cHs,"Museum Istana Kamali Baadia, Pusat Kebudayaan Wolio","GJ92+PWR, Baadia, Murhum, Bau-Bau City, South East Sulawesi 93711, Indonesia",4.5,26.0,https://maps.google.com/?cid=8894810850934018439&g_mp=CiVnb29nbGUubWFwcy5wbGFjZXMudjEuUGxhY2VzLkdldFBsYWNlEAIYBCAA,-5.480647299999999,122.6022593,SUCCESS,FIRST_RESULT,2026-09-25T07:34:27.452413+00:00,,,Museum Kamali Baadia,https://id.wikipedia.org/wiki/Museum_Kamali_Baadia,0.5469813264016916,SIMILARITY_MATCH,"Museum Kamali Baadia adalah museum yang berada di Baadia, Murhum, Kota Baubau, Sulawesi Tenggara. Museum ini sering juga disebut dengnan Pusat Kebudayaan Wolio yang terdiri dari dua bangunan berupa rumah adat Kamali. Rumah pertama digunakan sebagai rumah tinggal dan rumah kedua yang difungsikan sebagai museum dan rumah tinggal juga.
Nama museum ini berasal dari bahasa Wolio yaitu Kamali yang berarti Istana, sedangkan Baadia adalah nama daerah istana ini berada.
Mesuem Kamali Baadia terbuka untuk umum dan waktu berkunjung mulai pukul 09.00 - 14.00 Wita.",2026-10-09T04:38:07.068038+00:00
Istana Malige,Sulawesi Tenggara,Istana,ChIJC3SYaJV2pC0RGZ7R4E9chhw,Istana Malige,"Jl. Jenderal Sudirman, Tomba, Kec. Wolio, Kota Bau-Bau, Sulawesi Tenggara 93717, Indonesia",4.5,97.0,https://maps.google.com/?cid=2055431778085215769&g_mp=CiVnb29nbGUubWFwcy5wbGFjZXMudjEuUGxhY2VzLkdldFBsYWNlEAIYBCAA,-5.457150599999999,122.6067859,SUCCESS,FIRST_RESULT,2026-09-26T17:13:16.902521+00:00,,,Istana Malige,https://id.wikipedia.org/wiki/Istana_Malige,1.0,EXACT_MATCH,"Istana Sultan Buton (disebut Kamali atau Malige) yang terletak di Kelurahan Melai, Kecamatan Betoambari, Kota Bau-Bau, Sulawesi Tenggara. Istana Malige merupakan bangunan peninggalan Sultan Buton XXXVII (Sultan Muhamad Hamidi Kaimudin). Istana ini didirikan dengan struktur bangunan tanpa satu pun paku besi. Meskipun, didirikan hanya dengan saling mengait tanpa tali pengikat ataupun paku, tetapi istana ini dapat berdiri dengan kokoh dan megah di atas sandi yang menjadi landasan dasarnya.",2026-10-09T04:38:07.334154+00:00
Istana Kamali Baadia,Sulawesi Tenggara,Istana,ChIJ0RhaLTRxpC0Rh1E2mle3cHs,"Museum Istana Kamali Baadia, Pusat Kebudayaan Wolio","GJ92+PWR, Baadia, Murhum, Bau-Bau City, South East Sulawesi 93711, Indonesia",4.5,26.0,https://maps.google.com/?cid=8894810850934018439&g_mp=CiVnb29nbGUubWFwcy5wbGFjZXMudjEuUGxhY2VzLkdldFBsYWNlEAIYBCAA,-5.480647299999999,122.6022593,SUCCESS,FIRST_RESULT,2026-09-25T07:34:28.176571+00:00,,,Museum Kamali Baadia,https://id.wikipedia.org/wiki/Museum_Kamali_Baadia,0.5134147513499319,SIMILARITY_MATCH,"Museum Kamali Baadia adalah museum yang berada di Baadia, Murhum, Kota Baubau, Sulawesi Tenggara. Museum ini sering juga disebut dengnan Pusat Kebudayaan Wolio yang terdiri dari dua bangunan berupa rumah adat Kamali. Rumah pertama digunakan sebagai rumah tinggal dan rumah kedua yang difungsikan sebagai museum dan rumah tinggal juga.
Nama museum ini berasal dari bahasa Wolio yaitu Kamali yang berarti Istana, sedangkan Baadia adalah nama daerah istana ini berada.
Mesuem Kamali Baadia terbuka untuk umum dan waktu berkunjung mulai pukul 09.00 - 14.00 Wita.",2026-10-09T04:38:07.599750+00:00
Keraton Kaprabonan,Jawa Barat,Istana,ChIJOYsb433ibi4RTyc1ct_TAHI,Kaprabonan Palace,"Jl. Lemahwungkuk, Lemahwungkuk, Kec. Lemahwungkuk, Kota Cirebon, Jawa Barat 45111, Indonesia",4.5,95.0,https://maps.google.com/?cid=8214798676971038543&g_mp=CiVnb29nbGUubWFwcy5wbGFjZXMudjEuUGxhY2VzLkdldFBsYWNlEAIYBCAA,-6.721337300000001,108.56926860000002,SUCCESS,FIRST_RESULT,2026-09-25T07:34:28.648921+00:00,,,Kaprabonan,https://id.wikipedia.org/wiki/Kaprabonan,0.7745050945562021,SIMILARITY_MATCH,Kaprabonan adalah Peguron yang didirikan oleh putera mahkota kesultanan Kanoman yaitu Pangeran Raja Adipati (PRA) Kaprabon pada tahun 1699,2026-10-09T04:38:07.860555+00:00
Keraton Kacirebonan,Jawa Barat,Istana,ChIJq6qqam_ibi4RWtE2MmPxzd0,Kacirebonan Palace,"Jl. Pulasaren No.51 B, Pulasaren, Kec. Pekalipan, Kota Cirebon, Jawa Barat 45116, Indonesia",4.6,2297.0,https://maps.google.com/?cid=15982696060954267994&g_mp=CiVnb29nbGUubWFwcy5wbGFjZXMudjEuUGxhY2VzLkdldFBsYWNlEAIYBCAA,-6.725252299999999,108.5653714,SUCCESS,FIRST_RESULT,2026-09-26T17:13:17.157057+00:00,,,Keraton Kacirebonan,https://id.wikipedia.org/wiki/Keraton_Kacirebonan,0.9999999999999977,EXACT_MATCH,"Keraton Kacirebonan adalah sebuah bangunan dahulu sebagai tempat para selir para raja dan sultan keraton kasepuhan yang berada di daerah Pulasaren (sekarang jalan Pulasaren, kecamatan Pekalipan, kota Cirebon). Keraton Kacirebonan dibangun pada sekitar tahun 1800-an. Bangunan kolonial ini banyak menyimpan benda-benda peninggalan sejarah seperti Keris, Wayang, perlengkapan Perang, Gamelan dan lain-lain.
Komplek keraton Kacirebonan tepatnya berada sekitar 1 km sebelah barat daya dari Keraton Kasepuhan dan kurang lebih 500 meter sebelah selatan Keraton Kanoman. Keraton Kacirebonan posisinya memanjang dari utara ke selatan (posisi yang sama dengan keraton-keraton lain di Cirebon) dengan luas tanah sekitar 46.500 meter persegi.",2026-10-09T04:38:08.122288+00:00
Keraton Kanoman,Jawa Barat,Istana,ChIJq6qq6l3ibi4Rhwn41cMUy7U,Keraton Kanoman,"Jl. Kanoman No.40, Lemahwungkuk, Kec. Lemahwungkuk, Kota Cirebon, Jawa Barat 45111, Indonesia",4.5,3682.0,https://maps.google.com/?cid=13099586772478200199&g_mp=CiVnb29nbGUubWFwcy5wbGFjZXMudjEuUGxhY2VzLkdldFBsYWNlEAIYBCAA,-6.7223931,108.567824,SUCCESS,FIRST_RESULT,2026-09-26T17:13:17.390439+00:00,,,Keraton Kanoman,https://id.wikipedia.org/wiki/Keraton_Kanoman,1.0,EXACT_MATCH,"Keraton Kanoman adalah salah satu dari dua bangunan kesultanan Cirebon, setelah berdiri keraton Kanoman pada tahun 1678 M kesultanan Cirebon terdiri dari keraton Kasepuhan dan keraton Kanoman. Kebesaran Islam di Jawa bagian barat tidak lepas dari Cirebon. Sunan Gunung Jati adalah orang yang bertanggung jawab menyebarkan agama Islam di Jawa Barat, sehingga berbicara tentang Cirebon tidak akan lepas dari sosok Syarif Hidayatullah atau Sunan Gunung Jati.
Keraton Kanoman didirikan oleh Pangeran Mohamad Badridin atau Pangeran Kertawijaya, yang bergelar Sultan Anom I pada sekitar tahun 1678 M. Keraton Kanoman masih taat memegang adat-istiadat dan pepakem, di antaranya melaksanakan tradisi Grebeg Syawal,seminggu setelah Idul Fitri dan berziarah ke makam leluhur, Sunan Gunung Jati di Desa Astana, Cirebon Utara. Peninggalan-peninggalan bersejarah di Keraton Kanoman erat kaitannya dengan syiar agama Islam yang giat dilakukan Sunan Gunung Jati, yang juga dikenal dengan Syarif Hidayatullah.
Kompleks Keraton Kanoman yang mempunyai luas sekitar 6 hektare ini berlokasi di belakang pasar Kanoman. Di Kraton ini tinggal sultan ke dua belas yang bernama Sultan Anom Raja Mochammad Saladin berserta keluarga. Kraton Kanoman merupakan komplek yang luas, yang terdiri dari bangunan kuno. salah satunya saung yang bernama bangsal witana yang merupakan cikal bakal Kraton yang luasnya hampir lima kali lapangan sepak bola.
Di keraton ini masih terdapat barang barang, seperti dua kereta bernama Paksi Naga Liman dan Jempana yang masih terawat baik dan tersimpan di museum. Bentuknya burak, yakni hewan yang dikendarai Nabi Muhammad ketika ia Isra Mi'raj. Tidak jauh dari kereta, terdapat bangsal Jinem, atau Pendopo untuk Menerima tamu, penobatan sultan dan pemberian restu sebuah acara seperti Maulid Nabi. Dan di bagian tengah Kraton terdapat kompleks bangunan bangunan bernama Siti Hinggil.
Hal yang menarik dari Keraton di Cirebon adalah adanya piring-piring porselen asli Tiongkok yang menjadi penghias dinding semua keraton di Cirebon. Tak cuma di keraton, piring-piring keramik itu bertebaran hampir di seluruh situs bersejarah di Cirebon. Dan yang tidak kalah penting dari Keraton di Cirebon adalah keraton selalu menghadap ke utara. Dan di halamannya ada patung macan sebagai lambang Prabu Siliwangi. Di depan keraton selalu ada alun alun untuk rakyat berkumpul dan pasar sebagai pusat perekonomian, di sebelah timur keraton selalu ada masjid.",2026-10-09T04:38:08.391898+00:00
Keraton Kasepuhan,Jawa Barat,Istana,ChIJq6qq6mPibi4RlfEd-8sY6iA,Keraton Kasepuhan,"Jl. Kasepuhan No.43, Kesepuhan, Kec. Lemahwungkuk, Kota Cirebon, Jawa Barat 45114, Indonesia",4.5,17557.0,https://maps.google.com/?cid=2371735418134458773&g_mp=CiVnb29nbGUubWFwcy5wbGFjZXMudjEuUGxhY2VzLkdldFBsYWNlEAIYBCAA,-6.7260285,108.5708692,SUCCESS,FIRST_RESULT,2026-09-25T07:34:29.941135+00:00,,,Keraton Kasepuhan,https://id.wikipedia.org/wiki/Keraton_Kasepuhan,1.0000000000000007,EXACT_MATCH,"Keraton Kasepuhan adalah keraton yang terletak di kelurahan Kesepuhan, Lemahwungkuk, Cirebon. Makna di setiap sudut arsitektur keraton ini pun terkenal paling bersejarah. Halaman depan keraton ini dikelilingi tembok bata merah dan terdapat pendopo di dalamnya.
Keraton Kasepuhan adalah bangunan yang dahulu bernama keraton Pakungwati yang pernah menjadi pusat pemerintahan Kasultanan Cirebon.
Keraton ini memiliki museum yang cukup lengkap dan berisi benda pusaka dan lukisan koleksi kerajaan. Salah satu koleksi yaitu kereta Singa Barong yang merupakan kereta kencana Sunan Gunung Jati. Kereta tersebut saat ini tidak lagi dipergunakan dan hanya dikeluarkan pada tiap 1 Syawal untuk dimandikan.
Bagian dalam keraton ini terdiri dari bangunan utama yang berwarna putih. Di dalamnya terdapat ruang tamu, ruang tidur dan singgasana raja.",2026-10-09T04:38:08.646710+00:00
Keraton Ngayogyakarta,"Kota Yogyakarta, Yogyakarta",Istana,ChIJCZIzpZFXei4R0ABT43Z6AgQ,Kraton,"Kraton, Yogyakarta City, Special Region of Yogyakarta, Indonesia",,,https://maps.google.com/?cid=288927977143730384&g_mp=CiVnb29nbGUubWFwcy5wbGFjZXMudjEuUGxhY2VzLkdldFBsYWNlEAIYBCAA,-7.8090256,110.363649,SUCCESS,FIRST_RESULT,2026-09-26T17:13:17.595600+00:00,,,Kraton,https://id.wikipedia.org/wiki/Kraton,1.0000000000000004,EXACT_MATCH,"Kraton (bahasa Yunani: κράτος kratos ""kekuatan"") merupakan bagian yang tua dan stabil dari litosfer benua. Karena kemampuannya bertahan dalam siklus memisah dan menggabungnya benua, kraton umumnya ditemukan dalam interior lempeng tektonik. Kraton secara karakteristik terdiri dari kristal batuan dasar purba, yang mungkin terlindungi oleh batuan sedimen yang lebih muda. Kraton memiliki kerak tebal dan akar litosferik yang dalam yang memanjang sejauh beberapa ratus kilometer di dalam mantel Bumi.
Istilah kraton digunakan untuk membedakan bagian stabil dari kerak benua dari daerah yang lebih aktif secara geologi dan tidak stabil. Kraton dapat digambarkan sebagai perisai, di mana batuan dasar muncul di permukaan, di mana bagian bawah tanah yang dilapisi oleh sedimen dan batuan sedimen.
Kata kraton pertama kali diusulkan oleh ahli geologi Jerman L. Kober pada tahun 1921 sebagai Kratogen, mengacu pada platform benua stabil, dan orogen sebagai istilah untuk gunung atau sabuk orogenik. Kemudian penulis memperpendek istilah tersebut menjadi kraton.",2026-10-09T04:38:08.905542+00:00
Keraton Kartasura,"Kabupaten Sukoharjo, Jawa Tengah",Istana,ChIJvcFCFOkUei4Rc4Mm4UNCP2o,Keraton Kartosuro,"CPRR+M43, Dusun II, Ngadirejo, Kec. Kartasura, Kabupaten Sukoharjo, Jawa Tengah 57163, Indonesia",4.5,1245.0,https://maps.google.com/?cid=7655910750860772211&g_mp=CiVnb29nbGUubWFwcy5wbGFjZXMudjEuUGxhY2VzLkdldFBsYWNlEAIYBCAA,-7.5583608,110.7403039,SUCCESS,FIRST_RESULT,2026-09-25T07:34:30.525696+00:00,,,Keraton Kartasura,https://id.wikipedia.org/wiki/Keraton_Kartasura,1.0,EXACT_MATCH,"Keraton Kartasura (bahasa Jawa: ꦏꦫꦠꦺꦴꦤ꧀ꦏꦂꦡꦯꦹꦫ, translit. karaton Kartasura) adalah bekas keraton dan ibu kota dari Kesultanan Mataram pada tahun 1680–1745 sesudah Keraton Plered, setelah kehancurannya akibat Perang Trunajaya. Keraton kemudian dipindahkan ke Surakarta.
Keraton ini didirikan oleh Amangkurat II pada tahun 1680, karena Keraton Plered saat itu telah diduduki Pangeran Puger yang ditugasi mempertahankan Plered oleh Amangkurat I, ketika terjadi pemberontakan Trunajaya. Pangeran Puger akhirnya dapat dibujuk untuk bergabung ke Kartasura dan mengakui kedaulatan kakaknya sebagai Amangkurat II.
Bekas Keraton Kartasura sekarang terletak di wilayah administratif Kabupaten Sukoharjo, di daerah yang kini disebut Kecamatan Kartasura. Peninggalan yang masih tersisa dari Keraton Kartasura hingga saat ini adalah sebagian dinding cepuri, baluwarti, taman keraton (Gunung Kunci), gedong piring, gedong obat, dalem pangeran, dan toponim yang merupakan komponen kota Kartasura di masa lalu.
Beberapa toponim tersebut antara lain Kemasan (perajin emas), Gerjen (tukang jahit), Sayangan (kerajinan tembaga), Kunden (kerajinan gerabah), Pandean (tukang besi), Jagalan (tukang jagal hewan), Ngabean (pangeran Ngabehi), Singapuran (pangeran Singapura), Mangkubumen (pangeran Mangkubumi), Purbayan (pangeran Purbaya).",2026-10-09T04:38:09.174116+00:00
Keraton Sultan Bacan Labuha,"Kabupaten Halmahera Selatan, Maluku Utara",Istana,ChIJg39NNIY6Yy0RQPNbvPI28h0,Bacan Sultanate Palace,"9FFH+J32, Amasing Kota, Bacan, South Halmahera Regency, North Maluku, Indonesia",4.7,18.0,https://maps.google.com/?cid=2157847587634017088&g_mp=CiVnb29nbGUubWFwcy5wbGFjZXMudjEuUGxhY2VzLkdldFBsYWNlEAIYBCAA,-0.6259977,127.4776496,SUCCESS,FIRST_RESULT,2026-09-26T17:13:17.844776+00:00,,,Pulau Bacan,https://id.wikipedia.org/wiki/Pulau_Bacan,0.33488843529658924,SIMILARITY_MATCH,"Pulau Bacan adalah sebuah pulau yang terdapat di Kepulauan Maluku tepatnya di sebelah barat daya Pulau Halmahera, Indonesia. Secara administratif Pulau Bacan masuk ke dalam wilayah Kabupaten Halmahera Selatan, provinsi Maluku Utara mencakup 7 kecamatan di kabupaten tersebut. Di pulau Bacan inilah, Labuha, ibu kota Kabupaten Halmahera Selatan berada. Pulau Bacan memiliki luas 2.053 km² dengan Gunung Batusibela (2.111 Mdpl) sebagai titik tertingginya.",2026-10-09T04:38:09.435133+00:00
Kuil Shri Mariamman,"Kota Medan, Sumatera Utara",Kuil,ChIJaexxOdQxMTARt3BU1MPMyK0,Mariamman Temple,"Jl. Teuku Umar No.18, Petisah Tengah, Kec. Medan Petisah, Kota Medan, Sumatera Utara 20151, Indonesia",4.6,1004.0,https://maps.google.com/?cid=12522483905356656823&g_mp=CiVnb29nbGUubWFwcy5wbGFjZXMudjEuUGxhY2VzLkdldFBsYWNlEAIYBCAA,3.583902,98.671177,SUCCESS,FIRST_RESULT,2026-09-25T07:34:31.946157+00:00,,,Kuil Shri Mariamman,https://id.wikipedia.org/wiki/Kuil_Shri_Mariamman,1.0000000000000002,EXACT_MATCH,"Kuil Shri Mariamman atau dikenal sebagai kuil untuk Dewi Mariamman, adalah tempat ibadah yang didedikasikan untuk Dewi Mariamman, dewi hujan, kesuburan, dan penyembuhan. Keberadaan banyak kuil ini di kota-kota Asia disebabkan oleh beberapa faktor sejarah, budaya, dan migrasi Orang Tamil. Dewi Mariamman merupakan dewi yang sangat dihormati dalam tradisi Tamil, khususnya di India Selatan. Beliau diyakini sebagai pelindung dari penyakit seperti cacar air dan dipercaya membawa hujan, hasil panen, serta kesejahteraan.",2026-10-09T04:38:09.687059+00:00
Makam Para Ulama,"Kabupaten Pidie, Aceh",Makam,ChIJaTAZZwCTQDARraNRGJVLXpM,Makam Ulama,"9W7M+465, West Kampung, Pidie, Pidie Regency, Aceh 24151, Indonesia",,,https://maps.google.com/?cid=10619008075116422061&g_mp=CiVnb29nbGUubWFwcy5wbGFjZXMudjEuUGxhY2VzLkdldFBsYWNlEAIYBCAA,5.3628013,95.9321569,SUCCESS,FIRST_RESULT,2026-09-26T17:13:18.062622+00:00,,,Taman Pemakaman Umum Karet Bivak,https://id.wikipedia.org/wiki/Taman_Pemakaman_Umum_Karet_Bivak,0.2621061972541171,SIMILARITY_MATCH,"Taman Pemakaman Umum Karet Bivak atau lebih disingkat TPU Karet Bivak adalah sebuah tempat pemakaman umum di Jakarta, Indonesia. Tempat pemakaman umum ini merupakan tempat pemakaman umum terbesar kedua di kota tersebut.",2026-10-09T04:38:09.947798+00:00
Makam Mbah Raden,"Kabupaten Nganjuk, Jawa Timur",Makam,ChIJpfnHeFk1eC4RoXCKE45H6EI,Makam Mbah Raden,"FWF5+JVG, Talang, Kec. Rejoso, Kabupaten Nganjuk, Jawa Timur 64453, Indonesia",5.0,2.0,https://maps.google.com/?cid=4821182076638884001&g_mp=CiVnb29nbGUubWFwcy5wbGFjZXMudjEuUGxhY2VzLkdldFBsYWNlEAIYBCAA,-7.5259354,111.9096991,SUCCESS,FIRST_RESULT,2026-09-26T17:13:18.301184+00:00,,,Raden saridin sunan landoh,https://id.wikipedia.org/wiki/Raden_saridin_sunan_landoh,0.2360745574829026,SIMILARITY_MATCH,Raden saridin (Syarifudin) atau lebih dikenal sebagai sunan Jangkung beliau adalah seorang wali njadab yang membawakan ajaran islam dengan unik,2026-10-09T04:38:10.207051+00:00
Makam Kanjeng Jimat,"Kabupaten Nganjuk, Jawa Timur",Makam,ChIJeynvxYFNeC4Rj6SdGXBbXGk,Makam Kanjeng Djimat,"8VQ8+X3W, Gerekan, Kacangan, Kec. Berbek, Kabupaten Nganjuk, Jawa Timur 64473, Indonesia",4.9,25.0,https://maps.google.com/?cid=7592043608864040079&g_mp=CiVnb29nbGUubWFwcy5wbGFjZXMudjEuUGxhY2VzLkdldFBsYWNlEAIYBCAA,-7.660012999999999,111.8652056,SUCCESS,FIRST_RESULT,2026-09-26T17:13:18.529649+00:00,,,Kabupaten Nganjuk,https://id.wikipedia.org/wiki/Kabupaten_Nganjuk,0.10326831451537204,SIMILARITY_MATCH,"Kabupaten Nganjuk (bahasa Jawa: Hanacaraka: ꦔꦚ꧀ꦗꦸꦏ꧀, Pegon: ڠانجوك; pengucapan bahasa Jawa: [ŋand͡ʒʊk̚]) adalah kabupaten di Provinsi Jawa Timur, Indonesia. Ibu kotanya berada di kecamatan Nganjuk. Kabupaten ini berbatasan dengan Kabupaten Bojonegoro di utara, Kabupaten Kediri dan Kabupaten Ponorogo di selatan, Kabupaten Jombang dan Kabupaten Kediri di timur, serta Kabupaten Madiun di barat. Jumlah penduduk Kabupaten Nganjuk pada semester 1 tahun 2024 sebanyak 1.148.611 jiwa.
Pada zaman Kerajaan Medang, wilayah sekitar Nganjuk dikenal dengan nama Anjuk Ladang yaitu Tanah Kemenangan. Nganjuk juga dikenal dengan julukan Kota Angin karena geografinya di utara Gunung Wilis membuat daerah ini banyak diterpa angin. Nganjuk juga dikenal sebagai salah satu sentra penghasil bawang merah terbesar di Jawa Timur.",2026-10-09T04:38:10.471677+00:00
Makam Batuampar,"Kabupaten Pamekasan, Jawa Timur",Makam,ChIJZX2rVTEr2C0RDrCDp1sq5MA,Makam Wali Batu Ampar Barat,"Dusun Batu Ampar, Pangbatok, Kec. Proppo, Kabupaten Pamekasan, Jawa Timur 69363, Indonesia",4.4,153.0,https://maps.google.com/?cid=13899280923113009166&g_mp=CiVnb29nbGUubWFwcy5wbGFjZXMudjEuUGxhY2VzLkdldFBsYWNlEAIYBCAA,-7.098096699999999,113.3764845,SUCCESS,FIRST_RESULT,2026-09-25T07:34:33.988727+00:00,,,Kota Balikpapan,https://id.wikipedia.org/wiki/Kota_Balikpapan,0.13025995420102368,SIMILARITY_MATCH,"Balikpapan adalah sebuah kota di Provinsi Kalimantan Timur, Indonesia. Balikpapan menjadi kota terbesar kedua di Kalimantan Timur setelah Kota Samarinda, dengan total penduduk sebanyak 746.804 jiwa pada pertengahan tahun 2024.
Sebagai pusat bisnis dan industri, Balikpapan memiliki perekonomian terbesar di seluruh Kalimantan, dengan total PDRB mencapai Rp79,65 triliun pada tahun 2016. Balikpapan menjadi salah satu dari 3 gerbang menuju ibu kota Indonesia yang baru, dengan keberadaan Pelabuhan Semayang (tersibuk kedua setelah Pelabuhan Samarinda) dan Bandar Udara Internasional Sultan Aji Muhammad Sulaiman yang merupakan bandara kota tersibuk ketiga di Kalimantan, setelah Banjarmasin dan Pontianak.
Terbentuknya Balikpapan berawal dari sebuah perkampungan nelayan di tepi Selat Makassar pada abad ke-19. Pengeboran pertama sumur minyak di kota ini dimulai pada 10 Februari 1897, yang kemudian ditetapkan sebagai hari jadi Kota Balikpapan. Pada tahun 1907, Bataafsche Petroleum Maatschappij (BPM) mendirikan kantor di kota ini, yang kemudian diikuti oleh masuknya investasi dari berbagai perusahaan multinasional. Berdasarkan survey persepsi masyarakat dengan 1000 responden, kota Balikpapan dulunya dinobatkan IAP sebagai salah satu kota paling layak huni di Indonesia tahun 2014 dan 2017. Namun pada tahun 2022, kota ini justru tertinggal oleh Samarinda dan tidak lagi dinobatkan dalam 10 besar.",2026-10-09T04:38:10.732719+00:00
Makam Kyai Ratoh Sumber Anyar,"Kabupaten Pamekasan, Jawa Timur",Makam,ChIJ1VbC91J_1y0Rgt-IkTJizc8,Asta Kiai Zubair Sumber Anyar,"Berlancar, QFM8+2P3, Jl. Sumber Anyar, Taman Dua, Larangan Tokol, Kec. Tlanakan, Kabupaten Pamekasan, Jawa Timur 69371, Indonesia",5.0,1.0,https://maps.google.com/?cid=14973732305406320514&g_mp=CiVnb29nbGUubWFwcy5wbGFjZXMudjEuUGxhY2VzLkdldFBsYWNlEAIYBCAA,-7.2174828,113.4667855,SUCCESS,FIRST_RESULT,2026-09-26T17:13:18.802289+00:00,,,Kabupaten Sampang,https://id.wikipedia.org/wiki/Kabupaten_Sampang,0.05078966562484643,SIMILARITY_MATCH,"Kabupaten Sampang (Pèghu: سامڤاڠ,  Carakan: ꦱꦩ꧀ꦥꦁ, pelafalan dalam bahasa Indonesia: [sam.paŋ]) adalah sebuah wilayah kabupaten yang ada di Pulau Madura. Kabupaten ini terletak di Provinsi Jawa Timur, Indonesia. Ibu kotanya adalah Kecamatan Sampang. Kabupaten ini berbatasan dengan Laut Jawa di utara, Selat Madura di selatan, Kabupaten Bangkalan di barat, dan Kabupaten Pamekasan di timur.",2026-10-09T04:38:11.002040+00:00
Kuburan Madegan,"Kabupaten Sampang, Jawa Timur",Makam,ChIJZbQ1IVGG1y0R0dXdVW_wAAU,MASJID JAMIK MADEGAN - POLAGAN - SAMPANG,"Q6RJ+QXF, Rw. II, Polagan, Kec. Sampang, Kabupaten Sampang, Jawa Timur 69216, Indonesia",4.6,64.0,https://maps.google.com/?cid=360552331162277329&g_mp=CiVnb29nbGUubWFwcy5wbGFjZXMudjEuUGxhY2VzLkdldFBsYWNlEAIYBCAA,-7.2080502,113.2324323,SUCCESS,FIRST_RESULT,2026-09-26T17:13:19.057975+00:00,,,Kabupaten Sampang,https://id.wikipedia.org/wiki/Kabupaten_Sampang,0.22807330836112605,SIMILARITY_MATCH,"Kabupaten Sampang (Pèghu: سامڤاڠ,  Carakan: ꦱꦩ꧀ꦥꦁ, pelafalan dalam bahasa Indonesia: [sam.paŋ]) adalah sebuah wilayah kabupaten yang ada di Pulau Madura. Kabupaten ini terletak di Provinsi Jawa Timur, Indonesia. Ibu kotanya adalah Kecamatan Sampang. Kabupaten ini berbatasan dengan Laut Jawa di utara, Selat Madura di selatan, Kabupaten Bangkalan di barat, dan Kabupaten Pamekasan di timur.",2026-10-09T04:38:11.264777+00:00
Pasarean Syech Maulana Ishaq,"Kabupaten Situbondo, Jawa Timur",Makam,ChIJrwxIbjQp1y0RngtkOoq-dzM,Pesarean Syekh Maulana Ishaq,"72M6+QPH, Kotakan Utara, Kotakan, Kec. Situbondo, Kabupaten Situbondo, Jawa Timur 68351, Indonesia",4.9,8.0,https://maps.google.com/?cid=3708642319057292190&g_mp=CiVnb29nbGUubWFwcy5wbGFjZXMudjEuUGxhY2VzLkdldFBsYWNlEAIYBCAA,-7.715566099999998,114.0118515,SUCCESS,FIRST_RESULT,2026-09-26T17:13:19.287840+00:00,,,Kabupaten Situbondo,https://id.wikipedia.org/wiki/Kabupaten_Situbondo,0.024115521499013012,SIMILARITY_MATCH,"Kabupaten Situbondo (Hanacaraka: ꦱꦶꦠꦸꦧꦤ꧀ꦢ, Pegon: سيتوباندا; pelafalan dalam bahasa Indonesia: [sitʊˈbɔndɔ]; sebelumnya Kabupaten Panarukan) adalah kabupaten di provinsi Jawa Timur, Indonesia. Ibu kota Situbondo berada di kecamatan Situbondo.
Kabupaten yang dilintasi aliran besar Kali Sampean ini terletak di daerah pesisir utara pulau Jawa, di kawasan Tapal Kuda dan dikelilingi oleh perkebunan tebu, tembakau, hutan lindung Baluran dan lokasi usaha tambak udang dan perikanan. Dengan letaknya yang strategis, di tengah jalur transportasi darat Jawa-Bali, kegiatan perekonomian di kabupaten ini termasuk yang paling aktif di Jawa Timur, karena para sopir angkutan barang selalu singgah dan beristirahat di tempat-tempat yang ada di wilayah ini, terutama di wilayah wisata seperti Taman Nasional Baluran dan Pantai Pasir Putih. Situbondo mempunyai pelabuhan penumpang dan niaga bernama Pelabuhan Panarukan yang terkenal sebagai ujung timur dari Jalan Raya Pos Anyer-Panarukan di pulau Jawa yang dibangun oleh Daendels pada era kolonial Belanda. Mayoritas Penduduk di wilayah ini merupakan Suku Madura, dan selebihnya merupakan pendatang dari berbagai wilayah di Jawa Timur dan provinsi lain di Indonesia dan biasanya para pendatang tersebut bekerja sebagai pegawai pemerintah dan/atau wirausaha.",2026-10-09T04:38:11.526409+00:00
Pasarean Agung Saifudin,"Kabupaten Situbondo, Jawa Timur",Makam,ChIJAQBAWbcf1y0RAfvbYrteucs,Asta / Pesarian Aba Agung Sahwan,"6PXG+7W4, Jl. Bondowoso, Buduan, Kec. Suboh, Kabupaten Situbondo, Jawa Timur 68354, Indonesia",5.0,2.0,https://maps.google.com/?cid=14679868619301321473&g_mp=CiVnb29nbGUubWFwcy5wbGFjZXMudjEuUGxhY2VzLkdldFBsYWNlEAIYBCAA,-7.751852899999999,113.7273383,SUCCESS,FIRST_RESULT,2026-09-26T17:13:19.497275+00:00,,,Kabupaten Situbondo,https://id.wikipedia.org/wiki/Kabupaten_Situbondo,0.03491770384986395,SIMILARITY_MATCH,"Kabupaten Situbondo (Hanacaraka: ꦱꦶꦠꦸꦧꦤ꧀ꦢ, Pegon: سيتوباندا; pelafalan dalam bahasa Indonesia: [sitʊˈbɔndɔ]; sebelumnya Kabupaten Panarukan) adalah kabupaten di provinsi Jawa Timur, Indonesia. Ibu kota Situbondo berada di kecamatan Situbondo.
Kabupaten yang dilintasi aliran besar Kali Sampean ini terletak di daerah pesisir utara pulau Jawa, di kawasan Tapal Kuda dan dikelilingi oleh perkebunan tebu, tembakau, hutan lindung Baluran dan lokasi usaha tambak udang dan perikanan. Dengan letaknya yang strategis, di tengah jalur transportasi darat Jawa-Bali, kegiatan perekonomian di kabupaten ini termasuk yang paling aktif di Jawa Timur, karena para sopir angkutan barang selalu singgah dan beristirahat di tempat-tempat yang ada di wilayah ini, terutama di wilayah wisata seperti Taman Nasional Baluran dan Pantai Pasir Putih. Situbondo mempunyai pelabuhan penumpang dan niaga bernama Pelabuhan Panarukan yang terkenal sebagai ujung timur dari Jalan Raya Pos Anyer-Panarukan di pulau Jawa yang dibangun oleh Daendels pada era kolonial Belanda. Mayoritas Penduduk di wilayah ini merupakan Suku Madura, dan selebihnya merupakan pendatang dari berbagai wilayah di Jawa Timur dan provinsi lain di Indonesia dan biasanya para pendatang tersebut bekerja sebagai pegawai pemerintah dan/atau wirausaha.",2026-10-09T04:38:11.789781+00:00
Makam Raden Tjondrokusumo,"Kabupaten Situbondo, Jawa Timur",Makam,ChIJDwEgBgAr0S0RXYrSxU1k5SE,Makam Raden Condro Kusomo,"656R+FH5, Area Hutan, Mojosari, Kec. Asembagus, Kabupaten Situbondo, Jawa Timur 68373, Indonesia",,,https://maps.google.com/?cid=2442468658112531037&g_mp=CiVnb29nbGUubWFwcy5wbGFjZXMudjEuUGxhY2VzLkdldFBsYWNlEAIYBCAA,-7.7888522,114.1914951,SUCCESS,FIRST_RESULT,2026-09-25T07:34:36.235748+00:00,,,Kabupaten Situbondo,https://id.wikipedia.org/wiki/Kabupaten_Situbondo,0.091275195648213,SIMILARITY_MATCH,"Kabupaten Situbondo (Hanacaraka: ꦱꦶꦠꦸꦧꦤ꧀ꦢ, Pegon: سيتوباندا; pelafalan dalam bahasa Indonesia: [sitʊˈbɔndɔ]; sebelumnya Kabupaten Panarukan) adalah kabupaten di provinsi Jawa Timur, Indonesia. Ibu kota Situbondo berada di kecamatan Situbondo.
Kabupaten yang dilintasi aliran besar Kali Sampean ini terletak di daerah pesisir utara pulau Jawa, di kawasan Tapal Kuda dan dikelilingi oleh perkebunan tebu, tembakau, hutan lindung Baluran dan lokasi usaha tambak udang dan perikanan. Dengan letaknya yang strategis, di tengah jalur transportasi darat Jawa-Bali, kegiatan perekonomian di kabupaten ini termasuk yang paling aktif di Jawa Timur, karena para sopir angkutan barang selalu singgah dan beristirahat di tempat-tempat yang ada di wilayah ini, terutama di wilayah wisata seperti Taman Nasional Baluran dan Pantai Pasir Putih. Situbondo mempunyai pelabuhan penumpang dan niaga bernama Pelabuhan Panarukan yang terkenal sebagai ujung timur dari Jalan Raya Pos Anyer-Panarukan di pulau Jawa yang dibangun oleh Daendels pada era kolonial Belanda. Mayoritas Penduduk di wilayah ini merupakan Suku Madura, dan selebihnya merupakan pendatang dari berbagai wilayah di Jawa Timur dan provinsi lain di Indonesia dan biasanya para pendatang tersebut bekerja sebagai pegawai pemerintah dan/atau wirausaha.",2026-10-09T04:38:12.058282+00:00
Petilasan Syekh Maulana Ishaq,"Kabupaten Situbondo, Jawa Timur",Makam,ChIJw95J9wQk1y0RJPzD8NygA6Y,Maqom Syeh Maulana Ishaq,"8V99+J56, Kembangsambi, Pasir Putih, Kec. Bungatan, Kabupaten Situbondo, Jawa Timur 68358, Indonesia",4.6,33.0,https://maps.google.com/?cid=11962581906018794532&g_mp=CiVnb29nbGUubWFwcy5wbGFjZXMudjEuUGxhY2VzLkdldFBsYWNlEAIYBCAA,-7.6809736,113.867878,SUCCESS,FIRST_RESULT,2026-09-26T17:13:19.713014+00:00,,,Syekh Jumadil Qubro,https://id.wikipedia.org/wiki/Syekh_Jumadil_Qubro,0.1861150754235232,SIMILARITY_MATCH,"Sayid Jamaluddin Akbar Ibnu Husein  nama gelaran : Syekh Jumadil Qubro atau Jamaluddin Al-Akbar Al-Husaini atau Maulana Husein Jumadil Qubro atau Saeiyid Jamaluddin Al-Hussein atau As-Syekh Sayid Jamaluddin Akbar atau Sayid Jumadil Kabir Mojokerto. Menurut peneliti belanda martin bruinessen bahwa, vivek dan Jennifer W. Nourse  Jumadil Qubro ada hubungannya dengan terakat sufi Qubrowi, bahwa qubra dikaitkan dengan namanya. Syeikh jamidul -Qubra murid Sayidi Ali Hamadoni shafi  -al Qubrawi, Peter Dziedzic, peneliti menjelaskan Sunan Gresik juga belajar dari    Hamadoani 
Menurut wain bahwa kubrowi-hamadaoni adalah pendiri islam di java, Semua walisongo berdakwah di bawah bimbingan  Hamdoni  dari asia tengah ke indonesia dalam waktu yang berbeda, berbeda garis dan tahapan yang berjenar.",2026-10-09T04:38:12.314570+00:00
Makam Masjid Kuno Kuncen,"Kabupaten Madiun, Jawa Timur",Makam,ChIJq2Zxy9e9eS4RwIQ2mUGijPg,makam kuno Kuncen madiun,"8GV7+8JF, Kuncen, Madiun, Madiun City, East Java 63135, Indonesia",4.5,28.0,https://maps.google.com/?cid=17909868220772680896&g_mp=CiVnb29nbGUubWFwcy5wbGFjZXMudjEuUGxhY2VzLkdldFBsYWNlEAIYBCAA,-7.6566918,111.5140518,SUCCESS,FIRST_RESULT,2026-09-26T17:13:19.965310+00:00,,,"Taman, Madiun","https://id.wikipedia.org/wiki/Taman,_Madiun",0.3979139401828258,SIMILARITY_MATCH,"Taman adalah salah satu dari 3 kecamatan di Kota Madiun. Taman merupakan kecamatan paling selatan dengan penduduk terbanyak dan terpadat di Kota Madiun. Taman juga memiliki kelurahan dengan jumlah penduduk terbanyak yaitu Manisrejo dengan sekitar 15 ribu jiwa, sekaligus penduduk paling sedikit yaitu Kuncen dengan penduduk 1,4 ribu jiwa pada tahun 2024. Taman merupakan pintu masuk ke Kota Madiun dari arah Ponorogo. Jalur tersebut dari selatan bertemu dengan Persimpangan Te'an dan terpisah menjadi dua jalan raya, ke kiri melewati Jl. Soekarno Hatta menuju alun-alun sedangkan ke kanan menuju Jl. Mayjen Panjaitan. 
Taman memiliki beberapa situs sejarah penting seperti Masjid Kuncen dan Masjid Besar Kuno Taman yang menjadi bukti jejak awal penyebaran Islam di Madiun. Masjid Kuncen adalah masjid tradisional di Kelurahan Kuncen yang didirikan oleh Bupati Pertama Madiun yaitu Pangeran Timur pada abad ke-16. Di sekitar masjid ini terdapat makam para Bupati Madiun yang terdahulu. Sedangkan Masjid Kuno Taman didirikan di Kelurahan Taman oleh Kiai Donopuro pada tahun 1754 pada masa Kesultanan Yogyakarta. Di dekat masjid tersebut terdapat makam Bupati Ronggo Prawirodirjo I beserta keturunannya.",2026-10-09T04:38:12.574397+00:00
Makam Ke Pate Alos,"Kabupaten Situbondo, Jawa Timur",Makam,ChIJ0Vvn7_sf1y0RCY1yvdQS5GY,Makam Raden Bagus Kosim Wirodipuro 1 (Kyai Pate Alos),"Jl. Jokotole No.Gg.1, Besuki, Kec. Besuki, Kabupaten Situbondo, Jawa Timur 68356, Indonesia",5.0,10.0,https://maps.google.com/?cid=7414071591479446793&g_mp=CiVnb29nbGUubWFwcy5wbGFjZXMudjEuUGxhY2VzLkdldFBsYWNlEAIYBCAA,-7.733319099999999,113.684965,SUCCESS,FIRST_RESULT,2026-09-26T17:13:20.202031+00:00,,,Kabupaten Situbondo,https://id.wikipedia.org/wiki/Kabupaten_Situbondo,0.08724924632371898,SIMILARITY_MATCH,"Kabupaten Situbondo (Hanacaraka: ꦱꦶꦠꦸꦧꦤ꧀ꦢ, Pegon: سيتوباندا; pelafalan dalam bahasa Indonesia: [sitʊˈbɔndɔ]; sebelumnya Kabupaten Panarukan) adalah kabupaten di provinsi Jawa Timur, Indonesia. Ibu kota Situbondo berada di kecamatan Situbondo.
Kabupaten yang dilintasi aliran besar Kali Sampean ini terletak di daerah pesisir utara pulau Jawa, di kawasan Tapal Kuda dan dikelilingi oleh perkebunan tebu, tembakau, hutan lindung Baluran dan lokasi usaha tambak udang dan perikanan. Dengan letaknya yang strategis, di tengah jalur transportasi darat Jawa-Bali, kegiatan perekonomian di kabupaten ini termasuk yang paling aktif di Jawa Timur, karena para sopir angkutan barang selalu singgah dan beristirahat di tempat-tempat yang ada di wilayah ini, terutama di wilayah wisata seperti Taman Nasional Baluran dan Pantai Pasir Putih. Situbondo mempunyai pelabuhan penumpang dan niaga bernama Pelabuhan Panarukan yang terkenal sebagai ujung timur dari Jalan Raya Pos Anyer-Panarukan di pulau Jawa yang dibangun oleh Daendels pada era kolonial Belanda. Mayoritas Penduduk di wilayah ini merupakan Suku Madura, dan selebihnya merupakan pendatang dari berbagai wilayah di Jawa Timur dan provinsi lain di Indonesia dan biasanya para pendatang tersebut bekerja sebagai pegawai pemerintah dan/atau wirausaha.",2026-10-09T04:38:12.825478+00:00
Makam Syeh Maulana Ibrahim Asmaraqandi,"Kabupaten Tuban, Jawa Timur",Makam,ChIJgWGDeRqWdy4Rtwn8qYSbu8o,Tomb of Syekh Ibrahim Asmoroqondi,"Jl. Raya Daendles, Rembes, Gesikharjo, Kec. Palang, Kabupaten Tuban, Jawa Timur 62391, Indonesia",4.6,922.0,https://maps.google.com/?cid=14608440810396191159&g_mp=CiVnb29nbGUubWFwcy5wbGFjZXMudjEuUGxhY2VzLkdldFBsYWNlEAIYBCAA,-6.9057226,112.1274048,SUCCESS,FIRST_RESULT,2026-09-26T17:13:20.464691+00:00,,,Syekh Jumadil Qubro,https://id.wikipedia.org/wiki/Syekh_Jumadil_Qubro,0.17866266245939777,SIMILARITY_MATCH,"Sayid Jamaluddin Akbar Ibnu Husein  nama gelaran : Syekh Jumadil Qubro atau Jamaluddin Al-Akbar Al-Husaini atau Maulana Husein Jumadil Qubro atau Saeiyid Jamaluddin Al-Hussein atau As-Syekh Sayid Jamaluddin Akbar atau Sayid Jumadil Kabir Mojokerto. Menurut peneliti belanda martin bruinessen bahwa, vivek dan Jennifer W. Nourse  Jumadil Qubro ada hubungannya dengan terakat sufi Qubrowi, bahwa qubra dikaitkan dengan namanya. Syeikh jamidul -Qubra murid Sayidi Ali Hamadoni shafi  -al Qubrawi, Peter Dziedzic, peneliti menjelaskan Sunan Gresik juga belajar dari    Hamadoani 
Menurut wain bahwa kubrowi-hamadaoni adalah pendiri islam di java, Semua walisongo berdakwah di bawah bimbingan  Hamdoni  dari asia tengah ke indonesia dalam waktu yang berbeda, berbeda garis dan tahapan yang berjenar.",2026-10-09T04:38:13.078206+00:00
Makam Sunan Bejagung Lor,"Kabupaten Tuban, Jawa Timur",Makam,ChIJ9eRj1-2Xdy4RWpWZgvCW6aw,Makam Syaikh Abdulloh Asy'ari Sunan Bejagung Lor,"33P6+7PW, Krajan, Bejagung, Kec. Semanding, Kabupaten Tuban, Jawa Timur 62381, Indonesia",4.6,87.0,https://maps.google.com/?cid=12459655803824608602&g_mp=CiVnb29nbGUubWFwcy5wbGFjZXMudjEuUGxhY2VzLkdldFBsYWNlEAIYBCAA,-6.9142508,112.0618156,SUCCESS,FIRST_RESULT,2026-09-26T17:13:20.717551+00:00,,,Ahmad Mutamakin,https://id.wikipedia.org/wiki/Ahmad_Mutamakin,0.07395899061808386,SIMILARITY_MATCH,"Kiai Mutamakkin atau Syekh Ahmad Mutamakkin adalah tokoh sufi dan diyakini sebagai waliyullah dan tokoh penyebar Islam di daerah Pati. Nama Mutamakkin merupakan gelar yang diberikan setelah melakukan perjalanan intelektual mencari ilmu di berbagai wilayah di Timur Tengah. Nama tersebut diambil dari bahasa Arab yang memiliki arti orang yang meneguhkan hati atau orang yang diyakini kesuciannya. Kiai Mutamakkin juga memiliki nama laqab Mbah Cebolek, yang diketahui dari tempat kediaman dan maqbarah-nya. Sementara itu beliau juga mendapatkan gelar Suma Hadiwijoyo sebagai gelar keningratan karena memiliki garis keturunan dari para raja Jawa. Nasab keraton mengalir dalam darahnya, dari mulai Kerajaan Majapahit (Brawijaya ke-V) hingga Kesultanan Bintaro Demak.",2026-10-09T04:38:13.338202+00:00
Makam Sunan Bejagung Kidul,"Kabupaten Tuban, Jawa Timur",Makam,ChIJKZKF1tCXdy4RPY-tV3mkzi4,Makam Sunan Bejagung Kidul,"33J5+PMJ, Bejagung Kidul, Bejagung, Kec. Semanding, Kabupaten Tuban, Jawa Timur 62381, Indonesia",4.9,21.0,https://maps.google.com/?cid=3372814012016070461&g_mp=CiVnb29nbGUubWFwcy5wbGFjZXMudjEuUGxhY2VzLkdldFBsYWNlEAIYBCAA,-6.918172299999999,112.0591541,SUCCESS,FIRST_RESULT,2026-09-26T17:13:20.958025+00:00,,,"Semanding, Tuban","https://id.wikipedia.org/wiki/Semanding,_Tuban",0.06310099899885921,SIMILARITY_MATCH,"Semanding adalah salah satu kecamatan di Kabupaten Tuban. Semanding adalah penyangga utama dari ibu kota Tuban dan terletak di selatan Kecamatan Tuban. Semanding merupakan kecamatan dengan jumlah penduduk tertinggi di Tuban yaitu sekitar 120 ribu jiwa pada tahun 2024. Bagian utara Semanding merupakan kawasan padat penduduk dengan pusat perbelanjaan seperti Citimall Tuban dan Bravo Supermarket 2, serta infrastruktur lain seperti Stadion Bumi Wali (Tuban Sport Center) dan Taman Hutan Kota.
Kecamatan Semanding berada di Jalan Pantura penghubung pusat kota Tuban dengan Babat di selatan. Di jalur tersebut terdapat tugu ikonik yang disebut Tugu Pakah yang terletak di persimpangan strategis antara Jalan Pantura dengan jalur ke arah barat menuju Plumpang dan Rengel. Selain itu, Semanding juga dilintasi jalur strategis lainnya yaitu Ring Road yang berfungsi sebagai jalur lingkar selatan pusat kota Tuban.
Semanding adalah salah satu pusat pariwisata di Tuban terutama wisata alam seperti Pemandian Bektiharjo (yang rutin diadakan ritual Siraman Waranggono), Sendang Asmoro, dan Gua Akbar. Selain itu, juga terdapat wisata religi seperti Masjid Perut Bumi yang terletak di dalam gua, Makam Sunan Bejagung Lor dan Kidul, dan Makam Arya Dandang Wacana (Bupati Tuban ke-1). Sedangkan dari segi kuliner, terdapat makanan khas seperti ampo yang terbuat dari tanah liat. Selain itu, Semanding juga merupakan produsen siwalan terbesar di Tuban yang kemudian diolah menjadi minuman legen dan tuak.",2026-10-09T04:38:13.599497+00:00
Makam Syekh Achmad Cholil,"Kabupaten Tuban, Jawa Timur",Makam,ChIJLwMjrkekdy4R6bBTmEsl2J8,The Tomb of Sheikh Ahmad Kholil,"6X4H+7C7, Rawasan, Kec. Jenu, Kabupaten Tuban, Jawa Timur 62352, Indonesia",4.7,22.0,https://maps.google.com/?cid=11517997053608440041&g_mp=CiVnb29nbGUubWFwcy5wbGFjZXMudjEuUGxhY2VzLkdldFBsYWNlEAIYBCAA,-6.7943346,111.9785319,SUCCESS,FIRST_RESULT,2026-09-25T07:34:39.355607+00:00,,,Wildan Abdul Chamid,https://id.wikipedia.org/wiki/Wildan_Abdul_Chamid,0.09018891528554343,SIMILARITY_MATCH,"Mohammad Wildan Abdul Chamid adalah tokoh Nahdlatul Ulama yang berasal dari Kendal, Jawa Tengah, Ketua Majelis Ulama Indonesia Jawa Tengah, juga dikenal sebagai pengasuh Pondok Pesantren Raudlatul Muta'allimin Kendal serta Ketua Ta'mir Masjid Agung Kendal. Beliau juga dikenal sebagai sahabat dekat K.H. Abdurrahman Wahid, K.H. Cholil Bisri, dan K.H. Mustofa Bisri.",2026-10-09T04:38:13.867087+00:00
Makam Sunan Gesing,"Kabupaten Tuban, Jawa Timur",Makam,ChIJ7w1-kLSWdy4RkM2Ow5eQj44,Sunan Geseng,"24GF+996, Krajan, Gesing, Kec. Semanding, Kabupaten Tuban, Jawa Timur 62381, Indonesia",4.7,83.0,https://maps.google.com/?cid=10272588256550768016&g_mp=CiVnb29nbGUubWFwcy5wbGFjZXMudjEuUGxhY2VzLkdldFBsYWNlEAIYBCAA,-6.9740899,112.1233924,SUCCESS,FIRST_RESULT,2026-09-26T17:13:21.223713+00:00,,,Sunan Geseng,https://id.wikipedia.org/wiki/Sunan_Geseng,0.9999999999999999,EXACT_MATCH,"Sunan Geseng, atau sering pula disebut Eyang Cakrajaya/Ki Ageng Cokrojoyo, adalah murid Sunan Kalijaga.
Menurut Babad Jalasutra, Ki Cakrajaya juga adalah murid dari R. Wasiwara /Sunan Panggung.
yang dimakamkan di dusun Kutan, Desa Jatirejo, Kecamatan Lendah, Kulonprogo. Makamnya terletak di bukit pinggir sungai Progo. Beberapa orang menganggap antara Ki Cakrajaya dan Sunan Panggung adalah orang yang sama.
Menurut hikayat, pada suatu saat ia mengikuti anjuran Sunan Kalijaga untuk mengasingkan diri di suatu hutan untuk konsentrasi beribadah kepada Allah. Di tengah lelakunya itu, hutan tersebut terbakar, tetapi ia tidak mau menghentikan tapanya, sesuai pesan sang guru untuk jangan memutus ibadah, apapun yang terjadi, sampai sang guru datang menjenguknya. Demikianlah, ketika kebakaran berhenti dan Sunan Kalijaga datang menjenguknya, dia dapati Cakrajaya telah menghitam hangus, meskipun tetap sehat wal afiat. Maka digelarilah ia dengan Sunan Geseng.
Makam Sunan Geseng terletak di Dusun Jolosutro, Kecamatan Piyungan, Kabupaten Bantul, Yogyakarta. Letaknya kira-kira 2 km di sebelah kanan Jalan Yogyakarta-Wonosari Km. 14 (kalau datang dari Yogyakarta). Setiap tahun ada perayaan dari warga setempat untuk menghormati Sunan Geseng. Selain di dekat Pantai Parangtritis, Jogjakarta, makam Sunan Geseng juga dipercaya terdapat di sebuah desa yang bernama Desa Tirto, di kaki Gunung Andong-dekat Gungung Telomoyo-secara administratif di bawah Kecamaan Grabag, Kabupaten Magelang Jawa Tengah.
Masyarakat sekitar makam khususnya, dan Grabag pada umumnya, sangat memercayai bahwa makam yang ada di puncak bukit dengan bangunan cungkup dan makam di dalamnya adalah sarean (makam) Sunan Geseng.
Pada Bulan Ramadhan, pada hari ke-20 malam masyarakat banyak yang berkumpul di sekitar makam untuk bermunajat. Selain itu, di Desa Kleteran (terletak di bawah Desa Tirt) juga terdapat sebuah Pondok Pesantren yang dinamai Ponpes Sunan Geseng.
Ada sebuah makam yang konon juga makam Sunan Geseng, tepatnya dihutan di atas bukit kapur kurang lebih 10 km disebelah timur kota tuban jawa timur, yang konon juga sunan geseng bertapa di sana sampai akhirnya hutan tersebut terbakar habis, dan pada saat beliau wafat beliau dimakamkan disana, karena di dusun geseng tersebut terdapat sebuah makam yang di atasnya terdapat batu nisan, dan banyak di ziarahi orang, dan dari situlah para peziarah yang pada umumnya berziarah di makam sunan Bonang di tuban, atau di makam Syeh Maulana Ibrahim Asmoro Qondi, selalu menyempatkan untuk berziarah ke makam Sunan Geseng tersebut.
Masjid Sunan Geseng terdapat di Bagelen, Purworejo. Beberapa cerita rakyat menyebutkan bahwa setelah lulus menjadi wali, Sunan Geseng kembali ke Purworejo. Dalam perjalanannya melewati Pegunungan Menoreh, salah satunya adalah di daerah Teganing, dekat Waduk Sermo. Beliau meninggalkan jejak ""batur"" atau pondasi calon pondok pesantren yang sedianya akan ia bangun.
Sang Prabu juga berguru ilmu kesempurnaan pada SUNAN GESENG, sampai pada tingkat penguasaan yang tinggi atas segala galanya (jawa : widagdo waskitho ing samudayanipun) Sunan Geseng juga menguasai ilmu Ajian Cokro Joyo yang merupakan warisan doa atau hijib dari Sunan Bonang yang digunakan untuk menghancurkan hal-hal negatif gaib dan pernah digunakan Sunan Bonang. Atas jasanya, SUNAN GESENG kemudian dianugerahi sebidang tanah jabatan (jawa : lenggah siti) dengan nama KYAI AGENG JOLOSUTRO, yang membuat semakin tenar namanya hingga wafatnya.
Dalam Hikayat disebutkan Setelah SINUWUN ANYAKRAWATI wafat, maka kedudukannya digantikan oleh putranya RADEN MAS JATMIKA, dengan gelar KANGJENG SINUWUN SULTAN AGUNG HANYOKROKUSUMO, bertahta pada tahun 1613 sampai dengan tahun 1645.
Lalu salah satu keturunan Raden Mas Cokrojoyo yaitu R.T. Nasuto (R. Ng. Wirosuto) akan menikahi B.R.Ayu Danuredja, Kartosuro/B.R.Ay Tungle salah satu putri Amangkurat Agung I (Raja Ke-4 Mataram) dan lahir R.M. Kertojudo, dari sini mulai banyak tersebar keturunan dari Raden Mas Cokrojoyo, yang nantinya tersebar di berbagai daerah, terutama jawa tengah",2026-10-09T04:38:14.119177+00:00
Makam Syekh Subakir,"Kabupaten Tuban, Jawa Timur",Makam,ChIJw2OFM2-mdy4R7lNKm5DP-YM,Shekh Subakir Tomb,"6WGM+VQ8, Awar Awar, Tasikharjo, Kec. Jenu, Kabupaten Tuban, Jawa Timur 62352, Indonesia",4.7,148.0,https://maps.google.com/?cid=9509860308157092846&g_mp=CiVnb29nbGUubWFwcy5wbGFjZXMudjEuUGxhY2VzLkdldFBsYWNlEAIYBCAA,-6.7728396,111.9344391,SUCCESS,FIRST_RESULT,2026-09-26T17:13:21.436083+00:00,,,Sunan Gresik,https://id.wikipedia.org/wiki/Sunan_Gresik,0.07320387747944651,SIMILARITY_MATCH,"Sunan Gresik atau Sayyid Maulana Malik Ibrahim (w. 1419 M/822 H) Sebagian rakyat malah menyebutnya Kakek Bantal adalah Pemimpin Walisongo generasi pertama dalam menyebarkan agama Islam di Tanah Jawa. Ia dimakamkan di Desa Gapurosukolilo, Gresik.
Setelah ia wafat, kepemimpinan Walisongo diteruskan oleh penggantinya yaitu Sunan Ampel.",2026-10-09T04:38:14.372027+00:00
Makam Kuno Mbah Wassil,"Kota Kediri, Jawa Timur",Makam,ChIJC1XqXxdXeC4RQ34cs70cyS0,"Tomb of Sheikh Al Washil Syamsudin, Mbah Wasil Setono Gedong","Jl. Angsa No.25, Setono Gedong, Kec. Kota, Kota Kediri, Jawa Timur 64129, Indonesia",4.8,387.0,https://maps.google.com/?cid=3299199803104984643&g_mp=CiVnb29nbGUubWFwcy5wbGFjZXMudjEuUGxhY2VzLkdldFBsYWNlEAIYBCAA,-7.8161502,112.0114816,SUCCESS,FIRST_RESULT,2026-09-26T17:13:21.672249+00:00,,,,,,NO_CANDIDATE,,
Makam Sunan Ampel,"Kota Surabaya, Jawa Timur",Makam,ChIJJ7Pwmoj51y0Rl_BGBeLXGlY,Tomb of Sunan Ampel,"Jl. Ampel Blumbang No.2 A, Ampel, Kec. Semampir, Surabaya, Jawa Timur 60151, Indonesia",4.8,2788.0,https://maps.google.com/?cid=6204508802407395479&g_mp=CiVnb29nbGUubWFwcy5wbGFjZXMudjEuUGxhY2VzLkdldFBsYWNlEAIYBCAA,-7.229851099999999,112.7425029,SUCCESS,FIRST_RESULT,2026-09-26T17:13:21.922141+00:00,,,Sunan Ampel,https://id.wikipedia.org/wiki/Sunan_Ampel,0.7084761336026933,SIMILARITY_MATCH,"Sayyid Ali Rahmatullah atau yang dikenal dengan Sunan Ampel adalah seorang wali yang menyebarkan ajaran Islam di Tanah Jawa. Ia lahir pada tahun 1401 di Kerajaan Jeumpa.
Sunan Ampel adalah Putra dari Syekh Ibrahim As-Samarqandy dengan Dewi Candrawulan. Sunan Ampel juga merupakan keponakan Dyah Dwarawati, istri Bhre Kertabhumi raja Majapahit.",2026-10-09T04:38:14.648841+00:00
Makam Datu Kayan,"Kabupaten Barito Kuala, Kalimantan Selatan",Makam,ChIJs76XlNci5C0RsbLqu5m4u_c,Makam Syekh Abdurrahman Siddiq,"PHMC+H3P, Berangas, Alalak, Barito Kuala Regency, South Kalimantan 70126, Indonesia",4.7,32.0,https://maps.google.com/?cid=17851064518435320497&g_mp=CiVnb29nbGUubWFwcy5wbGFjZXMudjEuUGxhY2VzLkdldFBsYWNlEAIYBCAA,-3.26604,114.5702051,SUCCESS,FIRST_RESULT,2026-09-26T17:13:22.136459+00:00,,,Abdurrahman Siddiq,https://id.wikipedia.org/wiki/Abdurrahman_Siddiq,0.765700024240943,SIMILARITY_MATCH,"Syekh Abdurrahman Siddiq bin Muhammad Afif al-Banjari bin Mahmud bin Jamaluddin (lahir di Dalam Pagar, Martapura, Kalimantan Selatan tahun 1857 – meninggal di Sapat, Indragiri Hilir, Riau 10 Maret 1930 pada umur 72 tahun) adalah seorang ulama dari etnis Banjar yang dikenal di mana-mana bahkan sampai di Mekkah karena ia juga menjadi pengajar di Masjidil Haram. Muridnya tersebar sampai ke Singapura, Malaysia dan Kalimantan.namanya di abadikan disebuah perguruan tinggi ISLAM di BABEL yaitu IAIN SAS BABEL",2026-10-09T04:38:14.910881+00:00
Makam Sunan Bonang,"Kabupaten Tuban, Jawa Timur",Makam,ChIJ-2owqN0hdy4Rc6JvrNQxJFY,Pilgrimage Site of Sunan Bonang’s Tomb,"Jl. Sunan Bonang No.Km.4, Bonang, Kec. Lasem, Kabupaten Rembang, Jawa Tengah 59271, Indonesia",4.7,1029.0,https://maps.google.com/?cid=6207140975919211123&g_mp=CiVnb29nbGUubWFwcy5wbGFjZXMudjEuUGxhY2VzLkdldFBsYWNlEAIYBCAA,-6.8947023,112.0633318,SUCCESS,FIRST_RESULT,2026-09-26T17:13:22.367230+00:00,,,Sunan Bonang,https://id.wikipedia.org/wiki/Sunan_Bonang,0.6908337605575846,SIMILARITY_MATCH,"Sunan Bonang dilahirkan pada tahun 1465 M di Lasem, Majapahit dengan nama As-Sayyid Raden Maulana Makhdum Ibrahim. Ia adalah putra Sunan Ampel dengan Dewi Candrawati.
Ia juga dikenal sebagai penggubah suluk Wijil dan tembang Tombo Ati, yang masih sering dinyanyikan orang.",2026-10-09T04:38:15.172920+00:00
Makam Datu Aminin,"Kabupaten Barito Kuala, Kalimantan Selatan",Makam,ChIJH_WXj4kj5C0Rl9Qa-cRnkn0,Makam Pahlawan Datu Gusti Aminin,"Jl. Desa Pulau Sugara No.15, Berangas, Kec. Alalak, Kabupaten Barito Kuala, Kalimantan Selatan 70582, Indonesia",3.7,6.0,https://maps.google.com/?cid=9048408697031283863&g_mp=CiVnb29nbGUubWFwcy5wbGFjZXMudjEuUGxhY2VzLkdldFBsYWNlEAIYBCAA,-3.2601234,114.5658947,SUCCESS,FIRST_RESULT,2026-09-25T07:34:42.131932+00:00,,,Daftar tempat wisata di Kalimantan Selatan,https://id.wikipedia.org/wiki/Daftar_tempat_wisata_di_Kalimantan_Selatan,0.09589024956708092,SIMILARITY_MATCH,,2026-10-09T04:38:15.429644+00:00
Makam Masjid Kuno Taman,"Kabupaten Madiun, Jawa Timur",Makam,ChIJn56f-GG-eS4REne52F3CtqU,Makam Kuno Taman Kota Madiun,"9G6F+32J, Taman, Madiun City, East Java 63131, Indonesia",4.9,17.0,https://maps.google.com/?cid=11940945170343229202&g_mp=CiVnb29nbGUubWFwcy5wbGFjZXMudjEuUGxhY2VzLkdldFBsYWNlEAIYBCAA,-7.639792,111.5225115,SUCCESS,FIRST_RESULT,2026-09-26T17:13:22.607008+00:00,,,Masjid Besar Kuno Taman,https://id.wikipedia.org/wiki/Masjid_Besar_Kuno_Taman,0.6605995777578153,SIMILARITY_MATCH,"Masjid Besar Kuno Taman adalah sebuah masjid yang berada di Taman, Kota Madiun. Area masjid ini juga mencakup makam kuno peninggalan Walisongo.",2026-10-09T04:38:15.682462+00:00
Makam Dewi Sekardadu,"Kabupaten Lamongan, Jawa Timur",Makam,ChIJH12QXx_1dy4RQjZ9PWG4bdw,Makam Dewi Sekardadu,"Jl. Ronggo Hadi No.8, Jaledriasri, Gondang Lor, Kec. Sugio, Kabupaten Lamongan, Jawa Timur 62256, Indonesia",5.0,2.0,https://maps.google.com/?cid=15883554188588561986&g_mp=CiVnb29nbGUubWFwcy5wbGFjZXMudjEuUGxhY2VzLkdldFBsYWNlEAIYBCAA,-7.1999716000000005,112.2661191,SUCCESS,FIRST_RESULT,2026-09-26T17:13:22.821381+00:00,,,Dewi Sekardadu,https://id.wikipedia.org/wiki/Dewi_Sekardadu,0.8066495570987687,SIMILARITY_MATCH,"Dewi Sekardadu adalah putri pertama sebagai anak dari Raja Blambangan pada abad ke-14 yang diperintah oleh Bhre Pakembangan / Minak Dadali Putih / Raden Siung Laut memiliki nama Raja Menak Sembuyu, yang merupakan putera dari Bhre Wirabhumi salah satu keturunan dari Prabu Hayam Wuruk yang berasal dari Majapahit. Dewi Sekardadu juga dikenal sebagai Raden Ayu Liyung Manoro, Raden Ayu Sumbat Nyowo, dan Raden Ayu Kusworo Dewi. Merupakan ibu kandung dari Raden Paku atau Sunan Giri.",2026-10-09T04:38:15.935735+00:00
Makam Ki Ageng Trenggonokusumo,"Kabupaten Temanggung, Jawa Tengah",Makam,ChIJDyKuCLxxcC4R9NVx2yd1ZMM,Makam Raden Trenggono Kusumo Muneng,"R39F+XV7, Jl. Desa Muneng, Hutan, Muneng, Kec. Candiroto, Kabupaten Temanggung, Jawa Tengah 56193, Indonesia",4.7,57.0,https://maps.google.com/?cid=14079507149112858100&g_mp=CiVnb29nbGUubWFwcy5wbGFjZXMudjEuUGxhY2VzLkdldFBsYWNlEAIYBCAA,-7.180095000000001,110.0746772,SUCCESS,FIRST_RESULT,2026-09-26T17:13:23.072048+00:00,,,,,,NO_CANDIDATE,,
Makam Ssayyid,"Kabupaten Temanggung, Jawa Tengah",Makam,ChIJ2yEerkl3cC4Rw6lrdV7sCoA,Makam SAYYID MANSUR,"Q36X+3J2 Kali Bandung, Hutan & Sawah, Bandunggede, Kec. Kedu, Kabupaten Temanggung, Jawa Tengah 56252, Indonesia",,,https://maps.google.com/?cid=9226446677062953411&g_mp=CiVnb29nbGUubWFwcy5wbGFjZXMudjEuUGxhY2VzLkdldFBsYWNlEAIYBCAA,-7.239873800000001,110.0990235,SUCCESS,FIRST_RESULT,2026-09-26T17:13:23.281640+00:00,,,Alauddin Riayat Syah Sayyid Al-Mukammil,https://id.wikipedia.org/wiki/Alauddin_Riayat_Syah_Sayyid_Al-Mukammil,0.25251051959437215,SIMILARITY_MATCH,"Sultan Alauddin Riayat Syah Sayyid Al-Mukammil (bahasa Arab: علاء الدين رعاية شاه السيد المكمل; meninggal 1605), juga ditulis Sayyid al-Mukammal, adalah Sultan Aceh yang memerintah Kesultanan Aceh dari 1589 sampai ia dilengserkan pada 1604. Ia berasal dari garis keluarga Darul Kamal dan naik takhta setelah sekitar satu dasawarsa pergantian penguasa yang cepat di Aceh.
Masa pemerintahannya merupakan periode penting dalam sejarah politik dan perdagangan di Selat Malaka. Selain melanjutkan hubungan yang telah lama berlangsung dengan Portugis di Melaka, Aceh pada masanya menerima kedatangan armada Belanda, Inggris, dan Prancis. Armada Cornelis de Houtman tiba pada 1599, ekspedisi Inggris pimpinan James Lancaster pada 1602, sedangkan pedagang Prancis François Martin de Vitré berada di Aceh pada tahun yang sama.
Pemerintahannya juga merupakan salah satu periode awal Kesultanan Aceh yang meninggalkan sejumlah dokumen diplomatik asli. Dua dokumen berbahasa Arab bertarikh 1602 dan 1603 ditulis atas namanya, sedangkan tera cap kerajaannya diketahui terdapat pada sedikitnya tiga dokumen antara 1601 dan 1603. Cap tersebut dianggap sebagai cap kerajaan Melayu tertua yang diketahui masih bertahan dalam bentuk tera asli.
Dalam Hikayat Aceh, Alauddin digambarkan sebagai penguasa yang baik dan saleh, sedangkan pemerintahannya digambarkan sebagai masa kemakmuran. Catatan pengunjung Eropa pada pergantian abad ke-17 menggambarkan Bandar Aceh sebagai kota pelabuhan kosmopolitan yang ramai didatangi pedagang dari berbagai kawasan Asia.",2026-10-09T04:38:16.210221+00:00
Makam Ki Ageng Makukuhan,"Kabupaten Temanggung, Jawa Tengah",Makam,ChIJYXoshzN4cC4RbB-aRPz20oI,"The tomb of ""Ki Ageng Makukuhan""","P5F5+QQ4, Jl. Makukuhan, RW.05, Tawangsari, Kedu, Kec. Kedu, Kabupaten Temanggung, Jawa Tengah 56252, Indonesia",4.6,616.0,https://maps.google.com/?cid=9426868533383012204&g_mp=CiVnb29nbGUubWFwcy5wbGFjZXMudjEuUGxhY2VzLkdldFBsYWNlEAIYBCAA,-7.2758827,110.1584659,SUCCESS,FIRST_RESULT,2026-09-26T17:13:23.518198+00:00,,,Kabupaten Temanggung,https://id.wikipedia.org/wiki/Kabupaten_Temanggung,0.08900560729027071,SIMILARITY_MATCH,"Kabupaten Temanggung (bahasa Jawa: Hanacaraka: ꦡꦼꦩꦁ​ꦒꦸꦁ​, Pegon: تۤماڠڮوڠ) adalah sebuah wilayah kabupaten yang terletak di Provinsi Jawa Tengah, Indonesia. Ibu kota kabupaten ini terletak di Kecamatan Temanggung Kota. Kabupaten Temanggung berbatasan dengan Kabupaten Kendal di utara, Kabupaten Semarang di timur, Kabupaten Magelang di selatan, serta Kabupaten Wonosobo di barat. Jumlah penduduk Kabupaten ini per tahun 2022 mencapai 799.764 jiwa.",2026-10-09T04:38:16.476139+00:00
Makam Syaikhona Muhammad Kholil,"Kabupaten Bangkalan, Jawa Timur",Makam,ChIJE5I8g-YF2C0RRcBRpizteoI,MAKAM SYAIKHONA KHOLIL BANGKALAN,"XP5F+58P, Jl. Mertajasah, Tajasah, Mertajasah, Kec. Bangkalan, Kabupaten Bangkalan, Jawa Timur 69119, Indonesia",4.8,2879.0,https://maps.google.com/?cid=9402087948114051141&g_mp=CiVnb29nbGUubWFwcy5wbGFjZXMudjEuUGxhY2VzLkdldFBsYWNlEAIYBCAA,-7.0420311,112.7233234,SUCCESS,FIRST_RESULT,2026-09-26T17:13:23.734715+00:00,,,Masjid Syaikhona Kholil Bangkalan,https://id.wikipedia.org/wiki/Masjid_Syaikhona_Kholil_Bangkalan,0.7682727765322241,SIMILARITY_MATCH,"Masjid Syaikhona Kholil adalah sebuah masjid yang terletak di Desa Martajasah, Kecamatan Bangkalan, Kabupaten Bangkalan, Provinsi Jawa Timur, Indonesia. Masjid ini dibangun sebagai bentuk penghormatan terhadap ulama kharismatik asal Madura, Syaikhona Muhammad Kholil, yang dikenal sebagai salah satu tokoh penting dalam perkembangan Islam di Indonesia, khususnya dalam pendidikan pesantren.",2026-10-09T04:38:16.745018+00:00
Makam Bujuk Cendana,"Kabupaten Bangkalan, Jawa Timur",Makam,ChIJiSFhDgsd2C0RG1puXn3HKnk,Makam Sunan Cendana,"RVR4+F2P, Ketetang, Kec. Kwanyar, Kabupaten Bangkalan, Jawa Timur 69163, Indonesia",4.6,49.0,https://maps.google.com/?cid=8731010168880257563&g_mp=CiVnb29nbGUubWFwcy5wbGFjZXMudjEuUGxhY2VzLkdldFBsYWNlEAIYBCAA,-7.158796,112.8550829,SUCCESS,FIRST_RESULT,2026-09-25T07:34:44.970555+00:00,,,Makam Bujuk Cendana,https://id.wikipedia.org/wiki/Makam_Bujuk_Cendana,1.0000000000000009,EXACT_MATCH,"Makam Bujuk Cendana merupakan seubah makam milik Sunan Cendana. Sunan Cendana adalah julukan untuk Syeikh Zainal Abidin, seorang ulama yang dipercaya menjadi tokoh penting dalam penyebaran agama islam di Pulau Madura. Menurut Silsilah yang disampaikan, Sunan Cendana adalah cicit dari Sunan Ampel yang merupakan salah satu anggota Wali Songo melalui jalur ayah. Sementara itu, dari pihak ibu, beliau konon juga memiliki garis keturunan dari Sunan Giri.
Nama ""Cendana"" diyakini berasal dari legenda bahwa Syeikh Zainal Abidin sering bertapa di bawah pohon cendana besar, Karena Tempat tinggal dan aktivitas beliau banyak dikaitkan dengan pohon tersebut, masyarakat mulai menyebutnya Sunan Cendana hingga sekarang.",2026-10-09T04:38:17.052018+00:00
Makam Raja-Raja Bangkalan,"Kabupaten Bangkalan, Jawa Timur",Makam,ChIJLbCu8M4F2C0RwGh4AMyIAQY,Makam KH. Abdussalam (Raja Sultan),"XQ2M+9Q2, Pancar, Burneh, Kec. Burneh, Kabupaten Bangkalan, Jawa Timur 69121, Indonesia",5.0,3.0,https://maps.google.com/?cid=432777448966875328&g_mp=CiVnb29nbGUubWFwcy5wbGFjZXMudjEuUGxhY2VzLkdldFBsYWNlEAIYBCAA,-7.0491712,112.7837375,SUCCESS,FIRST_RESULT,2026-09-26T17:13:23.959317+00:00,,,Kabupaten Bangkalan,https://id.wikipedia.org/wiki/Kabupaten_Bangkalan,0.3816568643948196,SIMILARITY_MATCH,"Kabupaten Bangkalan (Pèghu: بّۤاڠكالان, Hanacaraka: ꦧꦁꦏꦭꦤ꧀, pelafalan dalam bahasa Indonesia: [ˈbaŋːkalan]) adalah sebuah wilayah kabupaten yang terletak di Pulau Madura, Provinsi Jawa Timur, Indonesia. Ibu kotanya adalah Kecamatan Bangkalan. Kabupaten ini terletak di ujung paling barat Pulau Madura; berbatasan dengan Laut Jawa di utara, Kabupaten Sampang di timur serta Selat Madura di selatan dan barat.
Pelabuhan Kamal merupakan pintu gerbang Madura dari Jawa, serta terdapat layanan kapal feri yang menghubungkan Madura dengan Surabaya (Pelabuhan Ujung). Saat ini telah beroperasi Jembatan Suramadu (Surabaya-Madura) yang merupakan jembatan terpanjang di Indonesia. Kabupaten Bangkalan merupakan salah satu wilayah yang masuk dalam kawasan metropolitan Surabaya, yaitu Gerbangkertosusila.
Kabupaten Bangkalan terdiri atas 18 kecamatan yang dibagi lagi atas sejumlah 273 desa dan 8 kelurahan. Pusat pemerintahannya berada di Kecamatan Bangkalan.
Sejak diresmikannya Jembatan Suramadu, Kabupaten Bangkalan menjadi gerbang utama Pulau Madura serta menjadi salah satu destinasi wisata pilihan di Jawa Timur, baik dari keindahan alamnya (Bukit Jaddih, Gunung Geger, Pemandian Sumber Bening -Langkap–Modung dsb); budaya (Karapan sapi, dsb), serta wisata kuliner di antaranya adalah nasi bebek khas Madura.",2026-10-09T04:38:17.319636+00:00
Makam Wali Kidangan,"Kabupaten Bojonegoro, Jawa Timur",Makam,ChIJVVVVFT96dy4Rk4k4eNs5wTs,Makam Wali Kidangan,"Sukorejo, WP5Q+2HG, Malo, Hutan, Perairan, Bojonegoro, Kabupaten Bojonegoro, Jawa Timur 62153, Indonesia",4.4,122.0,https://maps.google.com/?cid=4305786333520497043&g_mp=CiVnb29nbGUubWFwcy5wbGFjZXMudjEuUGxhY2VzLkdldFBsYWNlEAIYBCAA,-7.0924362,111.7389406,SUCCESS,FIRST_RESULT,2026-09-26T17:13:24.177398+00:00,,,"Kancana, Cikijing, Majalengka","https://id.wikipedia.org/wiki/Kancana,_Cikijing,_Majalengka",0.11537261951109909,SIMILARITY_MATCH,"Kancana adalah desa di kecamatan Cikijing, Majalengka, Jawa Barat, Indonesia.
PROFIL DESA
1.Kondisi Desa
A.Sejarah Desa
Legenda Desa (Sasakala)
Desa Kancana adalah sebuah Desa yang berada di antara pegunungan danperbukitan di kaki gunung Ciremai. Awalnya ada salah seorang penduduk yangbernama Syekh Wali Kutub Arifin (Syekh Wali adalah orang yang sangat alim dalamagama Islam, Kutub adalah menyebarkan Agama Islam ke berbagai negara) yangberasal dari mesir kemudian bertempat tinggal di suatu tempat yang bernama BatuRonggeng. Tempat tersebut diberi nama Batu Ronggeng karena di lokasi tersebutada suatu tempat yang biasa dipakai untuk bertapa para pesinden(juru kawih),yangingin mahir dan terkenal dalam bidang seninya. Malahan dari daerah lain banyakjuga yang berdatangan untuk bertapa di tempat itu. Sekarang tempat tersebut tinggalnama,sebab sudah tidak ada lagi yang menghuninya hanya makam Syekh WaliKutub Arifin dan telah berubah menjadi hutan,yang sekarang diberi nama tabet.
Semasa hidupnya Syekh Wali Kutub Arifin mempunyai sahabat yangbernama;
1.Embah Tumenggung Jaya Takaria, yang berasal dari Mataram sebagai petunjukjalan di daerah tersebut.
2. Embah Amir Sarifin Hidayatulloh yang terkenal dengan julukan Embah BuyutRebo.
3. Embah Buyut Impun.
Selain dari Syekh Wali Kutub Arifin, juga masih dibutuhkan ulama lainuntuk menyebarkan agama Islam di daerah itu, akhirnya muncul seorang ulama lainyang tidak diketahui asl-usulnya, beliau bernama Embah Kiai Mudholim yang sama-sama menyebarkan agama Islam di daerah tersebut dan sekitarnya.
Syekh Wali Kutub Arifin, mempunyai kesaktian yang bernama Ajian KidangKencana, kesaktian tersebut kalau bertemu dengan musuh bisa menghilang danberlari dengan cepat, sehingga tidak bisa terkejar oleh siapa pun juga. Semakin lamapenduduk semakin bertambah, sampai 40 (empat puluh) keluarga. Kemudian SyekhWali Kutub Arifin berkeinginan untuk membagi wilayah menjadi dua wilayahsehingga beliau bemusyawarah dan akhirnya terbagilah menjadi dua wilayah.
Tempat Pertama; sebelah timur yang dihuni oleh 20 keluarga yang dipimpinoleh Embah Tumenggung Jaya Takaria yang mempunyai dua kesaktian,yaitu Dugal.
Asma Wijaya dan Asma Wijaya, Katanya kesaktian Embah Jaya Takaria itu terlihatketika disatu tempat ada seekor kuda yang mati, bau bangkainya sangat menyengatsehingga tidak ada seorang pun yang sanggup untuk mengurusinya, tetapi beliaumenyanggupi untuk mengurus bangkai kuda tersebut, namun ada permintaan yaituseluruh lokasi yang tercium bau bangkai kuda tersebut menjadi miliknya. Setelahdisetujui oleh semuanya, kemudian diberi batas yang luasnya kira-kira 1000 bauyang sekarang menjadi pesawahan tegal. Bangkai kuda tersebut dihampiri olehEmbah Tumenggung Jaya Takaria, tiba-tiba kuda tersebut hidup kembali terusditunggangi dari tempat tersebut sampai ke suatu tempat (bekas diikatnya) sunda:dicangcang) kuda tersebut, yang sekarang diberi nama Kampung Cilangcang yaitusebelah timur Batu Ronggeng. 
Setelah diikat kuda tersebut lepas dan kabur ke suatutempat yang gelap dan semak belukar yang berada disebelah timur Cilangcang,kudatersebut menghilang yang ada hanya jejaknya saja, kemudian diberi tanda pakai batusampai sekarang tempat tersebut bernama Kuda Batur.
Diberi nama Kuda Batursebab tidak ada yang tahu siapa pemilik kuda tersebut. (Batur:seseorang yang tidakdiketahui)
Tempat kedua; menempati sebelah selatan dari Batu Ronggeng yangdipimpin oleh Embah Amir Sarifin Hidayatulloh. Beliau mempunyai kesaktian dankegagahan, dengan kesaktian dan kegagahannya beliau pergunakan untuk membuatsaluran air.
Walaupun air berada di tempat yang rendah dia berkeinginan untukmengalirkan air tersebut. Pada suatu hari, yaitu hari dengan semangat yangmenggebu-gebu siang dan malam (sunda: nepi ka dag-dagan beurang jeungpeuting) tidak ada hentinya (dalam pribahasa sunda: dug hulu koleang nyawa)dengan satu keinginan air mengalir sampai ke tempat yang dituju, saluran air tersebutdiberi nama Bag-bagan, sekarang air tersebut sangat bermanfaat sekali untukkehidupan masyarakat di sekitarnya, yang mengerjakan saluran air tersebut yaituEmbah Amir Sarifin Hidayatulloh diabadikan dengan julukan Embah Buyut Reboatau Embah Buyut Luhur. Diberi nama tersebut karena memulai pekerjaannya padahari Rabu (Sunda: Rebo), dan tenaganya seperti Kerbau (Sunda:Kebo) dan jugamempunyai kerbau yang banyak. Sedangkan sebutan Embah Buyut Luhur karenapindahnya beliau dari tempat yang atas (Sunda: luhur) ke tempat yang bawah yangsekarang bernama Desa Kancana. Setelah ada air tempat tersebut menjadi ramai danada seorang ulama yaitu Embah Kiai Mudholim yang menyebarkan agama Islamsambil mendirikan sebuah pesantren sampai mempunyai santri yang cukup banyak,
bahkan banyak santri dari daerah lain yang sengaja belajar di pesantren tersebut. 
Namun, santri suka bingung kalau ada yang menanyakan nama tempat tersebut, 
kemudian bermusyawarah untuk memberi nama tempat tersebut, akhirnya untuk 
mengenang orang yang sangat berjasa dan pertama kali menduduki wilayah tersebut 
disepakati nama Kancana, diambil dari nama sebagian ajian Kidang Kancana yang 
dimiliki oleh Syekh Wali Kutub Arifin.",2026-10-09T04:38:17.580585+00:00
Makam Buyut Dalem,"Kabupaten Bojonegoro, Jawa Timur",Makam,ChIJ____PyeCdy4R6s5CZGCL61E,Makam Buyut Dalem,"RVXP+P4R, Jl. Dewi Sartika, Bojonegoro, Kadipaten, Kec. Bojonegoro, Kabupaten Bojonegoro, Jawa Timur 62111, Indonesia",4.5,8.0,https://maps.google.com/?cid=5902964982714388202&g_mp=CiVnb29nbGUubWFwcy5wbGFjZXMudjEuUGxhY2VzLkdldFBsYWNlEAIYBCAA,-7.1506477,111.8852679,SUCCESS,FIRST_RESULT,2026-09-26T17:13:24.401788+00:00,,,Hamengkubuwana II,https://id.wikipedia.org/wiki/Hamengkubuwana_II,0.030190040702284066,SIMILARITY_MATCH,"Hamengkubuwono II (juga dieja Hamengkubuwana II, 7 Maret 1750 – 3 Januari 1828), lahir Gusti Raden Mas Sundara, adalah Sultan Yogyakarta kedua pada tahun 1792–1810, 1811–12 dan akhirnya 1826–28 selama Perang Jawa.",2026-10-09T04:38:17.849303+00:00
Makam Mbah Malang Negoro,"Kabupaten Bojonegoro, Jawa Timur",Makam,ChIJrx5yz8tjdy4RknJm_jkHg3I,"Makam ;mbah malang negoro,hbb abu bakr al 'aidrus","Unnamed Road, RJ95+68C, Mberjo, Ngasinan, Kec. Padangan, Kabupaten Bojonegoro, Jawa Timur 62162, Indonesia",4.1,7.0,https://maps.google.com/?cid=8251446887935537810&g_mp=CiVnb29nbGUubWFwcy5wbGFjZXMudjEuUGxhY2VzLkdldFBsYWNlEAIYBCAA,-7.181946299999999,111.6082533,SUCCESS,FIRST_RESULT,2026-09-26T17:13:24.623785+00:00,,,Kabupaten Bojonegoro,https://id.wikipedia.org/wiki/Kabupaten_Bojonegoro,0.1804782193265315,SIMILARITY_MATCH,"Kabupaten Bojonegoro (bahasa Jawa: Hanacaraka: ꦧꦺꦴꦗꦤꦒꦫ, Pegon: بَوجاناڮارا translit. Bojånagårå; pengucapan bahasa Jawa: [bod͡ʒɔˈnaɡɔrɔ]) adalah salah satu kabupaten yang berada di Provinsi Jawa Timur, Indonesia. Ibukota nya adalah Kecamatan Bojonegoro. Kabupaten ini berbatasan langsung dengan 7 kabupaten, yaitu di bagian utara dengan Kabupaten Tuban, bagian timur dengan Kabupaten Lamongan, bagian selatan dengan Kabupaten Jombang, Kabupaten Nganjuk, Kabupaten Madiun, dan Kabupaten Ngawi, serta bagian barat dengan Kabupaten Blora (Jawa Tengah).
Komoditas lokal berupa minyak dan gas  (migas) bumi dan kayu jati yang cukup besar, membuat Kabupaten Bojonegoro dikenal dengan julukan Tanah Begawan. Secara historis, potensi minyak bumi Bojonegoro disinyalir sudah disinggung sejak ribuan tahun silam. Keberadaan minyak bumi Bojonegoro, dicatat dalam Prasasti Telang (903 M) dan Prasasti Sangsang (907 M) yang menyebut kata (lenga /minyak bumi) sebagai komoditas penting wilayah Bukit Kapur yang mendominasi panjang lintasan sungai Bengawan ini.
Sebagai gerbang masuk utama Jawa Timur dari arah barat, wilayah barat Bojonegoro (perbatasan dengan Jawa Tengah) merupakan bagian dari Blok Cepu, salah satu sumber deposit minyak bumi utama di Indonesia. Per sensus penduduk 2020, penduduk Kabupaten Bojonegoro berjumlah 1.339.100 jiwa dengan kepadatan 580 jiwa/km2.",2026-10-09T04:38:18.105053+00:00
Makam Dewi Andongsaroli,"Kabupaten Lamongan, Jawa Timur",Makam,ChIJAePXatgheC4RNGsm7xsFuDA,Nyai Dewi Andong Sari,"Jl. Masriah No.01, Area Sawah/ Hutan, Sekidang, Kec. Sambeng, Kabupaten Lamongan, Jawa Timur 62284, Indonesia",4.4,46.0,https://maps.google.com/?cid=3510561527069829940&g_mp=CiVnb29nbGUubWFwcy5wbGFjZXMudjEuUGxhY2VzLkdldFBsYWNlEAIYBCAA,-7.2645284,112.2368156,SUCCESS,FIRST_RESULT,2026-09-26T17:13:24.850920+00:00,,,Daftar Warisan Budaya Takbenda Indonesia,https://id.wikipedia.org/wiki/Daftar_Warisan_Budaya_Takbenda_Indonesia,0.12089591533993407,SIMILARITY_MATCH,"Daftar Warisan Budaya Takbenda Indonesia meliputi bermacam-macam warisan budaya Indonesia yang telah diidentifikasi oleh pemerintah. Kementerian Pendidikan, Kebudayaan, Riset, dan Teknologi Indonesia melakukan pencatatan dan penetapan daftar warisan budaya takbenda. Per November 2022, terdapat 11.622 warisan budaya yang dicatat dan 1.728 di antaranya telah ditetapkan. Jumlah warisan budaya takbenda Indonesia pada tahun 2023 bertambah sejumlah 213 menjadi 1.941 warisan budaya yang telah ditetapkan. Pada tahun 2024, jumlah warisan budaya takbenda Indonesia bertambah sejumlah 272 menjadi 2.213 warisan budaya yang telah ditetapkan. Pada tahun 2025, Kementerian Kebudayaan Republik Indonesia menetapkan 514 warisan budaya takbenda Indonesia. Dengan penetapan ini, warisan budaya takbenda Indonesia yang ditetapkan dari tahun 2013 hingga 2025 berjumlah 2.727 warisan budaya.",2026-10-09T04:38:18.365307+00:00
Makam Maulana Malik Ibrahim,"Kabupaten Gresik, Jawa Timur",Makam,ChIJ_b6cGlAA2C0R3r6UnGsYQE4,Tomb of Sunan Gresik,"Jl. Malik Ibrahim No.52-62, Gapuro Sukolilo, Bedilan, Kec. Gresik, Kabupaten Gresik, Jawa Timur 61119, Indonesia",4.8,2775.0,https://maps.google.com/?cid=5638533583935422174&g_mp=CiVnb29nbGUubWFwcy5wbGFjZXMudjEuUGxhY2VzLkdldFBsYWNlEAIYBCAA,-7.160118799999999,112.6564735,SUCCESS,FIRST_RESULT,2026-09-26T17:13:25.084492+00:00,,,Sunan Gresik,https://id.wikipedia.org/wiki/Sunan_Gresik,0.7343891789730398,SIMILARITY_MATCH,"Sunan Gresik atau Sayyid Maulana Malik Ibrahim (w. 1419 M/822 H) Sebagian rakyat malah menyebutnya Kakek Bantal adalah Pemimpin Walisongo generasi pertama dalam menyebarkan agama Islam di Tanah Jawa. Ia dimakamkan di Desa Gapurosukolilo, Gresik.
Setelah ia wafat, kepemimpinan Walisongo diteruskan oleh penggantinya yaitu Sunan Ampel.",2026-10-09T04:38:18.631874+00:00
Makam Sunan Prapen,"Kabupaten Gresik, Jawa Timur",Makam,ChIJw9a733IA2C0Rp-zYEsAB_G0,Makam Sunan Prapen,"RJMH+2CH, Jl. Sunan Prapen, Pedukuhan, Kebomas, Kec. Kebomas, Kabupaten Gresik, Jawa Timur 61124, Indonesia",4.6,95.0,https://maps.google.com/?cid=7925211368726785191&g_mp=CiVnb29nbGUubWFwcy5wbGFjZXMudjEuUGxhY2VzLkdldFBsYWNlEAIYBCAA,-7.1674354,112.6285982,SUCCESS,FIRST_RESULT,2026-09-26T17:13:25.330746+00:00,,,Sunan Prapen,https://id.wikipedia.org/wiki/Sunan_Prapen,0.7886855442604861,SIMILARITY_MATCH,"Sunan Prapen adalah penguasa keempat yang memerintah kerajaan Giri Kedaton, yang dalam Babad Gresik disebutkan berkuasa antara tahun 1548 sampai 1605 M. Sunan Prapen merupakan cucu dari Sunan Giri dan putra Sunan Dalem.

Sunan Prapen merupakan Waliyullah yang pernah menjadi seorang raja, pendakwah dan penyebar ajaran Islam serta seorang pujangga besar di masanya. 
Beliau adalah yang menggubah kitab Asrar dan kemudian digunakan sebagai dasar menyusun Jangka Jayabaya. 
Selain itu, Sunan Prapen juga dikenal sebagai mpu atau pembuat keris. Karyanya yang terkenal di bidang pembuatan keris adalah keris Angun-angun.",2026-10-09T04:38:18.887940+00:00
Makam Fatimah Binti Maimun,"Kabupaten Gresik, Jawa Timur",Makam,ChIJXwhRnQz-dy4RVly6Ls9Jz1M,Tomb of Siti Fatimah Binti Maimun,"VHJW+25C, Jl. Raya Manyar, Pesantren, Peganden, Kec. Manyar, Kabupaten Gresik, Jawa Timur 61151, Indonesia",4.3,635.0,https://maps.google.com/?cid=6039126779518147670&g_mp=CiVnb29nbGUubWFwcy5wbGFjZXMudjEuUGxhY2VzLkdldFBsYWNlEAIYBCAA,-7.1199467,112.5953859,SUCCESS,FIRST_RESULT,2026-09-26T17:13:25.546314+00:00,,,Makam Siti Fatimah Binti Maimun,https://id.wikipedia.org/wiki/Makam_Siti_Fatimah_Binti_Maimun,0.9039838859239837,SIMILARITY_MATCH,"Siti Fatimah Binti Maimun adalah salah seorang tokoh yang menyiarkan agama Islam di Jawa. Dia berasal dari Kedah.
Komplek makam Siti Fatimah Binti Maimun termasuk situs yang disebut dengan Pasucinan. Makam ini terletak di Desa Leran, Kec. Manyar, kab. Gresik. Makam ini merupakan makam tertua, di komplek makam ini",2026-10-09T04:38:19.163407+00:00
Makam Kanjeng Sepuh,"Kabupaten Gresik, Jawa Timur",Makam,ChIJ3T2mLKnjdy4RElARyowvk34,Makam Kanjeng Sepuh,"Jl. Kanjeng Sepuh No.#5, Pengulu, Gresik, Kabupaten Gresik, Jawa Timur 61153, Indonesia",4.5,19.0,https://maps.google.com/?cid=9120685952087445522&g_mp=CiVnb29nbGUubWFwcy5wbGFjZXMudjEuUGxhY2VzLkdldFBsYWNlEAIYBCAA,-6.989753,112.563638,SUCCESS,FIRST_RESULT,2026-09-26T17:13:25.764511+00:00,,,Museum Kanjeng Sepuh Sidayu,https://id.wikipedia.org/wiki/Museum_Kanjeng_Sepuh_Sidayu,0.5605306447727649,SIMILARITY_MATCH,"Museum Kanjeng Sepuh Sidayu Museum yang berada di Desa Mriyunan  Kecamatan Sidayu Kabupaten Gresik, Jawa Timur 61153. Museum ini menyimpan jejak sejarah panjang, terutama peradaban Kadipaten Sidayu yang kala itu menjadi pusat pemerintahan. Semua kenangan dan cerita sejarah itu bisa dilihat ketika mengunjungi Museum Kanjeng Sepuh Sidayu.",2026-10-09T04:38:19.416062+00:00
Petilasan Sunan Kalijaga,"Kabupaten Gresik, Jawa Timur",Makam,ChIJm2jjPdHndy4Rpoq-DlcfeqM,Petilasan Sunan Kalijogo,"3F92+FQ7, Ketanen, Surowiti, Kec. Panceng, Kabupaten Gresik, Jawa Timur 61156, Indonesia",4.8,11.0,https://maps.google.com/?cid=11779762234110937766&g_mp=CiVnb29nbGUubWFwcy5wbGFjZXMudjEuUGxhY2VzLkdldFBsYWNlEAIYBCAA,-6.9313254,112.4519264,SUCCESS,FIRST_RESULT,2026-09-26T17:13:25.979728+00:00,,,Sunan Kalijaga,https://id.wikipedia.org/wiki/Sunan_Kalijaga,0.7189071367085554,SIMILARITY_MATCH,"Sunan Kalijaga atau Raden Mas Said/Syahid adalah seorang ulama terkenal dan penasehat pemerintahan di era Majapahit pada masa prabu Kertabhumi, Demak, Pajang. Ia juga termasuk dalam anggota Walisongo. Sunan Kalijogo beserta keluarga dianggap sakti dan makam sang wali beserta Masjid Agung Demak dipandang oleh para raja Jawa sebagai dua pusaka Jawa terpenting, penyelamat keutuhan pulau. Beliau juga dianggap sebagai pelindung kerohanian dan penasehat raja-raja Mataram. Keturunan jauh wali tersebut, Pangeran Serang II dan ibunya, sangat dihormati pengikut Diponegoro sebagai orang-orang yang memiliki kasekten. 
Selain sebagai ulama ia juga menjadi seniman, dan arsitek yang ulung. Salah satu media dakwahnya yang dikenal luas hingga sekarang melalui pentas adalah wayang kulit.
Kesenian wayang kulit yang awalnya berisi kisah-kisah Hindu, diganti oleh Sunan Kalijaga menjadi kisah-kisah yang berisi ajaran Islam. Contohnya yaitu Wayang sadat, dan Jamus Kalimasada, sebagaimana yang dijelaskan oleh Siti Wahidoh dalam Buku Intisari Sejarah Kebudayaan Islam.",2026-10-09T04:38:19.670373+00:00
Makam Tan Malaka,"Kabupaten Kediri, Jawa Timur",Makam,ChIJZ4n9NrpVeC4RbN0pQmJ4g5w,Makam Tan Malaka,"RT.03/RW.03, Ledok, Selopanggung, Kec. Semen, Kabupaten Kediri, Jawa Timur 64161, Indonesia",4.8,133.0,https://maps.google.com/?cid=11277990255278021996&g_mp=CiVnb29nbGUubWFwcy5wbGFjZXMudjEuUGxhY2VzLkdldFBsYWNlEAIYBCAA,-7.850316599999999,111.9211376,SUCCESS,FIRST_RESULT,2026-09-26T17:13:26.229254+00:00,,,Tan Malaka,https://id.wikipedia.org/wiki/Tan_Malaka,0.8210999627374048,SIMILARITY_MATCH,"Ibrahim Datuk Sutan Malaka (2 Juni 1897 – 21 Februari 1949), juga dikenal sebagai Tan Malaka, adalah seorang negarawan, guru, penganut paham Marxisme, dan filsuf Indonesia yang merupakan pendiri Persatuan Perjuangan dan Partai Murba. Ia juga dikenal sebagai pejuang, pahlawan nasional, gerilyawan independen, dan mata-mata Indonesia. Tempo menjulukinya sebagai ""Bapak Republik Indonesia"".

",2026-10-09T04:38:19.931414+00:00
Makam Gus Miek,"Kabupaten Kediri, Jawa Timur",Makam,ChIJs2RnGaL-eC4RixI1vbn1cW8,Makam KH.Chamim Djazuli (Gus Miek),"Jl. Makam Auliya, Tambak, Ngadi, Kec. Mojo, Kabupaten Kediri, Jawa Timur 64162, Indonesia",4.7,4893.0,https://maps.google.com/?cid=8030469788670431883&g_mp=CiVnb29nbGUubWFwcy5wbGFjZXMudjEuUGxhY2VzLkdldFBsYWNlEAIYBCAA,-7.955212399999999,111.9216215,SUCCESS,FIRST_RESULT,2026-09-26T17:13:26.449760+00:00,,,"Mojo, Kediri","https://id.wikipedia.org/wiki/Mojo,_Kediri",0.04269642985462139,SIMILARITY_MATCH,"Mojo adalah salah satu kecamatan di Kabupaten Kediri yang terletak di barat Sungai Brantas. Dengan luas wilayah 149,95 km², Mojo merupakan kecamatan terluas di Kabupaten Kediri dengan wilayah yang memanjang dari Sungai Brantas di timur hingga Gunung Wilis di barat, serta berbatasan dengan Kabupaten Tulungagung di sebelah selatan. Karena berada di kawasan lereng Gunung Wilis, bagian barat kecamatan ini memiliki geografi perbukitan dan banyak objek wisata dengan suasana yang sejuk dan hijau. Beberapa tempat terkenal antara lain Air Terjun Dolo dan Air Terjun Irenggolo di Dusun Besuki, Desa Jugo yang juga merupakan dusun paling barat sekaligus tertinggi di Kabupaten Kediri.
Selain wisata alam, di Mojo juga ada wisata religi terkenal yaitu makam KH Hamim Tohari Djazuli atau Gus Miek di Dusun Tambak, Desa Ngadi. Beliau adalah pencetus jemaah Dzikrul Ghofilin dan sema'an (mendengarkan bacaan) Al-Qur'an yang dikenal sebagai Jantiko Mantab. Gus Miek merupakan putra dari KH. Ahmad Djazuli Utsman yang merupakan pendiri salah satu pondok pesantren terkenal di Kecamatan Mojo yaitu Pondok Pesantren Al Falah Ploso di Desa Ploso.",2026-10-09T04:38:20.194373+00:00
Makam Sunan Drajat,"Kabupaten Lamongan, Jawa Timur",Makam,ChIJ3cO4wSnody4R3Jg22YK4z1E,Tomb of Sunan Drajat,"Drajat, Kec. Paciran, Kabupaten Lamongan, Jawa Timur 62264, Indonesia",4.7,1542.0,https://maps.google.com/?cid=5895133309380761820&g_mp=CiVnb29nbGUubWFwcy5wbGFjZXMudjEuUGxhY2VzLkdldFBsYWNlEAIYBCAA,-6.884392999999999,112.3892405,SUCCESS,FIRST_RESULT,2026-09-26T17:13:26.679249+00:00,,,Sunan Drajat,https://id.wikipedia.org/wiki/Sunan_Drajat,0.6968044376221423,SIMILARITY_MATCH,"Sunan Drajat Atau Sayyid Raden Qosim adalah salah satu sunan dari sembilan sunan Wali Songo. Nama kecilnya adalah Raden Hasyim, kemudian mendapat gelar Raden Syarifudin. Sunan Drajat diperkirakan lahir pada tahun 1470 Masehi. Dia adalah putra dari Sunan Ampel yang terkenal karena kecerdasannya, dan ia merupakan saudara dari Sunan Bonang.
Setelah menguasai ajaran Islam, ia menyebarkan agama Islam di Desa Drajat sebagai tanah perdikan di Kecamatan Paciran. Di sana ia mendirikan pesantren Dalem Duwur. Tempat ini diberikan oleh Kerajaan Demak. Ia diberi gelar Sunan Mayang Madu oleh Raden Patah pada tahun saka 1442/1520 Masehi.
Makam Sunan Drajat dapat ditempuh dari Surabaya maupun Tuban lewat Jalan Raya Pos (Anyar-Panarukan), dari kota Lamongan dapat ditempuh 50 menit dengan kendaraan pribadi.",2026-10-09T04:38:20.457621+00:00
Makam Sunan Sendang Duwur,"Kabupaten Lamongan, Jawa Timur",Makam,ChIJd-UI9-_pdy4RlgBp3UgkqdY,Makam Sunan Sendang,"Sendangduwur, Kranji, Kec. Paciran, Kabupaten Lamongan, Jawa Timur 62264, Indonesia",4.6,224.0,https://maps.google.com/?cid=15467934290551570582&g_mp=CiVnb29nbGUubWFwcy5wbGFjZXMudjEuUGxhY2VzLkdldFBsYWNlEAIYBCAA,-6.8954178,112.34659,SUCCESS,FIRST_RESULT,2026-09-26T17:13:26.920346+00:00,,,Sunan Sendang Duwur,https://id.wikipedia.org/wiki/Sunan_Sendang_Duwur,0.8031529689302431,SIMILARITY_MATCH,"Sunan Sendang atau Raden Noer Rahmat (1520 – 1585) adalah seorang tokoh yang turut berperan dalam menyebarkan agama Islam di Pulau Jawa. Raden Noer Rahmat adalah putra Abdul Kohar bin Malik bin Sultan Abu Yazid yang berasal dari Baghdad yang menetap di Jawa dan menikah dengan Dewi Sukarsih putri Tumenggung Sedayu Gresik.
Sunan Sendang dikenal karena metode dakwahnya yang akomodatif dan persuasif terhadap budaya lokal. Selain itu, ia juga mampu berinteraksi dengan penuh bijaksana, menyesuaikan dirinya dengan tradisi masyarakat lokal sekaligus menginternalisasi tradisi yang ada dengan nilai-nilai Islam, sehingga ajaran Islam dapat diterima dengan baik oleh masyarakat setempat. Beliau juga dikenal memiliki karisma yang disejajarkan dengan Walisongo.
Salah satu peninggalan pentingnya adalah Masjid Sendang di Paciran, Lamongan yang dipercaya dibangun dengan memindahkan material masjid dari Mantingan, Jepara, dalam waktu semalam. Masjid ini menampilkan akulturasi budaya dengan arsitektur yang memadukan unsur Hindu, Buddha, dan Islam.
Makam Sunan Sendang  terletak di atas Bukit Amitunon, Desa Sendang , Kecamatan Paciran, Kabupaten Lamongan. Hingga kini, kompleks makam ini masih menjadi tujuan wisata religi, menampilkan gapura paduraksa dengan ornamen khas dan suasana sunyi dan tenang.
Melalui pendekatan dakwah yang kultural dan toleran, Sunan Sendang  berhasil menyebarkan Islam di Jawa dengan damai, meninggalkan warisan yang masih dihormati hingga kini.",2026-10-09T04:38:20.721342+00:00
Makam Sunan Lamongan,"Kabupaten Lamongan, Jawa Timur",Makam,ChIJ3cO4wSnody4R3Jg22YK4z1E,Tomb of Sunan Drajat,"Drajat, Kec. Paciran, Kabupaten Lamongan, Jawa Timur 62264, Indonesia",4.7,1542.0,https://maps.google.com/?cid=5895133309380761820&g_mp=CiVnb29nbGUubWFwcy5wbGFjZXMudjEuUGxhY2VzLkdldFBsYWNlEAIYBCAA,-6.884392999999999,112.3892405,SUCCESS,FIRST_RESULT,2026-09-26T17:13:27.179015+00:00,,,Sunan Drajat,https://id.wikipedia.org/wiki/Sunan_Drajat,0.7096868368057966,SIMILARITY_MATCH,"Sunan Drajat Atau Sayyid Raden Qosim adalah salah satu sunan dari sembilan sunan Wali Songo. Nama kecilnya adalah Raden Hasyim, kemudian mendapat gelar Raden Syarifudin. Sunan Drajat diperkirakan lahir pada tahun 1470 Masehi. Dia adalah putra dari Sunan Ampel yang terkenal karena kecerdasannya, dan ia merupakan saudara dari Sunan Bonang.
Setelah menguasai ajaran Islam, ia menyebarkan agama Islam di Desa Drajat sebagai tanah perdikan di Kecamatan Paciran. Di sana ia mendirikan pesantren Dalem Duwur. Tempat ini diberikan oleh Kerajaan Demak. Ia diberi gelar Sunan Mayang Madu oleh Raden Patah pada tahun saka 1442/1520 Masehi.
Makam Sunan Drajat dapat ditempuh dari Surabaya maupun Tuban lewat Jalan Raya Pos (Anyar-Panarukan), dari kota Lamongan dapat ditempuh 50 menit dengan kendaraan pribadi.",2026-10-09T04:38:20.989608+00:00
Makam Sunan Giri,"Kabupaten Gresik, Jawa Timur",Makam,ChIJ_____-P_dy4RtL6JcJlc_go,Tomb of Sunan Giri,"Jl. Sunan Giri, Pedukuhan, Kebomas, Kec. Kebomas, Kabupaten Gresik, Jawa Timur 61124, Indonesia",4.6,1688.0,https://maps.google.com/?cid=792172398551613108&g_mp=CiVnb29nbGUubWFwcy5wbGFjZXMudjEuUGxhY2VzLkdldFBsYWNlEAIYBCAA,-7.1689001,112.6310195,SUCCESS,FIRST_RESULT,2026-09-26T17:13:27.431129+00:00,,,Makam Sunan Giri,https://id.wikipedia.org/wiki/Makam_Sunan_Giri,0.9999999999999979,EXACT_MATCH,"Makam Sunan Giri atau Kompleks Pemakaman Sunan Giri adalah salah satu pemakaman khusus dari salah satu Walisanga atau Wali Sembilan, penyebar agama Islam di Pulau Jawa. Kompleks yang terletak di Kecamatan Kebomas, Kabupaten Gresik ini merupakan tempat persemayaman jasad Sunan Giri atau yang bernama asli Raden Paku Muhammad Ainul Yaqin. Selain jasad Sunan Giri, kompleks ini juga bersemayam jasad-jasad keluarga seperti ibu asuh, istri-istri, dan putera-puterinya. Kompleks Makam Sunan Giri ini dulunya adalah lokasi kerajaan Giri Kedaton yang didirikan oleh Sunan Giri pada 9 Maret 1487",2026-10-09T04:38:21.268667+00:00
Makam Pangeran Agung Alias Adji Pati,"Kabupaten Tanah Bumbu, Kalimantan Selatan",Makam,ChIJlY1GracN7y0RlwiPZ_zMlBs,Makam pangeran agung,"33H2+5HM, Bangkalan Melayu, Kelumpang Hulu, Kotabaru Regency, South Kalimantan 72162, Indonesia",5.0,5.0,https://maps.google.com/?cid=1987438720018483351&g_mp=CiVnb29nbGUubWFwcy5wbGFjZXMudjEuUGxhY2VzLkdldFBsYWNlEAIYBCAA,-2.9220269,116.0514308,SUCCESS,FIRST_RESULT,2026-09-26T17:13:27.640661+00:00,,,Makam Pangeran Agung Kotabaru,https://id.wikipedia.org/wiki/Makam_Pangeran_Agung_Kotabaru,0.7391832499590364,SIMILARITY_MATCH,"Makam Pangeran Agung Kotabaru atau Pangeran Aji Pati adalah salah satu makam yang terdapat di Kalimantan Selatan. Makam ini terletak di desa Bangkalaan Melayu, kecamatan Kelumpang Hulu, kabupaten Kotabaru. Selain makam Pangeran Agung, di dalam kompleks makam ini juga terdapat beberapa makam tua. Beberapa nisan tua yang bisa dikenali adalah Makam Pangeran Agung (Aji Pati) dan istrinya Ratu Intan II (Aji Tukul). Kedua makam ini berorientasi Utara-Selatan dengan nisan yang terbuat dari kayu.
Nisan pada makam Pangeran Agung memiliki bentuk yang unik. Terdiri dari dua nisan dari kayu ulin yang sudah aus dimakan usia. Nisan berukuran tinggi 236 sentimeter atau sekitar 2 meter. Kemudian, diameter badan bawah nisan 41 sentimeter, diameter puncak kepala nisan berukuran 50 sentimeter. Selanjutnya luas pangkal nisan 22×24 sentimeter persegi, dan jarak antar nisan 225 sentimeter atau 2 meter lebih.
Untuk menuju ke kawasan komplek makam, dari Kota Batulicin, Ibu kota Kabupaten Tanah Bumbu, menempuh jalan darat sekitar dua jam ke Kota Cantung, ibukota Kecamatan Kelumpang Hilir. Kemudian dari Kota Cantung, melalui jalan darat sekitar 40 menit ke Desa Karang Liwar, yang termasuk dalam wilayah Kecamatan Kelumpang Hulu. Dari Desa Karang Liwar, melalui jalan perkebunan sawit sekitar 5 kilometer ke lokasi makam.",2026-10-09T04:38:21.529579+00:00
Komplek Makam Sultan Suriansyah,"Kota Banjarmasin, Kalimantan Selatan",Makam,ChIJ0S6qIgAj5C0RjYpl8Z1C_Jg,Makam Sultan Suriansyah,"Jl. Kuin Utara No.220, Kuin Utara, Kec. Banjarmasin Utara, Kota Banjarmasin, Kalimantan Selatan 70124, Indonesia",4.6,430.0,https://maps.google.com/?cid=11023759234023393933&g_mp=CiVnb29nbGUubWFwcy5wbGFjZXMudjEuUGxhY2VzLkdldFBsYWNlEAIYBCAA,-3.2933575,114.572573,SUCCESS,FIRST_RESULT,2026-09-26T17:13:27.847192+00:00,,,Kompleks Makam Sultan Suriansyah,https://id.wikipedia.org/wiki/Kompleks_Makam_Sultan_Suriansyah,0.8892068634005212,SIMILARITY_MATCH,"Kompleks Makam Sultan Suriansyah adalah sebuah kompleks pemakaman yang terletak di Kelurahan Kuin Utara, Kecamatan Banjarmasin Utara, Kota Banjarmasin.",2026-10-09T04:38:21.790921+00:00
Komplek Makam Pangeran Antasari,"Kota Banjarmasin, Kalimantan Selatan",Makam,ChIJs6oxSJYj5C0R5gAiZwcKKF4,Makam Pangeran Antasari,"MHVW+JRP, Jl. Malkon Temon, Surgi Mufti, Kec. Banjarmasin Utara, Kota Banjarmasin, Kalimantan Selatan 70123, Indonesia",4.3,46.0,https://maps.google.com/?cid=6784683865544982758&g_mp=CiVnb29nbGUubWFwcy5wbGFjZXMudjEuUGxhY2VzLkdldFBsYWNlEAIYBCAA,-3.3059169,114.5970828,SUCCESS,FIRST_RESULT,2026-09-26T17:13:28.063581+00:00,,,Kompleks Makam Pangeran Antasari,https://id.wikipedia.org/wiki/Kompleks_Makam_Pangeran_Antasari,0.9121448162490372,SIMILARITY_MATCH,"Komplek Makam Pangeran Antasari adalah sebuah kompleks pemakaman yang terletak di  Jalan Malkon Temon, Kelurahan Surgi Mufti, Kecamatan Banjarmasin Utara, Kota Banjarmasin, Kalimantan Selatan, Indonesia, tidak jauh dari Masjid Jami Banjarmasin.",2026-10-09T04:38:22.051882+00:00
Makam Keramat Tanjung Lilin,"Kota Payakumbuh, Sumatera Barat",Makam,ChIJLW_Rtym1Ki4RvGYfE2F_qDk,Kuburan Cina Padang Karambia,"PJRG+FXR, Padang Karambia, Payakumbuh Selatan, Payakumbuh City, West Sumatra 26229, Indonesia",4.6,5.0,https://maps.google.com/?cid=4154710711158662844&g_mp=CiVnb29nbGUubWFwcy5wbGFjZXMudjEuUGxhY2VzLkdldFBsYWNlEAIYBCAA,-0.2587531999999999,100.6273912,SUCCESS,FIRST_RESULT,2026-09-26T17:13:28.320494+00:00,,,Kerajaan Amanatun,https://id.wikipedia.org/wiki/Kerajaan_Amanatun,0.21782639777644977,SIMILARITY_MATCH,"Kerajaan Amanatun (Onam) terletak di pulau Timor bagian barat, wilayah Indonesia dan merupakan kerajaan tua. Di era kemerdekaan kerajaan Amanatun bersama kerajaan Molo (Oenam) dan kerajaan Amanuban (Banam) membentuk kabupaten Timor Tengah Selatan (dalam bahasa Belanda disebut Zuid Midden Timor) dengan ibu kota SoE - provinsi Nusa Tenggara Timur.
Pada tahun 1920 kota SoE ditetapkan menjadi ibu kota Zuid Midden Timor (Timor Tengah Selatan) atas kesepakatan bersama dari ketiga Raja yakni Raja Lay Akun Oematan sebagai Raja Molo, Raja Pae Nope sebagai Raja Amanuban dan Raja Kolo Banunaek sebagai Raja Amanatun.
Nama kota SoE sendiri sudah mulai dikenal pada tahun ±1905/1906 oleh pemerintah Hindia Belanda. Pada masa pemerintahan Belanda Kerajaan Amanuban dan Kerajaan Amanatun pernah berkantor bersama di Niki-niki. Hal ini disebabkan karena belum adanya jalan ke wilayah Amanatun dan Belanda takut ke sana.
Jauh sebelum datangnya bangsa Portugis dan Belanda di Indonesia maka kerajaan Amanatun sudah ada dan mempunyai pemerintahan sendiri yang asli.",2026-10-09T04:38:22.313595+00:00
Makam Pangeran Peranpati,"Kabupaten Ogan Komering Ulu Timur, Sumatera Selatan",Makam,,,,,,,,,,,,NOT_FOUND,NO_GOOGLE_RESULT,,,,NO_CANDIDATE,,
Makam Ratu Bagus Baginda Ali,"Kabupaten Ogan Komering Ulu Timur, Sumatera Selatan",Makam,ChIJuTaqg3Z3Oy4RIX5-IkVZS_4,Makam Ratu Bagus kuning,"2R62+34P, Jl. D.I. Panjaitan, Tangga Takat, Kec. Seberang Ulu II, Kota Palembang, Sumatera Selatan 30111, Indonesia",4.9,20.0,https://maps.google.com/?cid=18323837662353325601&g_mp=CiVnb29nbGUubWFwcy5wbGFjZXMudjEuUGxhY2VzLkdldFBsYWNlEAIYBCAA,-2.989787,104.8003324,SUCCESS,FIRST_RESULT,2026-09-26T17:13:28.715912+00:00,,,Makam Ratu Bagus Kuning,https://id.wikipedia.org/wiki/Makam_Ratu_Bagus_Kuning,1.0,EXACT_MATCH,"Makam Ratu Bagus Kuning (Tomb of Ratu Bagus Kuning), adalah sebuah situs makam keramat di Palembang yang dianggap penting dalam sejarah dan budaya masyarakat setempat. Makam ini diyakini sebagai tempat peristirahatan seorang tokoh yang dihormati, yang dikenal sebagai Ratu Bagus Kuning, dan sering dikaitkan dengan legenda serta tradisi spiritual Palembang. Selain menjadi lokasi ziarah, makam ini juga mencerminkan warisan budaya Palembang yang sarat nilai sejarah, kepercayaan, dan penghormatan terhadap leluhur. Di antara hiruk-pikuk kota ini, berdiri sebuah tempat bersejarah yang menjadi bukti perkembangan Kesultanan Palembang Darussalam, yaitu makam suci Ratu Bagus Kuning yang terletak di Jalan Di Panjaitan, Plaju, Palembang. Situs ini tidak hanya menyajikan jejak masa lalu yang mendalam, tetapi juga dihiasi dengan kisah-kisah legenda tentang ratusan kera yang setia menjaga makam tersebut sejak zaman dahulu. Pada era penyebaran agama Islam di Sumatera Selatan, Ratu Bagus Kuning, yang bernama asli Putri Mulya Syarifah Mahani Binti Syekh Dikh Zainal Abidin, memiliki peran krusial.",2026-10-09T04:38:22.575835+00:00
Makam Abdullah Gelar Raden Bebas Abdul Malik Gelar Mas Purba,"Kabupaten Ogan Komering Ulu Timur, Sumatera Selatan",Makam,,,,,,,,,,,,NOT_FOUND,NO_GOOGLE_RESULT,Iskandar Muda dari Aceh,https://id.wikipedia.org/wiki/Iskandar_Muda_dari_Aceh,0.07577566284908165,SIMILARITY_MATCH,"Iskandar Muda (meninggal 27 Desember 1636), dikenal pula dengan nama Perkasa Alam, Johan Alam, dan setelah wafat sebagai Meureuhom Meukuta Alam, adalah Sultan Aceh yang memerintah Kesultanan Aceh dari 4 April 1607 hingga wafatnya pada 1636. Pada masa pemerintahannya, Aceh mencapai luas kekuasaan terbesarnya dan menjadi salah satu kekuatan militer, perdagangan, serta diplomatik utama di bagian barat Nusantara dan Selat Malaka.
Masa pemerintahannya ditandai oleh perluasan kekuasaan Aceh di pantai timur dan barat Sumatra serta Semenanjung Melayu. Deli, Aru, Johor, Pahang, Kedah, Perak, dan Nias pernah menjadi sasaran ekspedisi militernya, sementara Aceh mempertahankan persaingan panjang dengan Portugis di Melaka. Serangan besar terhadap Melaka pada 1629 berakhir dengan kekalahan berat bagi armada Aceh.
Di dalam negeri, pemerintahannya memperkuat kedudukan sultan terhadap para orang kaya dan penguasa daerah, menata hubungan antara pusat dengan uleëbalang dan mukim, serta memperketat pengawasan terhadap perdagangan lada dan komoditas strategis.
Iskandar Muda juga meninggalkan jejak melalui kompleks istana Darud Dunia, Taman Ghairah, Gunongan, Taman Putroe Phang, Krueng Daroy, surat diplomatik kepada James I dari Inggris pada 1615, serta tradisi hukum dan adat yang kemudian dihubungkan dengan istilah Adat Meukuta Alam.
Pemerintah Republik Indonesia menetapkannya sebagai Pahlawan Nasional Indonesia berdasarkan Keputusan Presiden Republik Indonesia Nomor 077/TK/Tahun 1993 tanggal 14 September 1993.

",2026-10-09T04:38:22.850006+00:00
Makam Mangku Yuda,"Kabupaten Ogan Komering Ulu Timur, Sumatera Selatan",Makam,ChIJX1mpNwA5OC4RV_rJcVln7Lg,Makam pangeran mangkuyudha,"HV43+8F7, Sura, Runjung Agung, South Ogan Komering Ulu Regency, South Sumatra 32272, Indonesia",5.0,1.0,https://maps.google.com/?cid=13325139031341267543&g_mp=CiVnb29nbGUubWFwcy5wbGFjZXMudjEuUGxhY2VzLkdldFBsYWNlEAIYBCAA,-4.4444595,103.8542389,SUCCESS,FIRST_RESULT,2026-09-25T07:34:51.002147+00:00,,,Panembahan di Darat,https://id.wikipedia.org/wiki/Panembahan_di_Darat,0.12065762756569526,SIMILARITY_MATCH,"Pangeran Dipati Anom I  (Pangoran De Patty Anom atau radja de Patty Anom) bergelar mangkubumi Pangeran di Darat terakhir bergelar Panembahan di Darat (bin Sultan Mustain Billah) adalah mangkubumi (kepala pemerintahan) Kesultanan Banjar sekitar tahun 1642-1652.)Panembahan di Darat adalah keturunan ke-10 dari Lambung Mangkurat dan juga keturunan ke-10 dari pasangan Puteri Junjung Buih dan Maharaja Suryanata. Maharaja Suryanata (nama lahir Raden Putra) dijemput dari Majapahit sebagai jodoh Puteri Junjung Buih (saudara angkat Lambung Mangkurat).
Ia menggantikan Kiai Tumenggung Raksanagara (d/h Kiai Tanu Raksa). Ia menjabat mangkubumi mendampingi Sultan Inayatullah bin Sultan Mustain Billah (abangnya) dan sultan berikutnya yaitu Sultan Saidullah bin Sultan Inayatullah (keponakannya). Dia merupakan Pangeran (anak raja) pertama kali yang menjabat mangkubumi di Kesultanan Banjar, pada masa sebelumnya mangkubumi tidak dijabat oleh keturunan raja, tetapi dijabat oleh seorang yang bergelar Kiai dari kalangan non-bangsawan. Sejak itu berlaku tradisi di kesultanan Banjar bahwa di antara putera-putera dari seorang Sultan yang sedang berkuasa, maka putera sulung dari permaisuri akan dilantik sebagai Pangeran Mahkota (Pangeran Dipati Tuha) dan Pangeran kedua (Pangeran Dipati Anom) putera kedua dari permaisuri akan berpeluang besar untuk dilantik sebagai mangukubumi (Kepala pemerintahan) untuk menggantikan mangkubumi sebelumnya yang meninggal dunia.",2026-10-09T04:38:23.112904+00:00
Makam Muyang Tuan Raja Benar,"Kabupaten Ogan Komering Ulu Timur, Sumatera Selatan",Makam,ChIJg0hG0gpnOS4RVUA7XJvYWJ4,MAKAM PUYANG TUAN DI PULAU (Said Hamimul Hamim),"7J2Q+6RQ, Negeri Sakti, Cempaka, East Ogan Komering Ulu Regency, South Sumatra 32361, Indonesia",5.0,26.0,https://maps.google.com/?cid=11410107817722069077&g_mp=CiVnb29nbGUubWFwcy5wbGFjZXMudjEuUGxhY2VzLkdldFBsYWNlEAIYBCAA,-3.7494029,104.639594,SUCCESS,FIRST_RESULT,2026-09-26T17:13:29.091916+00:00,,,,,,NO_CANDIDATE,,
Makam Muyang Putih,"Kabupaten Ogan Komering Ulu Timur, Sumatera Selatan",Makam,ChIJ9X0viBprOS4RBQSwkQ4SF18,Makam Puyang Putih,"4J6F+GGF, Betung, Semendawai Barat, East Ogan Komering Ulu Regency, South Sumatra 32184, Indonesia",,,https://maps.google.com/?cid=6851965211850572805&g_mp=CiVnb29nbGUubWFwcy5wbGFjZXMudjEuUGxhY2VzLkdldFBsYWNlEAIYBCAA,-3.8886914,104.6238048,SUCCESS,FIRST_RESULT,2026-09-25T07:34:51.796220+00:00,,,"Pataan, Sambeng, Lamongan","https://id.wikipedia.org/wiki/Pataan,_Sambeng,_Lamongan",0.07565017245094338,SIMILARITY_MATCH,"Pataan adalah desa yang berada di kecamatan Sambeng, Kabupaten Lamongan, Jawa Timur, Indonesia",2026-10-09T04:38:23.399757+00:00
Makam Muyang Maulana Sakti,"Kabupaten Ogan Komering Ulu Timur, Sumatera Selatan",Makam,ChIJg0hG0gpnOS4RVUA7XJvYWJ4,MAKAM PUYANG TUAN DI PULAU (Said Hamimul Hamim),"7J2Q+6RQ, Negeri Sakti, Cempaka, East Ogan Komering Ulu Regency, South Sumatra 32361, Indonesia",5.0,26.0,https://maps.google.com/?cid=11410107817722069077&g_mp=CiVnb29nbGUubWFwcy5wbGFjZXMudjEuUGxhY2VzLkdldFBsYWNlEAIYBCAA,-3.7494029,104.639594,SUCCESS,FIRST_RESULT,2026-09-26T17:13:29.275044+00:00,,,,,,NO_CANDIDATE,,
Makam Oppu Parmata Sapihak,"Kabupaten Padang Lawas, Sumatera Utara",Makam,ChIJ34CX6niPKzAROX94o2dIc3g,Makam Ompung Parmata Sapihak,"3PJ8+XGJ, Limbong, Barumun, Padang Lawas Regency, North Sumatra 22742, Indonesia",4.4,27.0,https://maps.google.com/?cid=8679360516834492217&g_mp=CiVnb29nbGUubWFwcy5wbGFjZXMudjEuUGxhY2VzLkdldFBsYWNlEAIYBCAA,1.0824721,99.7162562,SUCCESS,FIRST_RESULT,2026-09-26T17:13:29.507236+00:00,,,Kabupaten Padang Lawas,https://id.wikipedia.org/wiki/Kabupaten_Padang_Lawas,0.06992607111510231,SIMILARITY_MATCH,"Kabupaten Padang Lawas (disingkat Palas; Surat Batak: ᯂᯅᯮᯇᯖᯩᯉ᯲ ᯇᯑᯰ ᯞᯋᯘ᯲) adalah salah satu kabupaten yang berada di Provinsi Sumatera Utara, Indonesia. Ibu kota kabupaten ini adalah Sibuhuan. Pada akhir 2024, jumlah penduduk Kabupaten Padang Lawas tercatat sebanyak 280.764 jiwa.
Kabupaten ini adalah hasil pemekaran dari Kabupaten Tapanuli Selatan. Kabupaten Padang Lawas resmi berdiri berdasarkan Undang-Undang Republik Indonesia Nomor: 38 Tahun 2007, tepatnya pada tanggal 10 Agustus 2007, bersamaan dengan dibentuknya Kabupaten Padang Lawas Utara, menyusul RUU yang disetujui pada 17 Juli 2007.",2026-10-09T04:38:23.662031+00:00
Makam Pahlawan Nasional Ibu Maria Walanda Maramis,"Kabupaten Minahasa Utara, Sulawesi Utara",Makam,ChIJQbbMNPYKhzIRdNmTYmPcJHI,The National Heroine Cemetery of Maria Walanda Maramis,"FWJ4+55J, Maumbi, Kalawat, North Minahasa Regency, North Sulawesi, Indonesia",4.4,7.0,https://maps.google.com/?cid=8224941138899097972&g_mp=CiVnb29nbGUubWFwcy5wbGFjZXMudjEuUGxhY2VzLkdldFBsYWNlEAIYBCAA,1.4804562,124.9054041,SUCCESS,FIRST_RESULT,2026-09-26T17:13:29.746921+00:00,,,Maria Walanda Maramis,https://id.wikipedia.org/wiki/Maria_Walanda_Maramis,0.6632304688005359,SIMILARITY_MATCH,"Maria Walanda Maramis (lahir 1 Desember 1872 – meninggal 22 April 1924), lahir dengan nama Maria Josephine Catherine Maramis, adalah seorang tokoh perempuan Minahasa yang dikenal sebagai pelopor emansipasi wanita di Indonesia pada awal abad ke-20. Ia berperan penting dalam peningkatan pendidikan dan kesadaran sosial bagi perempuan, sehingga diakui sebagai Pahlawan Nasional Indonesia.
Maria Walanda Maramis dikenang setiap 1 Desember oleh masyarakat Minahasa melalui Hari Ibu Maria Walanda Maramis, sebagai penghargaan terhadap perjuangannya melawan batasan tradisional terhadap perempuan. Dalam publikasi Nederlandsche Zendeling Genootschap (1981), Nicolaas Graafland menilai Maria memiliki kemampuan belajar dan berpikir yang unggul, serta sering menunjukkan prestasi yang melampaui kaum laki-laki di zamannya.
Pemerintah Indonesia menganugerahi Maria gelar Pahlawan Pergerakan Nasional dan menetapkannya sebagai Pahlawan nasional Indonesia melalui Keputusan Presiden No. 012/TK/1969 pada 20 Mei 1969. Untuk mengenang jasanya, sebuah patung peringatan dibangun di Kelurahan Komo Luar, Kecamatan Wenang, Manado, yang menjadi titik edukasi sejarah perjuangan perempuan di Minahasa.",2026-10-09T04:38:23.922731+00:00
Pekuburan Brahrang,"Kota Binjai, Sumatera Utara",Makam,ChIJgxZDBkrWMDARA787rLNosSs,Krematorium Brahrang,"HFP6+QRM, Tanah Merah, South Binjai, Binjai City, North Sumatra 20714, Indonesia",4.4,35.0,https://maps.google.com/?cid=3148412735406718723&g_mp=CiVnb29nbGUubWFwcy5wbGFjZXMudjEuUGxhY2VzLkdldFBsYWNlEAIYBCAA,3.5869519,98.4620563,SUCCESS,FIRST_RESULT,2026-09-26T17:13:29.982656+00:00,,,,,,NO_CANDIDATE,,
Pekuburan Marcapada,"Kota Binjai, Sumatera Utara",Makam,ChIJi4q9S7zXMDARxffn6FwMAXI,Pemakaman Kristen Marcapada,"HFP7+JV6, Jl. Gn. Sibayak, Tanah Merah, Kec. Binjai Sel., Kota Binjai, Sumatera Utara 20723, Indonesia",,,https://maps.google.com/?cid=8214860788484536261&g_mp=CiVnb29nbGUubWFwcy5wbGFjZXMudjEuUGxhY2VzLkdldFBsYWNlEAIYBCAA,3.5865437000000004,98.464645,SUCCESS,FIRST_RESULT,2026-09-26T17:13:30.235799+00:00,,,Situs Kalibukbuk,https://id.wikipedia.org/wiki/Situs_Kalibukbuk,0.01976873737584784,SIMILARITY_MATCH,"Situs Kalibukbuk atau Candi Buddha Kalibukbuk adalah candi Buddha (stupa) yang ditemukan pada bulan September 1994, kurang lebih 300 meter dari jalan raya ke arah Selatan di desa Kalibukbuk, Kabupaten Buleleng, Bali, Indonesia.",2026-10-09T04:38:24.183224+00:00
Makam Tionghoa,"Kota Tangerang, Banten",Makam,ChIJH9DAC0z_aS4R8JJJ3giPZLI,Kuburan Makam Kapitein Oey Kiat Tjin,"Jl. Cinda No.22, RT.001/RW.003, Nusa Jaya, Kec. Karawaci, Kota Tangerang, Banten 15116, Indonesia",4.6,13.0,https://maps.google.com/?cid=12854556504674112240&g_mp=CiVnb29nbGUubWFwcy5wbGFjZXMudjEuUGxhY2VzLkdldFBsYWNlEAIYBCAA,-6.207103099999999,106.6168157,SUCCESS,FIRST_RESULT,2026-09-26T17:13:30.447497+00:00,,,Daftar pemakaman Tionghoa di Jakarta,https://id.wikipedia.org/wiki/Daftar_pemakaman_Tionghoa_di_Jakarta,0.4801618583628386,SIMILARITY_MATCH,Daftar pemakaman Tionghoa di Jakarta terdiri dari situs-situs historis dan pemakaman lebih baru yang digunakan oleh masyarakat Tionghoa di Jakarta.,2026-10-09T04:38:24.446681+00:00
Makam Panglima Ratu Samban,"Kabupaten Bengkulu Utara, Bengkulu",Makam,ChIJX5Hqa_zjMy4RFr06WB329Kw,Makam Palawan Ratu Samban,"HX5V+6PJ, Pagar Ruyung, Batik Nau, North Bengkulu Regency, Bengkulu 38656, Indonesia",3.7,3.0,https://maps.google.com/?cid=12462856674735734038&g_mp=CiVnb29nbGUubWFwcy5wbGFjZXMudjEuUGxhY2VzLkdldFBsYWNlEAIYBCAA,-3.4419095,101.9942744,SUCCESS,FIRST_RESULT,2026-09-26T17:13:30.648697+00:00,,,Daftar taman makam pahlawan di Indonesia,https://id.wikipedia.org/wiki/Daftar_taman_makam_pahlawan_di_Indonesia,0.3974911156946958,SIMILARITY_MATCH,"Taman Makam Pahlawan atau sering disingkat TMP adalah lokasi pemakaman yang dikhususkan bagi mereka yang telah berjasa kepada negara kesatuan Republik Indonesia termasuk para pahlawan nasional, anggota militer, dan pejabat tinggi negara. Secara umum, terdapat dua jenis Taman Makam Pahlawan, yakni Taman Makam Pahlawan Nasional yang dikelola oleh pemerintah, baik pusat ataupun daerah, dan Taman Makam Pahlawan biasa yang dikelola oleh organisasi non-pemerintah atau oleh gotong royong masyarakat.
Berdasarkan Permensos Nomor 23 Tahun 2014, Taman Makam Pahlawan Nasional terdiri atas empat jenis, antara lain:

Taman Makam Pahlawan Nasional Utama (TMP Utama), yakni Taman Makam Pahlawan tingkat nasional yang berada di ibu kota negara;
Taman Makam Pahlawan Nasional Provinsi (TMP Provinsi), yakni Taman Makam Pahlawan di tingkat provinsi;
Taman Makam Pahlawan Nasional Kabupaten/Kota (TMP Kabupaten/Kota), yakni Taman Makam Pahlawan di tingkat kabupaten/kota;
Makam Pahlawan Nasional (MPN), yakni makam di luar Taman Makam Pahlawan tempat pahlawan nasional dimakamkan.",2026-10-09T04:38:24.698097+00:00
Makam Syekh Tubagus Ahmad Bakri As,"Kabupaten Purwakarta, Jawa Barat",Makam,ChIJzT1t2BgHaS4RKuAhg_vMSoE,Makom karomah Tubagus seda/ tempat maulid mama sempur,"994G+469, Citeko, Plered, Purwakarta Regency, West Java 41162, Indonesia",4.9,23.0,https://maps.google.com/?cid=9316484159778185258&g_mp=CiVnb29nbGUubWFwcy5wbGFjZXMudjEuUGxhY2VzLkdldFBsYWNlEAIYBCAA,-6.644711999999999,107.3756075,SUCCESS,FIRST_RESULT,2026-09-26T17:13:30.872704+00:00,,,Daftar tempat wisata di Kabupaten Purwakarta,https://id.wikipedia.org/wiki/Daftar_tempat_wisata_di_Kabupaten_Purwakarta,0.19843829234409927,SIMILARITY_MATCH,"Berikut daftar tempat wisata yang berada di Kabupaten Purwakarta
""Bila ada tambahan tempat wisata terbaru di Purwakarta, mohon bantuannya""",2026-10-09T04:38:25.149663+00:00
Makam Gedong Ageng,"Kabupaten Blora, Jawa Tengah",Makam,ChIJiXts7Hhhdy4RbDVH7i2KrdQ,MAKAM GEDONG AGENG Jipang,"QHW7+74M, Jipang, Kec. Cepu, Kabupaten Blora, Jawa Tengah 58315, Indonesia",4.5,47.0,https://maps.google.com/?cid=15325057036887471468&g_mp=CiVnb29nbGUubWFwcy5wbGFjZXMudjEuUGxhY2VzLkdldFBsYWNlEAIYBCAA,-7.204285599999999,111.5627854,SUCCESS,FIRST_RESULT,2026-09-26T17:13:31.093099+00:00,,,Pangeran Surowiyoto,https://id.wikipedia.org/wiki/Pangeran_Surowiyoto,0.1033076830909906,SIMILARITY_MATCH,"Pangeran Surowiyoto  atau Surawiyata alias  Raden Kikin atau lebih dikenal dengan sebutan Pangeran Sekar Seda ing Lepen  (artinya: ""Bunga yang gugur di Sungai"")  merupakan seorang Adipati di wilayah Babagan Caruban Lasem yang memerintah pada pertengahan abad ke-16, ia juga merupakan Putra Mahkota dari Kesultanan Demak. 

Riwayat mengenai Pangeran Surowiyoto tercantum dalam beberapa serat dan babad yang ditulis ulang pada periode bahasa Jawa Baru (abad ke-19), seperti Babad Tanah Jawi, Babad Lasem dan Babad Demak. Makam Pangeran Surowiyoto berada di Desa Gedong Mulyo Kecamatan Lasem, Kabupaten Rembang. Disini beliau juga dikenal dengan sebutan seorang Raja Tanpa Mahkota",2026-10-09T04:38:25.423751+00:00
Makam Islam,"Kabupaten Bangkalan, Jawa Timur",Makam,ChIJE5I8g-YF2C0RRcBRpizteoI,MAKAM SYAIKHONA KHOLIL BANGKALAN,"XP5F+58P, Jl. Mertajasah, Tajasah, Mertajasah, Kec. Bangkalan, Kabupaten Bangkalan, Jawa Timur 69119, Indonesia",4.8,2879.0,https://maps.google.com/?cid=9402087948114051141&g_mp=CiVnb29nbGUubWFwcy5wbGFjZXMudjEuUGxhY2VzLkdldFBsYWNlEAIYBCAA,-7.0420311,112.7233234,SUCCESS,FIRST_RESULT,2026-09-26T17:13:31.347843+00:00,,,Masjid Syaikhona Kholil Bangkalan,https://id.wikipedia.org/wiki/Masjid_Syaikhona_Kholil_Bangkalan,0.8050691919676818,SIMILARITY_MATCH,"Masjid Syaikhona Kholil adalah sebuah masjid yang terletak di Desa Martajasah, Kecamatan Bangkalan, Kabupaten Bangkalan, Provinsi Jawa Timur, Indonesia. Masjid ini dibangun sebagai bentuk penghormatan terhadap ulama kharismatik asal Madura, Syaikhona Muhammad Kholil, yang dikenal sebagai salah satu tokoh penting dalam perkembangan Islam di Indonesia, khususnya dalam pendidikan pesantren.",2026-10-09T04:38:25.680263+00:00
Makam Syech Husen,"Kabupaten Bangkalan, Jawa Timur",Makam,ChIJ9ZvWQcg_2C0RhHgWfDkSpg0,Pangeran Azimat (Sayyid Husein) Tomb,"jln: Makam Zimat No: 99 Barat-Sungai,, Barat Sungai, Banyu Sangkah, Kec. Tj. Bumi, Kabupaten Bangkalan, Jawa Timur 69156, Indonesia",4.6,78.0,https://maps.google.com/?cid=983493606731315332&g_mp=CiVnb29nbGUubWFwcy5wbGFjZXMudjEuUGxhY2VzLkdldFBsYWNlEAIYBCAA,-6.8827389,113.0233267,SUCCESS,FIRST_RESULT,2026-09-26T17:13:31.561983+00:00,,,Syekh Jambu Karang,https://id.wikipedia.org/wiki/Syekh_Jambu_Karang,0.13781104110666792,SIMILARITY_MATCH,"Syekh Jambu Karang merupakan putra mahkota Raja Pajajaran yang mengembara hingga ke tlatah Tegal. Dia dalah putra mahkota Raja Pajajaran I. Nama mudanya adalah Raden Mundingwangi. Sebenarnya akan dinobatkan untuk menjadi pengganti ayahnya menjadi raja Pajajaran, tetapi beliau lebih suka mengembara sehingga tahta kerajaan diserahkan kepada adiknya yang bernama Raden Mundingsari.",2026-10-09T04:38:25.940231+00:00
Makam Anusapati,"Kabupaten Malang, Jawa Timur",Makam,ChIJVf41RCQn1i0R3kK9e-Svh8I,Makam Mbah Jago Pati,"WMJ5+HR6, Kertowinangun, Jatisari, Kec. Tajinan, Kabupaten Malang, Jawa Timur 65172, Indonesia",4.6,97.0,https://maps.google.com/?cid=14017365761077363422&g_mp=CiVnb29nbGUubWFwcy5wbGFjZXMudjEuUGxhY2VzLkdldFBsYWNlEAIYBCAA,-8.068538799999999,112.6595096,SUCCESS,FIRST_RESULT,2026-09-26T17:13:31.789163+00:00,,,Kabupaten Malang,https://id.wikipedia.org/wiki/Kabupaten_Malang,0.11013381713121777,SIMILARITY_MATCH,"Kabupaten Malang (bahasa Jawa: Hanacaraka: ꦩꦭꦁ, Pegon: مالاڠ; pengucapan bahasa Jawa: [ˈmalaŋ]) adalah sebuah kabupaten di Provinsi Jawa Timur, Indonesia. Ibu kota kabupaten ini terletak di Kecamatan Kepanjen, yang sebelumnya berada di Kota Malang tepatnya di daerah Klojen. Kabupaten Malang adalah kabupaten terluas kedua di Jawa Timur setelah Kabupaten Banyuwangi dan merupakan kabupaten dengan populasi terbesar di Jawa Timur. Kabupaten Malang mempunyai koordinat 112o17' sampai 112o57' Bujur Timur dan 7o67' sampai 8o69' Lintang Selatan. Kabupaten Malang juga merupakan kabupaten terluas keempat di Pulau Jawa setelah Kabupaten Sukabumi, Kabupaten Cianjur di Provinsi Jawa Barat, dan Kabupaten Banyuwangi. Berdasarkan data Badan Pusat Statistik kabupaten Malang tahun 2021, penduduk kabupaten Malang berjumlah 2.654.676 jiwa (2020), dengan kepadatan 767 jiwa/km2.
Kota Malang merupakan enklave dari kabupaten ini.
Kabupaten ini memiliki Penekslave yaitu wilayah yang terpisah dengan wilayah utamanya yaitu di kawasan Malang Barat, yang terdiri atas Kecamatan Pujon, Ngantang dan Kasembon. Kabupaten ini berbatasan dengan Kabupaten Jombang; Kabupaten Mojokerto; dan Kabupaten Pasuruan; di utara, Kabupaten Lumajang dan Kabupaten Probolinggo di timur, Samudra Hindia di selatan, serta Kota Batu, Kabupaten Blitar dan Kabupaten Kediri di barat. Sebagian besar wilayahnya merupakan pegunungan yang berhawa sejuk, Kabupaten Malang dikenal sebagai salah satu daerah tujuan wisata utama di Jawa Timur. Bersama dengan Kota Batu dan Kota Malang, Kabupaten Malang merupakan bagian dari kesatuan wilayah yang dikenal dengan Malang Raya.",2026-10-09T04:38:26.207370+00:00
Kuburan Panglima Ali,"Kabupaten Bangka Selatan, Kepulauan Bangka Belitung",Makam,ChIJI6krYgAxPS4RgnnXxGIvFwM,Makam Panglima Tuan Syarah,"F2P7+6F, Bangka Kota, Simpang Rimba, South Bangka Regency, Bangka Belitung Islands 33777, Indonesia",,,https://maps.google.com/?cid=222698807833885058&g_mp=CiVnb29nbGUubWFwcy5wbGFjZXMudjEuUGxhY2VzLkdldFBsYWNlEAIYBCAA,-2.5144146,106.0136615,SUCCESS,FIRST_RESULT,2026-09-26T17:13:32.015214+00:00,,,Taman Makam Pahlawan Nasional Utama Kalibata,https://id.wikipedia.org/wiki/Taman_Makam_Pahlawan_Nasional_Utama_Kalibata,0.277971326021645,SIMILARITY_MATCH,"Taman Makam Pahlawan Nasional Utama Kalibata atau TMP Nasional Utama Kalibata adalah sebuah pemakaman militer di Kalibata, Jakarta Selatan. Dibangun pada tahun 1953 dan dibuka pada tanggal 10 November 1954. B. J. Habibie adalah Presiden Indonesia pertama yang dimakamkan di TMP Kalibata setelah wafat pada 11 September 2019. Mantan Menteri Luar Negeri Indonesia Agus Salim, yang meninggal 6 hari sebelum pemakaman dibuka, adalah politikus senior pertama yang dimakamkan di TMP. Ada juga 121 jenazah yang dipindahkan dari Taman Makam Pahlawan di Ancol.
Lebih dari 7.000 orang korban militer dan veteran Revolusi Nasional Indonesia dimakamkan di sini. Veteran Tentara Kekaisaran Jepang yang tinggal di Indonesia setelah Perang Dunia II atas kemauan mereka sendiri dan berjuang untuk kemerdekaan Indonesia juga dimakamkan di sini.",2026-10-09T04:38:26.474485+00:00
Pekuburan Rambung,"Kota Binjai, Sumatera Utara",Makam,ChIJzdNJ3dspMTARK30EluNDFAY,Kuburan Muslim Rambung Barat Binjai,"HFVR+256, Jl. Letjend Jamin Ginting, Rambung Bar., Kec. Binjai Sel., Kota Binjai, Sumatera Utara 20734, Indonesia",4.5,6.0,https://maps.google.com/?cid=438049708515294507&g_mp=CiVnb29nbGUubWFwcy5wbGFjZXMudjEuUGxhY2VzLkdldFBsYWNlEAIYBCAA,3.5925263000000003,98.4903818,SUCCESS,FIRST_RESULT,2026-09-26T17:13:32.254346+00:00,,,Kota Tebing Tinggi,https://id.wikipedia.org/wiki/Kota_Tebing_Tinggi,0.07260184300397125,SIMILARITY_MATCH,"Kota Tebing Tinggi (Abjad Jawi: كوتا تبيڠ تيڠڬي; Surat Batak: ᯂᯬᯖ ᯖᯩᯅᯪᯰ ᯖᯪᯝ᯲ᯎᯪ) adalah sebuah kota di Provinsi Sumatera Utara, Indonesia. Kota Tebing Tinggi berada di tengah-tengah Kabupaten Serdang Bedagai, dengan luas wilayah 38,44 km². Pada tahun 2020 memiliki penduduk sebanyak 172.838 jiwa, dengan kepadatan 4.496 jiwa/km², dan pada pertengahan tahun 2024 jumlah penduduk sebanyak 182.226 jiwa.",2026-10-09T04:38:26.741928+00:00
Makam Raja-Raja Tallo,"Kota Makassar, Sulawesi Selatan",Makam,ChIJtfYT6aD9vi0RJ7fHIgAeyw4,Kings of Tallo Cemetery,"Jl. Sultan Abdullah Raya No.6, Tallo, Kec. Tallo, Kota Makassar, Sulawesi Selatan 90212, Indonesia",4.5,348.0,https://maps.google.com/?cid=1065978722735601447&g_mp=CiVnb29nbGUubWFwcy5wbGFjZXMudjEuUGxhY2VzLkdldFBsYWNlEAIYBCAA,-5.1028762,119.4455574,SUCCESS,FIRST_RESULT,2026-09-26T17:13:32.484392+00:00,,,Makam raja-raja Tallo,https://id.wikipedia.org/wiki/Makam_raja-raja_Tallo,0.9999999999999999,EXACT_MATCH,"Kompleks Makam raja-raja Tallo aberada di Kelurahan Tallo, Kecamatan Tallo, Kota Makassar dan terletak dengan ketinggian 8 meter di atas permukaan laut. Makam raja-raja Tallo ini dulunya adalah bukit kecil di tepi laut dan sungai, yang sekarang menjadi permukiman penduduk. Di dalam kompleks makam tersebut, terdapat sekitar 70 atau 80 buah makam dalam keadaan utuh maupun yang sudah rusak. Kompleks makam tersebut adalah kumpulan keluarga bangsawan dan raja Kerajaan Tallo.  
Dari namanya, Kerajaan Tallo merupakan pecahan dari Kerajaan Gowa. Kerajaan ini juga termasuk salah satu yang paling berpengaruh sehingga menjadi peletak dasar kejayaan Makassar pada awal abad ke-17. Adapun raja-raja petinggi dan Kerajaan Tallo yang dimakam adalah Raja Tallo ke-7 (1598-1641), Raja Tallo ke-9, Raja Tallo ke-12 (1770-1778), Raja Tallo ke-13, dan Raja Tallo ke-15 yang pernah menjadi Raja Gowa ke-30 (1811-1825). 
Situs Pemakaman Raja-Raja Tallo memuat kurang lebih 78 makam, namun hanya sebagian yang telah teridentifikasi secara pasti. Berdasarkan papan informasi resmi yang terpasang di area pintu masuk situs, tercatat sebanyak 21 nama raja yang dimakamkan di kawasan cagar budaya tersebut.",2026-10-09T04:38:26.999510+00:00
Makam Pongtiku,"Kabupaten Toraja Utara, Sulawesi Selatan",Makam,ChIJW2nVNLbAky0R__UdrAMFlbg,Makam Pahlawan Pongtiku,"3RW6+68G, Pangala' Utara, Rindingalo, North Toraja Regency, South Sulawesi 91862, Indonesia",4.1,18.0,https://maps.google.com/?cid=13300542587839313407&g_mp=CiVnb29nbGUubWFwcy5wbGFjZXMudjEuUGxhY2VzLkdldFBsYWNlEAIYBCAA,-2.9044287,119.81081749999998,SUCCESS,FIRST_RESULT,2026-09-26T17:13:32.702667+00:00,,,Pong Tiku,https://id.wikipedia.org/wiki/Pong_Tiku,0.4900222117977479,SIMILARITY_MATCH,"Pong Tiku (juga dieja Pontiku dan Pongtiku; ca 1846 – 10 Juli 1907), dikenal oleh sekutu Bugis-nya sebagai Ne' Baso, adalah seorang penguasa Toraja dan pejuang gerilya yang beroperasi di wilayah selatan Sulawesi.
Sebagai putra penguasa Pangala', Tiku merebut wilayah tetangganya, Baruppu', dan menjadi pemimpinnya, kemudian memimpin Pangala' setelah kematian ayahnya. Melalui pemanfaatan perdagangan kopi dan persekutuan dengan masyarakat Bugis di dataran rendah, Tiku berhasil mengumpulkan kekayaan besar, memperluas wilayah kekuasaan, dan memperkuat pengaruhnya. Semasa Perang Kopi (1889–1890), ibu kotanya di Tondon sempat dibumihanguskan oleh penguasa lain, tetapi berhasil direbut kembali pada hari yang sama. Ketika pemerintah kolonial Hindia Belanda yang berpusat di Jawa menginvasi Sulawesi pada awal 1900-an, Tiku bersama pasukannya memanfaatkan benteng-benteng pertahanan untuk bertahan dan melancarkan serangan balasan. Ia sempat tertangkap pada Oktober 1906, tetapi berhasil melarikan diri pada Januari 1907 dan terus bergerilya hingga Juni, sebelum akhirnya dieksekusi mati beberapa hari setelah ditangkap kembali.
Tiku merupakan salah satu pemimpin perlawanan yang paling gigih dan paling lama bertahan di Sulawesi, hingga Gubernur Jenderal J.B. van Heutsz menganggapnya sebagai ancaman serius bagi stabilitas kekuasaan Belanda di kawasan tersebut dan mengutus langsung Gubernur Sulawesi untuk memimpin penangkapannya. Sepeninggalnya, Tiku diabadikan sebagai simbol perlawanan masyarakat Toraja. Setelah sekian lama dihormati di Sulawesi, ia secara resmi dianugerahi gelar Pahlawan Nasional Indonesia pada tahun 2002.",2026-10-09T04:38:27.255683+00:00
Makam Syech Yusuf,"Kabupaten Gowa, Sulawesi Selatan",Makam,ChIJQ0Y4Rjrivi0RlMpvumKT240,Masjid Agung Syekh Yusuf,"Jl. Mesjid Raya, Sungguminasa, Kec. Somba Opu, Kabupaten Gowa, Sulawesi Selatan 92111, Indonesia",4.8,1772.0,https://maps.google.com/?cid=10221925831491439252&g_mp=CiVnb29nbGUubWFwcy5wbGFjZXMudjEuUGxhY2VzLkdldFBsYWNlEAIYBCAA,-5.2024125,119.4509336,SUCCESS,FIRST_RESULT,2026-09-26T17:13:32.936564+00:00,,,Lapangan Syekh Yusuf,https://id.wikipedia.org/wiki/Lapangan_Syekh_Yusuf,0.4735582255173312,SIMILARITY_MATCH,"Lapangan Syekh Yusuf adalah sebuah ruang terbuka hijau sekaligus taman publik yang terletak di Kabupaten Gowa, Provinsi Sulawesi Selatan. Pemanfaatan utama dari Lapangan Syekh Yusuf sebagai pusat kegiatan olahraga, rekreasi, dan kuliner. Lapangan ini memiliki fasilitas seperti lintasan lari laun pertama di Sulawesi Selatan yang berstandar nasional, lapangan sepak bola, basket, dan voli. Selain itu, tersedia juga pujasera dan ruang terbuka untuk bersantai. 
Lapangan Syekh Yusuf merupakan salah satu ruang terbuka hijau sekaligus taman publik terpenting di Kabupaten Gowa. Nama Laangan Syekh Yusuf diberikan untuk menghormati Yusuf Al-Makassari yang merupakan seorang ulama di wilayah Kesultanan Gowa yang telah berstatus sebagai pahlawan nasional. Lapangan ini telah bertransformasi menjadi pusat aktivitas masyarakat. Lapangan yang sebelumnya dikenal sebagai lapangan biasa kini direvitalisasi besar-besaran menjadi sebuah kawasan terpadu yang sering disebut RTH Syekh Yusuf Discovery, menjadikannya identitas baru dan kebanggaan bagi masyarakat Gowa dan sekitarnya. Terletak di lokasi yang strategis, berdekatan dengan Masjid Agung Syekh Yusuf, kawasan ini tidak hanya berfungsi sebagai paru-paru kota tetapi juga sebagai pusat interaksi sosial, olahraga, rekreasi, dan bahkan ekonomi.",2026-10-09T04:38:27.516934+00:00
Makam Raja-Raja Kesultanan Gunung Tabur,"Kabupaten Berau, Kalimantan Timur",Makam,ChIJy7h72nD1DTIRguKUujDs7U0,Komplek Makam Kesultanan Gunung Tabur,"5F5R+WPW, Gunung Tabur, Berau Regency, East Kalimantan 77352, Indonesia",5.0,3.0,https://maps.google.com/?cid=5615404004433781378&g_mp=CiVnb29nbGUubWFwcy5wbGFjZXMudjEuUGxhY2VzLkdldFBsYWNlEAIYBCAA,2.159435,117.4914562,SUCCESS,FIRST_RESULT,2026-09-26T17:13:33.149304+00:00,,,Kesultanan Kacirebonan,https://id.wikipedia.org/wiki/Kesultanan_Kacirebonan,0.32336260158071456,SIMILARITY_MATCH,Kesultanan Kacirebonan adalah salah satu kesultanan di Indonesia yang berdiri pada tahun 1808. Kesultanan ini merupakan hasil perundingan keluarga besar kesultanan Kanoman.,2026-10-09T04:38:27.777604+00:00
Kompleks Makam Raja-Raja,"Kabupaten Paser, Kalimantan Timur",Makam,ChIJ7RsPazY48C0RZ2UZuX8Z93g,Makam Raja Raja Tana Paser,"26W5+3MQ, Pasir Belengkong, Paser Regency, East Kalimantan 76271, Indonesia",4.2,93.0,https://maps.google.com/?cid=8716463640155874663&g_mp=CiVnb29nbGUubWFwcy5wbGFjZXMudjEuUGxhY2VzLkdldFBsYWNlEAIYBCAA,-1.9547867,116.2092335,SUCCESS,FIRST_RESULT,2026-09-26T17:13:33.363706+00:00,,,Makam raja-raja Tallo,https://id.wikipedia.org/wiki/Makam_raja-raja_Tallo,0.500464265607489,SIMILARITY_MATCH,"Kompleks Makam raja-raja Tallo aberada di Kelurahan Tallo, Kecamatan Tallo, Kota Makassar dan terletak dengan ketinggian 8 meter di atas permukaan laut. Makam raja-raja Tallo ini dulunya adalah bukit kecil di tepi laut dan sungai, yang sekarang menjadi permukiman penduduk. Di dalam kompleks makam tersebut, terdapat sekitar 70 atau 80 buah makam dalam keadaan utuh maupun yang sudah rusak. Kompleks makam tersebut adalah kumpulan keluarga bangsawan dan raja Kerajaan Tallo.  
Dari namanya, Kerajaan Tallo merupakan pecahan dari Kerajaan Gowa. Kerajaan ini juga termasuk salah satu yang paling berpengaruh sehingga menjadi peletak dasar kejayaan Makassar pada awal abad ke-17. Adapun raja-raja petinggi dan Kerajaan Tallo yang dimakam adalah Raja Tallo ke-7 (1598-1641), Raja Tallo ke-9, Raja Tallo ke-12 (1770-1778), Raja Tallo ke-13, dan Raja Tallo ke-15 yang pernah menjadi Raja Gowa ke-30 (1811-1825). 
Situs Pemakaman Raja-Raja Tallo memuat kurang lebih 78 makam, namun hanya sebagian yang telah teridentifikasi secara pasti. Berdasarkan papan informasi resmi yang terpasang di area pintu masuk situs, tercatat sebanyak 21 nama raja yang dimakamkan di kawasan cagar budaya tersebut.",2026-10-09T04:38:28.042671+00:00
Makam Tentara Jepang,"Kota Tarakan, Kalimantan Utara",Makam,ChIJpfTQnWaKEzIRZp8iFZSqUww,MAKAM JEPANG,"8J33+XRW, Pamusian, Tarakan Tengah, Tarakan City, North Kalimantan, Indonesia",4.4,43.0,https://maps.google.com/?cid=888241104508591974&g_mp=CiVnb29nbGUubWFwcy5wbGFjZXMudjEuUGxhY2VzLkdldFBsYWNlEAIYBCAA,3.3049944000000004,117.6045703,SUCCESS,FIRST_RESULT,2026-09-26T17:13:33.622477+00:00,,,Serdadu Jepang yang tetap tinggal,https://id.wikipedia.org/wiki/Serdadu_Jepang_yang_tetap_tinggal,0.3939579315380212,SIMILARITY_MATCH,"Serdadu Jepang yang tetap tinggal (bahasa Jepang: 残留日本兵; zanryū nipponhei) adalah tentara Angkatan Darat Kekaisaran Jepang (IJA) dan Angkatan Laut Kekaisaran Jepang (IJN) di Teater Pasifik Perang Dunia II yang terus bertempur setelah Jepang menyerah di akhir perang karena berbagai alasan. Tentara Jepang yang bertahan meragukan bahwa Jepang telah menyerah, tidak menyadari bahwa perang telah berakhir karena komunikasi terputus oleh serangan Sekutu, takut mereka akan dieksekusi jika menyerah kepada pasukan Sekutu, atau merasa terikat oleh kehormatan dan kesetiaan untuk tidak pernah menyerah.
Setelah Jepang resmi menyerah pada 2 September 1945, pasukan Jepang yang bertahan di Asia Tenggara dan kepulauan Pasifik yang pernah menjadi bagian dari Kekaisaran Jepang terus melawan polisi setempat, pasukan pemerintah, dan pasukan Sekutu yang ditempatkan untuk membantu pemerintahan yang baru dibentuk. Selama hampir 30 tahun setelah berakhirnya perang, puluhan pasukan bertahan ditemukan di hutan-hutan Asia Tenggara dan Pasifik, dengan pasukan bertahan terakhir yang terverifikasi, Prajurit Teruo Nakamura, menyerah di Pulau Morotai pada tahun 1974. Meskipun surat kabar di seluruh Asia Timur dan Pasifik melaporkan lebih banyak pasukan bertahan dan pencarian berlanjut hingga tahun 2005, tidak ada lagi pasukan bertahan yang ditemukan.",2026-10-09T04:38:28.306783+00:00
Makam Belanda,"Kota Pangkal Pinang, Kepulauan Bangka Belitung",Makam,ChIJD5fHTirBIi4RmpBYdjWjr6g,Makam belanda kerkhof Pangkalpinang,"V485+PC4, Jl. Hormen Maddati, Melintang, Kec. Rangkui, Kota Pangkal Pinang, Kepulauan Bangka Belitung 33684, Indonesia",4.0,6.0,https://maps.google.com/?cid=12155113369310367898&g_mp=CiVnb29nbGUubWFwcy5wbGFjZXMudjEuUGxhY2VzLkdldFBsYWNlEAIYBCAA,-2.1332368,106.1085745,SUCCESS,FIRST_RESULT,2026-09-26T17:13:33.839767+00:00,,,Belanda,https://id.wikipedia.org/wiki/Belanda,0.78949970975027,SIMILARITY_MATCH,"Belanda (bahasa Belanda: Nederland [ˈneːdərˌlɑnt] , terj. har. 'tanah rendah'), secara informal disebut Holland, adalah negara yang sebagian besar terletak di Eropa Barat Laut, dengan wilayah seberang laut di Karibia. Negara ini merupakan negara terbesar dari empat negara konstituen Kerajaan Belanda. Belanda terdiri dari dua belas provinsi; berbatasan dengan Jerman di timur dan Belgia di selatan, dengan garis pantai Laut Utara di utara dan barat. Negara ini berbagi perbatasan maritim dengan Britania Raya, Jerman, dan Belgia. Bahasa resminya adalah bahasa Belanda, dengan bahasa Frisia Barat sebagai bahasa resmi kedua di provinsi Friesland. Bahasa Belanda, Inggris, dan Papiamento adalah bahasa resmi di wilayah Karibia. Penduduk Belanda disebut sebagai orang Belanda.
Belanda secara harfiah berarti ""negara-negara rendah"", merujuk pada ketinggiannya yang rendah dan topografi datar, di mana 26% wilayahnya berada di bawah permukaan laut. Sebagian besar wilayah di bawah permukaan laut, yang dikenal sebagai polder, merupakan hasil dari upaya reklamasi lahan yang dimulai pada abad ke-14. Pada periode Republik, yang dimulai pada tahun 1588, Belanda memasuki era keemasan politik, ekonomi, dan budaya yang unik, termasuk di antara negara-negara paling kuat dan berpengaruh di Eropa dan dunia; periode ini dikenal sebagai Masa Keemasan Belanda. Selama periode ini, perusahaan dagang Belanda, Perusahaan Hindia Timur Belanda (VOC) dan Perusahaan Hindia Barat Belanda (GWC), mendirikan koloni dan pos dagang di seluruh dunia. Meskipun netral dalam Perang Dunia I, Belanda diserang dan diduduki oleh Jerman Nazi pada tahun 1940 selama Perang Dunia II, yang berlangsung hingga akhir perang pada tahun 1945.
Dengan populasi lebih dari 18 juta orang, yang semuanya tinggal di wilayah seluas 41.850 km2 (16.160 mil2)—di mana luas daratannya mencapai 33.500 km2 (12.900 mil2) —Belanda merupakan negara ke-26 dengan kepadatan penduduk tertinggi, dengan kepadatan 541 orang per kilometer persegi (1.400 orang/mil persegi). Meskipun demikian, Belanda merupakan eksportir makanan dan produk pertanian terbesar kedua di dunia berdasarkan nilai, berkat tanah yang subur, iklim yang sejuk, pertanian intensif, dan kreativitas. Empat kota terbesar di Belanda adalah Amsterdam, Rotterdam, Den Haag, dan Utrecht. Amsterdam adalah kota terpadat di negara ini dan ibu kota nominal, meskipun lembaga politik nasional utama berada di Den Haag.
Belanda telah menjadi monarki konstitusional parlementer dengan struktur kesatuan sejak tahun 1848. Negara ini memiliki tradisi pilarisasi (pemisahan warga negara ke dalam kelompok berdasarkan agama dan keyakinan politik) dan catatan panjang toleransi sosial, termasuk melegalkan prostitusi dan eutanasia, serta mempertahankan kebijakan narkoba yang liberal. Belanda mengizinkan hak pilih perempuan pada tahun 1919 dan menjadi negara pertama yang melegalkan pernikahan sesama jenis pada tahun 2001. Ekonomi pasar campuran yang maju di Belanda memiliki pendapatan per kapita tertinggi ke-11 di dunia. Den Haag menjadi tempat kedudukan Dewan Negara, Kabinet, dan Mahkamah Agung. Pelabuhan Rotterdam adalah pelabuhan tersibuk di Eropa. Bandara Schiphol adalah bandara tersibuk di Belanda dan keempat tersibuk di Eropa. Sebagai negara maju, Belanda adalah anggota pendiri Uni Eropa, zona euro, G10, NATO, OECD, dan WTO, serta bagian dari Kawasan Schengen dan Uni Benelux trilateral. Belanda menjadi tuan rumah organisasi antar pemerintah dan pengadilan internasional, banyak di antaranya berlokasi di Den Haag.",2026-10-09T04:38:28.570092+00:00
Kompleks Makam Temenggung Jamaludin,"Kabupaten Lingga, Kepulauan Riau",Makam,ChIJMeVYL2Xt2TERgzDYjbZ4WnE,Makam Temenggung Abdul Jamal,"2VCJ+544, Bulang Lintang, Bulang, Batam City, Riau Islands, Indonesia",3.7,7.0,https://maps.google.com/?cid=8167973599648952451&g_mp=CiVnb29nbGUubWFwcy5wbGFjZXMudjEuUGxhY2VzLkdldFBsYWNlEAIYBCAA,1.0203966,103.8803177,SUCCESS,FIRST_RESULT,2026-09-25T07:34:56.537316+00:00,,,Kabupaten Lingga,https://id.wikipedia.org/wiki/Kabupaten_Lingga,0.09096684777558338,SIMILARITY_MATCH,"Kabupaten Lingga adalah sebuah wilayah kabupaten di provinsi Kepulauan Riau, Indonesia. Ibu kotanya adalah Daik. Kabupaten Lingga memiliki 13 kecamatan, 7 kelurahan, dan 82 desa. Populasinya mencapai 101.472 jiwa pada 2025 dengan kepadatan penduduk mencapai 46,73 per km². Laju pertumbuhan penduduk mencapai 0,99% selama periode 2020-2025.",2026-10-09T04:38:28.831553+00:00
Datuk Kaya Montel,"Kabupaten Lingga, Kepulauan Riau",Makam,ChIJm0rFk7huJy4RLK3ParTYpXs,Daik Mountain,"Daik Mountain, Merawang, Lingga, Lingga Regency, Riau Islands, Indonesia",4.7,46.0,https://maps.google.com/?cid=8909765707220102444&g_mp=CiVnb29nbGUubWFwcy5wbGFjZXMudjEuUGxhY2VzLkdldFBsYWNlEAIYBCAA,-0.1999999999999999,104.55,SUCCESS,FIRST_RESULT,2026-09-26T17:13:34.034500+00:00,,,Puncak Jaya,https://id.wikipedia.org/wiki/Puncak_Jaya,0.13460663496198497,SIMILARITY_MATCH,"Puncak Jaya (bahasa Amungkal: Nemangkawi Ninggok) adalah puncak tertinggi yang menjadi bagian dari Pegunungan Barisan Sudirman yang terdapat di Kabupaten Mimika, Provinsi Papua Tengah, Indonesia. Puncak Jaya atau Piramida Carstensz mempunyai ketinggian 4.884 mdpl dan di sekitarnya terdapat gletser dengan nama yang sama yakni gletser Carstensz, satu-satunya gletser tropika di Indonesia, yang tersisa dan secara perlahan mulai menipis akibat pemanasan global.
Puncak ini merupakan gunung tertinggi di Indonesia dan ke-7 tertinggi di Asia Tenggara. Puncak Jaya adalah salah satu dari tujuh puncak tertinggi di dunia.",2026-10-09T04:38:29.088659+00:00
Kompleks Makam Temenggung Jamaludin Dan Datuk Kaya Montel,"Kabupaten Lingga, Kepulauan Riau",Makam,ChIJ7TLtKYJpJy4RgvcxXRuTRAs,Makam Sultan Mahmud Riayat Syah,"QJP7+XV6, Daik, Lingga, Lingga Regency, Riau Islands 29872, Indonesia",5.0,1.0,https://maps.google.com/?cid=811935578570487682&g_mp=CiVnb29nbGUubWFwcy5wbGFjZXMudjEuUGxhY2VzLkdldFBsYWNlEAIYBCAA,-0.2125950999999999,104.6146438,SUCCESS,FIRST_RESULT,2026-09-26T17:13:34.240138+00:00,,,Ala'uddin Riayat Syah II dari Johor,https://id.wikipedia.org/wiki/Ala%27uddin_Riayat_Syah_II_dari_Johor,0.32194809481328884,SIMILARITY_MATCH,"Sultan Alauddin Riayat Shah II adalah seorang seorang Sultan Malaysia dari Kerajaan Johor empayar yang berkuasa dari tahun 1528 – 1564. Ia dianggap sebagai penemu dari kerajaan tersebut bersama dengan ayahnya, Mahmud Syah dari Malaka, Sultan terakhir dari Kerajaan Malaka yang telah membangun Kerajaan Johor di Pulau Bintan (sebelah tenggara Singapura) pada 1512-1513. Beberapa waktu setelah kematian ayahnya pada 1528, Sultan Ala’uddin memindahkan ibu kota kerajaannya ke Johor Lama. Pada 1564, bangsa Aceh menangkap dan memenjarakannya. Di Aceh, Ia meninggal dunia., ini adalah sumber bohong yang dibuat oleh H. Muhamad Saleh dalam buku Aceh, Salalaus Salatin (sejarah melayu) menyebutkan dengan jelas tentang kematiannya karna sakit dan dimakamkan di Johor.",2026-10-09T04:38:29.356901+00:00
Makam Megat Kuning,"Kabupaten Lingga, Kepulauan Riau",Makam,ChIJi76UPn9pJy4RWSCjiRAh2T0,Makam megad kuning,"RH4W+2P, Daik, Lingga, Lingga Regency, Riau Islands 29872, Indonesia",,,https://maps.google.com/?cid=4456629661172179033&g_mp=CiVnb29nbGUubWFwcy5wbGFjZXMudjEuUGxhY2VzLkdldFBsYWNlEAIYBCAA,-0.1949749999999999,104.5968617,SUCCESS,FIRST_RESULT,2026-09-26T17:13:34.417790+00:00,,,Mendam Berahi,https://id.wikipedia.org/wiki/Mendam_Berahi,0.12152307648469406,SIMILARITY_MATCH,"Mendam Berahi merupakan sebuah kapal legenda berjenis galai kerajaan (bahasa Melayu Klasik: Ghali kenaikan raja) yang diyakini digunakan pada masa Kesultanan Melaka pada awal abad ke-16. Kapal ini sebenarnya hanyalah kapal fiksi karena hanya tercatat dalam literatur wiracarita Hikayat Hang Tuah, dan jenis kapal itu, ghali, baru ada setelah 1530-an.",2026-10-09T04:38:29.614949+00:00
Makam Kh Ghalib Pringsewu Barat Pringsewu,"Kabupaten Pringsewu, Lampung",Makam,ChIJNZJVQkQyRy4RlBAAGfjpDRY,Makam KH Ghalib,"Jl. Makam KH. Ghalib, Pringsewu Utara, Kec. Pringsewu, Kabupaten Pringsewu, Lampung 35373, Indonesia",4.6,46.0,https://maps.google.com/?cid=1589183495312248980&g_mp=CiVnb29nbGUubWFwcy5wbGFjZXMudjEuUGxhY2VzLkdldFBsYWNlEAIYBCAA,-5.347508899999999,104.9722863,SUCCESS,FIRST_RESULT,2026-09-26T17:13:34.644603+00:00,,,Daftar pejabat pemerintahan Indonesia yang meninggal pada saat menjabat,https://id.wikipedia.org/wiki/Daftar_pejabat_pemerintahan_Indonesia_yang_meninggal_pada_saat_menjabat,0.11095987266768557,SIMILARITY_MATCH,Berikut daftar pejabat pemerintahan Indonesia yang wafat pada saat menjabat.,2026-10-09T04:38:29.869039+00:00
Makam Raja-Raja Taebenu,"Kota Kupang, Nusa Tenggara Timur",Makam,ChIJm9ZfHYWcViwRClyKaNaYDjs,Kompleks pemakaman Raja Taebenu,"RHHJ+2QH, Manutapen, Alak, Kupang City, East Nusa Tenggara, Indonesia",5.0,3.0,https://maps.google.com/?cid=4255506744556018698&g_mp=CiVnb29nbGUubWFwcy5wbGFjZXMudjEuUGxhY2VzLkdldFBsYWNlEAIYBCAA,-10.1724478,123.5819858,SUCCESS,FIRST_RESULT,2026-09-25T07:34:58.296894+00:00,,,Kerajaan Amanatun,https://id.wikipedia.org/wiki/Kerajaan_Amanatun,0.15908560121050538,SIMILARITY_MATCH,"Kerajaan Amanatun (Onam) terletak di pulau Timor bagian barat, wilayah Indonesia dan merupakan kerajaan tua. Di era kemerdekaan kerajaan Amanatun bersama kerajaan Molo (Oenam) dan kerajaan Amanuban (Banam) membentuk kabupaten Timor Tengah Selatan (dalam bahasa Belanda disebut Zuid Midden Timor) dengan ibu kota SoE - provinsi Nusa Tenggara Timur.
Pada tahun 1920 kota SoE ditetapkan menjadi ibu kota Zuid Midden Timor (Timor Tengah Selatan) atas kesepakatan bersama dari ketiga Raja yakni Raja Lay Akun Oematan sebagai Raja Molo, Raja Pae Nope sebagai Raja Amanuban dan Raja Kolo Banunaek sebagai Raja Amanatun.
Nama kota SoE sendiri sudah mulai dikenal pada tahun ±1905/1906 oleh pemerintah Hindia Belanda. Pada masa pemerintahan Belanda Kerajaan Amanuban dan Kerajaan Amanatun pernah berkantor bersama di Niki-niki. Hal ini disebabkan karena belum adanya jalan ke wilayah Amanatun dan Belanda takut ke sana.
Jauh sebelum datangnya bangsa Portugis dan Belanda di Indonesia maka kerajaan Amanatun sudah ada dan mempunyai pemerintahan sendiri yang asli.",2026-10-09T04:38:30.138339+00:00
Makam Mahmud Syah,"Kabupaten Pelalawan, Riau",Makam,ChIJPSsCMgBx1jER_acyiej7BhE,MAKAM SULTAN MAHMUDSYAH 1,"95HP+HF4, Kuala Tolam, Pelalawan, Pelalawan Regency, Riau, Indonesia",,,https://maps.google.com/?cid=1226944924657821693&g_mp=CiVnb29nbGUubWFwcy5wbGFjZXMudjEuUGxhY2VzLkdldFBsYWNlEAIYBCAA,0.3788841,102.1861825,SUCCESS,FIRST_RESULT,2026-09-26T17:13:34.834225+00:00,,,Sultan Mahmud Syah II,https://id.wikipedia.org/wiki/Sultan_Mahmud_Syah_II,0.633585223756303,SIMILARITY_MATCH,"Sultan Alauddin Mahmud Syah II (bahasa Arab: علاء الدين محمود شاه الثاني; lahir sekitar 1856 – meninggal 28 Januari 1874), juga disebut Sultan Mahmud Syah, Alaiddin Mahmud Syah, atau dalam sebagian sumber lokal Mahmud Syah Meureuhom Pagar Aye, adalah Sultan Aceh yang memerintah Kesultanan Aceh dari tahun 1870 hingga wafatnya pada Januari 1874. Masa pemerintahannya yang singkat merupakan salah satu periode paling menentukan dalam sejarah Aceh karena bertepatan dengan perubahan kebijakan kolonial Eropa di Sumatra, krisis diplomatik Aceh–Belanda, usaha Aceh memperoleh dukungan internasional dari Kesultanan Utsmaniyah, Amerika Serikat, dan Italia, serta pecahnya Perang Aceh pada 1873.
Ia naik takhta ketika masih berusia sekitar empat belas tahun setelah wafatnya Alauddin Ibrahim Mansur Syah pada 1870. Karena usianya yang masih muda, penyelenggaraan pemerintahan banyak dilaksanakan bersama para pembesar kesultanan, terutama Habib Abdurrahman az-Zahir, yang berperan sebagai pemangku sultan sekaligus tokoh utama diplomasi luar negeri, serta Teuku Panglima Muhammad Tibang, syahbandar Bandar Aceh yang juga terlibat dalam diplomasi menjelang perang.
Mahmud Syah merupakan sultan yang menolak tuntutan Belanda agar Aceh mengakui kedaulatan pemerintahan kolonial. Setelah pertukaran surat pada 22–25 Maret 1873 tidak menghasilkan kesepakatan, Komisaris Pemerintah Hindia Belanda Frederik Nicolaas Nieuwenhuijzen mengeluarkan pernyataan perang bertanggal 26 Maret 1873. Ekspedisi Belanda pertama di bawah Mayor Jenderal Johan Harmen Rudolf Köhler mengalami kegagalan; Köhler tewas dalam pertempuran di sekitar Masjid Raya Baiturrahman pada 14 April 1873 dan pasukan Belanda akhirnya ditarik kembali ke Jawa. Ekspedisi kedua di bawah Jan van Swieten yang jauh lebih besar berhasil menguasai Masjid Raya Baiturrahman pada 6 Januari 1874 dan menduduki Dalam, pusat pemerintahan kesultanan, pada 24 Januari 1874.
Sultan dan rombongannya telah meninggalkan Dalam sebelum pendudukannya dan mundur ke Lueng Bata, kemudian ke Pagar Aye. Di tengah merebaknya wabah kolera yang juga menimbulkan korban besar di kedua pihak, Mahmud Syah meninggal pada akhir Januari 1874. Sumber-sumber modern banyak mencatat tanggal 28 Januari, sedangkan sebagian historiografi Indonesia lama memberikan tanggal 29 Januari. Jenazahnya mula-mula dimakamkan di Pagar Aye, tetapi beberapa hari kemudian dipindahkan secara diam-diam ke Cot Bada dekat Samahani karena pihak Aceh khawatir makam sultan akan diketahui atau dibongkar oleh pasukan Belanda.
Mahmud Syah kadang-kadang disebut sebagai ""sultan terakhir Aceh"" dalam pengertian sebagai sultan terakhir yang memerintah dari pusat kerajaan lama di Bandar Aceh Darussalam sebelum pendudukan Belanda. Namun, ia bukan sultan terakhir Kesultanan Aceh dalam pengertian dinastik dan politik. Para pembesar Aceh menolak pernyataan Belanda bahwa kesultanan telah berakhir dan mengangkat kerabatnya, Tuanku Muhammad Daud, sebagai Sultan Alauddin Muhammad Daud Syah II. Kesultanan dan pemerintahan perlawanan kemudian berpindah ke pedalaman dan terus berfungsi hingga Muhammad Daud Syah menyerah kepada Belanda pada 1903.",2026-10-09T04:38:30.395345+00:00
Komplek Makam Raja-Raja Pelalawan,"Kabupaten Pelalawan, Riau",Makam,ChIJXY-rUVV51jERl1Xjpc9_o1U,Makam raja Pelalawan,"F32M+54Q, Pelalawan, Pelalawan Regency, Riau 28353, Indonesia",4.0,6.0,https://maps.google.com/?cid=6170916444245808535&g_mp=CiVnb29nbGUubWFwcy5wbGFjZXMudjEuUGxhY2VzLkdldFBsYWNlEAIYBCAA,0.4504717,102.0828655,SUCCESS,FIRST_RESULT,2026-09-26T17:13:35.047797+00:00,,,Kabupaten Pelalawan,https://id.wikipedia.org/wiki/Kabupaten_Pelalawan,0.21197841474197143,SIMILARITY_MATCH,"Kabupaten Pelalawan adalah sebuah kabupaten yang berada di Provinsi Riau, Indonesia. Ibu kota Pelalawan berada di Pangkalan Kerinci. Kabupaten ini merupakan hasil pemekaran dari Kabupaten Kampar. Jumlah penduduk kabupaten ini pada akhir tahun 2024 sebanyak 446.439 jiwa, dengan luas wilayah 13.067,29 km², dan kepadatan penduduk 34 jiwa/km2. Kabupaten Pelalawan berbatasan langsung dengan Kota Pekanbaru.",2026-10-09T04:38:30.659505+00:00
Makam Panglima Kudin,"Kabupaten Pelalawan, Riau",Makam,ChIJXY-rUVV51jERl1Xjpc9_o1U,Makam raja Pelalawan,"F32M+54Q, Pelalawan, Pelalawan Regency, Riau 28353, Indonesia",4.0,6.0,https://maps.google.com/?cid=6170916444245808535&g_mp=CiVnb29nbGUubWFwcy5wbGFjZXMudjEuUGxhY2VzLkdldFBsYWNlEAIYBCAA,0.4504717,102.0828655,SUCCESS,FIRST_RESULT,2026-09-26T17:13:35.220930+00:00,,,Kabupaten Pelalawan,https://id.wikipedia.org/wiki/Kabupaten_Pelalawan,0.254784789371279,SIMILARITY_MATCH,"Kabupaten Pelalawan adalah sebuah kabupaten yang berada di Provinsi Riau, Indonesia. Ibu kota Pelalawan berada di Pangkalan Kerinci. Kabupaten ini merupakan hasil pemekaran dari Kabupaten Kampar. Jumlah penduduk kabupaten ini pada akhir tahun 2024 sebanyak 446.439 jiwa, dengan luas wilayah 13.067,29 km², dan kepadatan penduduk 34 jiwa/km2. Kabupaten Pelalawan berbatasan langsung dengan Kota Pekanbaru.",2026-10-09T04:38:30.922757+00:00
Makam Raja-Raja Rambah,"Kabupaten Rokan Hulu, Riau",Makam,ChIJQUunydBAKzARrxaC7P7oMLE,Makam Raja Rambah,"W8FR+93C, Rambah, Rambah Hilir, Rokan Hulu Regency, Riau 28558, Indonesia",4.3,14.0,https://maps.google.com/?cid=12767961125182641839&g_mp=CiVnb29nbGUubWFwcy5wbGFjZXMudjEuUGxhY2VzLkdldFBsYWNlEAIYBCAA,0.9234379,100.3401367,SUCCESS,FIRST_RESULT,2026-09-26T17:13:35.455120+00:00,,,"Rambah Hilir, Rokan Hulu","https://id.wikipedia.org/wiki/Rambah_Hilir,_Rokan_Hulu",0.35830293421274256,SIMILARITY_MATCH,"Rambah Hilir adalah sebuah Kecamatan di Kabupaten Rokan Hulu, Riau, Indonesia. Kecamatan Rambah Hilir memiliki 13 desa antara lain Desa Rambah Muda, Pasir Utama, Pasir Jaya, Rambah, Muara Musu, Sejati, Sungai Sitolang, Lubuk Karapat, Rambah Hilir Timur, Rambah Hilir Tengah, Serombou Indah, Sungai Dua Indah dan Rambah Hilir, di mana Muara Rumbai sebagai ibukota dan pusat pemerintahannya.
Kecamatan Rambah Hilir memiliki luas ±279,16 km dan jumlah penduduk ±41.041 jiwa.",2026-10-09T04:38:31.191534+00:00
Makam Wae Tenri Leleang,"Kabupaten Barru, Sulawesi Selatan",Makam,ChIJURn3Q1Qlvi0RGm9JBIa2plI,Kompleks Makam We Tenrileleag,"FJG4+RG5, Lalabata, Tanete Rilau, Barru Regency, South Sulawesi 90761, Indonesia",4.0,1.0,https://maps.google.com/?cid=5955648243957853978&g_mp=CiVnb29nbGUubWFwcy5wbGFjZXMudjEuUGxhY2VzLkdldFBsYWNlEAIYBCAA,-4.5229872,119.6063505,SUCCESS,FIRST_RESULT,2026-09-26T17:13:35.671421+00:00,,,Kabupaten Barru,https://id.wikipedia.org/wiki/Kabupaten_Barru,0.05239660731331321,SIMILARITY_MATCH,"Kabupaten Barru (Bugis: ᨈᨊ ᨅᨛᨑᨘ, translit. Tana Bêrru) adalah salah satu kabupaten di provinsi Sulawesi Selatan, Indonesia. Ibu kota kabupaten ini terletak di kecamatan Barru. Kabupaten ini memiliki luas wilayah 1.174,72 km² dan jumlah penduduk tahun 2022 sebanyak 186.911 jiwa, dengan kepadatan 160 km/km².",2026-10-09T04:38:31.453163+00:00
Makam Petta Pallaselasee,"Kabupaten Barru, Sulawesi Selatan",Makam,ChIJs9ZdX1Alvi0Rwych-nNaEHI,Makam Petta Pallase LaseE,"FJF5+R48, Jl. H. Ranreng, Lalabata, Kec. Tanete Rilau, Kabupaten Barru, Sulawesi Selatan 90761, Indonesia",4.3,4.0,https://maps.google.com/?cid=8219168774115370947&g_mp=CiVnb29nbGUubWFwcy5wbGFjZXMudjEuUGxhY2VzLkdldFBsYWNlEAIYBCAA,-4.5254659,119.6078391,SUCCESS,FIRST_RESULT,2026-09-26T17:13:35.898482+00:00,,,Makam Petta Pallase'-lase'E,https://id.wikipedia.org/wiki/Makam_Petta_Pallase%27-lase%27E,0.710075594028177,SIMILARITY_MATCH,"Makam Petta Pallase-lase'E merupakan makam Raja Petta To-Sugie atau dikenal dengan nama Petta Pallase-laseE dari kerajaan Tanete. Makam ini berbentuk jirat semu bertingkat tiga setinggi 320 cm, berbentuk susun timbun yang pada puncaknya terdapat nisan. Makam ini mempunyai satu buah pintu disebelah selatan yang berukuran lebar 55 cm dan tinggi 80 cm. Makam ini terletak di Desa Lalabata Tanete.
PettaPalase Lase’E adalah  raja IX di Kerajaan Tanete (1603-1625). Beliau adalah  tokohpenyiar agamaIslam pada Kerajaan Tanete dan kerajaan-kerajaan yang masuk dalam persekutuan Malusetasi dan Ajatapparang. Petta Pallase-laseE merupakan Raja Tanete yang menggantikan To Maburu' Limanna. Masa pemerintahan raja ini mempunyai arti khusus karena pada masa itulah agama Islam diterima. Naskah Lontara' menjelaskan bahwa Tanete pernah berjaya pada masa pemerintahan Petto To-SogiE sekitar abad 17-18 Masehi. Pada masa itu Raja selalu memberikan teladan dan petuah-petuah berdasarkan ajaran agama Islam dan syariatnya.Karena sangat dikagumi sehingga sampai saat ini masyarakat masih banyak yangdatang di makamnya untuk berziarah dengan berbagai tujuan dan motivasi peziarah. Karena sangat dikagumi maka sampai saat ini masyarakat masih banyak yang datang ke makamnya untuk berziarah.",2026-10-09T04:38:31.719392+00:00
Makam We Pancai Tana,"Kabupaten Barru, Sulawesi Selatan",Makam,ChIJoWiSCqAvvi0RK8JiHcvLi0Y,Kompleks Makam We Tenri Ole,"FHFM+79R, Pancana, Tanete Rilau, Barru Regency, South Sulawesi 90761, Indonesia",,,https://maps.google.com/?cid=5083380677649547819&g_mp=CiVnb29nbGUubWFwcy5wbGFjZXMudjEuUGxhY2VzLkdldFBsYWNlEAIYBCAA,-4.5268125,119.5829462,SUCCESS,FIRST_RESULT,2026-09-26T17:13:36.123119+00:00,,,Andi Pangerang Petta Rani,https://id.wikipedia.org/wiki/Andi_Pangerang_Petta_Rani,0.12985971055370807,SIMILARITY_MATCH,"Andi Pangerang Petta Rani (juga dikenal sebagai Andiʼ Pangerang Daeng Rani bagi masyarakat Makassar) yang bernama lengkap Andi Pangerang Petta Rani Karaeng Bontonompo Arung Macege Matinroe ri Panaikang (14 Mei 1903 – 12 Agustus 1975) adalah birokrat, politikus, dan pejuang kemerdekaan Indonesia yang berasal dari bangsawan Suku Makassar dan Bugis serta menjadi Gubernur Sulawesi terakhir. Andi Pangerang Petta Rani Karaeng Bontonompo Arung Macege Matinroe Ri Panaikang adalah putra dari Raja Kesultanan Bone ke-32 yang bernama Andi Mappanyukki dan ibunya adalah seorang ningrat yang bernama I Batasai Daeng Taco. Ia juga merupakan cucu dari Kesultanan Gowa ke-34, I Makkulau  Daeng Serang Karaengta Lembang Parang. Ia adalah saudara tiri dari Andi Abdullah Bau Massepe Pahlawan Nasional Republik Indonesia yang juga Datu Suppa ke-25 dari Kerajaan Suppa.
Sebagai bentuk penghargaan kepada Indonesia, Andi Pangerang Pettarani dimakamkan di Taman Makam Pahlawan Panaikang Makassar. Atas jasanya pula pemerintah setempat mengabadikan namanya sebagai nama jalan.",2026-10-09T04:38:31.979592+00:00
Makam Lamaddusila,"Kabupaten Barru, Sulawesi Selatan",Makam,ChIJDalydf4vvi0RvcXRmYfK4Uc,Kompleks Makam La Maddusila,"FH8R+HG8, Pancana, Tanete Rilau, Barru Regency, South Sulawesi 90761, Indonesia",5.0,2.0,https://maps.google.com/?cid=5179643730202838461&g_mp=CiVnb29nbGUubWFwcy5wbGFjZXMudjEuUGxhY2VzLkdldFBsYWNlEAIYBCAA,-4.5335763,119.5913197,SUCCESS,FIRST_RESULT,2026-09-26T17:13:36.352751+00:00,,,Daftar cagar budaya di Sulawesi Selatan,https://id.wikipedia.org/wiki/Daftar_cagar_budaya_di_Sulawesi_Selatan,0.04547242683375816,SIMILARITY_MATCH,,2026-10-09T04:38:32.241693+00:00
Makam Karaeng Lipukasi,"Kabupaten Barru, Sulawesi Selatan",Makam,ChIJd6-nT0GRlS0REy12I1ShjhM,Kompleks Makam Arung Nepo,"Dusun Pallae, Desa, QMV5+3QC, Manuba, Kec. Mallusetasi, Kabupaten Barru, Sulawesi Selatan 90753, Indonesia",3.0,1.0,https://maps.google.com/?cid=1409241116157816083&g_mp=CiVnb29nbGUubWFwcy5wbGFjZXMudjEuUGxhY2VzLkdldFBsYWNlEAIYBCAA,-4.2073031,119.6594049,SUCCESS,FIRST_RESULT,2026-09-26T17:13:36.557799+00:00,,,Kabupaten Barru,https://id.wikipedia.org/wiki/Kabupaten_Barru,0.07967569460438252,SIMILARITY_MATCH,"Kabupaten Barru (Bugis: ᨈᨊ ᨅᨛᨑᨘ, translit. Tana Bêrru) adalah salah satu kabupaten di provinsi Sulawesi Selatan, Indonesia. Ibu kota kabupaten ini terletak di kecamatan Barru. Kabupaten ini memiliki luas wilayah 1.174,72 km² dan jumlah penduduk tahun 2022 sebanyak 186.911 jiwa, dengan kepadatan 160 km/km².",2026-10-09T04:38:32.505607+00:00
Makam Sultan Hasanuddin,"Kabupaten Gowa, Sulawesi Selatan",Makam,ChIJiXb8NADjvi0R3aeoeY16BDo,Makam Sultan Hasanuddin,"RF52+3QP, Katangka, Somba Opu, Gowa Regency, South Sulawesi 92114, Indonesia",4.5,8.0,https://maps.google.com/?cid=4180601102156736477&g_mp=CiVnb29nbGUubWFwcy5wbGFjZXMudjEuUGxhY2VzLkdldFBsYWNlEAIYBCAA,-5.1922817,119.4519648,SUCCESS,FIRST_RESULT,2026-09-26T17:13:36.773543+00:00,,,Makam Sultan Hasanuddin,https://id.wikipedia.org/wiki/Makam_Sultan_Hasanuddin,1.0000000000000033,EXACT_MATCH,"Makam Sultan Hasanuddin merupakan kompleks pemakaman yang berada di Kelurahan Katangka, Kecamatan Somba Opu, Kabupaten Gowa. Situs ini berada di puncak Bukit Tamalate dengan luas 2.352 m². Di kompleks ini terdapat 24 situs pemakaman raja-raja dari Kerajaan Gowa yang sudah ada sebelum masa islamisasi di Sulawesi Selatan. Hal ini ditandai dengan arah kubur yang berorientasi dari arah timur ke barat pada makam raja Gowa ke-11, yaitu I Tajibarani Daeng Marompa Karaeng Data Tunibatta yang diangkat menjadi raja Gowa pada tahun 1565.",2026-10-09T04:38:32.765049+00:00
Makam Arung Palakka,"Kabupaten Gowa, Sulawesi Selatan",Makam,ChIJyZWqawDjvi0RGOFkt6q9TJI,Makam Sultan Saaduddin Arung Palakka,"RC4W+M6M, Katangka, Somba Opu, Gowa Regency, South Sulawesi 90221, Indonesia",5.0,1.0,https://maps.google.com/?cid=10542009368686420248&g_mp=CiVnb29nbGUubWFwcy5wbGFjZXMudjEuUGxhY2VzLkdldFBsYWNlEAIYBCAA,-5.1935131,119.4457154,SUCCESS,FIRST_RESULT,2026-09-26T17:13:36.984281+00:00,,,Makam Arung Palakka,https://id.wikipedia.org/wiki/Makam_Arung_Palakka,1.0000000000000004,EXACT_MATCH,"Makam Arung Palakka adalah kompleks pemakaman yang terletak di Kampung Bontobiraeng, Kelurahan Katangka, Kecamatan Somba Opu, Kabupaten Gowa. Di dalam kompleks terdapat 21 jumlah makam tua yang masih dapat dikenali namanya. Situs makam ini digunakan sebagai situs pemakaman raja Kerajaan Bone ke-XIV (1667-1696) yang bernama La Tenritatta' Arung Palakka yang wafat pada tanggal 6 April 1698. Selain itu, terdapat makam sultan Kesultanan Gowa ke-XX yaitu Sultan Ismail (1709-1711) yang wafat pada tanggal 1 April 1724. Kompleks makam juga memiliki makam dari para kerabat Arung Palakka. Tokoh-tokoh lain yang dimakamkan di tempat tersebut adalah Sitti Hawa, Tumenanga ri Bontobiraeng Karaeng Pattingalloang yang wafat pada 17 September 1654 dan Karaeng Matowaya. Sedangkan makam-makam lainnya tidak diketahui namanya.",2026-10-09T04:38:33.033152+00:00
Makam Ki Ageng Purwoto Sidik,"Kabupaten Sukoharjo, Jawa Tengah",Makam,ChIJW556SWQ3ei4RIYpbydduzmE,Makam Ki Ageng Banyu Biru (Ki Ageng Purwoto Sidik),"5QQH+HCH, Jl. Kelir - Manyaran Jl. Sarehan, Watukelir, Jatingarang, Kec. Weru, Kabupaten Sukoharjo, Jawa Tengah 57562, Indonesia",5.0,9.0,https://maps.google.com/?cid=7047692339956648481&g_mp=CiVnb29nbGUubWFwcy5wbGFjZXMudjEuUGxhY2VzLkdldFBsYWNlEAIYBCAA,-7.8108717,110.7785757,SUCCESS,FIRST_RESULT,2026-09-26T17:13:37.210359+00:00,,,Daftar perguruan silat,https://id.wikipedia.org/wiki/Daftar_perguruan_silat,0.04002101989750163,SIMILARITY_MATCH,Silat (disebut juga pencak atau pencak silat) adalah suatu jenis seni bela diri Indonesia. Halaman ini berisi daftar beberapa aliran dan perguruan seperti pencak silat cempaka putih yang terdapat baik di Indonesia maupun di luar negeri.,2026-10-09T04:38:33.298210+00:00
Makam Ki Ageng Sutowijoyo,"Kabupaten Sukoharjo, Jawa Tengah",Makam,ChIJWcgj1zo5ei4RNUKGSAlf8Ak,Makam Ki Ageng Sutawijaya,"Majasto Tawangsari, Gg. 2, Dua, Majasto, Kec. Sukoharjo, Kabupaten Sukoharjo, Jawa Tengah 57561, Indonesia",4.5,144.0,https://maps.google.com/?cid=716176834228011573&g_mp=CiVnb29nbGUubWFwcy5wbGFjZXMudjEuUGxhY2VzLkdldFBsYWNlEAIYBCAA,-7.7060667999999986,110.7724341,SUCCESS,FIRST_RESULT,2026-09-26T17:13:37.436374+00:00,,,Ki Ageng Enis,https://id.wikipedia.org/wiki/Ki_Ageng_Enis,0.2949410791512973,SIMILARITY_MATCH,"Ki Ageng Enis atau Ki Ageng Laweyan adalah seorang tokoh dari Sela yang hijrah ke Pengging. Ia dikenal dengan sebutan Ki Ageng Laweyan, karena bertempat tinggal di Laweyan. Selama hidup di Laweyan ia pernah menjadi guru spiritual Jaka Tingkir saat belum naik takhta menjadi sultan Pajang atau masih bernama Mas Karebet. Kemudian ia mengabdi kepada Sultan Adiwijaya setelah Kesultanan Pajang berdiri, sebagai sesepuh dan orang penting di Pajang.
Ki Ageng Enis merupakan putra Ki Ageng Sela. Keluarga besarnya berasal dari Sela, Kecamatan Tawangharjo, yang terletak kurang lebih berjarak 13 km sebelah timur dari Kota Purwodadi, Ibukota Kabupaten Grobogan. Wilayah Sela masuk dalam administratif Kabupaten Grobogan.",2026-10-09T04:38:33.565847+00:00
Makam Syeh Ahmad Mutamakkin,"Kabupaten Pati, Jawa Tengah",Makam,ChIJI8HpmkMrcS4RfRYdzQjRgcY,MAKAM MBAH AHMAD MUTAMAKKIN,"93W5+G24, Kajen, Kec. Margoyoso, Kabupaten Pati, Jawa Tengah 59154, Indonesia",4.8,273.0,https://maps.google.com/?cid=14303943727236585085&g_mp=CiVnb29nbGUubWFwcy5wbGFjZXMudjEuUGxhY2VzLkdldFBsYWNlEAIYBCAA,-6.607092000000001,111.0576002,SUCCESS,FIRST_RESULT,2026-09-26T17:13:37.651179+00:00,,,Ahmad Mutamakin,https://id.wikipedia.org/wiki/Ahmad_Mutamakin,0.6897329689685316,SIMILARITY_MATCH,"Kiai Mutamakkin atau Syekh Ahmad Mutamakkin adalah tokoh sufi dan diyakini sebagai waliyullah dan tokoh penyebar Islam di daerah Pati. Nama Mutamakkin merupakan gelar yang diberikan setelah melakukan perjalanan intelektual mencari ilmu di berbagai wilayah di Timur Tengah. Nama tersebut diambil dari bahasa Arab yang memiliki arti orang yang meneguhkan hati atau orang yang diyakini kesuciannya. Kiai Mutamakkin juga memiliki nama laqab Mbah Cebolek, yang diketahui dari tempat kediaman dan maqbarah-nya. Sementara itu beliau juga mendapatkan gelar Suma Hadiwijoyo sebagai gelar keningratan karena memiliki garis keturunan dari para raja Jawa. Nasab keraton mengalir dalam darahnya, dari mulai Kerajaan Majapahit (Brawijaya ke-V) hingga Kesultanan Bintaro Demak.",2026-10-09T04:38:33.835794+00:00
Makam Mahapatih Batik Madrim,"Kabupaten Pati, Jawa Tengah",Makam,ChIJV3gFf5rHcC4RvIKF8wgWLOs,Makam Patih Batik Madrim,"Krajan, RT.09/RW.01, Krajan, Kedungwinong, Kec. Sukolilo, Kabupaten Pati, Jawa Tengah 59712, Indonesia",4.6,30.0,https://maps.google.com/?cid=16945943725589496508&g_mp=CiVnb29nbGUubWFwcy5wbGFjZXMudjEuUGxhY2VzLkdldFBsYWNlEAIYBCAA,-6.9370337,110.8950724,SUCCESS,FIRST_RESULT,2026-09-26T17:13:37.869312+00:00,,,Angling Dharma,https://id.wikipedia.org/wiki/Angling_Dharma,0.03266218771224187,SIMILARITY_MATCH,"Prabu Angling Dharma adalah nama seorang tokoh legenda dalam tradisi Jawa, yang dianggap sebagai titisan Batara Wisnu. Dalam legenda, Prabu Angling Dharma dilahirkan oleh Pramesti, putri Jayabaya. Sementara Jayabaya merupakan putra Gendrayana, cucu Yudayana dan cicit Parikesit. Silsilahnya jika ditarik sampai ke tokoh Mahabharata: Abimanyu, ayah Parikesit dan Arjuna, kakek Parikesit. Dia bertakhta di Kerajaan Malawapati.
Kisah ini dapat ditemukan dalam bentuk relief di candi Jago. Sebagai sebuah cerita, kisah ini dikenal baik dalam kidung maupun Serat Angling Dharma. Penentuan kisah relief merupakan tafsiran Thomas M. Hunter, ahli linguistik dan Jawa Kuno, berdasarkan naskah yang tak diterbitkan karya Bambang Soetrisno, mantan juru kunci Candi Jago. Tafsiran itu, pertama kali diungkapnya lewat seminar pada tahun 1989 yang kemudian dituliskan lewat makalah berjudul “The Aridharma Reliefs of Candi Jago” yang terbit dalam Society and Culture of Southeast Asia: Continuities and Changes pada tahun 2000. Secara keseluruhan, kisah Angling Dharma terdapat dalam tujuh panil relief. Kisahnya di relief didahului dengan adegan naga jantan merayu naga betina.
Di Candi Jago, relief Angling Dharma bisa ditemukan di kaki candi, tepatnya pada sisi timur laut. Letaknya setelah relief Tantri Kamandaka dan sebelum relief Kuñjarakarna.
Walaupun demikian, relief Angling Dharma yang dipahat di Candi Jago bukan relief yang dibuat pada masa Singhasari. Mengingat Candi Jago dibangun sebagai pendharmaan bagi Raja Singhasari, Wisnuwardhana. Relief ini dipahat pada bangunan yang dipugar pada masa Hayam Wuruk. Pada Nagarakretagama disebutkan Hayam Wuruk melakukan pemugaran terhadap 27 pendharmaan leluhurnya. Candi Jago mengalami perombakan signifikan secara arsitektural.
Selain di Candi Jago, masyarakat banyak yang percaya kisah Angling Dharma juga terbaca di relief Candi Mirigambar. Namun banyak ahli yang meragukannya, diantaranya arkeolog Belanda, N. J. Krom dan Knebel.
Bagi sebagian orang, legenda ini bukanlah cerita biasa. Beberapa daerah, khususnya Jawa Tengah dan Jawa Timur, percaya tokoh itu pernah hidup di masa lalu. Diduga makam dan peninggalan Prabu Angling Dharma berada di Desa Baleadi, Sukolilo, Kabupaten Pati, Jawa Tengah. Letaknya di Desa Mlawat, Kecamatan Sukolilo. Nama Mlawat mirip Malawapati, kerajaan Angling Dharma. Dua kilometer dari sana, di Desa Kedung Winong, Kecamatan Sukolilo, diyakini terdapat makam Patih Batik Madrim, tokoh dalam kisah Angling Dharma.
Di daerah Bojonegoro juga terdapat Situs Mlawatan di Desa Wotangare, Kalatidu, yang dipercaya sebagai petilasan Angling Dharma. Angling Dharma bahkan sempat diwacanakan menjadi ikon Kota Bojonegoro. Sampai-sampai tulisan di gapura perbatasan berbunyi: ""Selamat Datang di Bumi Angling Dharma"". Tim kesebelasan kota itu, Persibo, juga punya julukan ""Laskar Angling Dharma"".
Salah satu keistimewaan tokoh ini adalah kemampuannya untuk mengetahui bahasa segala jenis binatang dan juga disebut sebagai keturunan Arjuna, seorang tokoh utama dalam kisah Mahabharata.",2026-10-09T04:38:34.091085+00:00
Makam Syekh Magelung Sakti,"Kabupaten Cirebon, Jawa Barat",Makam,ChIJcWibLhfmbi4RmQXvMdi9NiY,Situs Syekh Magelung Sakti,"CGC3+8QM, Karangkendal, Kapetakan, Cirebon, West Java 45152, Indonesia",4.6,89.0,https://maps.google.com/?cid=2753596958431970713&g_mp=CiVnb29nbGUubWFwcy5wbGFjZXMudjEuUGxhY2VzLkdldFBsYWNlEAIYBCAA,-6.5791733,108.5044105,SUCCESS,FIRST_RESULT,2026-09-26T17:13:38.068656+00:00,,,Nyi Mas Gandasari,https://id.wikipedia.org/wiki/Nyi_Mas_Gandasari,0.08460104170544083,SIMILARITY_MATCH,"Nyi Mas Gandasari atau Nyi Ratu Mas Ayu Gandasari adalah seorang putri Sayyid Sholeh/Mbah Datuk Sholeh (dalam Babad Cirebon) atau bernama sebenarnya Sultan Shalahuddin (berkuasa 1438 - 1462 M) dari Kesultanan Samudera Pasai, Aceh (Fekri Juliansyah: Napak Tilas Para Puyang: 2023). Menurut sejarah yang beredar, Nyi Mas Gandasari merupakan salah seorang perempuan yang memiliki kehebatan di atas manusia biasa. Ia berasal dari daerah Aceh yang ditugaskan untuk menyebarkan ajaran agama Islam di wilayah Cirebon. Ada beberapa versi tentang tokoh Nyi Mas Gandasari ini. Salah satunya menyebutkan bahwa Nyi Mas Gandasari merupakan keponakan Fatahillah, dan puteri Mahdar Ibrahim bin Abdul Ghafur.
Nyi Mas Gandasari ikut ke Cirebon bersama Mbah Kuwu Cirebon alias Pangeran Cakrabuana semasa pulang dari Mekkah. Nyi Mas Gandasari diangkat menjadi anak hingga dewasa, oleh Mbah Kuwu Cirebon. Kemudian Nyi Mas Gandasari mengikuti jejak Mbah Kuwu Cirebon menyebarkan ajaran agama Islam di tanah Cirebon. Nyi Mas Gandasari selama hidupnya pernah menjadi Panglima Perang Kesultanan Cirebon, ia merupakan satu-satunya panglima perang wanita dalam sejarah berdirinya Kesultanan Cirebon.
Dimasa lalu, tokoh ulama dan pendatang dari Timur Tengah dianjurkan untuk menyesuaikan nama panggilannya, begitu pula Nyi Mas Gandasari yang memiliki nama Siti Maemunah atau Nyi Mutmainah. Menurut legenda yang berkembang, Gandasari merupakan julukan, karena Nyi Mas Gandasari dikisahkan sebagai seorang wanita yang bersih, dan suka sekali menggunakan wawangian, sehingga harum tubuhnya itu semerbak berlipat-lipat (ganda), serta sari yang berarti mewangi. Nyi Mas Gandasari dikenal juga sebagai Nyi Ageng Panguragan. Panguragan sendiri merupakan nama Desa/padukuhan dimana beliau tinggal. Panguran juga merupakan wilayah kekuasaannya yang dihadiahkan oleh Sultan Cirebon atas jasa-jasanya. 
Nyi Mas Gandasari memiliki tugas untuk memobilisasi, menyusun, menggerakkan Wira Pertiwi (prajurit perempuan) apabila negara membutuhkan. Dalam mengislamkan Kerajaan Talaga (sebuah kerajaan kecil di sebelah barat daya Cirebon) saat berada di bawah kekuasaan Prabu Pucuk Umun, Nyi Mas Gandasari tampil sebagai panglima. Hal ini untuk menandingi senapati Kerajaan Talaga yang juga seorang wanita, yakni Nyi Tanjung Rarangan puteri dari Prabu Pucuk Umun.
Sebagai bekas pemerintahan Kerajaan Pajajaran, Kerajaan Rajagaluh yang pada saat itu dipimpin oleh raja Prabu Cakraningrat menuntut agar Cirebon tunduk dan mengirim upeti. Arya Kamuning (anak angkat Sunan Gunung Jati dari Ki Lurah Agung) dipercaya sebagai panglima Cirebon untuk menghadapi Aria Kiban Senapati Rajagaluh. Meskipun banyak pasukan Cirebon yang gugur, akan tetapi Rajagaluh akhirnya dapat juga ditundukkan dengan tewasnya Aria Kiban dan Prabu Cakraningrat sendiri. Dalam penaklukkan Rajagaluh itu selain Aria Kemuning dan Nyi Mas Gandasari, ikut serta juga seorang pemuda pendatang dari Bagdad yaitu Raden Magelung Sakti.",2026-10-09T04:38:34.359629+00:00
Makam Talun,"Kabupaten Cirebon, Jawa Barat",Makam,ChIJVVVVFWMeby4RFKW5_CVImtY,Keramat Talun,"6GG3+PVP, Cirebon Girang, Talun, Cirebon, West Java 45171, Indonesia",4.6,494.0,https://maps.google.com/?cid=15463751598521034004&g_mp=CiVnb29nbGUubWFwcy5wbGFjZXMudjEuUGxhY2VzLkdldFBsYWNlEAIYBCAA,-6.7731561,108.5046993,SUCCESS,FIRST_RESULT,2026-09-26T17:13:38.319627+00:00,,,"Talun, Kayen, Pati","https://id.wikipedia.org/wiki/Talun,_Kayen,_Pati",0.195582206347534,SIMILARITY_MATCH,"Talun adalah desa di kecamatan Kayen, Pati, Jawa Tengah, Indonesia.Talun adalah desa Pariwisata di pati",2026-10-09T04:38:35.074298+00:00
Makam Buyut Trusmi,"Kabupaten Cirebon, Jawa Barat",Makam,ChIJty0J09Phbi4RTRG-QXKlBGU,Buyut Trusmi,"7GX7+R5F, Blok desa, Trusmi Wetan, Kec. Plered, Kabupaten Cirebon, Jawa Barat 45154, Indonesia",4.6,659.0,https://maps.google.com/?cid=7279124807885394253&g_mp=CiVnb29nbGUubWFwcy5wbGFjZXMudjEuUGxhY2VzLkdldFBsYWNlEAIYBCAA,-6.7004347,108.5129317,SUCCESS,FIRST_RESULT,2026-09-26T17:13:38.551376+00:00,,,Memayu Buyut Trusmi,https://id.wikipedia.org/wiki/Memayu_Buyut_Trusmi,0.7564253441175326,SIMILARITY_MATCH,"Memayu Buyut Trusmi atau Ider-ideran yang juga biasa disebut Arak-arakan merupakan rangkaian acara budaya dalam rangka mengganti atap bangunan Buyut Trusmi, juga menyambut datangnya musim hujan. Setiap tahunnya, pelaksanaan perayaan ini jatuh pada hari minggu, tetapi pada tanggal atau bahkan bulan yang berbeda bergantung pada kondisi alam. Hal ini karena penyelenggara membutuhkan informasi terlebih dahulu mengenai akhir dari musim kemarau.
Setiap tahunnya, Memayu Buyut Trusmi diadakan di desa Trusmi, kawasan sentra batik di Kabupaten Cirebon. Puncak perayaan ini berlangsung dari mulai subuh hingga menjelang siang. Acara ini dibuka dengan pacuan kuda. Arak-arakan ini juga menampilkan berbagai kebudayaan masyarakat sekitar berupa tari-tarian, hasil kerajinan batik, makanan khas Cirebon, aneka musik tradisional maupun modern serta hasil kreativitas lainnya yang merupakan hasil swadaya masyarakat desa Trusmi dan sekitarnya. Ider-ideran juga banyak menampilkan hal-hal menarik lainnya yang memberikan hiburan bagi banyak orang.",2026-10-09T04:38:35.343586+00:00
Makam Godog,"Kabupaten Garut, Jawa Barat",Makam,ChIJr0RvQv6taC4RlWEtFXhXDqU,Makam Godog,"Godog, Karangpawitan, Garut Regency, West Java 44182, Indonesia",4.2,421.0,https://maps.google.com/?cid=11893539839195046293&g_mp=CiVnb29nbGUubWFwcy5wbGFjZXMudjEuUGxhY2VzLkdldFBsYWNlEAIYBCAA,-7.251604899999999,107.9555832,SUCCESS,FIRST_RESULT,2026-09-26T17:13:38.780639+00:00,,,Makam Godog,https://id.wikipedia.org/wiki/Makam_Godog,0.9999999999999999,EXACT_MATCH,"Makam Godog adalah makam yang terletak di lereng Gunung Karacak, tepatnya di Desa Lebak Agung, Kecamatan Karangpawitan, Garut. Makam ini dipercaya sebagai makam Prabu Kian Santang, anak Prabu Siliwangi dari Kerajaan Pajajaran. Informasi mengenai keberadaan makam Godog sebagai makan Kean Santang terdapat dalam beberapa naskah Sunda lama. Di antaranya Babad Godog, Babad Pasundan, dan Wawacan Prabu Kean Santang Aji. Dalam naskah-naskah tersebut diceritakan bahwa Kean Santang adalah putra Prabu Siliwangi dari Kerajaan Pajajaran. Setelah memeluk Islam di Mekah, namanya berubah menjadi Sunan Rahmat. Karena setelah wafat dimakamkan di Godog, tokoh ini juga disebut Sunan Godog. 
Kini makam Godog banyak didatangi penziarah. Oleh sebagian orang makam ini memang sangat dikeramatkan, karena Kean Santang sering disejajarkan dengan para wali yang berjasa dalam penyebaran Islam di pulau Jawa. Mereka yang datang bukan hanya dari wilayah Tatar Sunda saja, tetapi banyak pula yang datang dari luar Jawa.",2026-10-09T04:38:35.613632+00:00
Makam Cinunuk Hilir,"Kabupaten Garut, Jawa Barat",Makam,ChIJXd1Ywe-zaC4RV3uobTCu49Y,Cinunuk tomb (Tomb of Prince Papak),"Makam Keramat Pangeran Papak Cinunuk, Cinunuk, Kec. Wanaraja, Kabupaten Garut, Jawa Barat 44183, Indonesia",4.5,87.0,https://maps.google.com/?cid=15484411466851318615&g_mp=CiVnb29nbGUubWFwcy5wbGFjZXMudjEuUGxhY2VzLkdldFBsYWNlEAIYBCAA,-7.172767199999999,107.9663315,SUCCESS,FIRST_RESULT,2026-09-26T17:13:39.008375+00:00,,,Kabupaten Bandung,https://id.wikipedia.org/wiki/Kabupaten_Bandung,0.021455799379890724,SIMILARITY_MATCH,"Kabupaten Bandung (bahasa Sunda: ᮊᮘᮥᮕᮒᮦᮔ᮪ ᮘᮔ᮪ᮓᮥᮀ) adalah sebuah kabupaten yang terletak di Provinsi Jawa Barat, Indonesia. Ibu kota kabupaten ini terletak di kecamatan Soreang. Pada pertengahan tahun 2025, penduduk Kabupaten Bandung berjumlah 3.873.653 jiwa dengan kepadatan 2.100 jiwa/km² yang menjadikan sebagai kabupaten terbesar di Provinsi Jawa Barat tanpa menyertakan wilayah penyangga.
Kabupaten Bandung merupakan ""induk"" dari wilayah Bandung Raya yang kemudian dimekarkan menjadi wilayah Kota Bandung, Kota Cimahi dan Kabupaten Bandung Barat. Wilayahnya didominasi oleh wilayah pegunungan yang sejuk, menjadikan tempat wisata alam di Kabupaten Bandung sangatlah beragam. Kabupaten Bandung juga menjadi tempat dari hulu Sungai Citarum.",2026-10-09T04:38:35.875650+00:00
Makam Pangeran Muhammad,"Kabupaten Majalengka, Jawa Barat",Makam,ChIJT6O6alsvby4RVEnSRbCOEEc,Makam Pangeran Muhammad,"46WJ+X9G, Majalengka Kulon, Kec. Majalengka, Kabupaten Majalengka, Jawa Barat 45418, Indonesia",4.8,48.0,https://maps.google.com/?cid=5120749664057051476&g_mp=CiVnb29nbGUubWFwcy5wbGFjZXMudjEuUGxhY2VzLkdldFBsYWNlEAIYBCAA,-6.852561,108.2309596,SUCCESS,FIRST_RESULT,2026-09-26T17:13:39.213363+00:00,,,Pangeran Mohammad Noor,https://id.wikipedia.org/wiki/Pangeran_Mohammad_Noor,0.5178962882893525,SIMILARITY_MATCH,"Pangeran Mohammad Noor (24 Juni 1901 – 15 Januari 1979) adalah mantan Menteri Pekerjaan Umum dan gubernur Kalimantan pada 1945-1950. Ia lahir dari keluarga bangsawan Banjar, ia adalah intah (keturunan ke-4) dari Raja Banjar Sultan Adam al-Watsiq Billah.
Setelah lulus HIS tahun 1917, ia meneruskan ke jenjang MULO dan lulus tahun 1921, lalu lulus dari HBS tahun 1923, dan pada tahun 1923 masuk Technische Hoogeschool te Bandoeng (THS) - sekolah teknik tinggi di Bandung. Pada tahun 1927, ia berhasil meraih gelar Insinyur dalam waktu empat tahun sesuai masa studi, setahun setelah Ir. Soekarno (presiden RI pertama) lulus sebagai insinyur dari TH Bandung.
Pada tahun 1935-1939 ia menggantikan ayahnya Pangeran Muhammad Ali sebagai wakil Kalimantan dalam Volksraad pada masa pemerintahan kolonial Hindia Belanda. Tahun 1939, ia digantikan Mr. Tadjuddin Noor dalam Volksraad.
Ia juga merupakan tokoh pejuang yang berhasil mempersatukan pasukan pejuang kemerdekaan di Kalimantan ke dalam basis perjuangan yang diberi nama Divisi IV ALRI Pertahanan Kalimantan di bawah pimpinan Hasan Basry (1945-1949) dan juga sebagai anggota Panitia Persiapan Kemerdekaan Indonesia (PPKI).
Pada periode 24 Maret 1956 - 10 Juli 1959, ia ditunjuk oleh Presiden Soekarno sebagai Menteri Pekerjaan Umum. Ketika menjabat Menteri Pekerjaan Umum, ia mencanangkan sejumlah proyek, seperti Proyek Waduk Riam Kanan di Kalimantan Selatan dan Proyek Waduk Karangkates di Jawa Timur. Selain itu, ia juga menggagas Proyek Pasang Surut di Kalimantan dan Sumatra. Ia juga menggagas Proyek Pengembangan Wilayah Sungai Barito yang terbagi menjadi dua bagian, yaitu PLTA Riam Kanan dan Pengerukan Muara/Ambang Sungai Barito yang dilaksanakan pada akhir tahun 1970.

Ia menerima Anugerah Tanda Kehormatan Bintang Mahaputra Utama karena jasa dan pengabdian pada tahun 1973.
Pada tanggal 8 November 2018, Pemerintah Republik Indonesia melalui Presiden Ir. Joko Widodo menganugerahkan gelar Pahlawan Nasional dengan diterbitkannya Keppres No 123/TK/Tahun 2018, tentang Penganugerahan Gelar Pahlawan Nasional.",2026-10-09T04:38:36.137543+00:00
Makam Siti Armilah,"Kabupaten Majalengka, Jawa Barat",Makam,ChIJT6O6alsvby4RVEnSRbCOEEc,Makam Pangeran Muhammad,"46WJ+X9G, Majalengka Kulon, Kec. Majalengka, Kabupaten Majalengka, Jawa Barat 45418, Indonesia",4.8,48.0,https://maps.google.com/?cid=5120749664057051476&g_mp=CiVnb29nbGUubWFwcy5wbGFjZXMudjEuUGxhY2VzLkdldFBsYWNlEAIYBCAA,-6.852561,108.2309596,SUCCESS,FIRST_RESULT,2026-09-26T17:13:39.417181+00:00,,,Pangeran Mohammad Noor,https://id.wikipedia.org/wiki/Pangeran_Mohammad_Noor,0.5115633640511869,SIMILARITY_MATCH,"Pangeran Mohammad Noor (24 Juni 1901 – 15 Januari 1979) adalah mantan Menteri Pekerjaan Umum dan gubernur Kalimantan pada 1945-1950. Ia lahir dari keluarga bangsawan Banjar, ia adalah intah (keturunan ke-4) dari Raja Banjar Sultan Adam al-Watsiq Billah.
Setelah lulus HIS tahun 1917, ia meneruskan ke jenjang MULO dan lulus tahun 1921, lalu lulus dari HBS tahun 1923, dan pada tahun 1923 masuk Technische Hoogeschool te Bandoeng (THS) - sekolah teknik tinggi di Bandung. Pada tahun 1927, ia berhasil meraih gelar Insinyur dalam waktu empat tahun sesuai masa studi, setahun setelah Ir. Soekarno (presiden RI pertama) lulus sebagai insinyur dari TH Bandung.
Pada tahun 1935-1939 ia menggantikan ayahnya Pangeran Muhammad Ali sebagai wakil Kalimantan dalam Volksraad pada masa pemerintahan kolonial Hindia Belanda. Tahun 1939, ia digantikan Mr. Tadjuddin Noor dalam Volksraad.
Ia juga merupakan tokoh pejuang yang berhasil mempersatukan pasukan pejuang kemerdekaan di Kalimantan ke dalam basis perjuangan yang diberi nama Divisi IV ALRI Pertahanan Kalimantan di bawah pimpinan Hasan Basry (1945-1949) dan juga sebagai anggota Panitia Persiapan Kemerdekaan Indonesia (PPKI).
Pada periode 24 Maret 1956 - 10 Juli 1959, ia ditunjuk oleh Presiden Soekarno sebagai Menteri Pekerjaan Umum. Ketika menjabat Menteri Pekerjaan Umum, ia mencanangkan sejumlah proyek, seperti Proyek Waduk Riam Kanan di Kalimantan Selatan dan Proyek Waduk Karangkates di Jawa Timur. Selain itu, ia juga menggagas Proyek Pasang Surut di Kalimantan dan Sumatra. Ia juga menggagas Proyek Pengembangan Wilayah Sungai Barito yang terbagi menjadi dua bagian, yaitu PLTA Riam Kanan dan Pengerukan Muara/Ambang Sungai Barito yang dilaksanakan pada akhir tahun 1970.

Ia menerima Anugerah Tanda Kehormatan Bintang Mahaputra Utama karena jasa dan pengabdian pada tahun 1973.
Pada tanggal 8 November 2018, Pemerintah Republik Indonesia melalui Presiden Ir. Joko Widodo menganugerahkan gelar Pahlawan Nasional dengan diterbitkannya Keppres No 123/TK/Tahun 2018, tentang Penganugerahan Gelar Pahlawan Nasional.",2026-10-09T04:38:36.409693+00:00
Makam Sunan Parung,"Kabupaten Majalengka, Jawa Barat",Makam,ChIJReuD55s5by4RmX1or2mAiV0,Makam sunan parung telaga manggung,"2876+WFV, manggung, Kec. Talaga, Kabupaten Majalengka, Jawa Barat 45463, Indonesia",4.8,25.0,https://maps.google.com/?cid=6740059508739440025&g_mp=CiVnb29nbGUubWFwcy5wbGFjZXMudjEuUGxhY2VzLkdldFBsYWNlEAIYBCAA,-6.985140899999999,108.3111701,SUCCESS,FIRST_RESULT,2026-09-26T17:13:39.613283+00:00,,,Kerajaan Talaga Manggung,https://id.wikipedia.org/wiki/Kerajaan_Talaga_Manggung,0.477101889084052,SIMILARITY_MATCH,"Catatan Admin : Den Agung
Kerajaan Talaga Manggung adalah kerajaan yang terletak di wilayah selatan Kabupaten Majalengka, merupakan negara yang berdaulat berdiri sendiri, yang didirikan oleh Rhakeyan Sudhayasa (batara gunung bitung), pada masa jayanya, kerajaan Talaga dirajai oleh Prabu Talagamanggung, oleh sebab itu hingga kini kerajaan talaga dikenal dengan sebutan kerajaan Talagamanggung.
Kerajaan Talaga Manggung didirikan kira-kira sebelum abad ke-15, oleh Sunan Talaga manggung putra Pandita Prabu Darmasuci putra Batara Gunung Picung  putera Suryadewata putera bungsu dari Maharaja Sunda yang bernama Ajiguna Linggawisesa (1333-1340) di Galuh Kawali, Ciamis. Maharaja Ajiguna Linggawisesa digantikan oleh Prabu Ragamulya atau Aki Kolot, kemudian dilanjutkan oleh Prabu Linggabuana Wisesa yang gugur di Bubat. Hyang Bunisora (adik Prabu Lingga Wisesa) menggantikannya sementara sampai puteranya bernama Anggalarang alias Prabu Niskala Wastu Kancana naik takhta.
lokasinya kini di kewadanaan Talaga adalah bekas salah satu kerajaan, yang terletak di Kabupaten Majalengka, bertakhta bernama Sunan Talaga Manggung, asal keturunan Raja Prabu Siliwangi yang dimaksud mungkin Suryadewata putra Maharaja Ajiguna Linggawisesa. Kerajaan di Sangiang. Dia mempunyai dua orang putra, satu laki-laki dan satu perempuan, yang laki-laki bernama Raden Panglurah dan yang perempuan bernama Ratu Simbar Kencana adalah anak dari Sunan Talaga Manggung.",2026-10-09T04:38:36.672179+00:00
Makam Baing Yusuf,"Kabupaten Purwakarta, Jawa Barat",Makam,ChIJx37iWFAOaS4ReVVFA1IdSDU,Tomb of Baing Yusuf,"CCVR+HF9, Jl. Mr. Dr. Kusumahatmaja, Cipaisan, Kec. Purwakarta, Kabupaten Purwakarta, Jawa Barat 41113, Indonesia",4.7,84.0,https://maps.google.com/?cid=3839350920412747129&g_mp=CiVnb29nbGUubWFwcy5wbGFjZXMudjEuUGxhY2VzLkdldFBsYWNlEAIYBCAA,-6.5560995,107.4412475,SUCCESS,FIRST_RESULT,2026-09-26T17:13:39.813070+00:00,,,Baing Yusuf,https://id.wikipedia.org/wiki/Baing_Yusuf,0.7686243593802031,SIMILARITY_MATCH,"Syekh Muhammad Yusuf, atau yang lebih dikenal sebagai Syekh Baing Yusuf (lahir 1709 - wafat 1854) adalah seorang ulama dan penyebar islam di Purwakarta. Syekh Baing Yusuf merupakan seorang keturunan keraton padjajaran. Beliau juga merupakan putra dari Raden Aria Djajanegara yang kala itu menjabat sebagai Bupati Bogor diabad ke-17.",2026-10-09T04:38:36.935593+00:00
Makam Nyi Mas Gandasari,"Kabupaten Cirebon, Jawa Barat",Makam,ChIJd7aULZghby4RxCQ8boTej8E,Makam Keramat Nyimas Gandasari,"7C39+69V, Gunung Giwur, Kepuh, Kec. Palimanan, Kabupaten Cirebon, Jawa Barat 45161, Indonesia",5.0,20.0,https://maps.google.com/?cid=13947611231356200132&g_mp=CiVnb29nbGUubWFwcy5wbGFjZXMudjEuUGxhY2VzLkdldFBsYWNlEAIYBCAA,-6.7468898,108.4184116,SUCCESS,FIRST_RESULT,2026-09-26T17:13:40.054058+00:00,,,Nyi Mas Gandasari,https://id.wikipedia.org/wiki/Nyi_Mas_Gandasari,0.8619877079932924,SIMILARITY_MATCH,"Nyi Mas Gandasari atau Nyi Ratu Mas Ayu Gandasari adalah seorang putri Sayyid Sholeh/Mbah Datuk Sholeh (dalam Babad Cirebon) atau bernama sebenarnya Sultan Shalahuddin (berkuasa 1438 - 1462 M) dari Kesultanan Samudera Pasai, Aceh (Fekri Juliansyah: Napak Tilas Para Puyang: 2023). Menurut sejarah yang beredar, Nyi Mas Gandasari merupakan salah seorang perempuan yang memiliki kehebatan di atas manusia biasa. Ia berasal dari daerah Aceh yang ditugaskan untuk menyebarkan ajaran agama Islam di wilayah Cirebon. Ada beberapa versi tentang tokoh Nyi Mas Gandasari ini. Salah satunya menyebutkan bahwa Nyi Mas Gandasari merupakan keponakan Fatahillah, dan puteri Mahdar Ibrahim bin Abdul Ghafur.
Nyi Mas Gandasari ikut ke Cirebon bersama Mbah Kuwu Cirebon alias Pangeran Cakrabuana semasa pulang dari Mekkah. Nyi Mas Gandasari diangkat menjadi anak hingga dewasa, oleh Mbah Kuwu Cirebon. Kemudian Nyi Mas Gandasari mengikuti jejak Mbah Kuwu Cirebon menyebarkan ajaran agama Islam di tanah Cirebon. Nyi Mas Gandasari selama hidupnya pernah menjadi Panglima Perang Kesultanan Cirebon, ia merupakan satu-satunya panglima perang wanita dalam sejarah berdirinya Kesultanan Cirebon.
Dimasa lalu, tokoh ulama dan pendatang dari Timur Tengah dianjurkan untuk menyesuaikan nama panggilannya, begitu pula Nyi Mas Gandasari yang memiliki nama Siti Maemunah atau Nyi Mutmainah. Menurut legenda yang berkembang, Gandasari merupakan julukan, karena Nyi Mas Gandasari dikisahkan sebagai seorang wanita yang bersih, dan suka sekali menggunakan wawangian, sehingga harum tubuhnya itu semerbak berlipat-lipat (ganda), serta sari yang berarti mewangi. Nyi Mas Gandasari dikenal juga sebagai Nyi Ageng Panguragan. Panguragan sendiri merupakan nama Desa/padukuhan dimana beliau tinggal. Panguran juga merupakan wilayah kekuasaannya yang dihadiahkan oleh Sultan Cirebon atas jasa-jasanya. 
Nyi Mas Gandasari memiliki tugas untuk memobilisasi, menyusun, menggerakkan Wira Pertiwi (prajurit perempuan) apabila negara membutuhkan. Dalam mengislamkan Kerajaan Talaga (sebuah kerajaan kecil di sebelah barat daya Cirebon) saat berada di bawah kekuasaan Prabu Pucuk Umun, Nyi Mas Gandasari tampil sebagai panglima. Hal ini untuk menandingi senapati Kerajaan Talaga yang juga seorang wanita, yakni Nyi Tanjung Rarangan puteri dari Prabu Pucuk Umun.
Sebagai bekas pemerintahan Kerajaan Pajajaran, Kerajaan Rajagaluh yang pada saat itu dipimpin oleh raja Prabu Cakraningrat menuntut agar Cirebon tunduk dan mengirim upeti. Arya Kamuning (anak angkat Sunan Gunung Jati dari Ki Lurah Agung) dipercaya sebagai panglima Cirebon untuk menghadapi Aria Kiban Senapati Rajagaluh. Meskipun banyak pasukan Cirebon yang gugur, akan tetapi Rajagaluh akhirnya dapat juga ditundukkan dengan tewasnya Aria Kiban dan Prabu Cakraningrat sendiri. Dalam penaklukkan Rajagaluh itu selain Aria Kemuning dan Nyi Mas Gandasari, ikut serta juga seorang pemuda pendatang dari Bagdad yaitu Raden Magelung Sakti.",2026-10-09T04:38:37.196583+00:00
Makam Mama Sempur,"Kabupaten Purwakarta, Jawa Barat",Makam,ChIJwda0oDwEaS4RBALQorbAkOc,Makam Mama Sempur,"Jl. Raya Sempur No.18, Sempur, Kec. Plered, Kabupaten Purwakarta, Jawa Barat 41162, Indonesia",4.4,177.0,https://maps.google.com/?cid=16686048510055809540&g_mp=CiVnb29nbGUubWFwcy5wbGFjZXMudjEuUGxhY2VzLkdldFBsYWNlEAIYBCAA,-6.6638986,107.3988857,SUCCESS,FIRST_RESULT,2026-09-26T17:13:40.257861+00:00,,,Makam Mama Sempur,https://id.wikipedia.org/wiki/Makam_Mama_Sempur,1.0,EXACT_MATCH,"Makam Mama Sempur adalah salah satu makam keramat Syekh Tubagus Ahmad Bakri yang ada di Desa Sempur, Kecamatan Plered, Kabupaten Purwakarta. Mama Sempur merupakan panggilan akrab dari syekh tersebut yang berasal dari bahasa Sunda yakni Rama yang artinya Bapak, panggilan rama khusus ditujukan kepada kyai atau ajengan. Mama Sempur masih termasuk keturunan Rasulullah dari ayahnya yang bernama KH Tubagus Sayida. Ia merupakan putra pertama orangtuanya dan lahir pada tahun 1839 di Desa Citeko, Kecamatan Plered. Desa Citeko pada saat itu termasuk wilayah Gandasoli, Kabupaten Cianjur, Karesidenan Priangan.",2026-10-09T04:38:37.469868+00:00
Makam Embah Tumpang,"Kota Cimahi, Jawa Barat",Makam,ChIJ0QQ03UTkaC4R2HWFTk9paUc,Makam Mbah Tumpang,"4GFR+672, Setiamanah, Cimahi Tengah, Cimahi City, West Java 40524, Indonesia",5.0,3.0,https://maps.google.com/?cid=5145759838588204504&g_mp=CiVnb29nbGUubWFwcy5wbGFjZXMudjEuUGxhY2VzLkdldFBsYWNlEAIYBCAA,-6.8769977,107.5406397,SUCCESS,FIRST_RESULT,2026-09-26T17:13:40.506692+00:00,,,Kabupaten Malang,https://id.wikipedia.org/wiki/Kabupaten_Malang,0.15786896194862235,SIMILARITY_MATCH,"Kabupaten Malang (bahasa Jawa: Hanacaraka: ꦩꦭꦁ, Pegon: مالاڠ; pengucapan bahasa Jawa: [ˈmalaŋ]) adalah sebuah kabupaten di Provinsi Jawa Timur, Indonesia. Ibu kota kabupaten ini terletak di Kecamatan Kepanjen, yang sebelumnya berada di Kota Malang tepatnya di daerah Klojen. Kabupaten Malang adalah kabupaten terluas kedua di Jawa Timur setelah Kabupaten Banyuwangi dan merupakan kabupaten dengan populasi terbesar di Jawa Timur. Kabupaten Malang mempunyai koordinat 112o17' sampai 112o57' Bujur Timur dan 7o67' sampai 8o69' Lintang Selatan. Kabupaten Malang juga merupakan kabupaten terluas keempat di Pulau Jawa setelah Kabupaten Sukabumi, Kabupaten Cianjur di Provinsi Jawa Barat, dan Kabupaten Banyuwangi. Berdasarkan data Badan Pusat Statistik kabupaten Malang tahun 2021, penduduk kabupaten Malang berjumlah 2.654.676 jiwa (2020), dengan kepadatan 767 jiwa/km2.
Kota Malang merupakan enklave dari kabupaten ini.
Kabupaten ini memiliki Penekslave yaitu wilayah yang terpisah dengan wilayah utamanya yaitu di kawasan Malang Barat, yang terdiri atas Kecamatan Pujon, Ngantang dan Kasembon. Kabupaten ini berbatasan dengan Kabupaten Jombang; Kabupaten Mojokerto; dan Kabupaten Pasuruan; di utara, Kabupaten Lumajang dan Kabupaten Probolinggo di timur, Samudra Hindia di selatan, serta Kota Batu, Kabupaten Blitar dan Kabupaten Kediri di barat. Sebagian besar wilayahnya merupakan pegunungan yang berhawa sejuk, Kabupaten Malang dikenal sebagai salah satu daerah tujuan wisata utama di Jawa Timur. Bersama dengan Kota Batu dan Kota Malang, Kabupaten Malang merupakan bagian dari kesatuan wilayah yang dikenal dengan Malang Raya.",2026-10-09T04:38:37.728400+00:00
Makam Sunan Kalijaga,"Kabupaten Demak, Jawa Tengah",Makam,ChIJr83Qj8TrcC4Rqwnyz3lDyiI,Tomb of Sunan Kalijaga,"Jl. Raden Sahid, Kadilangu, Kec. Demak, Kabupaten Demak, Jawa Tengah 59517, Indonesia",4.7,7491.0,https://maps.google.com/?cid=2506890333043952043&g_mp=CiVnb29nbGUubWFwcy5wbGFjZXMudjEuUGxhY2VzLkdldFBsYWNlEAIYBCAA,-6.8964563,110.6477436,SUCCESS,FIRST_RESULT,2026-09-26T17:13:40.736124+00:00,,,Sunan Kalijaga,https://id.wikipedia.org/wiki/Sunan_Kalijaga,0.781146435399393,SIMILARITY_MATCH,"Sunan Kalijaga atau Raden Mas Said/Syahid adalah seorang ulama terkenal dan penasehat pemerintahan di era Majapahit pada masa prabu Kertabhumi, Demak, Pajang. Ia juga termasuk dalam anggota Walisongo. Sunan Kalijogo beserta keluarga dianggap sakti dan makam sang wali beserta Masjid Agung Demak dipandang oleh para raja Jawa sebagai dua pusaka Jawa terpenting, penyelamat keutuhan pulau. Beliau juga dianggap sebagai pelindung kerohanian dan penasehat raja-raja Mataram. Keturunan jauh wali tersebut, Pangeran Serang II dan ibunya, sangat dihormati pengikut Diponegoro sebagai orang-orang yang memiliki kasekten. 
Selain sebagai ulama ia juga menjadi seniman, dan arsitek yang ulung. Salah satu media dakwahnya yang dikenal luas hingga sekarang melalui pentas adalah wayang kulit.
Kesenian wayang kulit yang awalnya berisi kisah-kisah Hindu, diganti oleh Sunan Kalijaga menjadi kisah-kisah yang berisi ajaran Islam. Contohnya yaitu Wayang sadat, dan Jamus Kalimasada, sebagaimana yang dijelaskan oleh Siti Wahidoh dalam Buku Intisari Sejarah Kebudayaan Islam.",2026-10-09T04:38:37.987217+00:00
Makam Raden Patah,"Kabupaten Demak, Jawa Tengah",Makam,ChIJYay1KObrcC4R2YE4DY-hmgk,Tomb of Raden Patah,"Jl. Kauman I No.1, Kauman, Bintoro, Kec. Demak, Kabupaten Demak, Jawa Tengah 59511, Indonesia",4.6,206.0,https://maps.google.com/?cid=692043128528994777&g_mp=CiVnb29nbGUubWFwcy5wbGFjZXMudjEuUGxhY2VzLkdldFBsYWNlEAIYBCAA,-6.8943976,110.6371555,SUCCESS,FIRST_RESULT,2026-09-26T17:13:40.947027+00:00,,,Raden Patah,https://id.wikipedia.org/wiki/Raden_Patah,0.7207595609287691,SIMILARITY_MATCH,"Raden Patah merupakan tokoh penting dalam sejarah berdirinya Kesultanan Demak dan dikenal sebagai pendiri sekaligus sultan pertama Demak. Ia mengembangkan wilayah Bintara atau Gelagah Wangi menjadi pusat pemerintahan yang kemudian dikenal sebagai Demak. Pada masa kepemimpinannya, Demak berkembang sebagai kerajaan Islam yang memiliki peranan penting dalam bidang politik, perdagangan, dan penyebaran Islam di Jawa. Raden Patah juga memperkuat pemerintahan dan hubungan dengan para ulama, termasuk Wali Songo, sehingga Demak semakin kuat sebagai pusat kekuasaan Islam setelah melemahnya Kerajaan Majapahit.
Raden Patah gelar Senopati Jimbun Ngabdurrahman Panembahan Palembang Sayidin Panataagama (lahir: Palembang, 1455; wafat: Demak, 1518) adalah Pendiri Kesultanan Demak yang memerintah dari tahun 1475 - 1518.
Dia merupakan Putra dari Sri Maharaja Prabu Singhanegara Wijayakusuma dengan seorang putri asal Tiongkok bernama Dewi Kian. Keluarga ibunya memanggil namanya Jimbun (aksara Tiongkok: Jin Bun).
Kiprahnya semakin cemerlang setelah menjadi Murid sekaligus menantu Sunan Ampel, kemudian menjadi Adipati Demak hingga masuk ke Jajaran anggota dewan Walisongo.
Setelah ayahnya dikudeta oleh Dyah Ranawijaya dari takhta Majapahit, ia pun melepaskan Demak menjadi negara yang merdeka.",2026-10-09T04:38:38.248055+00:00
Makam Ki Ageng Selo,"Kabupaten Grobogan, Jawa Tengah",Makam,ChIJpzbSCFWzcC4R_ua5w_NA23U,Makam Ki Ageng Selo Tawangharjo Grobogan,"Jl. Kyai Ageng Selo, Kebondalem, Selo, Kec. Tawangharjo, Kabupaten Grobogan, Jawa Tengah 58191, Indonesia",4.7,371.0,https://maps.google.com/?cid=8492452938042173182&g_mp=CiVnb29nbGUubWFwcy5wbGFjZXMudjEuUGxhY2VzLkdldFBsYWNlEAIYBCAA,-7.097624199999999,111.0004085,SUCCESS,FIRST_RESULT,2026-09-26T17:13:41.177792+00:00,,,"Tawangharjo, Grobogan","https://id.wikipedia.org/wiki/Tawangharjo,_Grobogan",0.617945896359585,SIMILARITY_MATCH,"Tawangharjo (Hanacaraka: ꦠꦮꦤ꧀ꦒ꧀ꦃꦂꦗ, bahasa Jawa: [Tawangharja] Galat: {{Lang}}: text has italic markup (bantuan)) adalah satu dari 19 kecamatan di Kabupaten Grobogan, berlokasi cukup strategis di wilayah timur Kabupaten Grobogan, Provinsi Jawa Tengah, Indonesia.
Tawangharjo berada di Jalur Provinsi dari Purwodadi - Blora, yang merupakan jalur alternatif Pantura (Pantai Utara) Jawa Tengah, dari Semarang ke Surabaya. Berjarak sekitar 12 km di Timur Purwodadi dan sekitar 53 km sebelah barat Blora, Kecamatatan Tawangharjo memiliki beberapa tempat wisata yang cukup potensial, yaitu Air Terjun Widuri di Desa Kemaduhbatur. Makam Ki Ageng Tarub dan Makam Ki Ageng Selo yang merupakan tokoh-tokoh penting keturunan dari Kerajaan Kasunanan Surakarta.",2026-10-09T04:38:38.517533+00:00
Makam Ki Ageng Tarub,"Kabupaten Grobogan, Jawa Tengah",Makam,ChIJhWPe2s6zcC4RJMtuGuvkqME,Makam Ki Ageng Tarub,"Komplek makam KI AGENG RT.03/RW.03 Beji Beji, Beji, Tarub, Kec. Tawangharjo, Kabupaten Grobogan, Jawa Tengah 58191, Indonesia",4.6,131.0,https://maps.google.com/?cid=13954655143819397924&g_mp=CiVnb29nbGUubWFwcy5wbGFjZXMudjEuUGxhY2VzLkdldFBsYWNlEAIYBCAA,-7.0641589,111.0155164,SUCCESS,FIRST_RESULT,2026-09-26T17:13:41.421235+00:00,,,Jaka Tarub,https://id.wikipedia.org/wiki/Jaka_Tarub,0.430932741630916,SIMILARITY_MATCH,"Jaka Tarub (Carakan: ꦗꦏꦠꦫꦸꦧ꧀) adalah seorang tokoh dalam cerita rakyat yang diabadikan dalam naskah populer Sastra Jawa Baru, Babad Tanah Jawi. Setelah dewasa ia digelari Ki Ageng Tarub (ꦏꦶꦄꦒꦺꦁꦠꦫꦸꦧ꧀). Ki Ageng Tarub adalah tokoh yang dianggap sebagai leluhur dinasti Mataram, dinasti yang menguasai politik tanah Jawa — sebagian atau seluruhnya — sejak abad ke-17 hingga sekarang. Menurut sumber masyarakat di desa Widodaren, Gerih, Ngawi peristiwa ini terjadi di desa tersebut. Sebagai buktinya, terdapat petilasan makam Jaka Tarub di desa tersebut. Rata-rata masyarakat setempat yang sudah lanjut usia tahu jalan cerita Jaka Tarub dengan 7 bidadari. Nama desa Widodaren itu dipercaya masyarakat setempat berasal dari kata widodari yang dalam bahasa Indonesia berarti bidadari. Di desa ini juga terdapat sendang (mata air) yang konon dulu adalah tempat para bidadari mandi dan Jaka Tarub mengambil selendang salah satu bidadari. Di daerah Rejang Lebong cerita ini dinyatakan dalam sebuah lagu berjudul Lalan Belek.",2026-10-09T04:38:38.770673+00:00
Makam Ki Ageng Getas Pendowo,"Kabupaten Grobogan, Jawa Tengah",Makam,ChIJ53QVGH66cC4RuD7hTkVPN5o,Makam Ki Ageng Getas Pendowo Purwodadi,"Jl. Ki Ageng Getas Pendowo, Kuripan Timur, Kuripan, Kec. Purwodadi, Kabupaten Grobogan, Jawa Tengah 58153, Indonesia",4.7,61.0,https://maps.google.com/?cid=11112437764654710456&g_mp=CiVnb29nbGUubWFwcy5wbGFjZXMudjEuUGxhY2VzLkdldFBsYWNlEAIYBCAA,-7.0748764,110.8983125,SUCCESS,FIRST_RESULT,2026-09-26T17:13:41.649351+00:00,,,Ki Ageng Wanasaba,https://id.wikipedia.org/wiki/Ki_Ageng_Wanasaba,0.3010807745011806,SIMILARITY_MATCH,"Ki Ageng Wanasaba / ꦏꦶꦄꦒꦺꦁꦮꦤꦱꦧ
adalah putra Bondan Kejawan / Dyah Lembu Peteng dan Dyah Ayu Dewi Nawangsih, putri dari Ki Ageng Tarub / Ki Ageng Jaka Tarub atau Ki Jaka Tarub dan Dyah Ayu Dewi Nawangwulan. Dari pernikahan Bondan Kajawan dan Dyah Nawangsih dikaruniai tiga orang anak yaitu Ki Ageng Wanasaba, Ki Getas Pandawa, Nyai Ageng Ngerang.",2026-10-09T04:38:39.029256+00:00
Makam Syekh Siti Jenar,"Kabupaten Jepara, Jawa Tengah",Makam,ChIJBXGEwMU9cS4R9wCQkYRsaEw,Makam Syekh Siti Jenar (Wali Syech Lemah Bang),"HR53+JM4, Sidorejo, Balong, Kec. Kembang, Kabupaten Jepara, Jawa Tengah 59453, Indonesia",4.3,53.0,https://maps.google.com/?cid=5505769861094047991&g_mp=CiVnb29nbGUubWFwcy5wbGFjZXMudjEuUGxhY2VzLkdldFBsYWNlEAIYBCAA,-6.4409905,110.8042152,SUCCESS,FIRST_RESULT,2026-09-26T17:13:41.862846+00:00,,,Syekh Jumadil Qubro,https://id.wikipedia.org/wiki/Syekh_Jumadil_Qubro,0.24263658261885238,SIMILARITY_MATCH,"Sayid Jamaluddin Akbar Ibnu Husein  nama gelaran : Syekh Jumadil Qubro atau Jamaluddin Al-Akbar Al-Husaini atau Maulana Husein Jumadil Qubro atau Saeiyid Jamaluddin Al-Hussein atau As-Syekh Sayid Jamaluddin Akbar atau Sayid Jumadil Kabir Mojokerto. Menurut peneliti belanda martin bruinessen bahwa, vivek dan Jennifer W. Nourse  Jumadil Qubro ada hubungannya dengan terakat sufi Qubrowi, bahwa qubra dikaitkan dengan namanya. Syeikh jamidul -Qubra murid Sayidi Ali Hamadoni shafi  -al Qubrawi, Peter Dziedzic, peneliti menjelaskan Sunan Gresik juga belajar dari    Hamadoani 
Menurut wain bahwa kubrowi-hamadaoni adalah pendiri islam di java, Semua walisongo berdakwah di bawah bimbingan  Hamdoni  dari asia tengah ke indonesia dalam waktu yang berbeda, berbeda garis dan tahapan yang berjenar.",2026-10-09T04:38:39.285508+00:00
Makam Mbah Roboyo,"Kabupaten Jepara, Jawa Tengah",Makam,ChIJ7ySnV43dcC4R8QI5lqw4Exw,Makam Mbah Robaya,"7P6F+4H4, Jl. Mangga 5, Rw. III, Robayan, Kec. Kalinyamatan, Kabupaten Jepara, Jawa Tengah 59467, Indonesia",5.0,2.0,https://maps.google.com/?cid=2023022971525333745&g_mp=CiVnb29nbGUubWFwcy5wbGFjZXMudjEuUGxhY2VzLkdldFBsYWNlEAIYBCAA,-6.739747299999999,110.7239602,SUCCESS,FIRST_RESULT,2026-09-26T17:13:42.062853+00:00,,,Masjid Baiturrahman 1 Robayan,https://id.wikipedia.org/wiki/Masjid_Baiturrahman_1_Robayan,0.22633511598836953,SIMILARITY_MATCH,"Masjid Baiturrahman 1 Robayan, dikenal juga dengan nama Masjid Wali Robayan adalah sebuah masjid tua di Jepara yang berada di Robayan, Kabupaten Jepara. Masjid Jami' Baiturrahman I Robayan kelihatannya masjid baru, tetapi sejatinya masjid ini sudah ada sebelum era Hindia Belanda. Masjid Masjid Jami' Baiturrahman I Robayan merupakan salah satu masjid tua di Kabupaten Jepara, yang meskipun sudah direnovasi tetapi masih memiliki bagian yang masih asli sejak pertama kali masjid di bangun yaitu gapura atau masyarakat setempat menyebutnya ""ceketeng"".",2026-10-09T04:38:39.555901+00:00
Makam Datuk Gunardi,"Kabupaten Jepara, Jawa Tengah",Makam,ChIJiaK6mUnccC4Rqr9MKHLooMg,Makam Mbah Datuk Singorojo,"Rw. 03, Singorojo, Kec. Mayong, Kabupaten Jepara, Jawa Tengah 59465, Indonesia",4.6,19.0,https://maps.google.com/?cid=14456810380859326378&g_mp=CiVnb29nbGUubWFwcy5wbGFjZXMudjEuUGxhY2VzLkdldFBsYWNlEAIYBCAA,-6.7393014,110.7672903,SUCCESS,FIRST_RESULT,2026-09-26T17:13:42.302477+00:00,,,"Mayong, Jepara","https://id.wikipedia.org/wiki/Mayong,_Jepara",0.06014584133964947,SIMILARITY_MATCH,"Mayong (bahasa Jawa: ꦩꦪꦺꦴꦁ) adalah sebuah kecamatan di Kabupaten Jepara, Provinsi Jawa Tengah, Indonesia.",2026-10-09T04:38:39.815624+00:00
Makam Raden Aria Wangsa Goparana,"Kabupaten Subang, Jawa Barat",Makam,ChIJx0vtYgAZaS4ReO-vzJxd2rw,Makam Raden aria wangsa goparana,"8MM2+9H, Dayeuhkolot, Sagalaherang, Subang Regency, West Java 41282, Indonesia",4.8,24.0,https://maps.google.com/?cid=13608292152083738488&g_mp=CiVnb29nbGUubWFwcy5wbGFjZXMudjEuUGxhY2VzLkdldFBsYWNlEAIYBCAA,-6.6665625,107.6514375,SUCCESS,FIRST_RESULT,2026-09-26T18:10:36.811927+00:00,,,Wangsa Goparana,https://id.wikipedia.org/wiki/Wangsa_Goparana,0.6628144207215156,SIMILARITY_MATCH,"Dalem Wangsa Goparana atau Raden Aria Wangsa Goparana (Sunan Sagalaherang) adalah putra Sunan Wanaperih yang merupakan raja di Kerajaan Talaga Manggung sekitar abad ke-16 Masehi. Sunan Wanaperih adalah putra sulung dari Prabu Pucuk Umum dan Ratu Sunyalarang. Prabu Pucuk Umum atau Raden Rangga Mantri merupakan keturunan Raja Pajajaran Prabu Siliwangi atau Sri Baduga Maharaja, sedangkan Ratu Sunyalarang merupakan saudari sebapak dengan Nyai Ratu Pucuk Umun, istri dari Pangeran Santri dan ibu dari Prabu Geusan Ulun, penguasa Kerajaan Sumedang Larang, sehingga Sunan Wanaperih merupakan sepupu satu kakek dengan Prabu Geusan Ulun.  
Sunan Wanaperih memerintah di Walangsuji kemudian digantikan oleh puteranya, Apun Surawijaya, dengan pusat pemerintahan di Talaga. 

Berbeda dengan saudaranya yang meneruskan jejak ayahnya sebagai raja di Talaga Manggung, Dalem Wangsa Goparana memilih pindah ke Sagalaherang Subang untuk menyebarkan agama Islam, kelak keturunannya ada yang menjadi bupati seperti Jayasasana (Raden Wira Tanu I) yang mendiami wilayah Cikundul atau Cikalongkulon dan merupakan Bupati sekaligus perintis pemukiman wilayah Cianjur. 
Dalem Wangsa Goparana merupakan murid dari Sunan Gunung Jati yang menjadi tokoh kunci penyebaran agama Islam di wilayah Subang dan sekitarnya. Sekitar tahun 1530 Masehi ia mengadakan perjalanan dalam rangka menyebarkan agama Islam, wilayah penyebaran agama Islam yang didatanginya di antaranya Subang, Purwakarta, Cianjur, Sukabumi dan Limbangan. Menurut cerita rakyat, Dalem Wangsa Goparana diyakini merupakan tokoh perintis pemukiman di Sagalaherang dan bahkan dipercaya sebagai pemberi nama wilayah Sagalaherang sehingga dia juga dikenal sebagai penguasa Sagalaherang atau Sunan Sagalaherang. Pada masa itu wilayah Sagalaherang merupakan bagian dari kekuasaan Kerajaan Sumedang Larang.",2026-10-09T04:38:40.083662+00:00
Makam Keramat Megu,"Kabupaten Cirebon, Jawa Barat",Makam,ChIJcwxpOenhbi4RMdxaVr8svsk,MASJID KRAMAT MEGU,"7GM3+MF6 Masjid Kramat Megu, Jl. Fatahillah RT. 22, Megu Gede, Kec. Weru, Kabupaten Cirebon, Jawa Barat 45154, Indonesia",4.7,247.0,https://maps.google.com/?cid=14537105847497710641&g_mp=CiVnb29nbGUubWFwcy5wbGFjZXMudjEuUGxhY2VzLkdldFBsYWNlEAIYBCAA,-6.7160806,108.5038846,SUCCESS,FIRST_RESULT,2026-09-26T18:10:37.040567+00:00,,,"Megu Gede, Weru, Cirebon","https://id.wikipedia.org/wiki/Megu_Gede,_Weru,_Cirebon",0.17912157707842555,SIMILARITY_MATCH,"Megu Gede adalah desa di Kecamatan Weru, Cirebon, Jawa Barat, Indonesia. Di sebelah barat berbatasan dengan Desa Megu Cilik, utara dengan Desa Setu Kulon, timur dengan Kecamatan Tengahtani, selatan dengan Kelurahan Watubelah.per tahun 2022,menurut data BPS jumlah penduduk desa Megu Gede mencapai 10.490 jiwa.
Desa Megu Gede terbagi dalam 4 Rukun Warga ( RW ) dan 23 Rukun Tetangga ( RT )
Terbagi dalam beberapa blok (kampung), yaitu:

Tumaritis
Masjid Lor
Masjid Kidul
Kapling Masjid Kramat Megu
Pakuwon
Desa Lor
Desa Kidul
Penegaran
Kligung
Babakan
Sungapan Lor
Sungapan Kidul
Kleben
Kecabean
Lemah Abang
Pesukunan
Makam Tanjung
Pengadangan
Kawung
Kemaron",2026-10-09T04:38:40.338593+00:00
Balong Keramat Tuk,"Kabupaten Cirebon, Jawa Barat",Makam,ChIJnRfI3Objbi4RDj1G2Tca1To,Balong Tuk,"7GGH+RW5, Tuk, Kedawung, Cirebon, West Java 45153, Indonesia",4.4,123.0,https://maps.google.com/?cid=4239323451409972494&g_mp=CiVnb29nbGUubWFwcy5wbGFjZXMudjEuUGxhY2VzLkdldFBsYWNlEAIYBCAA,-6.7229965,108.5298552,SUCCESS,FIRST_RESULT,2026-09-26T18:10:37.229247+00:00,,,Daftar kecamatan dan kelurahan di Jawa Barat,https://id.wikipedia.org/wiki/Daftar_kecamatan_dan_kelurahan_di_Jawa_Barat,0.15775213500495067,SIMILARITY_MATCH,"Berikut adalah daftar kecamatan dan kelurahan/desa di provinsi Jawa Barat, Indonesia. Provinsi Jawa Barat terdiri dari 18 kabupaten, 9 kotamadya, 627 kecamatan, 645 kelurahan dan 5.312 desa. Pada tahun 2017, jumlah penduduknya diperkirakan mencapai 44.039.313 jiwa dengan total luas wilayah 35.377,76 km².",2026-10-09T04:38:40.595442+00:00
Petilasan Cimandung,"Kabupaten Cirebon, Jawa Barat",Makam,ChIJl55zc1gfby4RLCyRY7GZyJc,PETILASAN KERAMAT CIMANDUNG,"6FCX+CQ2, Jl. Lembah Cimandung, Kerandon, Kec. Talun, Kabupaten Cirebon, Jawa Barat 45171, Indonesia",4.7,26.0,https://maps.google.com/?cid=10937160682227969068&g_mp=CiVnb29nbGUubWFwcy5wbGFjZXMudjEuUGxhY2VzLkdldFBsYWNlEAIYBCAA,-6.7789896,108.4993783,SUCCESS,FIRST_RESULT,2026-09-26T18:10:37.438383+00:00,,,Kabupaten Cirebon,https://id.wikipedia.org/wiki/Kabupaten_Cirebon,0.06021024117719273,SIMILARITY_MATCH,"Kabupaten Cirebon adalah kabupaten yang berada di bagian timur laut Provinsi Jawa Barat, Indonesia. Ibu kota kabupaten ini terletak di Kecamatan Sumber. Kabupaten Cirebon merupakan pintu gerbang Provinsi Jawa Barat dari wilayah timur Pulau Jawa.",2026-10-09T04:38:40.855806+00:00
Kuburan Kerkhoff,Aceh,Makam,ChIJL9isI1I3QDARpzy1dGn9-6I,Kerkhoff Poetjoet,"Peucut, G8W7+PQ5, Sukaramai, Kec. Baiturrahman, Kota Banda Aceh, Aceh 23116, Indonesia",4.5,34.0,https://maps.google.com/?cid=11744259082670128295&g_mp=CiVnb29nbGUubWFwcy5wbGFjZXMudjEuUGxhY2VzLkdldFBsYWNlEAIYBCAA,5.5467599,95.314488,SUCCESS,FIRST_RESULT,2026-09-26T17:13:43.368074+00:00,,,Kerkhof Peucut,https://id.wikipedia.org/wiki/Kerkhof_Peucut,0.39012286088640524,SIMILARITY_MATCH,"Kerkhof Peutjut (juga dieja Kerkhof Peucut, Kerkhoff Peutjoet, Kerkhoff Poetjoet, atau cukup Peutjut) adalah sebuah kompleks pemakaman militer kolonial di Banda Aceh, Aceh, yang terutama menjadi tempat pemakaman anggota Koninklijk Nederlandsch-Indisch Leger (KNIL), Korps Marsose, dan personel kolonial lainnya yang meninggal dalam Perang Aceh. Kompleks ini terletak di Gampong Sukaramai, Kecamatan Baiturrahman, tidak jauh dari Blang Padang dan Museum Tsunami Aceh.
Sekitar 2.200 anggota militer dimakamkan atau dicatat sebagai dimakamkan di Peutjut, selain beberapa ratus warga sipil. Mereka tidak hanya terdiri atas orang Belanda atau Eropa, tetapi juga prajurit KNIL yang berasal dari Jawa, Ambon, Manado, serta daerah lain di Hindia Belanda.
Kerkhof Peutjut secara luas disebut sebagai pemakaman militer Belanda terbesar di luar Belanda. Penelitian Sudirman dari Balai Pelestarian Nilai Budaya Aceh menyebutnya sebagai kompleks makam tentara Belanda yang terluas di dunia. Stichting Peutjut-Fonds menyebut kompleks tersebut sebagai peninggalan fisik terbesar yang masih tersisa dari Perang Aceh.
Meskipun dalam beberapa publikasi Indonesia Peutjut pernah disebut sebagai ""kuburan massal Belanda"", kompleks ini secara fisik terutama terdiri atas ribuan makam individual dan sejumlah monumen peringatan kelompok, sehingga lebih tepat diklasifikasikan sebagai pemakaman militer atau military cemetery daripada sebuah kuburan massal dalam pengertian arkeologis.
Di tengah kompleks terdapat pula makam Meurah Pupok atau Poteu Cut, putra Sultan Iskandar Muda, yang telah dimakamkan di kawasan tersebut lebih dari dua abad sebelum pemerintah kolonial mengembangkannya sebagai pemakaman militer.
Pada 2021, kompleks Kerkhof Peutjut ditetapkan sebagai Cagar Budaya Kota Banda Aceh melalui Keputusan Wali Kota Banda Aceh Nomor 616 Tahun 2021.",2026-10-09T04:38:41.117682+00:00
Makam Sentot Alibasyah,Bengkulu,Makam,ChIJJVdlCiWwNi4Rz725fRf2kR8,Makam Sentot Alibasyah,"6767+C97, Bajak, Teluk Segara, Bengkulu City, Bengkulu 38115, Indonesia",4.2,45.0,https://maps.google.com/?cid=2274869867552816591&g_mp=CiVnb29nbGUubWFwcy5wbGFjZXMudjEuUGxhY2VzLkdldFBsYWNlEAIYBCAA,-3.788971300000001,102.2634227,SUCCESS,FIRST_RESULT,2026-09-26T17:13:43.554345+00:00,,,Marah Roesli,https://id.wikipedia.org/wiki/Marah_Roesli,0.10356834328067045,SIMILARITY_MATCH,"Marah Roesli atau sering kali dieja Marah Rusli atau Mh. Rusli (7 Agustus 1889 – 17 Januari 1968) adalah sastrawan Indonesia angkatan Balai Pustaka. Keterkenalannya karena karyanya Siti Nurbaya (roman) yang diterbitkan pada 1922 sangat banyak dibicarakan orang, bahkan sampai kini. Siti Nurbaya telah melegenda, wanita yang terpaksa kawin karena keadaan ekonomi orang tuanya, dengan lelaki yang tidak diinginkannya",2026-10-09T04:38:41.380092+00:00
Makam Auliya Male Ta Illayabe,Gorontalo,Makam,ChIJTZ-2W6QqeTIRIwI9ZOFJMfU,Makam Aulia Male Ta Ilayabe,"Kota Tim., Kota Dombo Raya, Gorontalo, G357+VHM, Talumolo, Kec. Kota Tim., Kota Gorontalo, Gorontalo 96133, Indonesia",4.3,7.0,https://maps.google.com/?cid=17667984045549355555&g_mp=CiVnb29nbGUubWFwcy5wbGFjZXMudjEuUGxhY2VzLkdldFBsYWNlEAIYBCAA,0.5097079,123.0639305,SUCCESS,FIRST_RESULT,2026-09-26T18:10:37.665000+00:00,,,Gorontalo,https://id.wikipedia.org/wiki/Gorontalo,0.022475887458393417,SIMILARITY_MATCH,"Gorontalo adalah sebuah provinsi di Indonesia yang terletak di Semenanjung Minahasa, di bagian utara Pulau Sulawesi dengan ibu kota di Kota Gorontalo. Provinsi Gorontalo lahir pada 5 Desember 2000 berdasarkan Undang-Undang Nomor 38 Tahun 2000. Kota Gorontalo ditetapkan sebagai Ibu Kota Gorontalo, sekaligus menjadi pusat pemerintahan, pusat ekonomi dan perdagangan terbesar di Kawasan Teluk Tomini. Adapun jumlah penduduk Gorontalo sebanyak 1.392.737 jiwa (Sensus BPS, 2022), dengan laju pertumbuhan penduduk sebesar 1.16% setiap tahunnya.
Mayoritas penduduk di daerah ini merupakan Suku Gorontalo, sekaligus menjadi suku dengan populasi terbanyak di wilayah semenanjung utara Pulau Sulawesi, diikuti oleh Suku Minahasa di urutan kedua. Suku Gorontalo juga merupakan suku pengembara yang populasinya banyak dijumpai di Sulawesi Utara, Sulawesi Tengah, Sulawesi Selatan, Kalimantan Timur, Jawa dan Papua.
Pada awal kemerdekaan, wilayah Gorontalo masuk dalam Kabupaten Sulawesi Utara yang luas wilayahnya meliputi Buol, Gorontalo, dan Bolaang Mongondow. Pada masa itu, Gorontalo ditetapkan menjadi ibu kota Kabupaten Sulawesi Utara berdasarkan Undang-Undang Nomor 1 tahun 1945 dan Undang-Undang Nomor 22 tahun tahun 1948.
Dalam catatan sejarah Indonesia, satu-satunya Presiden Republik Indonesia yang berasal dari percampuran Suku Gorontalo dan Suku Jawa adalah Presiden Republik Indonesia ke-3, Prof. Dr. Ing. B.J. Habibie, dari garis keturunan ayahnya, Alwi Jalil Habibie, dengan marga Habibie.",2026-10-09T04:38:41.643685+00:00
Makam Akik Ning,Kepulauan Bangka Belitung,Makam,ChIJwfYSzsDDIi4R9Uf1uHoWjwQ,"Makam Akek Ning, Asnawi Bin Sultan Sulaiman","W268+5M6, Air Duren, Mendo Barat, Bangka Regency, Bangka Belitung Islands 33173, Indonesia",5.0,2.0,https://maps.google.com/?cid=328506014166239221&g_mp=CiVnb29nbGUubWFwcy5wbGFjZXMudjEuUGxhY2VzLkdldFBsYWNlEAIYBCAA,-2.0906612,106.0167706,SUCCESS,FIRST_RESULT,2026-09-26T18:10:37.871169+00:00,,,Kepulauan Bangka Belitung,https://id.wikipedia.org/wiki/Kepulauan_Bangka_Belitung,0.10770147451589884,SIMILARITY_MATCH,"Kepulauan Bangka Belitung adalah sebuah provinsi di Indonesia yang terdiri dari dua pulau utama yaitu Pulau Bangka dan Pulau Belitung serta ratusan pulau-pulau kecil, total pulau yang telah bernama berjumlah 470 pulau dan yang berpenghuni hanya 50 pulau. Kepulauan Bangka Belitung terletak di bagian timur Pulau Sumatra, berbatasan dengan Provinsi Sumatera Selatan. Kepulauan Bangka Belitung dikenal sebagai daerah penghasil timah. Jumlah penduduk provinsi ini pada semester pertama tahun 2025 sebanyak 1.559.854 jiwa.
Ibu kota provinsi ini ialah Kota Pangkalpinang. Pemerintahan provinsi ini disahkan pada tanggal 9 Februari 2001. Setelah dilantiknya Pj. Gubernur yakni H. Amur Muchasim, SH (mantan Sekjen Depdagri) yang menandai dimulainya aktivitas roda pemerintahan provinsi.
Selat Bangka memisahkan Pulau Sumatra dan Pulau Bangka, sedangkan Selat Gaspar memisahkan Pulau Bangka dan Pulau Belitung. Di bagian utara provinsi ini adalah laut provinsi Kepulauan Riau, bagian selatan adalah Laut Jawa dan Pulau Kalimantan di bagian timur yang dipisahkan dari Pulau Belitung oleh Selat Karimata.
Provinsi Kepulauan Bangka Belitung sebelumnya adalah bagian dari Sumatera Selatan, tetapi menjadi provinsi sendiri bersamaan dengan Banten dan Gorontalo pada tahun 2000. Provinsi Kepulauan Bangka Belitung didirikan berdasarkan Undang-Undang Nomor 27 Tahun 2000 Tentang Pembentukan Provinsi Kepulauan Bangka Belitung tanggal 21 November 2000 yang terdiri dari Kabupaten Bangka, Kabupaten Belitung dan Kota Pangkalpinang. Pada tahun 2003 berdasarkan Undang-Undang Nomor 5 Tahun 2003 tanggal 23 Januari 2003 dilakukan pemekaran wilayah dengan penambahan 4 kabupaten yaitu Bangka Barat, Bangka Tengah, Bangka Selatan dan Belitung Timur. Provinsi Kepulauan Bangka Belitung merupakan pemekaran wilayah dari Provinsi Sumatera Selatan.",2026-10-09T04:38:41.909054+00:00
Makam Atok Banjar,Kepulauan Bangka Belitung,Makam,ChIJhw39H6_DIi4RoGuJe4B_Ack,Makam Atok Banjar K.H. Mansyur Al-Banjari,"V2Q2+5V3, Petaling, Mendo Barat, Kabupaten Belitung, Bangka Belitung Islands 33173, Indonesia",,,https://maps.google.com/?cid=14483998066405370784&g_mp=CiVnb29nbGUubWFwcy5wbGFjZXMudjEuUGxhY2VzLkdldFBsYWNlEAIYBCAA,-2.1121201,106.0021588,SUCCESS,FIRST_RESULT,2026-09-26T18:10:38.088221+00:00,,,Kepulauan Bangka Belitung,https://id.wikipedia.org/wiki/Kepulauan_Bangka_Belitung,0.0838582131927152,SIMILARITY_MATCH,"Kepulauan Bangka Belitung adalah sebuah provinsi di Indonesia yang terdiri dari dua pulau utama yaitu Pulau Bangka dan Pulau Belitung serta ratusan pulau-pulau kecil, total pulau yang telah bernama berjumlah 470 pulau dan yang berpenghuni hanya 50 pulau. Kepulauan Bangka Belitung terletak di bagian timur Pulau Sumatra, berbatasan dengan Provinsi Sumatera Selatan. Kepulauan Bangka Belitung dikenal sebagai daerah penghasil timah. Jumlah penduduk provinsi ini pada semester pertama tahun 2025 sebanyak 1.559.854 jiwa.
Ibu kota provinsi ini ialah Kota Pangkalpinang. Pemerintahan provinsi ini disahkan pada tanggal 9 Februari 2001. Setelah dilantiknya Pj. Gubernur yakni H. Amur Muchasim, SH (mantan Sekjen Depdagri) yang menandai dimulainya aktivitas roda pemerintahan provinsi.
Selat Bangka memisahkan Pulau Sumatra dan Pulau Bangka, sedangkan Selat Gaspar memisahkan Pulau Bangka dan Pulau Belitung. Di bagian utara provinsi ini adalah laut provinsi Kepulauan Riau, bagian selatan adalah Laut Jawa dan Pulau Kalimantan di bagian timur yang dipisahkan dari Pulau Belitung oleh Selat Karimata.
Provinsi Kepulauan Bangka Belitung sebelumnya adalah bagian dari Sumatera Selatan, tetapi menjadi provinsi sendiri bersamaan dengan Banten dan Gorontalo pada tahun 2000. Provinsi Kepulauan Bangka Belitung didirikan berdasarkan Undang-Undang Nomor 27 Tahun 2000 Tentang Pembentukan Provinsi Kepulauan Bangka Belitung tanggal 21 November 2000 yang terdiri dari Kabupaten Bangka, Kabupaten Belitung dan Kota Pangkalpinang. Pada tahun 2003 berdasarkan Undang-Undang Nomor 5 Tahun 2003 tanggal 23 Januari 2003 dilakukan pemekaran wilayah dengan penambahan 4 kabupaten yaitu Bangka Barat, Bangka Tengah, Bangka Selatan dan Belitung Timur. Provinsi Kepulauan Bangka Belitung merupakan pemekaran wilayah dari Provinsi Sumatera Selatan.",2026-10-09T04:38:42.174219+00:00
Kuburan Borgo,Sulawesi Utara,Makam,ChIJ8_cmKz1lhzIRf2f_HnL27WU,Kuburan Umum,"9M2F+8MJ, Senduk, Tombariri, Minahasa Regency, North Sulawesi, Indonesia",5.0,1.0,https://maps.google.com/?cid=7344797537317906303&g_mp=CiVnb29nbGUubWFwcy5wbGFjZXMudjEuUGxhY2VzLkdldFBsYWNlEAIYBCAA,1.3508268,124.6741406,SUCCESS,FIRST_RESULT,2026-09-26T18:10:38.303376+00:00,,,Seks di tempat umum,https://id.wikipedia.org/wiki/Seks_di_tempat_umum,0.2678852317106803,SIMILARITY_MATCH,"Seks di tempat umum atau seks publik adalah aktivitas seksual yang dilakukan di tempat umum atau tempat yang bisa dilihat publik. Kegiatan ini mengacu pada satu atau lebih orang yang melakukan aktivitas seks di tempat umum, atau di tempat pribadi yang dapat dilihat dari tempat umum.
Tempat pribadi dalam hal ini bisa berupa halaman belakang, pekarangan, gudang, balkon, atau kamar tidur dengan tirai terbuka. Seks publik juga mencakup tindakan seksual di tempat-tempat semi-publik di mana masyarakat umum bebas memasukinya, seperti pusat perbelanjaan. Tindakan seks publik dapat dilakukan di dalam mobil, di pantai, hutan, semak belukar, teater, bus, pesawat, jalan, bilik toilet, atau kuburan, dan lokasi-lokasi lain.
Menurut sebuah penelitian besar pada tahun 2008, berhubungan seks di tempat umum adalah fantasi umum dan sejumlah besar pasangan atau individu telah melakukannya. Fantasi ini kadang-kadang juga digambarkan dalam seni atau film.

",2026-10-09T04:38:42.447981+00:00
Kuburan Kerkhoff Kuburan Belanda,Sulawesi Utara,Makam,ChIJL9isI1I3QDARpzy1dGn9-6I,Kerkhoff Poetjoet,"Peucut, G8W7+PQ5, Sukaramai, Kec. Baiturrahman, Kota Banda Aceh, Aceh 23116, Indonesia",4.5,34.0,https://maps.google.com/?cid=11744259082670128295&g_mp=CiVnb29nbGUubWFwcy5wbGFjZXMudjEuUGxhY2VzLkdldFBsYWNlEAIYBCAA,5.5467599,95.314488,SUCCESS,FIRST_RESULT,2026-09-26T18:10:38.521825+00:00,,,Kerkhof Peucut,https://id.wikipedia.org/wiki/Kerkhof_Peucut,0.35831893996176434,SIMILARITY_MATCH,"Kerkhof Peutjut (juga dieja Kerkhof Peucut, Kerkhoff Peutjoet, Kerkhoff Poetjoet, atau cukup Peutjut) adalah sebuah kompleks pemakaman militer kolonial di Banda Aceh, Aceh, yang terutama menjadi tempat pemakaman anggota Koninklijk Nederlandsch-Indisch Leger (KNIL), Korps Marsose, dan personel kolonial lainnya yang meninggal dalam Perang Aceh. Kompleks ini terletak di Gampong Sukaramai, Kecamatan Baiturrahman, tidak jauh dari Blang Padang dan Museum Tsunami Aceh.
Sekitar 2.200 anggota militer dimakamkan atau dicatat sebagai dimakamkan di Peutjut, selain beberapa ratus warga sipil. Mereka tidak hanya terdiri atas orang Belanda atau Eropa, tetapi juga prajurit KNIL yang berasal dari Jawa, Ambon, Manado, serta daerah lain di Hindia Belanda.
Kerkhof Peutjut secara luas disebut sebagai pemakaman militer Belanda terbesar di luar Belanda. Penelitian Sudirman dari Balai Pelestarian Nilai Budaya Aceh menyebutnya sebagai kompleks makam tentara Belanda yang terluas di dunia. Stichting Peutjut-Fonds menyebut kompleks tersebut sebagai peninggalan fisik terbesar yang masih tersisa dari Perang Aceh.
Meskipun dalam beberapa publikasi Indonesia Peutjut pernah disebut sebagai ""kuburan massal Belanda"", kompleks ini secara fisik terutama terdiri atas ribuan makam individual dan sejumlah monumen peringatan kelompok, sehingga lebih tepat diklasifikasikan sebagai pemakaman militer atau military cemetery daripada sebuah kuburan massal dalam pengertian arkeologis.
Di tengah kompleks terdapat pula makam Meurah Pupok atau Poteu Cut, putra Sultan Iskandar Muda, yang telah dimakamkan di kawasan tersebut lebih dari dua abad sebelum pemerintah kolonial mengembangkannya sebagai pemakaman militer.
Pada 2021, kompleks Kerkhof Peutjut ditetapkan sebagai Cagar Budaya Kota Banda Aceh melalui Keputusan Wali Kota Banda Aceh Nomor 616 Tahun 2021.",2026-10-09T04:38:42.715881+00:00
Pemakaman Imogiri,Yogyakarta,Makam,ChIJD3bvUflUei4RMHRQThlIzZk,Makam Raja-Raja Mataram Imogiri,"Imogiri - Dodogan, Karang Kulon, Wukirsari, Kec. Imogiri, Kabupaten Bantul, Daerah Istimewa Yogyakarta 55782, Indonesia",4.8,1183.0,https://maps.google.com/?cid=11082593531553936432&g_mp=CiVnb29nbGUubWFwcy5wbGFjZXMudjEuUGxhY2VzLkdldFBsYWNlEAIYBCAA,-7.9205289,110.3957694,SUCCESS,FIRST_RESULT,2026-09-26T18:10:38.757107+00:00,,,"Imogiri, Bantul","https://id.wikipedia.org/wiki/Imogiri,_Bantul",0.3323465728503208,SIMILARITY_MATCH,"Imogiri (bahasa Jawa: ꦲꦶꦩꦒꦶꦫꦶ, translit. Imagiri) adalah sebuah kapanewon di Kabupaten Bantul, Provinsi Daerah Istimewa Yogyakarta,  Indonesia. Dalam bahasa Jawa, Imogiri berarti ""gunung yang berkabut"".",2026-10-09T04:38:42.986502+00:00
Makam Ki Ageng Balak,"Kabupaten Sukoharjo, Jawa Tengah",Makam,ChIJoyy2Xro8ei4RjOE8u-eG8ks,Makam Ki Ageng Balak,"Mertan, Kec. Bendosari, Kabupaten Sukoharjo, Jawa Tengah 57528, Indonesia",4.3,73.0,https://maps.google.com/?cid=5472584827045470604&g_mp=CiVnb29nbGUubWFwcy5wbGFjZXMudjEuUGxhY2VzLkdldFBsYWNlEAIYBCAA,-7.6746292999999985,110.8892208,SUCCESS,FIRST_RESULT,2026-09-26T18:10:38.975006+00:00,,,Pulung Langse,https://id.wikipedia.org/wiki/Pulung_Langse,0.07607598136744304,SIMILARITY_MATCH,"Pulung Langse merupakan upacara tradisi yang dilakukan setiap tahun pada akhir bulan atau minggu keempat bulan Sura. Lokasi tradisi ini dilaksanakan di Makam Ki Ageng Balak. Tradisi Pulung Langse dilakukan oleh masyarakat di dua desa dan kecamatan yakni Desa Mertan, Kecamatan Bendosari, dan Dusun Balakan, desa Kenokorejo, Kecamatan Polokarto, Kabupaten Sukoharjo. Upacara tradisi Pulung Langse di Makam Ki Ageng Balak merupakan tradisi budaya yang mencerminkan pelestarian kearifan lokal serta semangat kebersamaan masyarakat di Kabupaten Sukoharjo. Ritual ini menunjukkan bahwa nilai-nilai adat dan tradisi masih dipertahankan dan dilestarikan oleh masyarakat setempat.",2026-10-09T04:38:43.265791+00:00
Makam Raja Haji,Kepulauan Riau,Makam,ChIJJYh0S7tz2TER37fsnFAhTF8,Tomb of Raja Ali Haji,"WCHC+3J6, Jl. Pendidikan, Penyengat, Kec. Tj. Pinang Kota, Kota Tanjung Pinang, Kepulauan Riau 29114, Indonesia",4.8,56.0,https://maps.google.com/?cid=6866900161947023327&g_mp=CiVnb29nbGUubWFwcy5wbGFjZXMudjEuUGxhY2VzLkdldFBsYWNlEAIYBCAA,0.9276728,104.421514,SUCCESS,FIRST_RESULT,2026-09-26T18:10:39.195641+00:00,,,Ali Haji bin Raja Haji Ahmad,https://id.wikipedia.org/wiki/Ali_Haji_bin_Raja_Haji_Ahmad,0.5420698127075663,SIMILARITY_MATCH,"Raja Ali Haji bin Raja Haji Ahmad (Jawi: راج علي حج بن راج حج احمد) atau juga dikenal dengan nama pena Raja Ali Haji (lahir di Pulau Penyengat, Kepulauan Riau, ca 1808 - meninggal di Pulau Penyengat, Kesultanan Lingga, ca 1873) adalah ulama, sejarawan, dan pujangga abad 19 keturunan Bugis dan Melayu. Dia terkenal sebagai pencatat pertama dasar-dasar tata bahasa Melayu lewat buku Pedoman Bahasa; buku yang menjadi standar bahasa Melayu. Bahasa Melayu standar (juga disebut bahasa Melayu baku) itulah yang dalam Kongres Pemuda Indonesia 28 Oktober 1928 ditetapkan sebagai bahasa nasional, bahasa Indonesia. Ia merupakan keturunan kedua (cucu) dari Raja Haji Fisabilillah, Yang Dipertuan Muda IV dari Kesultanan Lingga-Riau dan juga merupakan bangsawan Bugis.
Mahakarya beliau yaitu: Gurindam Dua Belas (1846), menjadi pembaru arus sastra pada zamannya. Bukunya berjudul Kitab Pengetahuan Bahasa, yaitu Kamus Bahasa Melayu Riau-Lingga penggal yang pertama, merupakan kamus ekabahasa pertama di Nusantara. Ia juga menulis Syair Siti Shianah, Syair Suluh Pegawai, Syair Hukum Nikah, dan Syair Sultan Abdul Muluk. Raja Ali Haji juga patut diangkat jasanya dalam penulisan sejarah Melayu. Buku berjudul Tuhfat al-Nafis (""Hadiah yang Berharga"" tentang sejarah Melayu), walaupun dari segi penulisan sejarah sangat lemah karena tidak mencantumkan sumber dan tahunnya, dapat dibilang menggambarkan peristiwa-peristiwa secara lengkap. Meskipun sebagian pihak berpendapat Tuhfat dikarang terlebih dahulu oleh ayahnya yang juga sastrawan, Raja Ahmad. Raji Ali Haji hanya meneruskan apa yang telah dimulai ayahnya. Dalam bidang ketatanegaraan dan hukum, Raja Ali Haji pun menulis Mukaddimah fi Intizam (hukum dan politik). Ia juga aktif sebagai penasehat kerajaan. Ia ditetapkan oleh pemerintah Republik Indonesia sebagai pahlawan nasional pada 5 November 2004.",2026-10-09T04:38:43.528441+00:00
Kuburan Batee Meuculek,"Kabupaten Aceh Barat Daya, Aceh",Makam,ChIJYfxP2MTZOzAR9atSMRK81SQ,Situs Makam Batee Meuculek,"MV7P+7J6, Unnamed Road, Blang Padang, Kec. Tangan-Tangan, Kabupaten Aceh Barat Daya, Aceh 23762, Indonesia",,,https://maps.google.com/?cid=2654234341727710197&g_mp=CiVnb29nbGUubWFwcy5wbGFjZXMudjEuUGxhY2VzLkdldFBsYWNlEAIYBCAA,3.6631538999999993,96.8865274,SUCCESS,FIRST_RESULT,2026-09-26T18:10:39.450120+00:00,,,Kabupaten Aceh Barat Daya,https://id.wikipedia.org/wiki/Kabupaten_Aceh_Barat_Daya,0.09563147399874386,SIMILARITY_MATCH,"Aceh Barat Daya (bahasa Aceh: Jawoe: اچيه بارات ديا) adalah salah satu kabupaten di Provinsi Aceh, Indonesia yang beribu kota di Blangpidie. Kabupaten ini resmi berdiri setelah disahkannya Undang-Undang Republik Indonesia Nomor 4 Tahun 2002. Pada akhir tahun 2023, jumlah penduduk Aceh Barat Daya sebanyak 154.800 jiwa.",2026-10-09T04:38:43.798083+00:00
Makam Syeh Mahmud,"Kabupaten Aceh Barat Daya, Aceh",Makam,ChIJ4YE3TABhOTARm_vjUnNOXt0,Makam Syekh Mahmud Blangpidie,"PRQM+3QC, Jl. Kesehatan, Kepala Bandar, Susoh, Kabupaten Aceh Barat Daya, Aceh 23763, Indonesia",,,https://maps.google.com/?cid=15951273187411753883&g_mp=CiVnb29nbGUubWFwcy5wbGFjZXMudjEuUGxhY2VzLkdldFBsYWNlEAIYBCAA,3.7377539,96.8345613,SUCCESS,FIRST_RESULT,2026-09-26T18:10:39.660975+00:00,,,Dayah Bustanul Huda Blangpidie,https://id.wikipedia.org/wiki/Dayah_Bustanul_Huda_Blangpidie,0.35467676583200136,SIMILARITY_MATCH,"Dayah Bustanul Huda Blangpidie (Jawi: دايه بستان الهدي بلڠ ڤيدي; bahasa Arab: معهد بستان الهدى الدنية الإسلامية الشافعية Ma'had Bustānul Hudā al-Diniyyah al-Islāmiyah asy-Syāfi'iyah), adalah dayah atau pondok pesantren yang didirikan oleh Syaikh Tgk. H. Teuku Mahmud bin Teuku Ahmad gelar Abu Syekh Mud pada tahun 1928 di Blangpidie. Dayah ini awalnya berlokasi di komplek Masjid Jamik di Pasar Blangpidie. Pada 14 Juni 1983, Dayah Bustanul Huda dipindahkan oleh Abu Syam Marfaly ke lokasi saat ini di Jl. Cot Seutui, Keude Siblah, Blangpidie, Aceh Barat Daya. 

Lembaga pendidikan Islam ini dikenal telah mencetak banyak ulama di Aceh dan beberapa daerah di Sumatra. Alumni dayah ini diantaranya adalah Abuya Muda Waly, Abu Ibrahim Woyla, dll.",2026-10-09T04:38:44.066829+00:00
Makam Laksamana Malahayati,"Kabupaten Aceh Besar, Aceh",Makam,ChIJZdgtAltOQDARu0K2Z60UYd8,Makam Laksamana Keumala Hayati,"HGRH+C5H, Lamreh, Mesjid Raya, Aceh Besar Regency, Aceh, Indonesia",4.7,15.0,https://maps.google.com/?cid=16096169278200758971&g_mp=CiVnb29nbGUubWFwcy5wbGFjZXMudjEuUGxhY2VzLkdldFBsYWNlEAIYBCAA,5.5910701,95.5279718,SUCCESS,FIRST_RESULT,2026-09-26T18:10:39.888234+00:00,,,Malahayati,https://id.wikipedia.org/wiki/Malahayati,0.6248658104837242,SIMILARITY_MATCH,"Keumalahayati, lebih dikenal sebagai Malahayati, adalah tokoh perempuan Kesultanan Aceh yang dalam historiografi Indonesia dikenal sebagai laksamana dan panglima angkatan laut pada masa pemerintahan Alauddin Riayat Syah Sayyid al-Mukammil (1589–1604). Literatur Indonesia umumnya menempatkan masa hidupnya pada sekitar 1550–1615, meskipun tanggal kelahiran dan kematiannya tidak diketahui secara pasti dari sumber sezaman.
Salah satu bukti sezaman mengenai keberadaan seorang perempuan yang menduduki jabatan laksamana di Aceh berasal dari navigator Inggris John Davis, yang berada di Aceh bersama armada Belanda pada 1599. Dalam catatan perjalanannya Davis menyebut bahwa salah seorang perempuan di lingkungan Sultan Aceh menjabat sebagai laksamana. Ia tidak menyebut nama perempuan tersebut.
Dalam historiografi Aceh modern, Malahayati dikaitkan dengan pembentukan pasukan perempuan Inong Balee, yang disebut terdiri terutama atas janda-janda prajurit Aceh yang gugur melawan Portugis. Salah seorang yang disebut gugur adalah suaminya, yang dalam sejumlah publikasi Indonesia kemudian dikenal sebagai Laksamana Zainal Abidin. Tradisi biografis tersebut menghubungkan kematian suaminya dengan pertempuran laut Aceh–Portugis di Teluk Haru dan pembentukan Inong Balee sesudahnya.
Nama Malahayati juga dikaitkan dengan konflik antara Aceh dan ekspedisi Belanda yang dipimpin Cornelis de Houtman pada 1599. Cornelis terbunuh dalam pertempuran di Aceh, sedangkan saudaranya, Frederick de Houtman, ditawan selama lebih dari dua tahun. Cerita bahwa Cornelis tewas dalam duel langsung dengan Malahayati berkembang dalam historiografi Indonesia pada abad ke-20, tetapi tidak disebutkan dalam laporan John Davis maupun Frederik de Houtman yang diketahui.
Pemerintah Indonesia menetapkan Malahayati sebagai Pahlawan Nasional Indonesia berdasarkan Keputusan Presiden Republik Indonesia Nomor 115/TK/Tahun 2017 tanggal 6 November 2017. Pada 2023, Sidang Umum UNESCO ke-42 menyetujui pengasosiasian UNESCO dengan peringatan 475 tahun kelahirannya pada 2025.",2026-10-09T04:38:44.337847+00:00
Makam Kramat Du Panggola,"Kota Gorontalo, Gorontalo",Makam,ChIJOWaWjN0reTIRiYYDDY4Tx08,Makam Aulia Raja Ilato (Ju Panggola),"HX2W+M6V, Jl. Usman Isa, Iluta, Kec. Batudaa, Kabupaten Gorontalo, Gorontalo 96271, Indonesia",4.2,14.0,https://maps.google.com/?cid=5748584950186346121&g_mp=CiVnb29nbGUubWFwcy5wbGFjZXMudjEuUGxhY2VzLkdldFBsYWNlEAIYBCAA,0.5517369999999999,122.9955403,SUCCESS,FIRST_RESULT,2026-09-26T18:10:40.109856+00:00,,,Daftar tempat wisata di Indonesia,https://id.wikipedia.org/wiki/Daftar_tempat_wisata_di_Indonesia,0.06457153413615158,SIMILARITY_MATCH,"Berikut adalah daftar tempat pariwisata di Indonesia berdasarkan provinsi. Silakan kunjungi Pariwisata di Indonesia untuk informasi lebih lengkap.

",2026-10-09T04:38:44.604015+00:00
Makam Kramat Tajailoyibuo,"Kota Gorontalo, Gorontalo",Makam,ChIJz0ohRB0reTIRf8zS7Un1Bos,Makam Aulia Ta Diya'a Oyibuo,"G3M2+P6R, Donggala, Hulonthalangi, Gorontalo Regency, Gorontalo 96133, Indonesia",5.0,2.0,https://maps.google.com/?cid=10017964119003679871&g_mp=CiVnb29nbGUubWFwcy5wbGFjZXMudjEuUGxhY2VzLkdldFBsYWNlEAIYBCAA,0.5343523,123.0505252,SUCCESS,FIRST_RESULT,2026-09-26T18:10:40.367693+00:00,,,,,,NO_CANDIDATE,,
Makam Aulia Raja Ilato,"Kota Gorontalo, Gorontalo",Makam,ChIJOWaWjN0reTIRiYYDDY4Tx08,Makam Aulia Raja Ilato (Ju Panggola),"HX2W+M6V, Jl. Usman Isa, Iluta, Kec. Batudaa, Kabupaten Gorontalo, Gorontalo 96271, Indonesia",4.2,14.0,https://maps.google.com/?cid=5748584950186346121&g_mp=CiVnb29nbGUubWFwcy5wbGFjZXMudjEuUGxhY2VzLkdldFBsYWNlEAIYBCAA,0.5517369999999999,122.9955403,SUCCESS,FIRST_RESULT,2026-09-26T18:10:40.545266+00:00,,,Kota Gorontalo,https://id.wikipedia.org/wiki/Kota_Gorontalo,0.03321757319148129,SIMILARITY_MATCH,"Kota Gorontalo (Jawi Melayu: كهتا ݢهرهنتاله)(Silita Hulontalo: Kota Hulontalo) merupakan ibu kota Provinsi Gorontalo, Indonesia sekaligus menjadi kota Kawasan Teluk Tomini di Semenanjung Utara Pulau Sulawesi.
Kota Gorontalo merupakan kota terbesar dan terpadat penduduknya di wilayah Teluk Tomini (Teluk Gorontalo), sehingga menjadikan Kota Gorontalo sebagai pusat ekonomi, jasa dan perdagangan, pendidikan, hingga pusat penyebaran agama Islam di Kawasan Indonesia Timur.
Dalam catatan manuskrip sejarah Kesultanan Gorontalo, Kota Gorontalo yang lebih tertata dan memadai terbentuk secara resmi pada tanggal 19 Maret 1728.
Kota ini memiliki luas wilayah 79,03 km² (0,65% dari luas Provinsi Gorontalo). Pada pertengahan tahun 2023, jumlah penduduk kota Gorontalo sebanyak 203.205 jiwa.Pada tahun 2024, jumlah penduduk naik menjadi 203.812 jiwa dengan kepadatan penduduk 2.561 jiwa/km².",2026-10-09T04:38:44.866422+00:00
Makam Aulia Male Tailayabe,"Kota Gorontalo, Gorontalo",Makam,ChIJTZ-2W6QqeTIRIwI9ZOFJMfU,Makam Aulia Male Ta Ilayabe,"Kota Tim., Kota Dombo Raya, Gorontalo, G357+VHM, Talumolo, Kec. Kota Tim., Kota Gorontalo, Gorontalo 96133, Indonesia",4.3,7.0,https://maps.google.com/?cid=17667984045549355555&g_mp=CiVnb29nbGUubWFwcy5wbGFjZXMudjEuUGxhY2VzLkdldFBsYWNlEAIYBCAA,0.5097079,123.0639305,SUCCESS,FIRST_RESULT,2026-09-26T18:10:40.746587+00:00,,,,,,NO_CANDIDATE,,
Makam Pangeran Jayakarta,"Jakarta Timur, Jakarta",Makam,ChIJoTQhfLD0aS4RPwTpU2oC4_A,Makam Pangeran Jayakarta,"Jl. Jatinegara Kaum No.49, RT.6/RW.3, Jatinegara Kaum, Kec. Pulo Gadung, Kota Jakarta Timur, Daerah Khusus Ibukota Jakarta 13250, Indonesia",4.7,318.0,https://maps.google.com/?cid=17357720044513592383&g_mp=CiVnb29nbGUubWFwcy5wbGFjZXMudjEuUGxhY2VzLkdldFBsYWNlEAIYBCAA,-6.2020054,106.901001,SUCCESS,FIRST_RESULT,2026-09-26T18:10:41.025782+00:00,,,Pangeran Jayakarta,https://id.wikipedia.org/wiki/Pangeran_Jayakarta,0.8014185506617261,SIMILARITY_MATCH,"Pangeran Jayakarta adalah nama seorang penguasa kota pelabuhan Jayakarta, yang menjabat sebagai wakil dari Kesultanan Banten. Kekuasaan Banten atas wilayah ini berhasil direbut oleh Belanda, setelah Pangeran Jayakarta dikalahkan oleh pasukan VOC di bawah pimpinan Jan Pieterszoon Coen pada tanggal 30 Mei 1619.",2026-10-09T04:38:45.120711+00:00
Makam Sultan Thaha,"Kabupaten Tebo, Jambi",Makam,ChIJDT1TBKzqLi4RhwBTxHgwLRg,Makam Sultan Thaha Syaifuddin,"GC5V+QG6, Kelurahan Muara Tebo, Tebo Tengah, Tebo Regency, Jambi 37573, Indonesia",4.5,27.0,https://maps.google.com/?cid=1742101926110232711&g_mp=CiVnb29nbGUubWFwcy5wbGFjZXMudjEuUGxhY2VzLkdldFBsYWNlEAIYBCAA,-1.4905828,102.4437564,SUCCESS,FIRST_RESULT,2026-09-26T18:10:41.228083+00:00,,,Sultan Thaha Saifuddin,https://id.wikipedia.org/wiki/Sultan_Thaha_Saifuddin,0.775502966802349,SIMILARITY_MATCH,"Sultan Thaha Saifuddin (juga dieja Sultan Thaha Syaifuddin); (1816 - 26 April 1904) adalah seorang sultan terakhir dari Kesultanan Jambi dan Pahlawan Nasional Indonesia.
Ia menolak untuk memperbarui perjanjian yang diberlakukan pada sultan-sultan pendahulunya dengan Belanda, yang menginvasi Jambi pada tahun 1858, memerintah sebagian besar kesultanan sampai tahun 1899. Thaha, terus mengklaim kesultanan dan menguasai wilayah-wilayah yang sulit dijangkau sampai dia dibunuh oleh tentara Belanda.",2026-10-09T04:38:45.386873+00:00
Makam Karl Adolf Bosscha,"Kabupaten Bandung Barat, Jawa Barat",Makam,ChIJqb3VetqWaC4RDjJDgYMIfxU,Bosscha Tomb,"Banjarsari, QHQQ+54H, Pangalengan, Banjarsari, Bandung, Kabupaten Bandung, Jawa Barat 40378, Indonesia",4.5,129.0,https://maps.google.com/?cid=1548966157741142542&g_mp=CiVnb29nbGUubWFwcy5wbGFjZXMudjEuUGxhY2VzLkdldFBsYWNlEAIYBCAA,-7.2120726999999984,107.5878738,SUCCESS,FIRST_RESULT,2026-09-26T18:10:41.451841+00:00,,,Kabupaten Bandung Barat,https://id.wikipedia.org/wiki/Kabupaten_Bandung_Barat,0.05205732725237208,SIMILARITY_MATCH,"Kabupaten Bandung Barat (bahasa Sunda: ᮘᮔ᮪ᮓᮥᮀ ᮊᮥᮜᮧᮔ᮪, translit. Bandung Kulon) adalah kabupaten di Provinsi Jawa Barat, Indonesia. Ibu kota kabupaten ini terletak di kecamatan Ngamprah. Kabupaten ini merupakan pemekaran dari Kabupaten Bandung. Kabupaten Bandung Barat berbatasan dengan Kabupaten Purwakarta dan Kabupaten Subang di sebelah utara, Kabupaten Bandung, Kabupaten Sumedang, dan Kota Cimahi di sebelah timur, Kabupaten Bandung dan Kota Bandung di sebelah selatan, serta Kabupaten Cianjur di sebelah barat. Pada akhir tahun 2024, jumlah penduduk kabupaten Bandung sebanyak 1.911.661 jiwa.",2026-10-09T04:38:45.638589+00:00
Makam Sunan Gunung Jati,"Kabupaten Cirebon, Jawa Barat",Makam,ChIJM3IZNfUdby4RQoqFvuloyEQ,Tomb of Sunan Gunung Jati,"Jl. Makam Jl. Sunan Gn. Jati, Astana, Kec. Gunungjati, Kabupaten Cirebon, Jawa Barat 45151, Indonesia",4.1,1789.0,https://maps.google.com/?cid=4956326743054322242&g_mp=CiVnb29nbGUubWFwcy5wbGFjZXMudjEuUGxhY2VzLkdldFBsYWNlEAIYBCAA,-6.671216800000001,108.5400396,SUCCESS,FIRST_RESULT,2026-09-26T18:10:41.733841+00:00,,,Sunan Gunung Jati,https://id.wikipedia.org/wiki/Sunan_Gunung_Jati,0.8308510843766794,SIMILARITY_MATCH,"Sunan Gunung Jati atau lebih di kenal sebagai Sayyid Al-Kamil adalah salah seorang dari Walisongo, ia dilahirkan Tahun 1448 Masehi dari pasangan Syarif Abdullah Umdatuddin Sultan Pertama Kesultanan Champa dan Syarifah Mudaim (Nyai Rara Santang), putri dari Sri Baduga Maharaja (Prabu Siliwangi) dari Kerajaan Padjajaran.
Nama Syarif Hidayatullah kemudian diabadikan menjadi nama Universitas Islam Negeri Syarif Hidayatullah Jakarta di Kota Tangerang Selatan, Banten.
Sedangkan nama Sunan Gunung Jati diabadikan menjadi nama universitas Islam negeri di Kota Bandung, Jawa Barat, yaitu Universitas Islam Negeri Sunan Gunung Djati, Korem 063/Sunan Gunung Jati di Cirebon dan layanan kereta penumpang yaitu Kereta api Gunungjati rute Semarang–Cirebon–Jakarta Gambir yang beroperasi mulai 1 Februari 2025.",2026-10-09T04:38:45.900663+00:00
Makam Habib Ali,"Kabupaten Jepara, Jawa Tengah",Makam,ChIJmXNNGaMfcS4RyUPJ5JCwc8E,Makam Syekh Ali Muhammad,"Jl. Jenderal Ahmad Yani No.64, Mulyoharjo III, Mulyoharjo, Kec. Jepara, Kabupaten Jepara, Jawa Tengah 59415, Indonesia",5.0,2.0,https://maps.google.com/?cid=13939679408001991625&g_mp=CiVnb29nbGUubWFwcy5wbGFjZXMudjEuUGxhY2VzLkdldFBsYWNlEAIYBCAA,-6.5848831,110.6787935,SUCCESS,FIRST_RESULT,2026-09-26T18:10:41.957282+00:00,,,Muhammad bin Abdul Wahhab,https://id.wikipedia.org/wiki/Muhammad_bin_Abdul_Wahhab,0.3966830592473422,SIMILARITY_MATCH,"Muḥammad bin ʿAbdul Wahhāb at-Tamīmī (; bahasa Arab: محمد بن عبد الوهاب التميمي; 1703 – 1792) adalah seorang ulama Islam, pemimpin agama, pembaharu, aktivis, dan teolog dari Najd di Arabia tengah. Nama lengkapnya adalah Muhammad bin Abdul Wahhab bin Sulaiman bin Ali. Murid-muridnya yang terkenal termasuk putranya Ḥusain, ʿAbdullāh, ʿAlī, dan Ibrāhīm, cucunya ʿAbdur-Raḥman bin Ḥasan, menantunya ʿAbdul-ʿAzīz bin Muḥammad bin Saʿūd, Ḥamād ibn Nāṣir bin Muʿammar, dan Ḥusayn āl-Ghannām. Beliau menghafal Al-Qur'an ketika masih kecil dan belajar kepada ayahnya, yang menjadi hakim di Uyainah pada waktu itu, dan kepada yang lain di antara tokoh-tokoh ulama Najd, Al-Madinah, Al-Ahsa, dan Al-Bashrah.
Label ""Wahhabi"" tidak diklaim oleh para pengikutnya melainkan digunakan oleh para cendekiawan Barat serta para kritikusnya. Lahir dari keluarga ahli fikih, pendidikan awal Ibnu ʿAbd al-Wahhab terdiri dari mempelajari kurikulum fikih yang cukup standar menurut mazhab hukum Islam Hanbali, yang merupakan mazhab yang paling umum di wilayah kelahirannya. Dia mempromosikan kepatuhan ketat terhadap hukum Islam tradisional, menyatakan perlunya kembali langsung ke Quran dan Hadis daripada mengandalkan interpretasi abad pertengahan, dan bersikeras bahwa setiap Muslim –  pria dan wanita –  secara pribadi membaca dan mempelajari Quran. Dia menentang taqlid (pengikutan buta) dan menyerukan penggunaan ijtihad (penalaran hukum independen melalui penelitian kitab suci).  Dia memiliki pelatihan dasar awal dalam tradisi Muslim Suni klasik, Ibnu ʿAbdul Wahhab secara bertahap menjadi menentang banyak populer, tetapi diperebutkan, praktik keagamaan seperti kunjungan ke dan pemujaan tempat suci dan makam orang-orang suci Muslim, yang menurutnya merupakan bid'ah atau bahkan penyembahan berhala. Seruannya untuk reformasi sosial dalam masyarakat didasarkan pada doktrin kunci tauhid (keesaan Tuhan).
Meskipun ajarannya ditolak dan ditentang oleh banyak Ulama Muslim Suni terkemuka pada masa itu, termasuk ayah dan saudara lelakinya sendiri, Ibnu ʿAbdul Wahhab membuat perjanjian politik agama dengan Muhammad bin Saud untuk membantunya mendirikan Emirat Diriyah, negara Saudi pertama, dan memulai aliansi dinasti dan pengaturan pembagian kekuasaan antara keluarga mereka yang berlanjut hingga hari ini di Kerajaan Arab Saudi. Al asy-Syekh, keluarga agama terkemuka Arab Saudi, adalah keturunan Ibnu ʿAbdul Wahhab, dan secara historis memimpin ulama di negara Saudi, mendominasi lembaga ulama negara.",2026-10-09T04:38:46.160911+00:00
Makam Syeh Abu Bakar,"Kabupaten Jepara, Jawa Tengah",Makam,ChIJR9ERq7wecS4Rgwt42JIL1Gk,"Makam Syeikh Abu Bakar Jepara, Mbah Jogo Laut, dan Mbah Griji atau Mbah Jasad","CJFH+6HG, Ujungbatu I, Ujungbatu, Kec. Jepara, Kabupaten Jepara, Jawa Tengah, Indonesia",4.4,71.0,https://maps.google.com/?cid=7625732794369969027&g_mp=CiVnb29nbGUubWFwcy5wbGFjZXMudjEuUGxhY2VzLkdldFBsYWNlEAIYBCAA,-6.5769484,110.628949,SUCCESS,FIRST_RESULT,2026-09-26T18:10:42.173553+00:00,,,Abuya Muda Waly,https://id.wikipedia.org/wiki/Abuya_Muda_Waly,0.0790378470677428,SIMILARITY_MATCH,"Abuya Muda Waly memiliki nama lengkap Teungku Syekh Haji Muhammad Waly Al-Khalidy adalah seorang ulama dari Aceh Selatan. Salah seorang istrinya, Ummi Hajjah Rabi'ah Jamil Jaho pernah menuliskan namanya dengan Syekh Haji Muhammad Wali, Asyafi'i Mazhaban, wal Asy'ari Aqidatan, wan Naqsyabandi Thariqatan. Dia lahir pada tahun 1917 di Blang Poroh, Labuhan Haji, Aceh Selatan. Ayahnya bernama Syekh Haji Muhammad Salim bin Tuanku Ahmad Sutan Malin Palito, seorang dai asal Batusangkar, Sumatera Barat dan ibunya bernama Siti Janadat. Namanya ketika kecil adalah Muhammad Wali, sedangkan gelar ""Muda Waly"" didapatkannya ketika dalam masa belajar di Sumatera Barat.",2026-10-09T04:38:46.415394+00:00
Pemakaman Girigondo,Yogyakarta,Makam,ChIJrX7ptV_kei4Rc8Iwb9XNNMg,Astana Girigondo,"43HQ+WX3, Balong, Kaligintung, Kec. Temon, Kabupaten Kulon Progo, Daerah Istimewa Yogyakarta 55654, Indonesia",4.8,44.0,https://maps.google.com/?cid=14426381822951735923&g_mp=CiVnb29nbGUubWFwcy5wbGFjZXMudjEuUGxhY2VzLkdldFBsYWNlEAIYBCAA,-7.8702485,110.0899371,SUCCESS,FIRST_RESULT,2026-09-26T18:10:42.375689+00:00,,,Astana Giriganda,https://id.wikipedia.org/wiki/Astana_Giriganda,0.594492003537796,SIMILARITY_MATCH,"Astana Giriganda atau Pasarean Giriganda (bahasa Jawa: ꦥꦱꦉꦪꦤ꧀ꦒꦶꦫꦶꦒꦤ꧀ꦢ, translit. Pasarean Giriganda) adalah tempat pemakaman dan peristirahatan terakhir untuk Adipati Pakualaman beserta para kerabatnya. Lokasi Komplek pemakaman ini terletak di atas Perbukitan Menoreh di Kalurahan Kaligintung, Kapanewon Temon, Kabupaten Kulon Progo, DI Yogyakarta berjarak sekitar 10 km dari kota Wates.",2026-10-09T04:38:46.677305+00:00
Makam Syeh Amir Hasan,"Kabupaten Jepara, Jawa Tengah",Makam,ChIJtRR5fScfcS4R_ImQ8WpcQ1E,Makam Syeh Hasan bin Ibrohim Al-Hasni,"Rw. III, Bandengan, Kec. Jepara, Kabupaten Jepara, Jawa Tengah 59431, Indonesia",4.7,23.0,https://maps.google.com/?cid=5855625554900847100&g_mp=CiVnb29nbGUubWFwcy5wbGFjZXMudjEuUGxhY2VzLkdldFBsYWNlEAIYBCAA,-6.573218,110.6645986,SUCCESS,FIRST_RESULT,2026-09-26T18:10:42.601360+00:00,,,Sunan Nyamplungan,https://id.wikipedia.org/wiki/Sunan_Nyamplungan,0.08568397697749322,SIMILARITY_MATCH,Sunan Nyamplungan dilahirkan dengan nama Syekh Amir Hasan. Beliau adalah putra dari Sunan Kudus dengan Dewi Ruhil sekaligus menantu Sunan Muria karena menikahi putrinya yang bernama Dewi Nasiki.,2026-10-09T04:38:46.932303+00:00
Makam Petilasan Krapyak,"Kabupaten Kendal, Jawa Tengah",Makam,ChIJPct42AOHcC4R1HHf6MVnw2g,Makam Waliyullah Jabbal Krapyak & Petilasan Kanjeng Sunan Benowo,"RCVC+PW9, Jl. Polonia Bejiungaran, Beji, Kec. Ungaran Tim., Kabupaten Semarang, Jawa Tengah 50519, Indonesia",5.0,3.0,https://maps.google.com/?cid=7548991500116259284&g_mp=CiVnb29nbGUubWFwcy5wbGFjZXMudjEuUGxhY2VzLkdldFBsYWNlEAIYBCAA,-7.155722399999999,110.4223505,SUCCESS,FIRST_RESULT,2026-09-26T18:10:42.815357+00:00,,,Kanjeng Ratu Kidul,https://id.wikipedia.org/wiki/Kanjeng_Ratu_Kidul,0.21647269793743593,SIMILARITY_MATCH,"Sri Gusti Kanjeng Ratu Kidul (bahasa Jawa: ꧋ꦱꦿꦶꦒꦸꦱ꧀ꦠꦶꦏꦚ꧀ꦗꦼꦁꦫꦠꦸꦏꦶꦢꦸꦭ꧀) adalah tokoh legenda yang sangat populer di kalangan masyarakat Pulau Jawa yaitu Jawa Barat , Jawa Tengah , Jawa Timur dan pulau Bali. Sosok ini secara umum sering disamakan dengan Nyi Roro Kidul, meskipun sebenarnya dia berdua sangatlah berbeda.
Pada umumnya dia menampakkan diri hanya untuk memberi isyarat / peringatan akan datangnya suatu kejadian penting.
 Dalam mitologi Jawa, Kanjeng Ratu Kidul merupakan ciptaan dari Dewa Kaping Telu. Ia mengisi alam kehidupan sebagai Dewi Padi (Dewi Sri) dan dewi-dewi alam yang lain. Sedangkan Nyi Rara Kidul awalnya merupakan putri Kerajaan Sunda yang diusir ayahnya karena ulah ibu tirinya. Cerita-cerita yang terkait antara ""Ratu Kidul"" dengan ""Rara Kidul"" bisa dikatakan berbeda fase tahapan kehidupan menurut mitologi Jawa.
Kanjeng Ratu Kidul memiliki kuasa atas ombak keras samudra Hindia dari istananya yang terletak di jantung samudra. Menurut kepercayaan Jawa, ia merupakan pasangan spiritual para Raja dari Mataram Hingga para Raja keturunannya di Surakarta dan Jogja, dimulai dari Panembahan Senapati. Namun, kini ia dipandang sebagai ibu spiritual para Susuhunan Surakarta maupun sultan jogja. Kedudukannya berhubungan dengan Hutan Krendhawahana dalam pewayangan disebut Alas Setragandamayit/Dandangmagore Kahyangan atau tempat tinggal bersemayam berstananya Batari Durga Permoni
Pengamat sejarah kebanyakan beranggapan, keyakinan akan Kanjeng Ratu Kidul memang dibuat untuk melegitimasi kekuasaan dinasti Mataram.",2026-10-09T04:38:47.197737+00:00
Makam Pengeran Benowo,"Kabupaten Kendal, Jawa Tengah",Makam,ChIJN_HLtAxpcC4RadNHWVF6tAM,Makam Pangeran Benowo,"X4WQ+6QX, Praan, Pekuncen, Kec. Pegandon, Kabupaten Kendal, Jawa Tengah 51357, Indonesia",4.4,12.0,https://maps.google.com/?cid=266972767730520937&g_mp=CiVnb29nbGUubWFwcy5wbGFjZXMudjEuUGxhY2VzLkdldFBsYWNlEAIYBCAA,-7.0043979,110.1394837,SUCCESS,FIRST_RESULT,2026-09-26T18:10:43.044070+00:00,,,"Benowo, Surabaya","https://id.wikipedia.org/wiki/Benowo,_Surabaya",0.2514965300945319,SIMILARITY_MATCH,"Benowo adalah salah satu kecamatan di Kota Surabaya bagian barat. Benowo mencakup 4 kelurahan dan berpusat di Kelurahan Sememi yang terdapat Pasar Sememi. Dulunya Kelurahan Benowo juga merupakan bagian dari Kecamatan Benowo, tetapi sekarang dimasukkan ke Kecamatan Pakal. Pusat Kecamatan Benowo dilintasi jalan raya menuju Gresik bagian selatan. Sedangkan Benowo bagian utara (Tambak Osowilangun dan Romokalisari) berada di kawasan pesisir. Benowo bagian utara berjarak cukup dekat dengan Gresik Kota dan memiliki kawasan pergudangan industri yang besar. Benowo utara dilengkapi infrastruktur seperti Terminal Osowilangon dan Gerbang Tol Romokalisari untuk sektor darat, serta Terminal Teluk Lamong untuk sektor laut.",2026-10-09T04:38:47.454150+00:00
Makam Sunan Kudus,"Kabupaten Kudus, Jawa Tengah",Makam,ChIJD9DOrCDFcC4R8kh2j62quIs,Tomb of Kanjeng Sunan Kudus,"Jl. Menara, Pejaten, Langgardalem, Kec. Kota Kudus, Kabupaten Kudus, Jawa Tengah 59315, Indonesia",4.8,949.0,https://maps.google.com/?cid=10067984629399701746&g_mp=CiVnb29nbGUubWFwcy5wbGFjZXMudjEuUGxhY2VzLkdldFBsYWNlEAIYBCAA,-6.8039365,110.8322242,SUCCESS,FIRST_RESULT,2026-09-26T18:10:43.289607+00:00,,,Sunan Kudus,https://id.wikipedia.org/wiki/Sunan_Kudus,0.6679426033369811,SIMILARITY_MATCH,"Sunan Kudus Nama lahirnya adalah Sayyid Ja'far Shodiq bin Syekh Sabil Sunan Ngudung Demak;  Merupakan ulama sekaligus panglima perang Kesultanan Demak yang termasuk dalam anggota dewan Wali Songo.
Berdasarkan Serat Panengen diketahui bahwa Sunan Kudus adalah Putra dari Nyai Ageng Manyuran yang menikah dengan Sunan Ngudung bin Khalifah Husain. Sedangkan, dalam Serat Walisana diketahui bahwa nama asli Sunan Ngudung bin Khalifah Husain adalah Syarif Sabil.",2026-10-09T04:38:47.718024+00:00
Makam Sunan Muria,"Kabupaten Kudus, Jawa Tengah",Makam,ChIJkZDtT6vZcC4R8mKVw1isJsE,Tomb of Sunan Muria,"Colo, Dawe, Kudus Regency, Central Java, Indonesia",4.7,1232.0,https://maps.google.com/?cid=13918001195673543410&g_mp=CiVnb29nbGUubWFwcy5wbGFjZXMudjEuUGxhY2VzLkdldFBsYWNlEAIYBCAA,-6.6684189,110.9029323,SUCCESS,FIRST_RESULT,2026-09-26T18:10:43.522080+00:00,,,Sunan Muria,https://id.wikipedia.org/wiki/Sunan_Muria,0.7480461757966487,SIMILARITY_MATCH,"Sunan Muria merupakan Ulama yang termasuk dalam anggota dewan Wali Songo. Nama lahirnya adalah Sayyid Umar Said. Ia adalah putra Sunan Kalijaga dengan Sayyidah Dewi Saroh binti Sayyid Ishaq Tamsyi.
Nama Sunan Muria sendiri diperkirakan berasal dari nama gunung (Gunung Muria), yang terletak di sebelah utara kota Kudus, Jawa Tengah, tempat Sunan Muria dimakamkan. Sunan Muria wafat pada tahun 1560 M.
Di dalam tradisi penulisan tembang, Sunan Muria dianggap sebagai pencipta tembang-tembang cilik (sekar alit) jenis Sinom dan Kinanthi.",2026-10-09T04:38:47.979666+00:00
Makam Sunan Kedu,"Kabupaten Kudus, Jawa Tengah",Makam,ChIJ9eaBcu7bcC4R0cdgHYO2Q_s,Makam Sunan Kedu,"Krajan, Sukoharjo, Gribig, Kec. Gebog, Kabupaten Kudus, Jawa Tengah 59333, Indonesia",4.9,13.0,https://maps.google.com/?cid=18105515601209378769&g_mp=CiVnb29nbGUubWFwcy5wbGFjZXMudjEuUGxhY2VzLkdldFBsYWNlEAIYBCAA,-6.7853948,110.830799,SUCCESS,FIRST_RESULT,2026-09-26T18:10:43.734435+00:00,,,Sunan Kedu,https://id.wikipedia.org/wiki/Sunan_Kedu,0.7261328514106564,SIMILARITY_MATCH,"Sunan Kedu adalah julukan lain dari Ki Ageng Kedu, seorang ulama yang berasal dari daerah Kedu (sekarang masuk wilayah Kab. Temanggung).
Ia pernah menantang dan menjajal kesaktian Sunan Kudus dengan menaiki permadani terbang di sekitar kediaman Sunan Kudus. 
Melihat keangkuhan tersebut Sunan Kudus pun akhirnya menaklukkan dan menjatuhkannya hingga terjerembab ke dalam tanah yang becek dan berair (ngecember). Tempat jatuhnya Ki Ageng Kedu tersebut kini disebut dengan nama ""Jember"".
Setelah kalah, Ki Ageng Kedu pun akhirnya mengakui kesaktian Sunan Kudus dan berguru kepadanya dan kemudian disebut dengan Sunan Kedu yang ditugasi berdakwah di daerah Gribig, Kudus.
Beliau wafat dan dimakamkan di Dukuh Krajan, Desa Gribig, Kec. Gebog, Kab. Kudus.",2026-10-09T04:38:48.241139+00:00
Makam Syeh Syadzili,"Kabupaten Kudus, Jawa Tengah",Makam,ChIJyUS-ByDYcC4RzOKNQENe7jA,Makam Syekh Abu Hasan Syadzali,"8WX3+H5C, Area Gn., Colo, Kec. Dawe, Kabupaten Kudus, Jawa Tengah 59353, Indonesia",4.5,54.0,https://maps.google.com/?cid=3525859201216537292&g_mp=CiVnb29nbGUubWFwcy5wbGFjZXMudjEuUGxhY2VzLkdldFBsYWNlEAIYBCAA,-6.6510582,110.9028753,SUCCESS,FIRST_RESULT,2026-09-26T18:10:43.948748+00:00,,,Nahrawi Al Banyumasyi,https://id.wikipedia.org/wiki/Nahrawi_Al_Banyumasyi,0.06968983667987295,SIMILARITY_MATCH,"Nahrawi Al-Banyumasi adalah seorang ulama asal Indonesia yang sangat mahsyur di tanah Arab. beliau lahir lahir di Purbalingga pada tahun 1860. Nama aslinya adalah Kiai Mukhtarom. Kemudian tafa’ulan kepada gurunya sehingga namanya menjadi Nahrawi. Nama lengkap beliau adalah ""Ahmad Nahrawi Mukhtarom bin Imam Raja Al-Banyumasi Al-Jawi"". Biografinya terdapat di kitab A’lamul Makiyyin yang ditulis oleh Syekh Abdullah Muallimi. Ada di entri nomor 1431 halaman 964,” ujar penulis buku Mahakarya Islam Nusantara itu.
Nahrawi wafat pada tahun 1926 pada usia 86 tahun dan dimakamkan Ma’la di Makkah. Meski demikian kiprah dakwahnya di tanah air tidak pernah terputus. Dakwah terus bersambung dilanjutkan keluarganya di Purbalingga.",2026-10-09T04:38:48.499067+00:00
Makam Kyai Telingsing,"Kabupaten Kudus, Jawa Tengah",Makam,ChIJIcsV0cDEcC4RJFabl2g1fWQ,Makam Mbah Kyai Telingsing,"Sunggingan, Kec. Kota Kudus, Kabupaten Kudus, Jawa Tengah 59317, Indonesia",4.6,30.0,https://maps.google.com/?cid=7241002499218036260&g_mp=CiVnb29nbGUubWFwcy5wbGFjZXMudjEuUGxhY2VzLkdldFBsYWNlEAIYBCAA,-6.8104077,110.8339532,SUCCESS,FIRST_RESULT,2026-09-26T18:10:44.172725+00:00,,,Persiku Kudus,https://id.wikipedia.org/wiki/Persiku_Kudus,0.021940268816433853,SIMILARITY_MATCH,"Persatuan Sepak Bola Indonesia Kudus (atau disingkat Persiku) adalah klub sepak bola Indonesia yang berbasis di Kabupaten Kudus, Jawa Tengah. Persiku saat ini berkompetisi di Kejuaraan. Persiku memiliki julukan Macan Muria dan Laskar Telingsing serta suporternya dikenal dengan nama SMM (Suporter Macan Muria). Persiku sementara bermarkas di Stadion Sultan Agung Bantul, karena Stadion Wergu Wetan sedang dibangun ulang.",2026-10-09T04:38:48.760185+00:00
Makam Keluarga Trah Tjondronegoro Iii,"Kabupaten Kudus, Jawa Tengah",Makam,ChIJZ61mN2fFcC4RdRH2oVYbflc,Makam Keluarga Sasono Palereman,"6V3F+2J9, Jl. Conge Ngembalrejo, Ngembal Rejo, Ngembalrejo, Kec. Bae, Kabupaten Kudus, Jawa Tengah 59322, Indonesia",5.0,1.0,https://maps.google.com/?cid=6304506587263668597&g_mp=CiVnb29nbGUubWFwcy5wbGFjZXMudjEuUGxhY2VzLkdldFBsYWNlEAIYBCAA,-6.797224,110.874195,SUCCESS,FIRST_RESULT,2026-09-26T18:10:44.376738+00:00,,,Kota Probolinggo,https://id.wikipedia.org/wiki/Kota_Probolinggo,0.04795646280261465,SIMILARITY_MATCH,"Kota Probolinggo (disingkat Proling, Hanacaraka: ꦥꦿꦧꦭꦶꦁꦒ, Pegon: ڤراباليڠڮا, Hanzi: 庞越, pelafalan dalam bahasa Indonesia: [prɔbɔˈliŋgɔ]) adalah sebuah kota di Provinsi Jawa Timur, Indonesia. Terletak sekitar 100 km sebelah tenggara Surabaya, Kota Probolinggo berbatasan dengan Selat Madura di sebelah utara, serta Kabupaten Probolinggo di sebelah timur, selatan, dan barat. Probolinggo merupakan kota terbesar keempat di Jawa Timur setelah Surabaya, Malang, dan Kediri menurut jumlah penduduk, dan jumlah penduduk kota ini pada tahun 2023 berjumlah 246.980 jiwa. Kota ini terletak di wilayah Oosthoek atau Tapal Kuda, Jawa Timur dan menjadi jalur utama pantai utara yang menghubungkan Pulau Jawa dengan Pulau Bali.",2026-10-09T04:38:49.012385+00:00
Makam Mbah Tanggulangin,"Kabupaten Kudus, Jawa Tengah",Makam,ChIJ__ORKO3h1y0RVx7mjhBw_lk,Makam Wali Mbah Sanggar Keturunan Sunan Ampel,"Wates, Kedensari, Kec. Tanggulangin, Kabupaten Sidoarjo, Jawa Timur 61272, Indonesia",5.0,11.0,https://maps.google.com/?cid=6484743729879326295&g_mp=CiVnb29nbGUubWFwcy5wbGFjZXMudjEuUGxhY2VzLkdldFBsYWNlEAIYBCAA,-7.4969742,112.6903468,SUCCESS,FIRST_RESULT,2026-09-26T18:10:44.592188+00:00,,,"Domiyang, Paninggaran, Pekalongan","https://id.wikipedia.org/wiki/Domiyang,_Paninggaran,_Pekalongan",0.12284960628691102,SIMILARITY_MATCH,"Domiyang adalah desa di kecamatan Paninggaran, Pekalongan, Jawa Tengah, Indonesia. Ada lima dusun di desa ini, yaitu Tumiyang, Pejarakan, Sedayu, Kramat dan Madendo. Dusun Tumiyang sendiri dibagi menjadi 5 sub-dusun, yaitu: Tanggulangin, Prapatan, Sabrang, Ndesa, Langkob, Kulon, dan Kidul. Di Domiyang juga terdapat pabrik pengolahan getah pinus milik perhutani yaitu PGT Paninggaran yang terdapat di Dusun Sabrang. Wisata religi di sini adalah Makam Mbah Wali Karomah yang terdapat di Dusun Sidayu.",2026-10-09T04:38:49.273427+00:00
Makam Kyai Asyari,"Kabupaten Kendal, Jawa Tengah",Makam,ChIJPcMETBFecC4RtfACSedMkjI,Makam Kyai Guru Kaliwungu,"27J3+H65, Mranggen, Protomulyo, Kec. Kaliwungu Sel., Kabupaten Kendal, Jawa Tengah 51372, Indonesia",4.8,58.0,https://maps.google.com/?cid=3644059604742238389&g_mp=CiVnb29nbGUubWFwcy5wbGFjZXMudjEuUGxhY2VzLkdldFBsYWNlEAIYBCAA,-6.9686094,110.2530951,SUCCESS,FIRST_RESULT,2026-09-26T18:10:44.816009+00:00,,,"Kaliwungu, Kendal","https://id.wikipedia.org/wiki/Kaliwungu,_Kendal",0.39339905400406555,SIMILARITY_MATCH,"Kaliwungu (bahasa Jawa: ꦏꦭꦶꦮꦸꦔꦸ, translit. Kaliwungu) adalah sebuah kecamatan di Kabupaten Kendal, Provinsi Jawa Tengah, Indonesia. Kecamatan ini berbatasan langsung dengan Semarang, tepatnya di sebelah barat Kota Semarang, Indonesia.
Kaliwungu terkenal dengan sebutan kota santri karena di kecamatan tersebut terdapat puluhan pondok pesantren. Pemberian nama Kaliwungu diambil dari peristiwa seorang guru (Sunan Katong) dan muridnya (Pakuwojo) yang berkelahi di dekat sungai karena perbedaan prinsip. Dari pertengkaran itu terjadi pertumpahan darah yang menurut cerita, Sunan Katong berdarah biru dan Pakuwojo berdarah merah, keduanya wafat dalam perkelahian itu dan darahnya mengalir di sungai sehingga berubah menjadi ungu.",2026-10-09T04:38:49.532206+00:00
Makam Sedo Mukti,"Kabupaten Kudus, Jawa Tengah",Makam,ChIJpYcrUtPEcC4RI7gUao-1dc4,Pesarean Sedo Mukti,"6R3X+XHP, Kudus, Kaliputu, Kec. Kota Kudus, Kabupaten Kudus, Jawa Tengah 59312, Indonesia",4.9,12.0,https://maps.google.com/?cid=14876996571652995107&g_mp=CiVnb29nbGUubWFwcy5wbGFjZXMudjEuUGxhY2VzLkdldFBsYWNlEAIYBCAA,-6.795031799999999,110.8489423,SUCCESS,FIRST_RESULT,2026-09-26T18:10:45.013366+00:00,,,"Petambakan, Madukara, Banjarnegara","https://id.wikipedia.org/wiki/Petambakan,_Madukara,_Banjarnegara",0.09641587372801692,SIMILARITY_MATCH,"Petambakan adalah desa di kecamatan Madukara, Banjarnegara, Jawa Tengah, Indonesia. Petambakan merupakan lokasi Kadipaten Banjar Petambakan sebelum dipindahkan ke Banjar Watulembu yang terletak di sebelah barat Desa Petambakan, di seberang kali Merawu.",2026-10-09T04:38:49.790291+00:00
Makam Nyai Ageng Ngerang,"Kabupaten Pati, Jawa Tengah",Makam,ChIJp1dXiQrLcC4RZf0S1HvnujQ,Makam Nyai Ageng Ngerang,"426W+HQ2, Ngarang, Tambakromo, Kec. Tambakromo, Kabupaten Pati, Jawa Tengah 59174, Indonesia",4.6,140.0,https://maps.google.com/?cid=3799603754665442661&g_mp=CiVnb29nbGUubWFwcy5wbGFjZXMudjEuUGxhY2VzLkdldFBsYWNlEAIYBCAA,-6.8886113,111.0468908,SUCCESS,FIRST_RESULT,2026-09-26T18:10:45.226251+00:00,,,Nyai Ageng Ngerang,https://id.wikipedia.org/wiki/Nyai_Ageng_Ngerang,0.8299915601205058,SIMILARITY_MATCH,"Nyai Ageng Ngerang adalah seorang tokoh ulama wanita wali nukbah yang semasa dengan Dewan Walisongo yang menyebarkan agama islam di daerah Juwana dan daerah lereng pegunungan Kendeng Pati Selatan sampai akhir hayatnya dimakamkan di Pedukuhan Ngerang Desa Tambakromo,Pati,Jawa Tengah,makamnya dari kota Pati ke arah Selatan sekitar 17 km.",2026-10-09T04:38:50.050938+00:00
Makam Syeh Jangkung,"Kabupaten Pati, Jawa Tengah",Makam,ChIJaydY2TrJcC4REv6yz9lvtC8,MAKAM SYEH DJANGKUNG,"Rw. 6, Landoh, Kec. Kayen, Kabupaten Pati, Jawa Tengah 59171, Indonesia",4.8,345.0,https://maps.google.com/?cid=3437495396873731602&g_mp=CiVnb29nbGUubWFwcy5wbGFjZXMudjEuUGxhY2VzLkdldFBsYWNlEAIYBCAA,-6.8998762,110.9802151,SUCCESS,FIRST_RESULT,2026-09-26T18:10:45.443997+00:00,,,Museum Syekh Jangkung,https://id.wikipedia.org/wiki/Museum_Syekh_Jangkung,0.5296681575079231,SIMILARITY_MATCH,"Museum Syekh Jangkung terletak di Desa Landoh, Kecamatan Kayen, Kabupaten Pati, Jawa Tengah. Museum ini didirikan untuk mengenang Syekh Jangkung, Beliau adalah putera dari Sunan Muria yang memiliki nama asli Saridin, beliau dikenal ulama berilmu tinggi dan memiliki karomah tinggi, beliau berguru dengan Sunan Kudus dan Sunan Kalijaga. Seorang tokoh penting dalam sejarah penyebaran Islam di Jawa yang hidup pada abad ke-15, bersamaan dengan era Walisongo. Syekh Jangkung dikenal karena kesaktiannya dan ajaran-ajarannya yang disebarkan di Kadipaten Pesantenan Pati (nama Kabupaten Pati dulu) waktu dipimpin oleh Adipati Kembangjoyo atau bergelar Wasis Joyokusuma.",2026-10-09T04:38:50.342141+00:00
Makam Mbah Tabek Merto,"Kabupaten Pati, Jawa Tengah",Makam,ChIJHSVipry4cC4R3d0xVIZI_cg,Tomb of Sunan Raden Kanjeng Haryo Bagus Mu'min,"Jalan Bukit Kamdowo No.1, Demasan, Prawoto, Kec. Sukolilo, Kabupaten Pati, Jawa Tengah 59172, Indonesia",4.7,65.0,https://maps.google.com/?cid=14482811718468754909&g_mp=CiVnb29nbGUubWFwcy5wbGFjZXMudjEuUGxhY2VzLkdldFBsYWNlEAIYBCAA,-6.968011499999999,110.8257727,SUCCESS,FIRST_RESULT,2026-09-26T18:10:45.653884+00:00,,,,,,NO_CANDIDATE,,
Makam Sunan Ngerang,"Kabupaten Pati, Jawa Tengah",Makam,ChIJN1jUJ5stdy4R6kx9ZXYO5H4,Makam Sunan Ngerang,"75G7+J6R, Unnamed Road, Pekuwon, Kec. Juwana, Kabupaten Pati, Jawa Tengah 59185, Indonesia",4.5,52.0,https://maps.google.com/?cid=9143449045140589802&g_mp=CiVnb29nbGUubWFwcy5wbGFjZXMudjEuUGxhY2VzLkdldFBsYWNlEAIYBCAA,-6.723395699999999,111.1630066,SUCCESS,FIRST_RESULT,2026-09-26T18:10:45.872679+00:00,,,Nyai Ageng Ngerang,https://id.wikipedia.org/wiki/Nyai_Ageng_Ngerang,0.44631382811946,SIMILARITY_MATCH,"Nyai Ageng Ngerang adalah seorang tokoh ulama wanita wali nukbah yang semasa dengan Dewan Walisongo yang menyebarkan agama islam di daerah Juwana dan daerah lereng pegunungan Kendeng Pati Selatan sampai akhir hayatnya dimakamkan di Pedukuhan Ngerang Desa Tambakromo,Pati,Jawa Tengah,makamnya dari kota Pati ke arah Selatan sekitar 17 km.",2026-10-09T04:38:50.612632+00:00
Makam Syeh Ronggo Kusumo,"Kabupaten Pati, Jawa Tengah",Makam,ChIJI0srT4wqcS4Rltqi_KAs4ao,Makam Waliyullah Syeh Ronggo Kusumo,"Jl. Ronggo Kusumo No.115, Kembangarum, Ngemplak Kidul, Kec. Margoyoso, Kabupaten Pati, Jawa Tengah 59154, Indonesia",4.7,20.0,https://maps.google.com/?cid=12313171926152567446&g_mp=CiVnb29nbGUubWFwcy5wbGFjZXMudjEuUGxhY2VzLkdldFBsYWNlEAIYBCAA,-6.6077621,111.0544636,SUCCESS,FIRST_RESULT,2026-09-26T18:10:46.110302+00:00,,,"Ngemplak Kidul, Margoyoso, Pati","https://id.wikipedia.org/wiki/Ngemplak_Kidul,_Margoyoso,_Pati",0.06068246674556677,SIMILARITY_MATCH,"Ngemplak Kidul adalah desa di kecamatan Margoyoso, Pati, Jawa Tengah, Indonesia.
Desa ini terkenal sebagai sentra produksi tepung tapioka. Desa Ngemplak kidul berada di sebelah utara kota Pati sejauh 18 Km, disini terdapat Makam Waliyullah keturunan Ki ageng meruwut yaitu Raden Ronggo Kusumo dan Raden Bronto Kusumo (Kyai Cilik) keturunan kasunanan surakarta, Desa ini bersebelahan dengan Desa Kajen, Desa Sidomukti, Desa Soneyan, dan Desa Sekarjalak. disini juga terdapat jalan Ronggo Kusumo yang punya aktivitas malam hari yang ramai, layaknya Malioboro di Jogja, terdapat banyak toko yang menjajakan kerajinan dan makanan khas pati.",2026-10-09T04:38:50.865872+00:00
Makam Sunan Prawoto,"Kabupaten Pati, Jawa Tengah",Makam,ChIJ5Yz0oqG4cC4RR4DYT5EximY,Makam Sunan Prawoto,"Brentolo, 2RQH+PJM, Sewunagaran, Prawoto, Kec. Sukolilo, Kabupaten Pati, Jawa Tengah 59172, Indonesia",4.4,116.0,https://maps.google.com/?cid=7388772638834327623&g_mp=CiVnb29nbGUubWFwcy5wbGFjZXMudjEuUGxhY2VzLkdldFBsYWNlEAIYBCAA,-6.960659799999999,110.8290465,SUCCESS,FIRST_RESULT,2026-09-26T18:10:46.332409+00:00,,,Sunan Prawoto,https://id.wikipedia.org/wiki/Sunan_Prawoto,0.748960730925078,SIMILARITY_MATCH,"Sunan Prawoto (nama lahirnya Raden Mukmin) merupakan Sultan demak ke 4 sekaligus putra dari Sultan Trenggono yang memerintah sejak tahun 1546 sampai 1549.
Menurut Babad Tanah Jawi, ia tewas dibunuh oleh Rungkud, orang utusan Adipati Jipang Arya Penangsang, yang tak lain adalah sepupunya sendiri, Rungkud pun tewas dalam pertarungan tersebut.
Setelah kematiannya, Arya Penangsang menggantikannya menjadi Raja Demak lalu memindahkan pusat pemerintahan ke Jipang. Masa ini dikenal dengan sebutan Demak-Jipang.",2026-10-09T04:38:51.122993+00:00
Makam Bandung Bondowoso Ratu Pengging,"Kabupaten Pati, Jawa Tengah",Makam,ChIJofAYOaNrei4Rp0S80vsAFOw,Makam Pengging,"CMXF+VP4, Dukuh Ireng, Bendan, Kec. Banyudono, Kabupaten Boyolali, Jawa Tengah 57373, Indonesia",4.7,3.0,https://maps.google.com/?cid=17011222774057551015&g_mp=CiVnb29nbGUubWFwcy5wbGFjZXMudjEuUGxhY2VzLkdldFBsYWNlEAIYBCAA,-7.550364099999999,110.6743226,SUCCESS,FIRST_RESULT,2026-09-26T18:10:46.554219+00:00,,,Pengging,https://id.wikipedia.org/wiki/Pengging,0.7055245045472841,SIMILARITY_MATCH,"Pengging adalah nama kuno untuk suatu wilayah yang sekarang terletak di wilayah Boyolali . Pusatnya sekarang terletak di Banyudono, Boyolali. Di Desa Dukuh, Banyudono sekarang dibangun kawasan wisata berupa pemandian yang ramai dikunjungi orang untuk melakukan ritual bersih diri, karena terdapat mata air (umbul) yang dianggap suci. Di dekat tempat pemandian ini juga terdapat makam pujangga Sastra Jawa Baru yang terkemuka, Yasadipura I.
Nama Pengging disebut-sebut dalam legenda Rara Jonggrang tentang pembangunan komplek Candi Prambanan. Selanjutnya, dalam sejumlah babad yang menerangkan penyebaran agama Islam di selatan Jawa wilayah ini kembali disebut-sebut, dengan tokohnya Ki Ageng Pengging. Tokoh ini dikenal sebagai pemberontak di wilayah Kesultanan Demak. Kalangan sejarah di Jawa banyak yang menganggap bahwa Pengging adalah cikal-bakal Kesultanan Pajang, kerajaan yang mengambil alih kekuasaan di Jawa setelah Kesultanan Demak runtuh.
Semenjak berkembangnya Kesultanan Mataram dan masa-masa selanjutnya, wilayah Pengging kehilangan kepentingannya dan pusat pemerintahannya berangsur-angsur menjadi tempat untuk pelaksanaan ritual bagi keluarga penerus Mataram. Pengelolaan situs sejarah ini pada masa kolonial dilakukan oleh pihak Kasunanan Surakarta dan sekarang tanggung jawab berada di tangan Pemerintah Kabupaten Boyolali.",2026-10-09T04:38:51.389513+00:00
Makam Prabu Angling Dharma,"Kabupaten Pati, Jawa Tengah",Makam,ChIJ-SMj2pLHcC4RYG3Ct_tnjYw,Tomb of Prabu Anglingdarmo,"Jl. Sukolilo - Babalan, Mlawat, Baleadi, Kec. Sukolilo, Kabupaten Pati, Jawa Tengah 59172, Indonesia",4.3,249.0,https://maps.google.com/?cid=10127865467843538272&g_mp=CiVnb29nbGUubWFwcy5wbGFjZXMudjEuUGxhY2VzLkdldFBsYWNlEAIYBCAA,-6.9423624,110.878318,SUCCESS,FIRST_RESULT,2026-09-26T18:10:46.755125+00:00,,,Angling Dharma,https://id.wikipedia.org/wiki/Angling_Dharma,0.6814558223365754,SIMILARITY_MATCH,"Prabu Angling Dharma adalah nama seorang tokoh legenda dalam tradisi Jawa, yang dianggap sebagai titisan Batara Wisnu. Dalam legenda, Prabu Angling Dharma dilahirkan oleh Pramesti, putri Jayabaya. Sementara Jayabaya merupakan putra Gendrayana, cucu Yudayana dan cicit Parikesit. Silsilahnya jika ditarik sampai ke tokoh Mahabharata: Abimanyu, ayah Parikesit dan Arjuna, kakek Parikesit. Dia bertakhta di Kerajaan Malawapati.
Kisah ini dapat ditemukan dalam bentuk relief di candi Jago. Sebagai sebuah cerita, kisah ini dikenal baik dalam kidung maupun Serat Angling Dharma. Penentuan kisah relief merupakan tafsiran Thomas M. Hunter, ahli linguistik dan Jawa Kuno, berdasarkan naskah yang tak diterbitkan karya Bambang Soetrisno, mantan juru kunci Candi Jago. Tafsiran itu, pertama kali diungkapnya lewat seminar pada tahun 1989 yang kemudian dituliskan lewat makalah berjudul “The Aridharma Reliefs of Candi Jago” yang terbit dalam Society and Culture of Southeast Asia: Continuities and Changes pada tahun 2000. Secara keseluruhan, kisah Angling Dharma terdapat dalam tujuh panil relief. Kisahnya di relief didahului dengan adegan naga jantan merayu naga betina.
Di Candi Jago, relief Angling Dharma bisa ditemukan di kaki candi, tepatnya pada sisi timur laut. Letaknya setelah relief Tantri Kamandaka dan sebelum relief Kuñjarakarna.
Walaupun demikian, relief Angling Dharma yang dipahat di Candi Jago bukan relief yang dibuat pada masa Singhasari. Mengingat Candi Jago dibangun sebagai pendharmaan bagi Raja Singhasari, Wisnuwardhana. Relief ini dipahat pada bangunan yang dipugar pada masa Hayam Wuruk. Pada Nagarakretagama disebutkan Hayam Wuruk melakukan pemugaran terhadap 27 pendharmaan leluhurnya. Candi Jago mengalami perombakan signifikan secara arsitektural.
Selain di Candi Jago, masyarakat banyak yang percaya kisah Angling Dharma juga terbaca di relief Candi Mirigambar. Namun banyak ahli yang meragukannya, diantaranya arkeolog Belanda, N. J. Krom dan Knebel.
Bagi sebagian orang, legenda ini bukanlah cerita biasa. Beberapa daerah, khususnya Jawa Tengah dan Jawa Timur, percaya tokoh itu pernah hidup di masa lalu. Diduga makam dan peninggalan Prabu Angling Dharma berada di Desa Baleadi, Sukolilo, Kabupaten Pati, Jawa Tengah. Letaknya di Desa Mlawat, Kecamatan Sukolilo. Nama Mlawat mirip Malawapati, kerajaan Angling Dharma. Dua kilometer dari sana, di Desa Kedung Winong, Kecamatan Sukolilo, diyakini terdapat makam Patih Batik Madrim, tokoh dalam kisah Angling Dharma.
Di daerah Bojonegoro juga terdapat Situs Mlawatan di Desa Wotangare, Kalatidu, yang dipercaya sebagai petilasan Angling Dharma. Angling Dharma bahkan sempat diwacanakan menjadi ikon Kota Bojonegoro. Sampai-sampai tulisan di gapura perbatasan berbunyi: ""Selamat Datang di Bumi Angling Dharma"". Tim kesebelasan kota itu, Persibo, juga punya julukan ""Laskar Angling Dharma"".
Salah satu keistimewaan tokoh ini adalah kemampuannya untuk mengetahui bahasa segala jenis binatang dan juga disebut sebagai keturunan Arjuna, seorang tokoh utama dalam kisah Mahabharata.",2026-10-09T04:38:51.659875+00:00
Makam Ki Gede,"Kabupaten Jepara, Jawa Tengah",Makam,ChIJ-1FBwPwjcS4R-MKXLEdmNRc,Makam ki gede bangsri,"FQJF+28W, Jl. Tengger, Kedungleper III, Wedelan, Kec. Bangsri, Kabupaten Jepara, Jawa Tengah 59453, Indonesia",,,https://maps.google.com/?cid=1672355292514861816&g_mp=CiVnb29nbGUubWFwcy5wbGFjZXMudjEuUGxhY2VzLkdldFBsYWNlEAIYBCAA,-6.5198953,110.773337,SUCCESS,FIRST_RESULT,2026-09-26T18:10:46.954683+00:00,,,Situs Makam Ki Gede Ing Suro,https://id.wikipedia.org/wiki/Situs_Makam_Ki_Gede_Ing_Suro,0.5858971305336758,SIMILARITY_MATCH,"Situs Makam Ki Gede Ing Suro adalah sebuah komplek pemakaman bangsawan Jawa bernama Ki Gede Ing Suro. Situs ini terletak di Kelurahan 2 Ilir, Ilir Timur II, Palembang, Provinsi Sumatera Selatan. Situs ini terletak di bekas pusat kekuasaan Kesultanan Palembang Darussalam, dan dikenal pula sebagai daerah Kuto Gawang. Tokoh Ki Gede Ing Suro yang dimakamkan di sana diperkirakan hidup pada abad ke-16, dan merupakan perintis dinasti Kerajaan Palembang yang berkuasa pada abad berikutnya.
Meskipun demikian, bagian teras makam memiliki banyak pengaruh kebudayaan klasik Hindu-Buddha dengan ciri arsitektur bangunan percandian. Penggalian arkeologis menemukan beberapa arca pada bagian utara pada salah satu bangunan candi.",2026-10-09T04:38:51.914284+00:00
Makam Sosro Kartono Para Bupati,"Kabupaten Kudus, Jawa Tengah",Makam,ChIJ45kr1GrbcC4Rv0ge-ZVmw4g,Makam Sosrokartono,"6R4X+PJC, Jl. Sosrokartono, Kudus, Kaliputu, Kec. Kota Kudus, Kabupaten Kudus, Jawa Tengah 59312, Indonesia",5.0,10.0,https://maps.google.com/?cid=9854833203932448959&g_mp=CiVnb29nbGUubWFwcy5wbGFjZXMudjEuUGxhY2VzLkdldFBsYWNlEAIYBCAA,-6.7949734,110.8488643,SUCCESS,FIRST_RESULT,2026-09-26T18:10:47.199806+00:00,,,Kartini,https://id.wikipedia.org/wiki/Kartini,0.20145549588309403,SIMILARITY_MATCH,"Raden Ajeng Kartini (21 April 1879 – 17 September 1904) atau juga setelah menikah dikenal sebagai Raden Ayu Kartini adalah seorang tokoh perempuan ningrat asal Jawa dan resmi menjadikan sebagai pahlawan nasional Indonesia. Kartini dikenal sebagai sosok pejuang yang gigih dalam memperjuangkan kemerdekaan dan kedudukan kaumnya pada saat itu terutama wanita Jawa serta mendirikannya Sekolah Kartini di beberapa daerah lainnya.
Ia dilahirkan dalam keluarga bangsawan Jawa di Hindia Belanda (sekarang Indonesia). Setelah bersekolah di sekolah dasar berbahasa Belanda, ia ingin melanjutkan pendidikan lebih lanjut, tetapi perempuan Jawa saat itu dilarang mengenyam pendidikan tinggi. Ia bertemu dengan berbagai pejabat dan orang berpengaruh, termasuk J.H. Abendanon, yang bertugas melaksanakan Kebijakan Etis Belanda.
Setelah kematiannya, saudara perempuannya melanjutkan perjuangannya untuk mendidik anak perempuan dan perempuan. Surat-surat Kartini diterbitkan di sebuah majalah Belanda dan akhirnya, pada tahun 1911, menjadi karya: Habis Gelap Terbitlah Terang, Kehidupan Perempuan di Desa, dan Surat-Surat Putri Jawa. Ulang tahunnya sekarang dirayakan di Indonesia sebagai Hari Kartini untuk menghormatinya, serta beberapa sekolah dinamai menurut namanya dan sebuah yayasan didirikan atas namanya untuk membiayai pendidikan anak perempuan bangsa Indonesia.
R.A. Kartini merupakan sosok perempuan yang hidup pada awal abad ke-20 dan menjadi gambaran nyata perjuangan perempuan pada masa itu. Saat perempuan masih dipandang hanya memiliki peran di ranah domestik seperti mengurus rumah tangga, Kartini menghadapi berbagai keterbatasan akibat kuatnya tradisi dan budaya patriarki Jawa.",2026-10-09T04:38:52.176747+00:00
Makam Sunan Abinowo,"Kabupaten Kendal, Jawa Tengah",Makam,ChIJ35RcDQpocC4RP2rEB4BH2rI,Sunan Abinawa,"Praan, Pekuncen, Kec. Pegandon, Kabupaten Kendal, Jawa Tengah 51357, Indonesia",4.8,45.0,https://maps.google.com/?cid=12887691898885794367&g_mp=CiVnb29nbGUubWFwcy5wbGFjZXMudjEuUGxhY2VzLkdldFBsYWNlEAIYBCAA,-7.0044578,110.1395548,SUCCESS,FIRST_RESULT,2026-09-26T18:10:47.441843+00:00,,,Kabupaten Kendal,https://id.wikipedia.org/wiki/Kabupaten_Kendal,0.04047650684456427,SIMILARITY_MATCH,"Kabupaten Kendal (bahasa Jawa: Hanacaraka: ꦏꦼꦟ꧀ꦝꦭ꧀, Pegon: كۤنڎال translit.Kêndhal) adalah sebuah wilayah kabupaten yang terletak di Provinsi Jawa Tengah, Indonesia. Ibu kotanya adalah Kecamatan Kendal yang masuk dalam Wilayah Metropolitan Kedungsepur yang merupakan Wilayah Metropolitan terbesar keempat setelah Jabodetabekpunjur, Gerbangkertosusila, dan Cekungan Bandung. Kabupaten ini berbatasan dengan Laut Jawa di utara, Kota Semarang dan Kabupaten Semarang di timur, Kabupaten Temanggung di selatan, serta Kabupaten Batang di barat. Kendal dikenal sebagai Kota Santri karena terdapat ribuan Ponpes terutama di Kecamatan Kaliwungu, serta juga dikenal dengan Kota Seni dan Budaya.",2026-10-09T04:38:52.444533+00:00
Makam Sunan Makhdum Pimpinan Walisongo I,"Kabupaten Pati, Jawa Tengah",Makam,ChIJ8TqU-VTScC4RV6AjpBo7fK0,Sunan Makdum,"723R+6X3, Jl. Dr. Susanto, Parenggan, Kec. Pati, Kabupaten Pati, Jawa Tengah 59119, Indonesia",4.8,32.0,https://maps.google.com/?cid=12500931651282640983&g_mp=CiVnb29nbGUubWFwcy5wbGFjZXMudjEuUGxhY2VzLkdldFBsYWNlEAIYBCAA,-6.7469885,111.0424266,SUCCESS,FIRST_RESULT,2026-09-26T18:10:47.679017+00:00,,,Pasujudan Sunan Bonang,https://id.wikipedia.org/wiki/Pasujudan_Sunan_Bonang,0.339346857288065,SIMILARITY_MATCH,"Pasujudan Sunan Bonang berada di desa Bonang, Kecamatan Lasem, Kabupaten Rembang. Letaknya 17 km di sebelah timur kota Rembang jurusan Surabaya. Sunan Bonang (Raden Maulana Makdum Ibrahim) meninggal tahun 1525 diusia 60 tahun. Tetapi, ada pendapat lain yang mengatakan, jika makam Sunan Bonang ada di wilayah Tuban dan Madura, Jawa Timur. Tepatnya ada di depan pesisir Binangun. Jika hendak bepergian kesana, harus naik anak tangga terlebih dahulu, karena tempatnya sangat tinggi sekali. Pasujudan Sunan Bonang itu berwujud batu yang ada bekas sujudnya Sunan Bonang. Menurut cerita masyarakat disana, pasujudan Sunan Bonang zaman dahulu itu adalah batu yang digunakan sujud oleh Sunan Bonang untuk mendekatkan diri kepada Allah SWT. Sujudnya Sunan Bonang itu sangat lama sekali, sehingga batu tersebut membekaspalapannya Sunan Bonang. Sekarang Pasujudan Sunan Bonang tersebut dikeramatkan oleh masyarakat sekitar.",2026-10-09T04:38:52.706840+00:00
Makam Pangeran Djoeminah,"Kabupaten Kendal, Jawa Tengah",Makam,ChIJZWN_34lfcC4RuwP_uGc9omc,Makam Pangeran Juminah,"26JX+MMG, Proto Lor, Protomulyo, Kec. Kaliwungu Sel., Kabupaten Kendal, Jawa Tengah 51372, Indonesia",4.5,13.0,https://maps.google.com/?cid=7467598647828349883&g_mp=CiVnb29nbGUubWFwcy5wbGFjZXMudjEuUGxhY2VzLkdldFBsYWNlEAIYBCAA,-6.9683205,110.2492032,SUCCESS,FIRST_RESULT,2026-09-26T18:10:47.874185+00:00,,,Sultan Agung dari Mataram,https://id.wikipedia.org/wiki/Sultan_Agung_dari_Mataram,0.10664639351544164,SIMILARITY_MATCH,"Sultan Agung dari Mataram (bahasa Jawa: ꦱꦸꦭ꧀ꦠꦤ꧀ꦲꦒꦸꦁꦲꦢꦶꦥꦿꦧꦸꦲꦚꦏꦿꦏꦸꦱꦸꦩ, translit. Sultan Agung Adi Prabu Anyakrakusuma; lahir di Kotagede, 1593 – meninggal di Karta, 1645) sebelumnya bergelar Susuhunan Anyakrakusuma adalah Susuhunan/Sultan Mataram ketiga yang memerintah dari tahun 1613 hingga kematiannya pada tahun 1645. Ia juga dianggap sebagai salah satu raja Jawa terbaik.
Sultan Agung atau Susuhunan Agung (secara harfiah, ""Sultan Besar"" atau ""Yang Dipertuan Agung"") adalah sebutan gelar dari sejumlah besar literatur yang meriwayatkan karena warisannya sebagai raja Jawa, pejuang, budayawan dan filsuf peletak fondasi Kajawen. Keberadaannya memengaruhi dalam kerangka budaya Jawa dan menjadi pengetahuan kolektif bersama. Sastra Belanda menulis namanya sebagai Agoeng de Grote (secara harfiah, ""Agoeng yang Besar"").
Atas jasa-jasanya sebagai pejuang dan budayawan, Sultan Agung telah ditetapkan menjadi pahlawan nasional Indonesia berdasarkan S.K. Presiden No. 106/TK/1975 tanggal 3 November 1975.",2026-10-09T04:38:52.970577+00:00
Makam Tumenggung Mertowijoyo,"Kabupaten Kendal, Jawa Tengah",Makam,ChIJh8pyzmFdcC4RgWa-av4RQH4,Makam R. Mertowijoyo Kendil Wesi,"35RH+FCQ, Desa Wonosari, Sukolilan Satu, Sukolilan, Kec. Patebon, Kabupaten Kendal, Jawa Tengah 51351, Indonesia",4.8,4.0,https://maps.google.com/?cid=9097291031698630273&g_mp=CiVnb29nbGUubWFwcy5wbGFjZXMudjEuUGxhY2VzLkdldFBsYWNlEAIYBCAA,-6.9087789,110.1785991,SUCCESS,FIRST_RESULT,2026-09-26T18:10:48.059734+00:00,,,Tumenggung Mertowijoyo 2,https://id.wikipedia.org/wiki/Tumenggung_Mertowijoyo_2,0.8270075778728799,SIMILARITY_MATCH,"Tumenggung Mertowijoyo 2 atau nama lainnya Kyai Kendil Wesi merupakan Bupati Kendal tahun 1700-1725. Merupakan adik dari Tumenggung Singowijoyo 1 Dan paman dari Tumenggung Mertowijoyo 1. Disebut Kyai Kendil Wesi Karena  Mempunyai Pusaka yang berwujud Kendil terbuat dari besi. Dua tahun setelah Tumenggung Mertowijoyo 2 diangkat, Tepatnya pada 1703, Sunan Amangkurat 2 Meninggal dunia Dan digantikan oleh Sunan Mas atau Sunan Amangkurat 3. Kyai Kendil Wesi Meninggal pada tahun 1725. Dan dimakamkan di Pakuncen, Kebondalem , Kecamatan Kendal. Sedangkan pusakanya dimakamkan di Pesarean Desa Sukolilan Patebon, Kendal.
Sumber: kendalkab. go.id(Situs Resmi Kabupaten Kendal)",2026-10-09T04:38:53.230815+00:00
Makam Ronggo Kusumo,"Kabupaten Jepara, Jawa Tengah",Makam,ChIJYfFI58rdcC4R6AwN87IZJWE,Makam Mbah Ronggo Kusumo,"7P76+WW9, Rw. 01, Manyargading, Kec. Kalinyamatan, Kabupaten Jepara, Jawa Tengah 59462, Indonesia",5.0,6.0,https://maps.google.com/?cid=7000029452189895912&g_mp=CiVnb29nbGUubWFwcy5wbGFjZXMudjEuUGxhY2VzLkdldFBsYWNlEAIYBCAA,-6.7352173,110.7123744,SUCCESS,FIRST_RESULT,2026-09-26T18:10:48.276657+00:00,,,Pemakaman Banyusumurup,https://id.wikipedia.org/wiki/Pemakaman_Banyusumurup,0.20555295364979945,SIMILARITY_MATCH,"Pemakaman Banyusumurup adalah kompleks pemakaman yang berlokasi di Dusun Banyusumurup, Kelurahan Girirejo, Kapanewon Imogiri, Kabupaten Bantul, Daerah Istimewa Yogyakarta. Berjarak sekitar 2 km ke sebelah tenggara dari kompleks pemakaman raja-raja keturunan Mataram, Imogiri.",2026-10-09T04:38:53.482582+00:00
Makam Mbah Datuk Subuh,"Kabupaten Jepara, Jawa Tengah",Makam,ChIJbcYiAvLncC4RyWdXAtJJm4w,Sidigede jln mbah datuk subuh,"6PV6+X66, Jl. Mbah Datuk Subuh No.rt12, Area Sawah, Sidigede, Kec. Welahan, Kabupaten Jepara, Jawa Tengah 59464, Indonesia",5.0,2.0,https://maps.google.com/?cid=10131772953031305161&g_mp=CiVnb29nbGUubWFwcy5wbGFjZXMudjEuUGxhY2VzLkdldFBsYWNlEAIYBCAA,-6.7549772,110.700289,SUCCESS,FIRST_RESULT,2026-09-26T18:10:48.504782+00:00,,,"Sidigede, Welahan, Jepara","https://id.wikipedia.org/wiki/Sidigede,_Welahan,_Jepara",0.21498443888022659,SIMILARITY_MATCH,"Sidigede adalah desa di kecamatan Welahan, Jepara, Jawa Tengah, Indonesia.",2026-10-09T04:38:53.745056+00:00
Makam Mbah Pakisaji,"Kabupaten Jepara, Jawa Tengah",Makam,ChIJf1T1oZchcS4RdAB9TyC6e4g,makam pakis aji,"CPGW+5HM, Rw. 02, Suwawal Tim., Kec. Pakis Aji, Kabupaten Jepara, Jawa Tengah 59452, Indonesia",,,https://maps.google.com/?cid=9834658859228921972&g_mp=CiVnb29nbGUubWFwcy5wbGFjZXMudjEuUGxhY2VzLkdldFBsYWNlEAIYBCAA,-6.5745263,110.746424,SUCCESS,FIRST_RESULT,2026-09-26T18:10:48.716426+00:00,,,"Kawak, Pakis Aji, Jepara",,0.3942872295919695,SIMILARITY_MATCH,,2026-10-09T04:38:53.971145+00:00
Kh Noor Ahmad Ss,"Kabupaten Jepara, Jawa Tengah",Makam,ChIJEacqpZIfcS4RO3DyeKr3ABY,PCNU Kabupaten Jepara,"NU Building, Jl. Pemuda Jepara No.51, Potroyudan IX, Potroyudan, Kec. Jepara, Kabupaten Jepara, Jawa Tengah 59412, Indonesia",5.0,12.0,https://maps.google.com/?cid=1585539380380069947&g_mp=CiVnb29nbGUubWFwcy5wbGFjZXMudjEuUGxhY2VzLkdldFBsYWNlEAIYBCAA,-6.5969165,110.6717088,SUCCESS,FIRST_RESULT,2026-09-26T18:10:48.899038+00:00,,,"Kriyan, Kalinyamatan, Jepara",,0.23853277856286684,SIMILARITY_MATCH,,2026-10-09T04:38:54.197940+00:00
Makam Habib Sodiq Dan Kh Noor Ahmad Ss,"Kabupaten Jepara, Jawa Tengah",Makam,ChIJZ_MwZDLdcC4RBfEmPPhot9Q,Makam KH Noor Ahmad al-Falaky,"7P9C+22V, Jl. Raden Kusuma Abdul Jalil, Rw. IV, Kriyan, Kec. Kalinyamatan, Kabupaten Jepara, Jawa Tengah 59462, Indonesia",5.0,1.0,https://maps.google.com/?cid=15327835272149135621&g_mp=CiVnb29nbGUubWFwcy5wbGFjZXMudjEuUGxhY2VzLkdldFBsYWNlEAIYBCAA,-6.7321674,110.7202879,SUCCESS,FIRST_RESULT,2026-09-26T18:10:49.101825+00:00,,,Muhammad Ahyad al-Bughuri,,0.20749043888212743,SIMILARITY_MATCH,,2026-10-09T04:38:54.423743+00:00
Makam Assayyid Thoyyib Thohir,"Kabupaten Jepara, Jawa Tengah",Makam,ChIJR9ERq7wecS4Rgwt42JIL1Gk,"Makam Syeikh Abu Bakar Jepara, Mbah Jogo Laut, dan Mbah Griji atau Mbah Jasad","CJFH+6HG, Ujungbatu I, Ujungbatu, Kec. Jepara, Kabupaten Jepara, Jawa Tengah, Indonesia",4.4,71.0,https://maps.google.com/?cid=7625732794369969027&g_mp=CiVnb29nbGUubWFwcy5wbGFjZXMudjEuUGxhY2VzLkdldFBsYWNlEAIYBCAA,-6.5769484,110.628949,SUCCESS,FIRST_RESULT,2026-09-26T18:10:49.303461+00:00,,,,,,NO_CANDIDATE,,
Syaikh Syamsuri,"Kabupaten Jepara, Jawa Tengah",Makam,,,,,,,,,,,,NOT_FOUND,NO_GOOGLE_RESULT,Kadirun Yahya,,0.047083495128896764,SIMILARITY_MATCH,,2026-10-09T04:38:54.650923+00:00
Makam Assayyid Thoyyib Thohir Dan Syaikh Syamsuri,"Kabupaten Jepara, Jawa Tengah",Makam,ChIJ3zQf9GsfcS4RiA7KoUkJPMM,Makam Saayid Hasan bin Ibrohim Al Husni,"CMP6+WJ4, Rw. IV, Bandengan, Kec. Jepara, Kabupaten Jepara, Jawa Tengah 59432, Indonesia",5.0,2.0,https://maps.google.com/?cid=14068129547850223240&g_mp=CiVnb29nbGUubWFwcy5wbGFjZXMudjEuUGxhY2VzLkdldFBsYWNlEAIYBCAA,-6.5627453,110.6615885,SUCCESS,FIRST_RESULT,2026-09-26T18:10:49.628663+00:00,,,Muhammad Yasin Al-Fadani,,0.12399134369379268,SIMILARITY_MATCH,,2026-10-09T04:38:54.878028+00:00
Makam Pangeran Syarif,"Kabupaten Jepara, Jawa Tengah",Makam,ChIJKS8LxggfcS4RuJR7V2y0gns,Makam Pangeran Syarif dan Mbah Ujung Para,"CM3H+R84, Rw. I, Saripan, Kec. Jepara, Kabupaten Jepara, Jawa Tengah 59414, Indonesia",4.1,41.0,https://maps.google.com/?cid=8899874191054705848&g_mp=CiVnb29nbGUubWFwcy5wbGFjZXMudjEuUGxhY2VzLkdldFBsYWNlEAIYBCAA,-6.595485699999999,110.6783368,SUCCESS,FIRST_RESULT,2026-09-26T18:10:49.831906+00:00,,,Makam Pangeran Syarif Ali,,0.8806370205898078,SIMILARITY_MATCH,,2026-10-09T04:38:55.104053+00:00
Makam Habib Sodiq,"Kabupaten Jepara, Jawa Tengah",Makam,ChIJAQBAa_DdcC4Rnf1m1W0EcFQ,Makam Islam Yek Sodiq,"7P9F+X28, Jl. Gua Kencana, Rw. I, Kriyan, Kec. Kalinyamatan, Kabupaten Jepara, Jawa Tengah 59462, Indonesia",5.0,2.0,https://maps.google.com/?cid=6084367966355783069&g_mp=CiVnb29nbGUubWFwcy5wbGFjZXMudjEuUGxhY2VzLkdldFBsYWNlEAIYBCAA,-6.730092,110.7225833,SUCCESS,FIRST_RESULT,2026-09-26T18:10:50.045051+00:00,,,Kematian Muhammad,,0.04403149374589149,SIMILARITY_MATCH,,2026-10-09T04:38:55.330794+00:00
Makam Pangeran Syarif Dan Mbah Jenggolo,"Kabupaten Jepara, Jawa Tengah",Makam,ChIJKS8LxggfcS4RuJR7V2y0gns,Makam Pangeran Syarif dan Mbah Ujung Para,"CM3H+R84, Rw. I, Saripan, Kec. Jepara, Kabupaten Jepara, Jawa Tengah 59414, Indonesia",4.1,41.0,https://maps.google.com/?cid=8899874191054705848&g_mp=CiVnb29nbGUubWFwcy5wbGFjZXMudjEuUGxhY2VzLkdldFBsYWNlEAIYBCAA,-6.595485699999999,110.6783368,SUCCESS,FIRST_RESULT,2026-09-26T18:10:50.221304+00:00,,,Makam Pangeran Syarif Ali,,0.8851030992767116,SIMILARITY_MATCH,,2026-10-09T04:38:55.561044+00:00
Mbah Jenggolo,"Kabupaten Jepara, Jawa Tengah",Makam,ChIJqbvSkLUfcS4RnjSupWpBe40,Makam Mbah Abdul Jalil (Wali Sunan Jepara),"9MJ9+774, Mantingan, Kec. Tahunan, Kabupaten Jepara, Jawa Tengah 59421, Indonesia",4.6,37.0,https://maps.google.com/?cid=10194814107785245854&g_mp=CiVnb29nbGUubWFwcy5wbGFjZXMudjEuUGxhY2VzLkdldFBsYWNlEAIYBCAA,-6.619367899999999,110.6681923,SUCCESS,FIRST_RESULT,2026-09-26T18:10:50.413327+00:00,,,"Saripan, Jepara, Jepara",,0.25330996805698336,SIMILARITY_MATCH,,2026-10-09T04:38:55.789862+00:00
Makam Wali Joko,"Kabupaten Kendal, Jawa Tengah",Makam,ChIJYZWhHWlccC4RoDxyPXDKIjI,Makam Wali Joko,"Jl. Raya Soekarno-Hatta No.235, Pekauman, Pegulon, Kec. Kendal, Kabupaten Kendal, Jawa Tengah 51313, Indonesia",4.6,31.0,https://maps.google.com/?cid=3612672434520603808&g_mp=CiVnb29nbGUubWFwcy5wbGFjZXMudjEuUGxhY2VzLkdldFBsYWNlEAIYBCAA,-6.9208466,110.2029026,SUCCESS,FIRST_RESULT,2026-09-26T18:10:50.616990+00:00,,,Joko Tingkir,,0.20007374700553396,SIMILARITY_MATCH,,2026-10-09T04:38:56.016277+00:00
Makam Kyai Mandurorejo Protomulyo Kaliwungu Selatan Kabupaten Kendal,"Kabupaten Kendal, Jawa Tengah",Makam,ChIJ74JAJ9lfcC4RhgbsLzGQo4w,Makam Kyai Adipati Mandurorejo,"27J3+H65, Mranggen, Protomulyo, Kec. Kaliwungu Sel., Kabupaten Kendal, Jawa Tengah 51372, Indonesia",5.0,2.0,https://maps.google.com/?cid=10134102127445542534&g_mp=CiVnb29nbGUubWFwcy5wbGFjZXMudjEuUGxhY2VzLkdldFBsYWNlEAIYBCAA,-6.9686125,110.2531094,SUCCESS,FIRST_RESULT,2026-09-26T18:10:50.867095+00:00,,,Kabupaten Kendal,,0.45017992550527924,SIMILARITY_MATCH,,2026-10-09T04:38:56.248223+00:00
Makam Sunan Bromo,"Kabupaten Kendal, Jawa Tengah",Makam,ChIJAQAAAAtjcC4RcReykkhzOQY,Makam Sunan Bromo,"V7Q4+5XP, Simbang, Bebengan, Kec. Boja, Kabupaten Kendal, Jawa Tengah 51381, Indonesia",4.6,28.0,https://maps.google.com/?cid=448516393436059505&g_mp=CiVnb29nbGUubWFwcy5wbGFjZXMudjEuUGxhY2VzLkdldFBsYWNlEAIYBCAA,-7.112042199999999,110.2574536,SUCCESS,FIRST_RESULT,2026-09-26T18:10:51.076068+00:00,,,Kabupaten Malang,,0.09004069465583464,SIMILARITY_MATCH,,2026-10-09T04:38:56.475714+00:00
Makam Wali Gembyang,"Kabupaten Kendal, Jawa Tengah",Makam,ChIJ1eDEMQBdcC4RQqzKnUGa0Ac,Makam Wali Gembyang,"36H4+V65, Patukangan, Kec. Kendal, Kabupaten Kendal, Jawa Tengah 51311, Indonesia",,,https://maps.google.com/?cid=563119560032169026&g_mp=CiVnb29nbGUubWFwcy5wbGFjZXMudjEuUGxhY2VzLkdldFBsYWNlEAIYBCAA,-6.9202965,110.2055065,SUCCESS,FIRST_RESULT,2026-09-26T18:10:51.271956+00:00,,,Daftar kecamatan dan kelurahan di Jawa Tengah,,0.05142385784627971,SIMILARITY_MATCH,,2026-10-09T04:38:56.704254+00:00
Makam Sunan Hadirin Dan Ratu Kalinyamat Serta Raden Abdul Jalil,"Kabupaten Jepara, Jawa Tengah",Makam,ChIJ3WfxkLUfcS4RrfuyHJVUptk,Makam Sultan Hadlirin Wali Mantingan,"9MJ9+68P, Mantingan, Kec. Tahunan, Kabupaten Jepara, Jawa Tengah 59421, Indonesia",4.6,70.0,https://maps.google.com/?cid=15683315751772683181&g_mp=CiVnb29nbGUubWFwcy5wbGFjZXMudjEuUGxhY2VzLkdldFBsYWNlEAIYBCAA,-6.6194223,110.6683252,SUCCESS,FIRST_RESULT,2026-09-26T18:10:51.507346+00:00,,,Raden Abdul Jalil,,0.6602620480974604,SIMILARITY_MATCH,,2026-10-09T04:38:56.930972+00:00
Ratu Kalinyamat Serta Raden Abdul Jalil,"Kabupaten Jepara, Jawa Tengah",Makam,ChIJv09kl7UfcS4RaUdupEmmYTQ,Tomb of Queen Kalinyamat,"9MJ9+784, Mantingan, Kec. Tahunan, Kabupaten Jepara, Jawa Tengah 59421, Indonesia",4.6,1309.0,https://maps.google.com/?cid=3774480797934700393&g_mp=CiVnb29nbGUubWFwcy5wbGFjZXMudjEuUGxhY2VzLkdldFBsYWNlEAIYBCAA,-6.6193657,110.6683255,SUCCESS,FIRST_RESULT,2026-09-26T18:10:51.703904+00:00,,,Raden Abdul Jalil,,0.6480521925513981,SIMILARITY_MATCH,,2026-10-09T04:38:57.159038+00:00
Makam Sunan Hadirin,"Kabupaten Jepara, Jawa Tengah",Makam,ChIJ3WfxkLUfcS4RrfuyHJVUptk,Makam Sultan Hadlirin Wali Mantingan,"9MJ9+68P, Mantingan, Kec. Tahunan, Kabupaten Jepara, Jawa Tengah 59421, Indonesia",4.6,70.0,https://maps.google.com/?cid=15683315751772683181&g_mp=CiVnb29nbGUubWFwcy5wbGFjZXMudjEuUGxhY2VzLkdldFBsYWNlEAIYBCAA,-6.6194223,110.6683252,SUCCESS,FIRST_RESULT,2026-09-26T18:10:51.908026+00:00,,,Sultan Hadlirin,,0.6275669363385186,SIMILARITY_MATCH,,2026-10-09T04:38:57.385086+00:00
Makam Wali Hadi,"Kabupaten Kendal, Jawa Tengah",Makam,ChIJCWk63vVdcC4RRHgwWWXCFrw,MAKAM WALI HADI,"36H3+R2Q, Pekauman, Pakauman, Kec. Kendal, Kabupaten Kendal, Jawa Tengah 51319, Indonesia",5.0,2.0,https://maps.google.com/?cid=13553233869161920580&g_mp=CiVnb29nbGUubWFwcy5wbGFjZXMudjEuUGxhY2VzLkdldFBsYWNlEAIYBCAA,-6.9204056,110.2026179,SUCCESS,FIRST_RESULT,2026-09-26T18:10:52.137869+00:00,,,Makam keramat,,0.3383773037649312,SIMILARITY_MATCH,,2026-10-09T04:38:57.611051+00:00
Masjid,"Kabupaten Halmahera Selatan, Maluku Utara",Masjid,ChIJ6YeSnXo7Yy0RePFrvkw3Zp4,Masjid Agung Kabupaten Halmahera Selatan,"8GW4+QC9, Labuha, Bacan, South Halmahera Regency, North Maluku, Indonesia",5.0,4.0,https://maps.google.com/?cid=11413871108368888184&g_mp=CiVnb29nbGUubWFwcy5wbGFjZXMudjEuUGxhY2VzLkdldFBsYWNlEAIYBCAA,-0.6530954,127.5060981,SUCCESS,FIRST_RESULT,2026-09-26T18:10:52.400216+00:00,,,Masjid,,0.9999999999999998,EXACT_MATCH,,2026-10-09T04:38:57.839659+00:00
Masjid Ridwanul Bahri,"Kabupaten Manokwari, Papua Barat",Masjid,ChIJI7Hacb4KVC0RpxeyRjSvSD4,Ridwanul Bahri Mosque,"43J8+QC8, JL.Toba Sanggeng, Sanggeng, Kec. Manokwari Bar., Kabupaten Manokwari, Papua Bar. 98312, Indonesia",4.7,215.0,https://maps.google.com/?cid=4488029667733936039&g_mp=CiVnb29nbGUubWFwcy5wbGFjZXMudjEuUGxhY2VzLkdldFBsYWNlEAIYBCAA,-0.8680871,134.0660805,SUCCESS,FIRST_RESULT,2026-09-26T18:10:52.616296+00:00,,,,,,NO_CANDIDATE,,
Masjid Al Munawwaroh Ternate,"Kota Ternate, Maluku Utara",Masjid,ChIJ_Sp9WFqxnDIRn6YPAwQwSw4,Masjid Raya Al Munawwar Ternate,"Q9QR+Q56, Gamalama, Ternate City, North Maluku, Indonesia",4.7,1773.0,https://maps.google.com/?cid=1029969733573650079&g_mp=CiVnb29nbGUubWFwcy5wbGFjZXMudjEuUGxhY2VzLkdldFBsYWNlEAIYBCAA,0.7894075,127.3904007,SUCCESS,FIRST_RESULT,2026-09-26T18:10:52.839679+00:00,,,Masjid Raya Al Munawwar Ternate,,0.9999999999999988,EXACT_MATCH,,2026-10-09T04:38:58.067120+00:00
Masjid Tua Patimburak Masjid Tertua,"Kabupaten Fakfak, Papua Barat",Masjid,ChIJ1W6sipn9RS0RabFKNo9b0WQ,Situs Masjid Tua Wertuar Patimburak,"7CGH+R2M, Patimburak, Kokas, Fakfak Regency, West Papua, Indonesia",4.8,9.0,https://maps.google.com/?cid=7264688344574636393&g_mp=CiVnb29nbGUubWFwcy5wbGFjZXMudjEuUGxhY2VzLkdldFBsYWNlEAIYBCAA,-2.7229079,132.427554,SUCCESS,FIRST_RESULT,2026-09-26T18:10:53.067439+00:00,,,Masjid Tua Patimburak,,0.8422535812857632,SIMILARITY_MATCH,,2026-10-09T04:38:58.294100+00:00
Masjid Jami Merdeka,"Kabupaten Manokwari, Papua Barat",Masjid,ChIJBfBOc6UKVC0RzNskJRmIrmo,Jami' Merdeka Mosque,"43PF+W2Q, Jl. Bandung, Ayambori, Kec. Manokwari Tim., Kabupaten Manokwari, Papua Bar. 98311, Indonesia",4.7,89.0,https://maps.google.com/?cid=7687231255546747852&g_mp=CiVnb29nbGUubWFwcy5wbGFjZXMudjEuUGxhY2VzLkdldFBsYWNlEAIYBCAA,-0.8626613999999999,134.0726249,SUCCESS,FIRST_RESULT,2026-09-26T18:10:53.299351+00:00,,,Masjid Al-Makmur Jakarta,,0.16674448906092998,SIMILARITY_MATCH,,2026-10-09T04:38:58.519748+00:00
Masjid Al Ishlah,"Kabupaten Manokwari, Papua Barat",Masjid,ChIJYzn1dlELVC0RY1B_6folVgE,Al-Ishlah Mosque,"43P7+7MH, Sanggeng, Manokwari Barat, Manokwari Regency, West Papua 98312, Indonesia",4.7,21.0,https://maps.google.com/?cid=96306201624531043&g_mp=CiVnb29nbGUubWFwcy5wbGFjZXMudjEuUGxhY2VzLkdldFBsYWNlEAIYBCAA,-0.8643147999999999,134.0641676,SUCCESS,FIRST_RESULT,2026-09-26T18:10:53.504095+00:00,,,"Masjid Ishlah, Pariangan",,0.4256692097324775,SIMILARITY_MATCH,,2026-10-09T04:38:58.747043+00:00
Masjid Al Ikhlas Korem,"Kabupaten Manokwari, Papua Barat",Masjid,ChIJZzBcTb0KVC0RWkfcV9F6qBQ,Al-Ikhlash Mosque,"43PH+F38, Manokwari Timur, Manokwari Regency, West Papua 98312, Indonesia",4.8,25.0,https://maps.google.com/?cid=1488574716386756442&g_mp=CiVnb29nbGUubWFwcy5wbGFjZXMudjEuUGxhY2VzLkdldFBsYWNlEAIYBCAA,-0.8638277,134.0776926,SUCCESS,FIRST_RESULT,2026-09-26T18:10:53.694788+00:00,,,Masjid Raya Kendari,,0.19443320520589485,SIMILARITY_MATCH,,2026-10-09T04:38:58.977376+00:00
Masjid Dan Keraton Sultan Bacan Labuha,"Kabupaten Halmahera Selatan, Maluku Utara",Masjid,ChIJgR12d4Y6Yy0R_vtyRLWQjLs,Sultan Bacan Mosque,"9FGG+6QP, Amasing Kota, Bacan, South Halmahera Regency, North Maluku, Indonesia",4.5,59.0,https://maps.google.com/?cid=13514335690043882494&g_mp=CiVnb29nbGUubWFwcy5wbGFjZXMudjEuUGxhY2VzLkdldFBsYWNlEAIYBCAA,-0.6244810000000001,127.4769854,SUCCESS,FIRST_RESULT,2026-09-26T18:10:53.942389+00:00,,,Masjid,,1.0000000000000002,SIMILARITY_MATCH,,2026-10-09T04:38:59.203881+00:00
Masjid At Taqwa,"Kota Balikpapan, Kalimantan Timur",Masjid,ChIJ0_PkBztH8S0Re_oUh4Ux4GM,Masjid Agung At-Taqwa Balikpapan,"Jl. Jenderal Sudirman No.RT 4, gang aktwaKlandasan Ulu, Kec. Balikpapan Kota, Kota Balikpapan, Kalimantan Timur, Indonesia",4.8,3949.0,https://maps.google.com/?cid=7196806654104763003&g_mp=CiVnb29nbGUubWFwcy5wbGFjZXMudjEuUGxhY2VzLkdldFBsYWNlEAIYBCAA,-1.2768585,116.8292537,SUCCESS,FIRST_RESULT,2026-09-27T17:25:25.345554+00:00,,,Masjid Al Ihsan Balikpapan,,0.5501505394675591,SIMILARITY_MATCH,,2026-10-09T04:38:59.429655+00:00
Masjid Al,"Kabupaten Manokwari, Papua Barat",Masjid,ChIJr29v7XAKVC0Rh0HaLz_AuGI,Al-Falah Mosque,"42MW+WW8 Bar, Wosi, Kec. Manokwari Bar., Kabupaten Manokwari, Papua Bar. 98312, Indonesia",4.7,229.0,https://maps.google.com/?cid=7113646989050003847&g_mp=CiVnb29nbGUubWFwcy5wbGFjZXMudjEuUGxhY2VzLkdldFBsYWNlEAIYBCAA,-0.8652179,134.0473166,SUCCESS,FIRST_RESULT,2026-09-26T18:10:54.353718+00:00,,,Masjid Al-Falah,,0.5319679562442261,SIMILARITY_MATCH,,2026-10-09T04:38:59.656468+00:00
Masjid Madinah,"Kabupaten Manokwari, Papua Barat",Masjid,ChIJ0WIV_bMLVC0RDmv8NgDWOyM,Madinah Mosque,"42JX+Q82, Wosi, Manokwari Barat, Manokwari Regency, West Papua 98312, Indonesia",4.7,9.0,https://maps.google.com/?cid=2538858111364262670&g_mp=CiVnb29nbGUubWFwcy5wbGFjZXMudjEuUGxhY2VzLkdldFBsYWNlEAIYBCAA,-0.8681076999999999,134.0482537,SUCCESS,FIRST_RESULT,2026-09-26T18:10:54.572891+00:00,,,Masjid di Madinah,,0.8876853493716702,SIMILARITY_MATCH,,2026-10-09T04:38:59.882423+00:00
Masjid Istiqlal,"Kabupaten Manokwari, Papua Barat",Masjid,ChIJr29v7XAKVC0Rh0HaLz_AuGI,Al-Falah Mosque,"42MW+WW8 Bar, Wosi, Kec. Manokwari Bar., Kabupaten Manokwari, Papua Bar. 98312, Indonesia",4.7,229.0,https://maps.google.com/?cid=7113646989050003847&g_mp=CiVnb29nbGUubWFwcy5wbGFjZXMudjEuUGxhY2VzLkdldFBsYWNlEAIYBCAA,-0.8652179,134.0473166,SUCCESS,FIRST_RESULT,2026-09-26T18:10:54.758200+00:00,,,"Masjid Istiqlal, Jakarta","https://id.wikipedia.org/wiki/Masjid_Istiqlal,_Jakarta",0.5657902143373598,SIMILARITY_MATCH,"Masjid Istiqlal (bahasa Arab: مسجد الاستقلال, ""Masjid Kemerdekaan"") adalah sebuah masjid nasional yang berada di Jakarta Pusat, Indonesia. Masjid ini menjadi masjid terbesar di Asia Tenggara dan masjid terbesar kedelapan di dunia dalam hal kapasitas jemaah. Dibangun untuk memperingati kemerdekaan Indonesia, masjid nasional Indonesia ini diberi nama ""Istiqlal"", kata bahasa Arab untuk ""kemerdekaan"". Masjid ini dibuka untuk umum pada tanggal 22 Februari 1978. Di dalam Jakarta, masjid ini terletak di sebelah Istana Merdeka dan Gereja Katedral Jakarta (Katolik) dan juga Gereja Immanuel (Reformed).
Gagasan pembangunan Masjid Istiqlal pertama kali dicetuskan oleh Wakil Presiden Mohammad Hatta, dan selanjutnya dimbil alih oleh Presiden Seokarno. Peletakan batu pertama sebagai tanda dimulainya pembangunan masjid ini dilakukan oleh Soekarno pada tanggal 24 Agustus 1961. Kemudian proyek masjid ini diarsiteki oleh Friedrich Silaban, anak dari pendeta Lutheran yang berasal dari Huria Kristen Batak Protestan. Desain masjid ini mengusungkan tema ""Ketuhanan"".
Masjid ini memiliki gaya arsitektur formalisme baru dan internasional; dengan dinding dan lantai berlapis marmer, dihiasi ornamen geometrik dari baja antikarat. Bangunan utama masjid ini terdiri dari lima lantai dan satu lantai dasar. Bangunan utama itu dimahkotai satu kubah besar berdiameter 45 meter yang ditopang 12 tiang besar. Minaret tunggal setinggi total 96,66 meter menjulang di sudut selatan selasar masjid. Masjid ini mampu menampung lebih dari 200.000 Jemaah.",2026-10-09T04:39:00.149465+00:00
Masjid As Sakinah,"Kabupaten Manokwari, Papua Barat",Masjid,ChIJ2ayjKisLVC0R-CyZYjJmGeY,Assakinah Mosque,"43P8+2HP, Manokwari Barat, Manokwari Regency, West Papua 98312, Indonesia",4.9,8.0,https://maps.google.com/?cid=16580395869729795320&g_mp=CiVnb29nbGUubWFwcy5wbGFjZXMudjEuUGxhY2VzLkdldFBsYWNlEAIYBCAA,-0.8649034,134.06645509999998,SUCCESS,FIRST_RESULT,2026-09-26T18:10:54.958404+00:00,,,Masjid Agung Sunda Kelapa,https://id.wikipedia.org/wiki/Masjid_Agung_Sunda_Kelapa,0.28712292719255644,SIMILARITY_MATCH,"Masjid Agung Sunda Kelapa adalah masjid yang terletak di Jalan Taman Sunda Kelapa Nomor 16, Menteng, Jakarta Pusat, DKI Jakarta, Indonesia. Masjid ini dibuka setiap hari.",2026-10-09T04:39:00.411118+00:00
Masjid Darussalam,"Kabupaten Manokwari, Papua Barat",Masjid,ChIJGU1RTYoKVC0RSMgEfafTNOk,Masjid Darussalam Palapa Reremi,"43R6+725, Manokwari Barat, Manokwari Regency, West Papua 98312, Indonesia",4.6,55.0,https://maps.google.com/?cid=16804288825936627784&g_mp=CiVnb29nbGUubWFwcy5wbGFjZXMudjEuUGxhY2VzLkdldFBsYWNlEAIYBCAA,-0.8593522,134.0600953,SUCCESS,FIRST_RESULT,2026-09-26T18:10:55.151768+00:00,,,Masjid Raya Darussalam Palangka Raya,https://id.wikipedia.org/wiki/Masjid_Raya_Darussalam_Palangka_Raya,0.5422193469302734,SIMILARITY_MATCH,"Masjid Raya Darussalam Palangka Raya merupakan salah satu bangunan masjid termegah di provinsi Kalimantan Tengah. Masjid ini terletak di Jalan G. Obos no. 12, Kecamatan Jekan Raya, Kota Palangka Raya. Masjid ini berada di kawasan Islamic Center Kota Palangka Raya. Masjid ini pun merupakan salah satu ikon dari Kota Palangka Raya.",2026-10-09T04:39:00.673993+00:00
Masjid Al Falah,"Kota Balikpapan, Kalimantan Timur",Masjid,ChIJewF-8MZH8S0R1-wUD6XgySM,Masjid Al Falah,"QR8H+F68, Jl. Alfalah, RT.33/RW.60, Baru Ilir, Kec. Balikpapan Bar., Kota Balikpapan, Kalimantan Timur 76123, Indonesia",4.7,41.0,https://maps.google.com/?cid=2578839261173574871&g_mp=CiVnb29nbGUubWFwcy5wbGFjZXMudjEuUGxhY2VzLkdldFBsYWNlEAIYBCAA,-1.2338368,116.828074,SUCCESS,FIRST_RESULT,2026-09-27T17:25:18.039275+00:00,,,Masjid Al-Falah,https://id.wikipedia.org/wiki/Masjid_Al-Falah,0.6983253125253212,EXACT_MATCH,"Masjid Al-Falaḥ adalah masjid yang letaknya dekat dengan pusat kota Singapura, Orchard Road. Masjid ini sangat berbeda dengan masjid yang biasa kita kenal di Indonesia yang memiliki halaman luas dan terdapat kubah pada bagian atas, karena menempati lantai 1 No 1 Cairnhill Place, sebuah gedung komersial di Bideford Road No 15. Dari sibuknya Orchard Road untuk menuju masjid ini memakan waktu sekitar 2 menit dengan berjalan kaki. Menjadikannya ikon penting keagamaan di tengah kesibukan kota dengan dapat menampung 2.000 orang memenuhi kebutuhan para pekerja di kantor dan department store sekitarnya.",2026-10-09T04:39:00.932840+00:00
Masjid Nurul Fatah,"Kabupaten Manokwari, Papua Barat",Masjid,ChIJD8YlAFMKVC0RWuo_4QDwFK8,Nurul Fatah Mosque,"5332+WC8, Amban, Manokwari Barat, Manokwari Regency, West Papua 98312, Indonesia",4.6,78.0,https://maps.google.com/?cid=12615972342741330522&g_mp=CiVnb29nbGUubWFwcy5wbGFjZXMudjEuUGxhY2VzLkdldFBsYWNlEAIYBCAA,-0.8452125,134.05107809999998,SUCCESS,FIRST_RESULT,2026-09-26T18:10:55.528942+00:00,,,Masjid Al-Barkah,https://id.wikipedia.org/wiki/Masjid_Al-Barkah,0.3551742175281277,SIMILARITY_MATCH,"Masjid Agung Al-Barkah adalah sebuah masjid yang berada di Kota Bekasi, Jawa Barat. Masjid ini merupakan salah satu masjid tua di Indonesia. Masjid yang dibangun tahun 1890 dipelopori H. Abdul Hamid (Alm), diatas tanah wakaf Bapak Bachroem (Alm) seluas 3370 m² terletak di Jalan Veteran.",2026-10-09T04:39:01.196338+00:00
Masjid Darul Ulum,"Kabupaten Manokwari, Papua Barat",Masjid,ChIJffrzcAULVC0RPcW1_ic1x9s,Masjid Darul Ulum Amban,"5378+759, Amban, Manokwari Barat, Manokwari Regency, West Papua 98314, Indonesia",4.8,121.0,https://maps.google.com/?cid=15836685060564960573&g_mp=CiVnb29nbGUubWFwcy5wbGFjZXMudjEuUGxhY2VzLkdldFBsYWNlEAIYBCAA,-0.8368252,134.0654735,SUCCESS,FIRST_RESULT,2026-09-26T18:10:55.731037+00:00,,,Darul ulum,https://id.wikipedia.org/wiki/Darul_ulum,0.6708234555103475,SIMILARITY_MATCH,"Darul ulum (bahasa Arab: دار العلوم, translit. dār al-ʿulūm) adalah sebuah istilah bahasa Arab yang secara harfiah memiliki arti ""rumah ilmu"". Istilah tersebut umumnya diartikan sebagai madrasah atau lembaga pendidikan Islam meskipun darul ulum sering kali memiliki jenjang pendidikan yang lebih maju. Di darul ulum, pelajaran-pelajaran Islam dipelajari oleh para murid, yang dikenal sebagai tulaba atau ṭālib.",2026-10-09T04:39:01.458269+00:00
Masjid Agung Taqwa,"Kota Metro, Lampung",Masjid,ChIJyRr4Jfq7QC4Rao7cmTuNPgM,Taqwa Great Mosque Metro,"Jl. Letjend Alamsyah Ratu Prawira Negara No.1, Imopuro, Kec. Metro Pusat, Kota Metro, Lampung 34124, Indonesia",4.8,4823.0,https://maps.google.com/?cid=233779517793799786&g_mp=CiVnb29nbGUubWFwcy5wbGFjZXMudjEuUGxhY2VzLkdldFBsYWNlEAIYBCAA,-5.113913999999999,105.3074341,SUCCESS,FIRST_RESULT,2026-09-26T18:10:55.925068+00:00,,,Masjid Agung At-Taqwa Amuntai,https://id.wikipedia.org/wiki/Masjid_Agung_At-Taqwa_Amuntai,0.6295951047524097,SIMILARITY_MATCH,"Masjid Agung At-Taqwa Amuntai (juga dikenal dengan Masjid Raya At-Taqwa/Masjid Raya Amuntai) adalah Masjid terbesar yang berada di kota Amuntai, Kabupaten Hulu Sungai Utara, Kalimantan Selatan, Indonesia.",2026-10-09T04:39:01.717095+00:00
Masjid Sultan Lingga,"Kabupaten Lingga, Kepulauan Riau",Masjid,ChIJ85SXgYFpJy4Rf0SAYgAZCFE,Masjid Jami' Sultan Lingga,"QJP7+RXV, Daik, Lingga, Lingga Regency, Riau Islands 29872, Indonesia",4.8,206.0,https://maps.google.com/?cid=5838944406329115775&g_mp=CiVnb29nbGUubWFwcy5wbGFjZXMudjEuUGxhY2VzLkdldFBsYWNlEAIYBCAA,-0.2128828999999999,104.6149298,SUCCESS,FIRST_RESULT,2026-09-26T18:10:56.155171+00:00,,,Masjid Jami Sultan Lingga,https://id.wikipedia.org/wiki/Masjid_Jami_Sultan_Lingga,0.8617844749017515,EXACT_MATCH,"Masjid Jami Sultan Lingga terletak di Desa Daik, Kecamatan Lingga, Kabupaten Lingga, Kepulauan Riau, Indonesia. Masjid ini merupakan peninggalan Kesultanan Melayu Riau-Lingga, dibangun pada 1800-an di bawah pemerintahan Sultan Mahmud Syah III.
Masjid Jami Sultan Lingga berada satu kompleks dengan makam Sultan Mahmud Syah III, yang tepatnya berada di belakang atau sisi barat masjid. Masjid beserta makam telah ditetapkan oleh pemerintah Indonesia sebagai cagar budaya pada 2007.",2026-10-09T04:39:01.987246+00:00
Masjid Taqwa Kota Metro,"Kota Metro, Lampung",Masjid,ChIJyRr4Jfq7QC4Rao7cmTuNPgM,Taqwa Great Mosque Metro,"Jl. Letjend Alamsyah Ratu Prawira Negara No.1, Imopuro, Kec. Metro Pusat, Kota Metro, Lampung 34124, Indonesia",4.8,4823.0,https://maps.google.com/?cid=233779517793799786&g_mp=CiVnb29nbGUubWFwcy5wbGFjZXMudjEuUGxhY2VzLkdldFBsYWNlEAIYBCAA,-5.113913999999999,105.3074341,SUCCESS,FIRST_RESULT,2026-09-26T18:10:56.341847+00:00,,,Kota Metro,https://id.wikipedia.org/wiki/Kota_Metro,0.6388853566936475,SIMILARITY_MATCH,"Kota Metro adalah kota di Provinsi Lampung, Indonesia. Kota ini berjarak sekitar 52 km dari ibu kota provinsi, yaitu Kota Bandar Lampung, serta merupakan kota terbesar kedua di Provinsi Lampung. Kota Metro masuk dalam daftar 10 kota di Indonesia dengan biaya hidup terendah ke-9 di Indonesia serta urutan kedua di Pulau Sumatra berdasarkan Survei BPS tahun 2017.
Kota Metro juga ditetapkan sebagai Pusat Kegiatan Wilayah (PKW) karena memiliki potensi dan kondisi yang besar, serta didukung oleh sarana dan prasarana yang memadai. Kota Metro juga diharapkan dapat mengurangi beban Kota Bandar Lampung sebagai ibu kota Provinsi Lampung. Nantinya Kota Metro menjadi bagian dari target cetak biru Kementerian Pekerjaan Umum Dan Perumahan Rakyat Republik Indonesia dalam kawasan strategis pengembangan kota metropolitan Bandar Lampung Raya.",2026-10-09T04:39:02.239823+00:00
Masjid Istiqomah,"Kota Balikpapan, Kalimantan Timur",Masjid,ChIJXxt54EVH8S0RoGKWXNj44aY,Pertamina Istiqomah Mosque,"PRC7+FVG Smpn Koperasi Kps, Jl. Sport No.1, Prapatan, Kec. Balikpapan Kota, Kota Balikpapan, Kalimantan Timur 76111, Indonesia",4.8,1299.0,https://maps.google.com/?cid=12025166088205918880&g_mp=CiVnb29nbGUubWFwcy5wbGFjZXMudjEuUGxhY2VzLkdldFBsYWNlEAIYBCAA,-1.2787198,116.8144163,SUCCESS,FIRST_RESULT,2026-09-26T18:10:56.590909+00:00,,,Masjid Istiqomah,https://id.wikipedia.org/wiki/Masjid_Istiqomah,1.0000000000000013,EXACT_MATCH,"Masjid Istiqomah merupakan sebuah masjid yang terletak di Kabupaten Bengkalis, Indonesia. Masjid ini dibangun pada tahun 1999 dan selesai pada tahun 2003. Pembangunan masjid ini merupakan terobosan mengingat tingginya tingkat kesulitan untuk membangun sebuah masjid megah dengan tiang-tiang menara tinggi di atas tanah Bengkalis yang gembur di atas tanah gambut.
Masjid Istiquomah mendapat pengaruh gaya arsitektur Turki, Arab, dan budaya lokal Melayu. Tiang-tiang menara masjid dengan garis tengah yang tidak terlalu besar terletak menyatu dengan bangunan utama di keempat sudutnya. Sekilas tampak seperti menara Masjid Istambul, Turki.",2026-10-09T04:39:02.503299+00:00
Masjid Al Mutaqin,"Kabupaten Manokwari, Papua Barat",Masjid,ChIJzaAQUF_1Uy0R4xJd6Rg77as,Masjid Al Muttaqin,"Jl. Sabang No.24 Pasir Putih Manokwari Tim, Pasir Putih, Kec. Manokwari Tim., Kabupaten Manokwari, Papua Bar. 98311, Indonesia",4.4,41.0,https://maps.google.com/?cid=12388623128146547427&g_mp=CiVnb29nbGUubWFwcy5wbGFjZXMudjEuUGxhY2VzLkdldFBsYWNlEAIYBCAA,-0.8711937999999999,134.08122939999998,SUCCESS,FIRST_RESULT,2026-09-26T18:10:56.819629+00:00,,,"Masjid Nurul Muttaqin, Bumi Harapan","https://id.wikipedia.org/wiki/Masjid_Nurul_Muttaqin,_Bumi_Harapan",0.5063027723381356,SIMILARITY_MATCH,"Masjid Nurul Muttaqin, Bumi Harapan, Sepaku adalah sebuah masjid  di desa Bumi Harapan, Kecamatan Sepaku, Penajam Paser Utara, kawasan Ibukota Nusantara yang peletakan batu pertama pembangunannya telah dilakukan oleh bupati Penajam Paser Utara Abdul Gafur Mas'ud pada Rabu (20/10/2021).  
Masjid ini telah dipakai untuk penyembelihan hewan kurban dalam acara perayaan Iduladha 2023 berupa sapi dan kambing yang dibeli dan dipilih langsung dari UMKM milik warga sekitar IKN dan selanjutnya dagingnya akan dibagikan kembali ke warga di dua desa di IKN, yaitu Desa Bukit Raya dan Desa Bumi Harapan.",2026-10-09T04:39:02.809992+00:00
Masjid Nurul Iman,"Kota Balikpapan, Kalimantan Timur",Masjid,ChIJrUuMnSNH8S0RQut7uo2iBFQ,Masjid Nurul Iman,"PRGP+643, Jl. Cendrawasih, Klandasan Ulu, Kecamatan Balikpapan Selatan, Kota Balikpapan, Kalimantan Timur, Indonesia",4.9,25.0,https://maps.google.com/?cid=6054142528695561026&g_mp=CiVnb29nbGUubWFwcy5wbGFjZXMudjEuUGxhY2VzLkdldFBsYWNlEAIYBCAA,-1.2744840000000002,116.8352843,SUCCESS,FIRST_RESULT,2026-09-26T18:10:57.049120+00:00,,,Masjid Nurul Iman,https://id.wikipedia.org/wiki/Masjid_Nurul_Iman,1.0000000000000004,EXACT_MATCH,Masjid Nurul Iman dapat mengacu pada beberapa hal berikut:,2026-10-09T04:39:03.077472+00:00
Masjid Jabalussuada,"Kota Balikpapan, Kalimantan Timur",Masjid,ChIJN9nEboxG8S0RIkGo2OtbX5Q,Masjid Jabalussu'ada,"PVRC+PG4, Gunung Bahagia, Balikpapan Selatan, Balikpapan City, East Kalimantan 76114, Indonesia",4.9,400.0,https://maps.google.com/?cid=10691365108911194402&g_mp=CiVnb29nbGUubWFwcy5wbGFjZXMudjEuUGxhY2VzLkdldFBsYWNlEAIYBCAA,-1.2582262,116.87131439999996,SUCCESS,FIRST_RESULT,2026-09-26T18:10:57.262005+00:00,,,,,,NO_CANDIDATE,,
Masjid Jami Darussalam,"Kota Balikpapan, Kalimantan Timur",Masjid,ChIJwzYhTMpH8S0RNeUv4Eaysdg,Masjid Jami Darussalam,"QR8R+R65 Masjid Darussalam (Muara Rapak), Jl. Soekarno Hatta No.53, Muara Rapak, Kec. Balikpapan Utara, Kota Balikpapan, Kalimantan Timur 76125, Indonesia",4.7,142.0,https://maps.google.com/?cid=15614457400548910389&g_mp=CiVnb29nbGUubWFwcy5wbGFjZXMudjEuUGxhY2VzLkdldFBsYWNlEAIYBCAA,-1.2345246,116.8398506,SUCCESS,FIRST_RESULT,2026-09-26T18:10:57.470078+00:00,,,Pondok Modern Darussalam Gontor,https://id.wikipedia.org/wiki/Pondok_Modern_Darussalam_Gontor,0.395692868477649,SIMILARITY_MATCH,"Pondok Modern Darussalam Gontor (disingkat PMDG), juga dikenal sebagai Pondok Modern Gontor, atau hanya Pesantren Gontor, adalah pesantren di Kabupaten Ponorogo, Jawa Timur, Indonesia. Sejak didirikan pada tahun 1926, pesantren ini terkenal karena penerapan disiplin, penekanan yang kuat pada bahasa asing (Arab dan Inggris), serta jaringan dan kader alumni yang kuat. Pesantren ini juga dikenal sebagai lembaga pendidikan yang tidak terikat secara khusus dengan organisasi politik dan sosial mana pun. Pesantren ini dianggap sebagai tulang punggung masyarakat Muslim di Indonesia, yang telah menghasilkan banyak tokoh terkemuka dalam sejarah Islam di Indonesia.",2026-10-09T04:39:03.934140+00:00
Masjid Al Munawwar,"Kota Balikpapan, Kalimantan Timur",Masjid,ChIJf5Kr_bBH8S0R84aDazauIfU,Masjid Al-Munawwar,"QR5M+2W3, Jl. Ahmad Yani, Mekar Sari, Kec. Balikpapan Tengah, Kota Balikpapan, Kalimantan Timur 76122, Indonesia",4.7,355.0,https://maps.google.com/?cid=17663590762279044851&g_mp=CiVnb29nbGUubWFwcy5wbGFjZXMudjEuUGxhY2VzLkdldFBsYWNlEAIYBCAA,-1.2424785,116.8347881,SUCCESS,FIRST_RESULT,2026-09-26T18:10:57.680168+00:00,,,Masjid Baabul Munawwar,https://id.wikipedia.org/wiki/Masjid_Baabul_Munawwar,0.6491655688331524,SIMILARITY_MATCH,"Masjid Baabul Munawwar adalah sebuah masjid yang dibangun pada kedalaman 1.760 meter di bawah permukaan bumi di daerah pertambangan PT Freeport Papua. Mesjid mampu menampung 250 jemaat ini diresmikan pada bulan Juni 2016 yang ditandatangani oleh Pangdam XVII/Cenderawasih, Mayjen Fransen G. Siahaan. Bangunan masjid ini juga bersebelahan dengan gereja Oikumene Soteria sebagai simbol toleransi antar umat beragama di Indonesia. Masjid ini dibangun agar para pekerja umat muslim dapat melaksanakan ibadah salat lima waktu di tempat mereka bekerja.",2026-10-09T04:39:04.208812+00:00
Masjid Al Hidayah,"Kota Balikpapan, Kalimantan Timur",Masjid,ChIJ71E5rOZH8S0RzWcOVmg9gJc,Masjid Al Hidayah,"Jl. Wolter Monginsidi No.Rt. 26, Baru Ulu, Kec. Balikpapan Bar., Kota Balikpapan, Kalimantan Timur 76133, Indonesia",4.6,79.0,https://maps.google.com/?cid=10916793015075760077&g_mp=CiVnb29nbGUubWFwcy5wbGFjZXMudjEuUGxhY2VzLkdldFBsYWNlEAIYBCAA,-1.2235148999999998,116.8145082,SUCCESS,FIRST_RESULT,2026-09-26T18:10:57.899341+00:00,,,Masjid Jami An-Nawawi,https://id.wikipedia.org/wiki/Masjid_Jami_An-Nawawi,0.3180976717339766,SIMILARITY_MATCH,"Masjid Jami' An-Nawawi adalah masjid yang terletak di kecamatan Tanara, Serang, Banten. Masjid ini berada tak jauh dari komplek pemakaman Tanara, yaitu sekitar 1 km ke arah utara. Masjid tersebut terletak di sebuah kampung bernama Pesisir, desa Pedaleman. Tak ada orang yang tahu kapan persisnya masjid ini didirikan oleh Syekh Nawawi. Namun, jika mengetahui bahwa Syekh Nawawi dilahirkan pada tahun 1813 Masehi, maka kemungkinan besar masjid ini didirikan antara tahun 1850 hingga 1860-an.
Syekh Nawawi mendirikan rumah, mengelola pesantren, dan memimpin masjid di kampung ini. Namun, karena ia memperoleh intimidasi pejajah Belanda, ia kemudian hijrah ke Mekkah. Ia tidak tenang hidup di Tanara. Dia lalu tinggal di mekkah hingga akhir hayatnya. Makamnya pun di sana, yaitu di Ma'la, Mekkah. Sebagian karyanya ditulis di sana, sebagian lagi di Tanara.
Pemberian nama masjid yang diambil dari pendakwah Syekh Nawawi al-Bantani tentu bukan kebetulan. Pasalnya, di masjid ini ia dulu berjuang dan berdakwah. Sebagian hidupnya dijalani di sana. Meski sudah tak tampak seperti dulu, masjid ini tetap menyimpan kenangan tersendiri bagi masyarakat Tanara.",2026-10-09T04:39:04.470508+00:00
Masjid Agung Nurul Huda,"Kota Metro, Lampung",Masjid,ChIJLbq5u2W5QC4R_5pBHaEEOus,Masjid Nurul Huda,"V79J+5VF, Ganjaragung, Metro Barat, Metro City, Lampung 34121, Indonesia",4.8,670.0,https://maps.google.com/?cid=16949865237589367551&g_mp=CiVnb29nbGUubWFwcy5wbGFjZXMudjEuUGxhY2VzLkdldFBsYWNlEAIYBCAA,-5.1320619,105.2821742,SUCCESS,FIRST_RESULT,2026-09-26T18:10:58.114745+00:00,,,Masjid Nurul Huda,https://id.wikipedia.org/wiki/Masjid_Nurul_Huda,1.0000000000000004,EXACT_MATCH,"Masjid Nurul Huda dapat mengacu pada beberapa hal berikut:

Masjid Nurul Huda, Kampung Gelgel
Masjid Nurul Huda, Sawahlunto
Masjid Nurul Huda Sungai Jawi
Masjid Nurul Huda Jakarta Barat
Masjid Nurul Huda Maros
Masjid Nurul Huda Pejaren",2026-10-09T04:39:04.731164+00:00
Masjid Jabalussalam,"Kota Balikpapan, Kalimantan Timur",Masjid,ChIJseQJD5JG8S0RrYAI7Ixs2Kg,masjid JaballusSalam,"PVQF+42C, Jl. Manunggal Perum Bukit Damai Sentosa 1, Gn. Bahagia, Kecamatan Balikpapan Selatan, Kota Balikpapan, Kalimantan Timur 76114, Indonesia",4.8,34.0,https://maps.google.com/?cid=12166593745852596397&g_mp=CiVnb29nbGUubWFwcy5wbGFjZXMudjEuUGxhY2VzLkdldFBsYWNlEAIYBCAA,-1.2621941,116.8725113,SUCCESS,FIRST_RESULT,2026-09-26T18:10:58.304475+00:00,,,,,,NO_CANDIDATE,,
Masjid Agung Al-Furqon Bandar Lampung,"Kota Bandar Lampung, Lampung",Masjid,ChIJu9d-cTbaQC4R6VSR4HnNLUs,Al-Furqon Great Mosque,"Jl. Diponegoro, Gulak Galik, Kec. Tlk. Betung Utara, Kota Bandar Lampung, Lampung 35212, Indonesia",4.8,5564.0,https://maps.google.com/?cid=5417211850138932457&g_mp=CiVnb29nbGUubWFwcy5wbGFjZXMudjEuUGxhY2VzLkdldFBsYWNlEAIYBCAA,-5.4293076,105.2599995,SUCCESS,FIRST_RESULT,2026-09-26T18:10:58.549509+00:00,,,Masjid Al-Furqan Bandar Lampung,https://id.wikipedia.org/wiki/Masjid_Al-Furqan_Bandar_Lampung,0.7815071556049903,SIMILARITY_MATCH,"Masjid Agung Al-Furqan (bahasa Arab: [مسجد الفرقون] Galat: {{Lang}}: text has italic markup (bantuan), atau lebih dikenal dengan Masjid Agung Al-Furqan Bandar Lampung (bahasa Arab: [مسجد الفرقون في بندر لامبونج] Galat: {{Lang}}: text has italic markup (bantuan) adalah sebuah kompleks masjid bersejarah yang berada di Kota Bandar Lampung, Provinsi Lampung, Pulau Sumatra, Indonesia. Masjid ini awalnya dibangun pada tahun 1951, atas perintah Presiden Pertama Indonesia, Soekarno untuk umat Muslim setempat, yang kemudian diresmikan pada tanggal 5 April 1961.",2026-10-09T04:39:05.003390+00:00
Masjid Al-Anwar,"Kota Bandar Lampung, Lampung",Masjid,ChIJk2UlJIDZQC4RfvWOGIC-0pc,Al-Anwar Mosque,"Jalan Laksamana Malahayati No. 100, Kangkung, Teluk Betung Selatan, Pesawahan, Kec. Telukbetung Selatan, Kota Bandar Lampung, Lampung, Indonesia",4.7,148.0,https://maps.google.com/?cid=10940015902213469566&g_mp=CiVnb29nbGUubWFwcy5wbGFjZXMudjEuUGxhY2VzLkdldFBsYWNlEAIYBCAA,-5.450347,105.2631439,SUCCESS,FIRST_RESULT,2026-09-26T18:10:58.766340+00:00,,,Masjid Al-Anwar Lampung,https://id.wikipedia.org/wiki/Masjid_Al-Anwar_Lampung,0.6588077128728631,SIMILARITY_MATCH,"Masjid al-Anwar adalah masjid yang terletak di Kelurahan Pesawahan, Kecamatan Teluk Betung Selatan, Kota Bandar Lampung, Provinsi Lampung. Pembangunan Masjid al-Anwar diawali dari surau yang dibangun oleh seorang ulama dari Kesultanan Bone bemama Puang Haji Muhammad Soleh bin Karaeng. Surau tersebut hancur akibat letusan gunung Krakatau pada tahun 1883. Masyarakat setempat kemudian mengganti surau yang hancur dan membangun sebuah masjid di atas lahan seluas 1 hektare yang diberi nama Masjid al-Anwar. Pada tahun 1962. masjid diperluas dengan menambahkan serambi di bagian selatan, utara dan timur. Perluasan bangunan membuat bentuk asli dari Masjid al-Anwar tidak kentara lagi. Ruang utama masjid berukuran 25 x 20 meter dengan enam tiang bundar dari beton. Mihrab ada dua dan terletak di dinding bagian barat dengan lengkungan berbentuk huruf 'U' terbalik. Mimbar di sisi kiri berfungsi sebagai tempat imam dan mimbar di sisi kanan berfungsi sebagai mimbar. Pada dinding sisi kiri dan kanan masing-masing terdapat dua pintu masuk dan di dinding timur ada tiga pintu. Bagian atas pintu terdapat teralis kayu yang membentuk hiasan matahari terbit sebagai pemaknaan agar masjid ini dapat menjadi sumber cahaya kehidupan sesuai dengan namanya. Atap masjid berbentuk kubah dan terdapat hiasan bulan sabit pada bagian puncaknya.",2026-10-09T04:39:05.256081+00:00
Masjid Taqwa,"Kota Bandar Lampung, Lampung",Masjid,ChIJT2JNP1baQC4RKt-YYhXrP5Q,Masjid Taqwa Tanjung Karang,"Jl. Raden Intan No.61, Gn. Sari, Engal, Kota Bandar Lampung, Lampung 35213, Indonesia",4.8,724.0,https://maps.google.com/?cid=10682515318227132202&g_mp=CiVnb29nbGUubWFwcy5wbGFjZXMudjEuUGxhY2VzLkdldFBsYWNlEAIYBCAA,-5.4088091,105.2586509,SUCCESS,FIRST_RESULT,2026-09-26T18:10:58.994810+00:00,,,Masjid Taqwa Muhammadiyah,https://id.wikipedia.org/wiki/Masjid_Taqwa_Muhammadiyah,0.5113926077178649,SIMILARITY_MATCH,"Masjid Taqwa Muhammadiyah adalah salah satu masjid di Indonesia yang terletak di pusat Kota Padang, Sumatera Barat. Berada di kawasan Pasar Raya Padang, masjid yang pertama dibangun pada 1961 berupa bangunan berlantai dua ditandai dengan kubah. Namun, pada 6 Januari 1975, masjid pertama mengalami kerusakan berat setelah kubah runtuh. Pada 1977, masjid baru dibangun ulang dan akhirnya selesai pada 1987. 
Masjid Taqwa Muhammadiyah menampilkan arsitektur masjid modern yang tak identik dengan kubah. Fasad bangunannya merupakan abstraksi gonjong yang juga terdapat pada gedung di kampus Universitas Andalas, Limau Manis, Padang.
Masjid ini berada tidak jauh dari Masjid Raya Ganting dan Masjid Nurul Iman yang keberadaanya turut berperan dalam perjalanan sejarah Kota Padang. Selain menjadi tempat kegiatan keagamaan regional, Masjid Taqwa Muhammadiyah membuka fasilitas komersial dan pendidikan.",2026-10-09T04:39:05.518723+00:00
Masjid Al-Abror,"Kota Bandar Lampung, Lampung",Masjid,ChIJq6qqhlXaQC4R3SsYYiWSF3Y,Masjid Al Abror,"Jl. Pemuda No.60, Tj. Karang, Kec. Tanjungkarang Timur, Kota Bandar Lampung, Lampung 35127, Indonesia",4.7,206.0,https://maps.google.com/?cid=8509430710197038045&g_mp=CiVnb29nbGUubWFwcy5wbGFjZXMudjEuUGxhY2VzLkdldFBsYWNlEAIYBCAA,-5.411556399999999,105.2600567,SUCCESS,FIRST_RESULT,2026-09-26T18:10:59.232723+00:00,,,Abah Anom,https://id.wikipedia.org/wiki/Abah_Anom,0.13734072456461852,SIMILARITY_MATCH,"Al-ʿAlimul ʿAllamah Al-ʿArif Billah Al-Bahrul Fahammah Asy-Syaikhul Masyayikh Al-Faqih As-Shufi Al-Imam Al-Quthubul ʿAlamin Al-Murabbi Al-Mursyid Al-Kamil Mukammil Al-Washilatu Thoolibin Shahibul Karomah wal Fadhilah Quthbir-Rabbani wal Ghauts As-Shomadany Hadhratus Syaikh Ahmad Shohibulwafa Tajul ʿArifin Al-Qoodiri An-Naqshbandi Al-Mujaddid Al-Kaʿbatul Abror Qs. wa Ra. atau dikenal luas dengan panggilan Pangersa Abah Anom adalah Ulama Sufi Masyhur yang sangat Kharismatik, dan tidak diragukan lagi ke-Waliannya. Beliau merupakan Syeikh Mursyid Kamil Mukammil Thoriqoh Qodiriyah wa Naqsyabandiyah (TQN) Pondok Pesantren Suryalaya
Pangersa Abah Anom adalah Ulama Ahlussunnah wal Jama'ah Bermadzhab Syafiʿi, dan berpedoman kepada Aqidah Asyʿari Al-Maturidi. Dalam Kepemimpinan Beliau TQN Pondok Pesantren Suryalaya berkembang pesat keseluruh dunia, khususnya di asia tenggara menjadikannya sebagai rujukan para Ulama Tasawuf, dan pusat studi Tarekat Qodiriyah wa Naqsyabandiyah. Banyak Tokoh Penting Nasional, maupun International yang telah bersilaturahmi kepada Beliau, hampir semua Presiden Indonesia, beserta para Mentri, dan Jajarannya telah mengunjungi Pangersa Abah Anom di Madrasah Kajembaran Rahmaniyyah Pondok Pesantren Suryalaya. Jutaan orang berdatangan silih berganti ke Madrasah Beliau di Pondok Pesantren Suryalaya untuk memperdalam Ilmu Tasawuf(pencarian  jati diri dengan tuhan), silaturahmi, meminta petunjuk, memohon do'a, dan restu, atau hanya sekadar ingin bersalaman saja.
Pangersa Abah Anom meninggalkan dunia yang fana, dan berpindah ke Ar-Rafiiqul Aʿlaa pada Senin, 6 Syawal 1432 H / 5 September 2011 bertepatan dengan Milad Pondok Pesantren Suryalaya ke-106. Kabar ini sangat mengagetkan karena setiap Milad Suryalaya selalu diadakan perayaan besar-besaran, dan pada pagi harinya beliau masih menyaksikan Pawai Natura, dan Perayaan Milad Suryalaya. semasa berkabung langit terlihat mendung seperti ikut bersedih atas Kepergian Sang Insan Kamil Mukammil. Suasanapun menjadi hening, isak tangis tak terbendung, para Khodim Beliau enggan mengumumkan kabar kepergiannya. Beliau meninggalkan jutaan murid yang mengharapkan Barokah, dan Karomahnya.
Kabar duka ini tersebar dengan cepat sampai media luar negeri ikut memberitakannya, Murid-muridnya berdatangan dari luar maupun dalam negri, banyak tokoh penting dari Indonesia, Malaysia, Brunei, Singapura, Baghdad, Mesir, dll. Berdatangan untuk Takziah ke Pondok Pesantren Suryalaya. Jasad Suci Pangersa Abah Anom di Semayamkan di Madrasah Kajembaran Rahmaniyyah, lalu dipindahkan kedalam Masjid Agung Nurul Asror untuk di-Shalatkan. Lantunan Dzikir terus berkumandang tiada henti, dan Shalat Jenazah dilaksanakan oleh jutaan orang silih berganti dari mulai ba'da ashar hingga dikebumikan. Lautan manusia memenuhi Komplek Pondok Pesantren Suryalaya menjadikannya sebagai salah satu upacara kematian terbesar di Indonesia. Pangersa Abah Anom dikebumikan pada hari selasa di Puncak Suryalaya berdampingan dengan Pesarean Pangersa Abah Sepuh(Sang Ayahanda). Walaupun Pangersa Abah Anom telah meninggalkan dunia secara dzohir tapi Jutaan Muridnya terus berdatangan ke Pondok Pesantren Suryalaya. Perjuangannya diteruskan oleh Khodim-khodimnya, Pengemban Amanah, dan Para Wakil Talqin, juga Para Putra, dan Keluarga yang menjadi kepanjangan tangannya di dunia.",2026-10-09T04:39:05.783157+00:00
Masjid Nurul Ulum,"Kota Bandar Lampung, Lampung",Masjid,ChIJd_c6m5PbQC4RHDOzHJr5_oo,Masjid Nurul Ulum,"Desa Lebak Haur, Campang Raya, Kec. Tanjungkarang Timur, Kota Bandar Lampung, Lampung 35245, Indonesia",5.0,8.0,https://maps.google.com/?cid=10015717061620347676&g_mp=CiVnb29nbGUubWFwcy5wbGFjZXMudjEuUGxhY2VzLkdldFBsYWNlEAIYBCAA,-5.423788399999999,105.29642280000002,SUCCESS,FIRST_RESULT,2026-09-26T18:10:59.449371+00:00,,,Masjid Nurul Ulum,https://id.wikipedia.org/wiki/Masjid_Nurul_Ulum,1.0000000000000002,EXACT_MATCH,"Masjid Nurul Ulum Universitas Jenderal Soedirman atau disebut Masjid Kampus Unsoed terletak di Grendeng, Purwokerto Utara, Kabupaten Banyumas. Masjid ini berada di kompleks Kampus Grendeng Universitas Jenderal Soedirman, di seberang Jalan Dr. H.R. Boenyamin, berdekatan dengan UPT Perpustakaan Unsoed, Unsoed Press, dan Fakultas Ilmu Sosial dan Ilmu Politik Unsoed.
Masjid Nurul Ulum Unsoed dibangun pada tahun 1986. Pembangunannya diprakarsai dan didanai oleh Yayasan Amalbakti Muslim Pancasila (YAMP), organisasi amal keagamaan Islam yang diketuai oleh Presiden Soeharto, di atas tanah milik Unsoed. 
Masjid Nurul Ulum Unsoed menjadi salah satu pusat pengembangan studi agama Islam dan kegiatan keislaman dalam lingkungan Universitas Jenderal Soedirman, salah satunya bagi Unit Kerohanian Islam (UKI) Unsoed dan organisasi lainnya.
Masjid ini terdiri atas dua lantai, dengan lantai pertama yang dihubungkan oleh tangga ke lantai dua yang berbentuk mezanin. Pada lantai pertama masjid, terdapat ruang ibadah yang dilengkapi dengan pendingin ruangan dan permadani.
Masjid ini masih memelihara tradisi beduk Jawa dan selalu dibunyikan ketika menjelang waktu salat.",2026-10-09T04:39:06.049234+00:00
Masjid Al-Muhajirin,"Kota Bandar Lampung, Lampung",Masjid,ChIJXdA-myXbQC4RFVG_qLxJMBk,Masjid Al Muhajirin,"JL. Gunung Rajabasa Raya, No. T.21, Way Halim, 35361, Perumnas Way Halim, Kec. Way Halim, Kota Bandar Lampung, Lampung 35132, Indonesia",4.8,388.0,https://maps.google.com/?cid=1815031724464099605&g_mp=CiVnb29nbGUubWFwcy5wbGFjZXMudjEuUGxhY2VzLkdldFBsYWNlEAIYBCAA,-5.3773201,105.2744567,SUCCESS,FIRST_RESULT,2026-09-26T18:10:59.690674+00:00,,,Masjid Al-Muhajirin Kepaon,https://id.wikipedia.org/wiki/Masjid_Al-Muhajirin_Kepaon,0.7065398620692275,SIMILARITY_MATCH,"Masjid Al-Muhajirin adalah sebuah masjid yang terletak di Kampung Kepaon, Denpasar, Bali. Masjid ini tergolong masjid tua di kota Denpasar dan berada di tengah kota.",2026-10-09T04:39:06.303058+00:00
Masjid Babusalam,"Kota Bandar Lampung, Lampung",Masjid,ChIJ135FdfzaQC4R5uyl2fxz02c,Masjid Babussalam,"Jl. Teuku Umar No.130, Penengahan, Kec. Kedaton, Kota Bandar Lampung, Lampung 35121, Indonesia",4.7,217.0,https://maps.google.com/?cid=7481450935813008614&g_mp=CiVnb29nbGUubWFwcy5wbGFjZXMudjEuUGxhY2VzLkdldFBsYWNlEAIYBCAA,-5.4010185,105.2605673,SUCCESS,FIRST_RESULT,2026-09-26T18:10:59.918564+00:00,,,Masjid Babussalam,https://id.wikipedia.org/wiki/Masjid_Babussalam,0.9999999999999998,EXACT_MATCH,"Masjid Babussalam adalah salah satu masjid yang terletak di Kelurahan Lubang Panjang, Kecamatan Barangin, Kota Sawahlunto, Sumatera Barat. Lokasinya berada di sebelah Balai kota Sawahlunto. Mesjid ini dibangun pada tahun 1981.
Bangunan utama masjid ini berukuran 15 × 15 meter dan luas 238 meter persegi. Masjid ini mampu menampung 500 jamaah.
Saat ini selain berfungsi sebagai tempat ibadah umat Islam, masjid berlantai dua ini juga digunakan sebagai sarana pendidikan agama bagi masyarakat sekitar.",2026-10-09T04:39:06.555394+00:00
Masjid Jami,"Kabupaten Purworejo, Jawa Tengah",Masjid,ChIJab5Iab7rei4Ro6c-mz4uSJI,MASJID JAMI' AN-NUUR Menara Dua,"72V9+JM5, Gg. Brengkelan, Tegalmalang, Purworejo, Kec. Purworejo, Kabupaten Purworejo, Jawa Tengah 54151, Indonesia",4.6,49.0,https://maps.google.com/?cid=10540725774288070563&g_mp=CiVnb29nbGUubWFwcy5wbGFjZXMudjEuUGxhY2VzLkdldFBsYWNlEAIYBCAA,-7.7059755,110.019222,SUCCESS,FIRST_RESULT,2026-09-26T18:11:01.113596+00:00,,,Masjid Jami Banjarmasin,https://id.wikipedia.org/wiki/Masjid_Jami_Banjarmasin,0.6020582072142686,SIMILARITY_MATCH,"Masjid Jami Banjarmasin (aksara Jawi: مسجد جامع بنجرماسين) atau yang lebih dikenal dengan Masjid Jami Sungai Jingah (aksara Jawi: مسجد جامع ﺳﻮ ڠاﻱ‬ جيڠاه) adalah sebuah masjid bersejarah yang berada di Jalan Masjid Jami, Kelurahan Antasan Kecil Timur, Kecamatan Banjarmasin Utara, Kota Banjarmasin, Provinsi Kalimantan Selatan, Indonesia.
Masjid ini berdekatan dengan Kompleks Makam Pangeran Antasari, di mana kompleks makam ini berada di daerah timur masjid, tepatnya di Jalan Malkon Temon. Selain itu, masjid ini juga berdekatan dengan makam salah satu ulama karismatik, yaitu K.H. Ahmad Zuhdiannor atau sering disapa Guru Zuhdi yang semasa hidupnya mengisi kegiatan keagaamaan di masjid ini, di mana makamnya berada di daerah barat masjid atau dikenal dengan daerah ""Jalan Belakang Masjid Jami"". Hal ini membuat halaman masjid sering dipenuhi oleh peziarah yang sering memarkir di sana.",2026-10-09T04:39:06.813414+00:00
Masjid Nurul Qolbi,"Kabupaten Manokwari, Papua Barat",Masjid,ChIJJbQUIAwLVC0RcMMD1FS7pxs,Nurul Qolbi Mosque,"5387+QHX, Amban, Manokwari Barat, Manokwari Regency, West Papua 98314, Indonesia",3.9,28.0,https://maps.google.com/?cid=1992767333143397232&g_mp=CiVnb29nbGUubWFwcy5wbGFjZXMudjEuUGxhY2VzLkdldFBsYWNlEAIYBCAA,-0.8330124999999999,134.06398439999998,SUCCESS,FIRST_RESULT,2026-09-27T17:25:03.887773+00:00,,,,,,NO_CANDIDATE,,
Masjid Al Abrar Titipapan,"Kota Medan, Sumatera Utara",Masjid,ChIJgaIIsaUyMTARNJTjEkEWEx0,Masjid Al-Abraar,"Jl. KL. Yos Sudarso No.12,5, Titi Papan, Kec. Medan Deli, Kota Medan, Sumatera Utara 20244, Indonesia",4.7,231.0,https://maps.google.com/?cid=2095042720403002420&g_mp=CiVnb29nbGUubWFwcy5wbGFjZXMudjEuUGxhY2VzLkdldFBsYWNlEAIYBCAA,3.6885364,98.6677852,SUCCESS,FIRST_RESULT,2026-09-27T17:25:04.300685+00:00,,,"Medan Deli, Medan","https://id.wikipedia.org/wiki/Medan_Deli,_Medan",0.05908298361357077,SIMILARITY_MATCH,"Medan Deli adalah salah satu dari 21 kecamatan yang berada di Kota Medan, Provinsi Sumatera Utara, Indonesia. Kecamatan Medan Deli berbatasan dengan Kabupaten Deli Serdang di sebelah barat dan timur, Medan Barat dan Medan Timur di sebelah selatan, dan Medan Marelan dan Medan Labuhan di sebelah utara. Kawasan Industri Medan (KIM) terletak di kecamatan ini.",2026-10-09T04:39:07.082012+00:00
Masjid Agung Nasional Madani Islamic Centre,"Kabupaten Rokan Hulu, Riau",Masjid,ChIJyQQsbX5AKzARJktkURvU_fQ,Masjid Agung Islamic Centre Pasir Pengaraian Rohul,"Jl. Tuanku Tambusai KM.4, Pematang Berangan, Kec. Rambah, Kabupaten Rokan Hulu, Riau 28558, Indonesia",4.7,3165.0,https://maps.google.com/?cid=17653499328156945190&g_mp=CiVnb29nbGUubWFwcy5wbGFjZXMudjEuUGxhY2VzLkdldFBsYWNlEAIYBCAA,0.8958907,100.3084491,SUCCESS,FIRST_RESULT,2026-09-26T18:11:00.406445+00:00,,,Masjid Raya Sultan Riau,https://id.wikipedia.org/wiki/Masjid_Raya_Sultan_Riau,0.21295085831104124,SIMILARITY_MATCH,"Masjid Raya Sultan Riau atau disebut juga Masjid Sultan Riau merupakan salah satu masjid tua dan bersejarah di Indonesia yang berada di pulau Penyengat, Kota Tanjungpinang, provinsi Kepulauan Riau. Masjid ini merupakan salah satu masjid unik karena salah satu campuran bahan bangunan yang digunakan adalah putih telur. Masjid Sultan Riau ini sudah dijadikan situs cagar budaya oleh pemerintah Republik Indonesia.",2026-10-09T04:39:07.352138+00:00
Masjid Baitul Amal Martubung,"Kota Medan, Sumatera Utara",Masjid,ChIJl7SHBEfNNjARQ9LBz-an7ac,Masjid Baitul Amal,"PM7H+HVF, Jl. KL. Yos Sudarso, Martubung, Kec. Medan Labuhan, Kota Medan, Sumatera Utara 20252, Indonesia",4.8,44.0,https://maps.google.com/?cid=12100512383584293443&g_mp=CiVnb29nbGUubWFwcy5wbGFjZXMudjEuUGxhY2VzLkdldFBsYWNlEAIYBCAA,3.713927199999999,98.6796636,SUCCESS,FIRST_RESULT,2026-09-26T18:11:00.619111+00:00,,,Masjid Baitul Makmur Denpasar,https://id.wikipedia.org/wiki/Masjid_Baitul_Makmur_Denpasar,0.4447206491328052,SIMILARITY_MATCH,"Masjid Baitul Makmur (biasa disingkat menjadi Masjid BM) merupakan salah satu masjid besar di Kota Denpasar, Bali. Masjid yang terletak di daerah Perumahan Monang Maning ini terkenal sebagai masjid yang makmur sesuai namanya karena keramaian jamaahnya terutama saat Shalat Subuh.",2026-10-09T04:39:07.620239+00:00
Masjid Al Iman Marelan Pasar Ii,"Kota Medan, Sumatera Utara",Masjid,ChIJL82QvVYtMTARKqJbgsKuot4,MASJID AL-IMAN,"MMV3+WV5, Jl. Marelan Raya Ps. II, Rengas Pulau, Kec. Medan Marelan, Kota Medan, Sumatera Utara 20255, Indonesia",4.7,257.0,https://maps.google.com/?cid=16042576973081059882&g_mp=CiVnb29nbGUubWFwcy5wbGFjZXMudjEuUGxhY2VzLkdldFBsYWNlEAIYBCAA,3.6947691,98.6547334,SUCCESS,FIRST_RESULT,2026-09-26T18:11:00.849920+00:00,,,Masjid Al-Iman,https://id.wikipedia.org/wiki/Masjid_Al-Iman,0.9999999999999996,EXACT_MATCH,"Masjid Al-Iman di Bukit Panjang Ring Road adalah sebuah masjid Singapura yang terletak di Bukit Panjang. Masjid bertingkat empat ini dibuka tanggal 2 Mei 2003. Dapat menampung 5,000 jamaah dalam satu waktu. Bangunannya meliputi tempat parkir bawah tanah, 18 ruang kelas, auditorium untuk 130 orang, ruang komputer dan lift di setiap tingkat.
Kubah berbentuk permata dengan puncak bintang menandakan persatuan dan hubungan antara Allah dan utusannya. Atap kaca bintang menandakan keterbukaan. Enam menara masjid berarti enam rukun Iman. Salah satu menara tertinggi berarti konsentrasi, keterbukaan dan kemenangan, juga kedaulatan dan perbedaan. Juga memiliki titik tertinggi untuk mengumandangkan panggilan ṣalat dan disinari pada malam hari juga sabit dan bintang.",2026-10-09T04:39:07.882117+00:00
Masjid Jami Al Qanitin Sei Sikambing,"Kota Medan, Sumatera Utara",Masjid,ChIJ147ncN4xMTARpFDB5SHEWr4,Masjid Jamik Al Qanitin,"Jalan Sei kambing No.46, Sekip, Kec. Medan Petisah, Kota Medan, Sumatera Utara 20113, Indonesia",4.8,246.0,https://maps.google.com/?cid=13716491264977883300&g_mp=CiVnb29nbGUubWFwcy5wbGFjZXMudjEuUGxhY2VzLkdldFBsYWNlEAIYBCAA,3.5988817,98.6651607,SUCCESS,FIRST_RESULT,2026-09-27T17:25:04.693330+00:00,,,,,,NO_CANDIDATE,,
Masjid Cipto Mulyo,"Kabupaten Boyolali, Jawa Tengah",Masjid,ChIJbax64Lhuei4RsoMjZM9uRQ0,Masjid Cipto Mulyo Pengging,"Bendan II, Bendan, Kec. Banyudono, Kabupaten Boyolali, Jawa Tengah 57373, Indonesia",4.8,377.0,https://maps.google.com/?cid=956292332903433138&g_mp=CiVnb29nbGUubWFwcy5wbGFjZXMudjEuUGxhY2VzLkdldFBsYWNlEAIYBCAA,-7.5507786,110.6753606,SUCCESS,FIRST_RESULT,2026-09-27T17:25:05.078372+00:00,,,Sebaran Apem Kukus Keong Mas,https://id.wikipedia.org/wiki/Sebaran_Apem_Kukus_Keong_Mas,0.09731550707822749,SIMILARITY_MATCH,"Sebaran Apem Kukus Keong Mas (juga dikenal sebagai Saparan Apem Keong Emas) adalah tradisi tahunan masyarakat di Kecamatan Banyudono, Kabupaten Boyolali, Jawa Tengah, yang diselenggarakan pada akhir bulan Sapar dalam kalender Jawa. Tradisi ini melibatkan penyebaran ribuan kue apem kukus berbentuk keong emas sebagai bentuk syukur, penolak bala, serta ungkapan harapan agar tanah dan panen menjadi subur.",2026-10-09T04:39:08.135966+00:00
Masjid Jami,"Kabupaten Purworejo, Jawa Tengah",Masjid,ChIJab5Iab7rei4Ro6c-mz4uSJI,MASJID JAMI' AN-NUUR Menara Dua,"72V9+JM5, Gg. Brengkelan, Tegalmalang, Purworejo, Kec. Purworejo, Kabupaten Purworejo, Jawa Tengah 54151, Indonesia",4.6,49.0,https://maps.google.com/?cid=10540725774288070563&g_mp=CiVnb29nbGUubWFwcy5wbGFjZXMudjEuUGxhY2VzLkdldFBsYWNlEAIYBCAA,-7.7059755,110.019222,SUCCESS,FIRST_RESULT,2026-09-26T18:11:01.113596+00:00,,,Masjid Jami Banjarmasin,https://id.wikipedia.org/wiki/Masjid_Jami_Banjarmasin,0.6020582072142686,SIMILARITY_MATCH,"Masjid Jami Banjarmasin (aksara Jawi: مسجد جامع بنجرماسين) atau yang lebih dikenal dengan Masjid Jami Sungai Jingah (aksara Jawi: مسجد جامع ﺳﻮ ڠاﻱ‬ جيڠاه) adalah sebuah masjid bersejarah yang berada di Jalan Masjid Jami, Kelurahan Antasan Kecil Timur, Kecamatan Banjarmasin Utara, Kota Banjarmasin, Provinsi Kalimantan Selatan, Indonesia.
Masjid ini berdekatan dengan Kompleks Makam Pangeran Antasari, di mana kompleks makam ini berada di daerah timur masjid, tepatnya di Jalan Malkon Temon. Selain itu, masjid ini juga berdekatan dengan makam salah satu ulama karismatik, yaitu K.H. Ahmad Zuhdiannor atau sering disapa Guru Zuhdi yang semasa hidupnya mengisi kegiatan keagaamaan di masjid ini, di mana makamnya berada di daerah barat masjid atau dikenal dengan daerah ""Jalan Belakang Masjid Jami"". Hal ini membuat halaman masjid sering dipenuhi oleh peziarah yang sering memarkir di sana.",2026-10-09T04:39:08.391165+00:00
Masjid Agung Surakarta,"Kota Surakarta, Jawa Tengah",Masjid,ChIJW9yD5WYWei4RNnF5JDPvIhY,Masjid Agung Keraton Surakarta,"Jalan Masjid Besar No.1, Kauman, Kec. Ps. Kliwon, Kota Surakarta, Jawa Tengah 57122, Indonesia",4.8,8592.0,https://maps.google.com/?cid=1595100220976886070&g_mp=CiVnb29nbGUubWFwcy5wbGFjZXMudjEuUGxhY2VzLkdldFBsYWNlEAIYBCAA,-7.574403299999999,110.8265936,SUCCESS,FIRST_RESULT,2026-09-27T17:25:05.486189+00:00,,,Masjid Agung Keraton Surakarta,https://id.wikipedia.org/wiki/Masjid_Agung_Keraton_Surakarta,1.0000000000000009,EXACT_MATCH,"Masjid Agung Kraton Surakarta (nama resmi: bahasa Jawa: ꦩꦱ꧀ꦗꦶꦢ꧀ꦄꦒꦼꦁꦏꦫꦠꦺꦴꦤ꧀ꦱꦸꦫꦏꦂꦠꦲꦢꦶꦤꦶꦔꦿꦠ꧀, translit. Masjid Agěng Karaton Suråkartå Hadiníngrat) pada masa pra-kemerdekaan adalah masjid agung milik kerajaan (Surakarta Hadiningrat) dan berfungsi selain sebagai tempat ibadah juga sebagai pusat syiar Islam bagi warga kerajaan.
Masjid Agung dibangun oleh Sunan Pakubuwono III tahun 1763 dan selesai pada tahun 1768. Hal ini dapat diketahui dari prasasti yang terdapat di dinding luar ruangan utama masjid. Masjid ini merupakan masjid dengan katagori masjid jami', yaitu masjid yang digunakan untuk salat berjemaah dengan ukuran makmum besar (misalnya salat Jumat dan salat Ied). Dengan status sebagai masjid kerajaan, masjid ini juga berfungsi mendukung segala keperluan kerajaan yang terkait dengan keagamaan, seperti grebeg, sekaten, dan maulid nabi.
Raja (Sunan) Surakarta berfungsi sebagai panatagama (pengatur urusan agama) dan masjid ini menjadi pelaksana dari fungsi ini. Semua pegawai masjid diangkat menjadi abdi dalem kraton, dengan gelar seperti Kanjeng Raden Tumenggung Penghulu Tafsiranom (untuk penghulu) dan Lurah Muadzin untuk juru adzan.",2026-10-09T04:39:08.660644+00:00
Masjid Al Wustho Mangkunegaran,"Kota Surakarta, Jawa Tengah",Masjid,ChIJFyD3sIkWei4RIDV4OzpKh3o,Masjid Al Wustho Mangkunegaran,"Jl. Kartini No.3, Ketelan, Kec. Banjarsari, Kota Surakarta, Jawa Tengah 57132, Indonesia",4.8,3155.0,https://maps.google.com/?cid=8829107208449439008&g_mp=CiVnb29nbGUubWFwcy5wbGFjZXMudjEuUGxhY2VzLkdldFBsYWNlEAIYBCAA,-7.5654454,110.8214387,SUCCESS,FIRST_RESULT,2026-09-27T17:25:05.919818+00:00,,,Masjid Wustha Mangkunegaran,https://id.wikipedia.org/wiki/Masjid_Wustha_Mangkunegaran,0.850105164933431,SIMILARITY_MATCH,"Masjid Wustha Mangkunegaran (bahasa Jawa: ꦩꦱ꧀ꦗꦶꦢ꧀ꦮꦸꦱ꧀ꦛꦩꦁꦏꦸꦤꦒꦫꦤ꧀, translit. Masjid Wustha Mangkunagaran) adalah masjid tua yang terletak di Kota Surakarta. Karena menjadi ""masjid negara"" pada masa berdirinya Kadipaten Praja Mangkunegaran.
Sebenarnya, sejak masa pemerintahan Mangkunagara I telah ada ""masjid negara"" untuk Praja Mangkunegaran yang terletak di Kauman, daerah Pasar Legi. Namun demikian, untuk kepentingan kemudahan fungsi ""panatagama"" (urusan agama), lokasi masjid dipindahkan ke lokasi sekarang.
Pembangunan masjid secara modern dirancang oleh arsitek Belanda, Herman Thomas Karsten. Saat ini masjid beralamat di Jalan Kartini, di sisi barat Pura Mangkunegaran, secara administratif masuk dalam wilayah Kelurahan Ketelan, Banjarsari, Surakarta.
Pada awanya masjid diperuntukkan untuk keluarga kerajaan saja namun sejak tahun 1924 masjid mulai dibuka untuk umum terutama untuk menunjan pendidikan islam yang dilakukan oleh Muhammadiyah.",2026-10-09T04:39:08.926749+00:00
Masjid Jami Al Hidayah Paya Pasir Marelan,"Kota Medan, Sumatera Utara",Masjid,ChIJZz62Wl3NNjARUILTzzsQBuI,Masjid Al Hidayah Medan Marelan,"Jl. Titi Pahlawan No.99, Labuhan Deli, Kec. Medan Marelan, Kota Medan, Sumatera Utara 20252, Indonesia",4.7,44.0,https://maps.google.com/?cid=16286722951507837520&g_mp=CiVnb29nbGUubWFwcy5wbGFjZXMudjEuUGxhY2VzLkdldFBsYWNlEAIYBCAA,3.7189512,98.6657141,SUCCESS,FIRST_RESULT,2026-09-26T18:11:01.580705+00:00,,,,,,NO_CANDIDATE,,
Masjid Laweyan,"Kota Surakarta, Jawa Tengah",Masjid,ChIJp8sY48wVei4RnGIEcAR3-e8,Masjid Laweyan,"Jl. Liris No.1, Belukan, Pajang, Kec. Laweyan, Kota Surakarta, Jawa Tengah 57146, Indonesia",4.8,1108.0,https://maps.google.com/?cid=17291983105208640156&g_mp=CiVnb29nbGUubWFwcy5wbGFjZXMudjEuUGxhY2VzLkdldFBsYWNlEAIYBCAA,-7.571462,110.792558,SUCCESS,FIRST_RESULT,2026-09-27T17:25:06.317556+00:00,,,Masjid Laweyan,https://id.wikipedia.org/wiki/Masjid_Laweyan,1.0000000000000013,EXACT_MATCH,"Masjid Laweyan adalah salah satu masjid bersejarah yang ada di Kota Surakarta. Masjid ini sudah ada sebelum Masjid Agung Surakarta. Masjid ini dibangun pada tahun 1546 pada masa Sultan Hadiwijaya, salah satu sultan Kesultanan Pajang, yang merupakan cikal bakal dari Kasunanan Surakarta dan Kasultanan Yogyakarta.",2026-10-09T04:39:09.187553+00:00
Masjid Raya Batam,"Kota Batam, Kepulauan Riau",Masjid,ChIJB16rhR2J2TER_zzeuoHQVN0,Masjid Agung Raja Hamidah Kota Batam,"Jl. Engku Putri, Tlk. Tering, Kecamatan Batam, Kota Batam, Kepulauan Riau 29444, Indonesia",4.8,3827.0,https://maps.google.com/?cid=15948601436030254335&g_mp=CiVnb29nbGUubWFwcy5wbGFjZXMudjEuUGxhY2VzLkdldFBsYWNlEAIYBCAA,1.1264934,104.053059,SUCCESS,FIRST_RESULT,2026-09-27T17:25:06.744936+00:00,,,Masjid Agung Batam,https://id.wikipedia.org/wiki/Masjid_Agung_Batam,0.6365582117164594,SIMILARITY_MATCH,"Masjid Agung Batam atau disebut Masjid Raya Batam (MRB) merupakan sebuah masjid yang terletak di Batam Kepulauan Riau Indonesia. Masjid ini memiliki kubah dengan bentuk unik yang berdesain limas segi empat atau seperti piramida. Masjid ini dilengkapi dengan menara setinggi 66 m. Selain menjadi tempat ibadah, masjid ini menjadi pesona daya tarik pariwisata.",2026-10-09T04:39:09.447141+00:00
Masjid Raya Al,"Kota Ambon, Maluku",Masjid,ChIJOzksY4HpbC0RCM3dMK96Ybk,Masjid Raya Al-Fatah Ambon,"Jl. Sultan Babullah, Kel Honipopu, Kec. Sirimau, Kota Ambon, Maluku, Indonesia",4.8,325.0,https://maps.google.com/?cid=13358092862615309576&g_mp=CiVnb29nbGUubWFwcy5wbGFjZXMudjEuUGxhY2VzLkdldFBsYWNlEAIYBCAA,-3.6967653,128.1775697,SUCCESS,FIRST_RESULT,2026-09-27T17:25:07.137962+00:00,,,Masjid Raya Al-Fatah,https://id.wikipedia.org/wiki/Masjid_Raya_Al-Fatah,0.881493148794676,SIMILARITY_MATCH,"Masjid Raya Al-Fatah, Ambon adalah masjid yang terletak di Kota Ambon, Provinsi Maluku, Indonesia. Masjid ini merupakan masjid terbesar di Maluku dan memiliki arsitektur megah dengan kubah berukuran besar dan halamannya yang luas. Masjid Raya Al-Fattah dibangun pada tahun 1979 M dan kemudian menjadi simbol toleransi di Kota Ambon yang terkenal dengan masyarakatnya yang multikultural. Masjid ini kerap mengadakan kegiatan keagamaan dan sosial, seperti kajian Islam, pengajian, dan buka puasa rutin.",2026-10-09T04:39:09.707053+00:00
Masjid Raya Pekanbaru,"Kota Pekanbaru, Riau",Masjid,ChIJPSk42HOs1TER3ATxhK3EREU,Masjid Raya Pekanbaru,"Jl. Senapelan No.128, Kp. Dalam, Senapelan, Kota Pekanbaru, Riau 28155, Indonesia",4.7,1361.0,https://maps.google.com/?cid=4991330536572126428&g_mp=CiVnb29nbGUubWFwcy5wbGFjZXMudjEuUGxhY2VzLkdldFBsYWNlEAIYBCAA,0.5379121,101.4421535,SUCCESS,FIRST_RESULT,2026-09-27T17:25:07.562538+00:00,,,Masjid Raya Pekanbaru,https://id.wikipedia.org/wiki/Masjid_Raya_Pekanbaru,1.0000000000000002,EXACT_MATCH,"Masjid Raya Pekanbaru atau Masjid Senapelan Pekanbaru merupakan salah satu masjid tertua di Riau yang terletak di Kota Pekanbaru, Indonesia. Masjid ini dibangun pada abad ke-18, tepatnya tahun 1762. Masjid ini dibangun oleh Sultan Abdul Jalil Alamuddin Syah, sebagai sultan keempat dari Kerajaan Siak Sri Indrapura, dan kemudian diteruskan pada masa Sultan Muhammad Ali Abdul Jalil Muazzam Syah sebagai sultan kelima dari Kerajaan Siak Sri Indrapura.",2026-10-09T04:39:09.961413+00:00
Masjid Raya Ganting,"Kota Padang, Sumatera Barat",Masjid,ChIJpVGZznG51C8RAwR8yFvZFu0,Gantiang Grand Mosque,"Jl. Ganting No.1, Ganting Parak Gadang, Kec. Padang Tim., Kota Padang, Sumatera Barat 25133, Indonesia",4.6,260.0,https://maps.google.com/?cid=17084081224705377283&g_mp=CiVnb29nbGUubWFwcy5wbGFjZXMudjEuUGxhY2VzLkdldFBsYWNlEAIYBCAA,-0.954324,100.3696892,SUCCESS,FIRST_RESULT,2026-09-27T17:25:07.937981+00:00,,,Masjid Raya Ganting,https://id.wikipedia.org/wiki/Masjid_Raya_Ganting,0.9999999999999988,EXACT_MATCH,"Masjid Raya Ganting (atau ditulis dan dilafalkan Gantiang dalam bahasa Minang) adalah masjid peninggalan abad ke-19 yang terletak di Kampung Ganting, Kecamatan Padang Timur, Kota Padang, Sumatera Barat, Indonesia. Tercatat sebagai masjid tertua di Padang, cikal bakal masjid ini berawal dari sebuah surau di Seberang Padang, daerah permukiman awal dalam sejarah Padang. Arsitekturnya merepresentasikan akulturasi etnis-etnis yang ada di Padang dengan pengaruh Neoklasik dari Eropa yang dominan pada bagian fasad.
Berada di kawasan yang dulunya merupakan pusat kota, Masjid Raya Ganting sempat menjadi masjid terbesar di Minangkabau pada awal abad ke-20. Masjid ini telah berkontribusi dalam pengembangan dakwah Islam, menjadi tempat perdebatan wacana keislaman di Minangkabau, hingga berperan pada masa genting ketika Sumatera Barat diduduki oleh tentara Jepang. Pamornya meredup pasca-pergolakan Pemerintahan Revolusioner Republik Indonesia (PRRI) disusul kehadiran masjid besar baru seperti Masjid Nurul Iman dan Masjid Taqwa Muhammadiyah.
Bangunan Masjid Raya Ganting terpelihara dengan baik walaupun sempat mengalami kerusakan akibat gempa bumi tahun 2005 dan 2009. Masjid ini telah ditetapkan sebagai cagar budaya oleh pemerintah daerah dan menjadi daya tarik wisata di Kota Padang.",2026-10-09T04:39:10.220281+00:00
Masjid Muhammadan,"Kota Padang, Sumatera Barat",Masjid,ChIJzRoc11u51C8R6ZxMAgDu-nQ,Masjid Muhammadan,"29Q7+9MP, Jl. Ps. Batipuh, Pasa Gadang, Kec. Padang Sel., Kota Padang, Sumatera Barat 25134, Indonesia",4.8,338.0,https://maps.google.com/?cid=8429311336383290601&g_mp=CiVnb29nbGUubWFwcy5wbGFjZXMudjEuUGxhY2VzLkdldFBsYWNlEAIYBCAA,-0.9615332,100.3641928,SUCCESS,FIRST_RESULT,2026-09-27T17:25:08.305074+00:00,,,Masjid Muhammadan,https://id.wikipedia.org/wiki/Masjid_Muhammadan,1.0,EXACT_MATCH,"Masjid Muhammadan terletak di Kelurahan Pasa Gadang, Kecamatan Padang Selatan, Kota Padang, Sumatera Barat. Masjid ini merupakan peninggalan komunitas Muslim keturunan India di Padang dan kemungkinan berdiri pada abad ke-19. Lokasinya berada di Kota Tua Padang, yakni kawasan sehiliran Batang Arau di sekitar pelabuhan Muara.
Keberadaan masjid ini turut berperan dalam penyebaran agama Islam dan perjalanan sejarah Kota Padang. Masjid ini berada di Jalan Pasa Batipuh yang berdiri berjejer mengikuti rangkaian bangunan tua di sepanjang jalan tersebut.
Saat ini, selain digunakan untuk aktivitas ibadah umat Islam, masjid berlantai tiga ini menjadi salah satu daya tarik wisata terkenal di Kota Padang.",2026-10-09T04:39:10.475891+00:00
Masjid Agung As Salam,"Kota Lubuklinggau, Sumatera Selatan",Masjid,ChIJU7cIbP3gMC4RDTMgsZR_F8c,Masjid Agung As-Salam Lubuklinggau,"Jl. Garuda, Ps. Permiri, Kec. Lubuk Linggau Bar. II, Kota Lubuklinggau, Sumatera Selatan 31613, Indonesia",4.8,3065.0,https://maps.google.com/?cid=14346075414615569165&g_mp=CiVnb29nbGUubWFwcy5wbGFjZXMudjEuUGxhY2VzLkdldFBsYWNlEAIYBCAA,-3.2968882,102.8601649,SUCCESS,FIRST_RESULT,2026-09-27T17:25:08.682040+00:00,,,Kota Lubuk Linggau,https://id.wikipedia.org/wiki/Kota_Lubuk_Linggau,0.3999952328913304,SIMILARITY_MATCH,"Kota Lubuk Linggau (Jawi: لوبوق ليڠڬاو)(Surat Ulu: ꤾꥈꤷꥈꥒ ꤾꥇꥃꥌ) adalah sebuah kota di Provinsi Sumatera Selatan, Indonesia. Kota Lubuk Linggau diberikan status ""kota"" melalui UU No. 7 Tahun 2001 yang diresmikan pada 17 Agustus 2001 dan merupakan pemekaran dari Kabupaten Musi Rawas.
Kota Lubuk Linggau dikenal dengan sebutan ""Kota Durian"" karena menajadi kota penghasil durian setiap musim durian tiba dan ""Kota Transit Menuju Kota Metropolis"" karena berada persis di persimpangan Jalan Lintas Tengah Sumatera antara Provinsi Jambi, Lampung dan Bengkulu.
Pada masa Agresi Belanda II, 1947–1949, kota Lubuk Linggau merupakan pusat komando tentara Indonesia yang tertinggi di Sumatera Bagian Selatan.",2026-10-09T04:39:10.737199+00:00
Masjid Dwima As Salam,"Kota Balikpapan, Kalimantan Timur",Masjid,ChIJVaIXAKpJ8S0R7AlPfdCOmLc,Masjid Dwima Assalam,"Perum GDA / DMR , RT 10, Kariangau, Kec. Balikpapan Bar., Kota Balikpapan, Kalimantan Timur 76127, Indonesia",4.5,76.0,https://maps.google.com/?cid=13229480931507505644&g_mp=CiVnb29nbGUubWFwcy5wbGFjZXMudjEuUGxhY2VzLkdldFBsYWNlEAIYBCAA,-1.1803523,116.8438686,SUCCESS,FIRST_RESULT,2026-09-27T17:25:09.040457+00:00,,,,,,NO_CANDIDATE,,
Masjid Islamic Center Samarinda,"Kota Samarinda, Kalimantan Timur",Masjid,ChIJg3WA9SV_9i0RB8CUktuqZnY,East Kalimantan Islamic Center: Baitul Muttaqien Mosque,"Jl. Slamet Riyadi No.1, Tlk. Lerong Ulu, Kec. Sungai Kunjang, Kota Samarinda, Kalimantan Timur 75243, Indonesia",4.8,5070.0,https://maps.google.com/?cid=8531694404133765127&g_mp=CiVnb29nbGUubWFwcy5wbGFjZXMudjEuUGxhY2VzLkdldFBsYWNlEAIYBCAA,-0.5025423,117.120568,SUCCESS,FIRST_RESULT,2026-09-27T17:25:09.460526+00:00,,,Masjid Islamic Center Samarinda,https://id.wikipedia.org/wiki/Masjid_Islamic_Center_Samarinda,0.9999999999999996,EXACT_MATCH,"Masjid Islamic Center Samarinda (bahasa Indonesia: Masjid Pusat Islam Samarinda) (bahasa Arab: مسجد مركز ساماريندا الإسلامي) atau yang lebih dikenal dengan nama resminya Masjid Baitul Muttaqien (bahasa Arab: مسجد بيت المتقين) adalah masjid yang terletak di Teluk Lerong Ulu, Kota Samarinda, Provinsi Kalimantan Timur, Indonesia, yang merupakan salah satu masjid terbesar di Asia Tenggara. Masjid ini terletak di latar depan Sungai Mahakam, dan memiliki tujuh minaret dan satu kubah besar.
Masjid ini memiliki luas bangunan 43.500 meter persegi, dengan luas bangunan pendukung 7.115 meter persegi, dan luas lantai basemen 10.235 meter persegi. Lantai dasar masjid memiliki luas 10.270 meter persegi dan lantai utama memiliki luas 8.185 meter persegi. Luas lantai balkon masjid ini adalah 5.290 meter persegi. Lokasi ini dulunya merupakan area penggergajian kayu milik PT Inhutani I yang kemudian dihibahkan kepada Pemerintah Provinsi Kalimantan Timur.
Masjid ini memiliki tujuh minaret, dan minaret utamanya mencapai 99 meter, yang mengacu pada asmaulhusna, atau 99 nama Allah. Minaret utama terdiri dari bangunan dengan 15 lantai dan setiap lantai memiliki ketinggian rata-rata 6 meter. Sedangkan anak tangga dari lantai dasar ke lantai utama masjid berjumlah 33 anak tangga. Jumlah ini sengaja disamakan dengan sepertiga jumlah tasbih Islam.

Selain minaret utama, bangunan ini juga memiliki enam minaret lainnya di sisi masjid. Empat di antaranya berada di setiap sudut masjid dan tingginya mencapai 70 meter, dan dua di antaranya berada di pintu gerbang dan tingginya mencapai 57 meter. Keenam minaret juga berarti jumlah Rukun Iman dalam Islam.",2026-10-09T04:39:11.007988+00:00
Masjid Nurul Iman Komplek Mtsn Medan Perumnas Helvetia,"Kota Medan, Sumatera Utara",Masjid,ChIJR3KWvF4vMTAR0ty-htsLy04,Masjid Nurul Iman,"JJ7M+MV9, Jl. Melati XIII, Helvetia Tengah, Kec. Medan Helvetia, Kota Medan, Sumatera Utara 20124, Indonesia",4.5,15.0,https://maps.google.com/?cid=5677644792717040850&g_mp=CiVnb29nbGUubWFwcy5wbGFjZXMudjEuUGxhY2VzLkdldFBsYWNlEAIYBCAA,3.6141714,98.6347295,SUCCESS,FIRST_RESULT,2026-09-27T17:25:09.899069+00:00,,,Masjid Nurul Iman,https://id.wikipedia.org/wiki/Masjid_Nurul_Iman,1.0000000000000004,EXACT_MATCH,Masjid Nurul Iman dapat mengacu pada beberapa hal berikut:,2026-10-09T04:39:11.267346+00:00
Masjid Al Amin,"Kota Balikpapan, Kalimantan Timur",Masjid,ChIJ_xNkUUhE8S0RLOGCz2yu1Ik,Masjid Al - Amin,"Jalan Marsma R. Iswahyudi No. 10, RT. 31 Sepinggan, Raya, Kecamatan Balikpapan Selatan, Kota Balikpapan, Kalimantan Timur 76115, Indonesia",4.7,373.0,https://maps.google.com/?cid=9931754860619948332&g_mp=CiVnb29nbGUubWFwcy5wbGFjZXMudjEuUGxhY2VzLkdldFBsYWNlEAIYBCAA,-1.2592796,116.9170391,SUCCESS,FIRST_RESULT,2026-09-27T17:25:34.459959+00:00,,,Masjid Al-Amin,https://id.wikipedia.org/wiki/Masjid_Al-Amin,0.6662160923637956,EXACT_MATCH,"Masjid Al-Amin di Telok Blangah Way adalah sebuah masjid Singapura.
Terinspirasi oleh arsitektur Minangkabau Sumatra, masjid ini dengan struktur coklatnya berdiri di tengah-tengah bangunan apartemen di Telok Blangah. Terletak di Central District, dibangun tahun 1991 dengan dana dari Mosque Building Fund. Dengan kapasitas 3,000 jamaah, masjid itu memiliki kelas madrasah pada akhir pekan dan hari kerja dengan 600 anak. Kelas pengetahuan Islam juga diadakan selama sore hari.",2026-10-09T04:39:11.530910+00:00
Masjid Nurul Hidayah,"Kota Medan, Sumatera Utara",Masjid,ChIJu7Fnf9svMTARtVrsF8NrMHw,Nurul Hidayah Mosque,"HM82+9MH, Padang Bulan Selayang I, Medan Selayang, Medan City, North Sumatra 20153, Indonesia",4.8,65.0,https://maps.google.com/?cid=8948770945249335989&g_mp=CiVnb29nbGUubWFwcy5wbGFjZXMudjEuUGxhY2VzLkdldFBsYWNlEAIYBCAA,3.5659385,98.6517237,SUCCESS,FIRST_RESULT,2026-09-27T17:25:10.671119+00:00,,,"Mallawa, Maros","https://id.wikipedia.org/wiki/Mallawa,_Maros",0.06398362271970735,SIMILARITY_MATCH,"Mallawa ( Lontara Bugis ᨆᨒᨓ, transliterasi: Mallawa) adalah nama sebuah kecamatan yang berada di wilayah Kabupaten Maros, Provinsi Sulawesi Selatan, Indonesia. kata Mallawa berasal dari Bahasa suku bugis yang berarti Merintangi / Rintangan. Ibu kota kecamatan ini berada di Ladange, Kelurahan Sabila dengan jarak 60 km dari Kota Turikale yang merupakan ibu kota dan pusat pemerintahan Kabupaten Maros.",2026-10-09T04:39:11.798345+00:00
Masjid Tua Lalabata,"Kabupaten Barru, Sulawesi Selatan",Masjid,ChIJSZ5p84gvvi0RgmZDNVfaN24,Masjid Syuhada Lalabata,"FHHX+CWQ, Lalabata, Tanete Rilau, Barru Regency, South Sulawesi 90761, Indonesia",4.6,92.0,https://maps.google.com/?cid=7942056535981778562&g_mp=CiVnb29nbGUubWFwcy5wbGFjZXMudjEuUGxhY2VzLkdldFBsYWNlEAIYBCAA,-4.521408399999999,119.5998706,SUCCESS,FIRST_RESULT,2026-09-27T17:25:11.021905+00:00,,,"Patanyamang, Camba, Maros","https://id.wikipedia.org/wiki/Patanyamang,_Camba,_Maros",0.07525711448779396,SIMILARITY_MATCH,"Patanyamang ( Lontara Makassar: ᨄᨈᨐᨆ, transliterasi: Patanyamang) adalah nama sebuah desa yang berada di wilayah Kecamatan Camba, Kabupaten Maros, Provinsi Sulawesi Selatan, Indonesia. Desa Patanyamang berstatus sebagai desa definitif dan tergolong pula sebagai desa swakarya. Desa Patanyamang memiliki luas wilayah 27,91 km² dan jumlah penduduk sebanyak 1.304 jiwa dengan tingkat kepadatan penduduk sebanyak 46,72 jiwa/km² pada tahun 2017. Pusat pemerintahan desa ini berada di Dusun Lalabata. Jarak desa ini dari Cempaniga yang merupakan ibu kota Kecamatan Camba adalah sekitar 15 km.
Patanyamang merupakan salah satu desa penyangga dari Taman Nasional Bantimurung Bulusaraung, wilayah Desa Patanyamang sendiri dikeliling langsung oleh wilayah zonasi Taman Nasional Bantimurung Bulusaraung. Beberapa wilayah Patanyamang yang termasuk dalam kawasan TN Babul adalah Padang Loang atau biasa juga disebut oleh masyarakat sekitar dengan sebutan Lembang Lohe, daerah ini berbatasan dengan Kecamatan Mallawa dan Pangkajene, dan juga termasuk dalam zona konservasi alam.",2026-10-09T04:39:12.051240+00:00
Masjid Katangka,"Kabupaten Gowa, Sulawesi Selatan",Masjid,ChIJ_ab0wUXivi0RHJOu2ATg7i4,Masjid Tua Al-Hilal Katangka,"Jl. Syech Yusuf No.57, Katangka, Kec. Somba Opu, Kabupaten Gowa, Sulawesi Selatan 92114, Indonesia",4.8,715.0,https://maps.google.com/?cid=3381886681621631772&g_mp=CiVnb29nbGUubWFwcy5wbGFjZXMudjEuUGxhY2VzLkdldFBsYWNlEAIYBCAA,-5.190729999999999,119.4513001,SUCCESS,FIRST_RESULT,2026-09-26T18:11:02.393161+00:00,,,Masjid Katangka,https://id.wikipedia.org/wiki/Masjid_Katangka,1.0000000000000002,EXACT_MATCH,"Masjid Al-Hilal atau Masjid Katangka adalah salah satu masjid tertua di provinsi Sulawesi Selatan, Indonesia. Dinamakan Masjid Katangka karena berlokasi di kelurahan Katangka, kecamatan Somba Opu, Kabupaten Gowa. Selain itu, masjid ini disebut Katangka, karena bahan baku dasar dari masjid tersebut diyakini diambil dari pohon Katangka. Bentuk Masjid Katangka menyerupai Joglo pada arsitektur suku Jawa dan tidak menggunakan model suku Bugis maupun suku Makassar. Masjid Katangka digunakan sebagai masjid dan dahulu digunakan juga digunakan sebagai kediaman para aristokrat yang berasal dari Pulau Jawa.",2026-10-09T04:39:12.312371+00:00
Masjid Al-Markaz Al-Islami,"Kota Makassar, Sulawesi Selatan",Masjid,ChIJ4-wtX1r9vi0RSY7z9DkJSXo,Al-Markaz Al-Islami Mosque,"Jl. Al Markaz Al Islami No.57, Timungan Lompoa, Kec. Bontoala, Kota Makassar, Sulawesi Selatan 90151, Indonesia",4.8,3281.0,https://maps.google.com/?cid=8811584290454474313&g_mp=CiVnb29nbGUubWFwcy5wbGFjZXMudjEuUGxhY2VzLkdldFBsYWNlEAIYBCAA,-5.1305675,119.42664519999998,SUCCESS,FIRST_RESULT,2026-09-27T17:25:11.414419+00:00,,,Masjid Al-Markaz Al-Islami,https://id.wikipedia.org/wiki/Masjid_Al-Markaz_Al-Islami,1.0000000000000002,EXACT_MATCH,"Masjid Al-Markaz Al-Islami merupakan sebuah masjid yang terletak di Makassar, Indonesia. Masjid ini dibangun pada tahun 1994 dan selesai pada tahun 1996. Saat ini berkembang menjadi pusat pengembangan ibadah agama Islam terbesar dan termegah di Sulawesi Selatan, terletak di Jalan Masjid Raya Makassar. Bangunan Masjid tersebut, terdiri atas 3 lantai yang terbuat dari batu granit.",2026-10-09T04:39:12.566293+00:00
Masjid Raya Makassar,"Kota Makassar, Sulawesi Selatan",Masjid,ChIJaaT-uKcCvy0RBBNAZ-7QN_Q,Masjid Raya Makassar,"Jl. Bulu Saraung, Bontoala, Kec. Bontoala, Kota Makassar, Sulawesi Selatan 90156, Indonesia",4.8,5936.0,https://maps.google.com/?cid=17597763791326548740&g_mp=CiVnb29nbGUubWFwcy5wbGFjZXMudjEuUGxhY2VzLkdldFBsYWNlEAIYBCAA,-5.1305706,119.4197459,SUCCESS,FIRST_RESULT,2026-09-27T17:25:11.785562+00:00,,,Masjid Raya Makassar,https://id.wikipedia.org/wiki/Masjid_Raya_Makassar,1.0000000000000016,EXACT_MATCH,"Masjid Raya Makassar (Makassar: ᨆᨔᨗᨁᨗ ᨒᨚᨄᨚᨓ ᨆᨀᨔᨑ) merupakan sebuah masjid yang terletak di Makassar, Indonesia. Masjid ini dibangun pada tahun 1948 dan selesai pada tahun 1949. Masjid ini mengalami renovasi dari tahun 1999 hingga tahun 2005. Pertama kali dirancang oleh arsitek Mohammad Soebardjo setelah memenangi sayembara yang digelar panitia pembangunan masjid raya. Masjid ini dapat menampung hingga 10.000 jamaah.
Mesjid dua lantai di Jl. Bulusaraung ini menggunakan bahan bangunan sekitar 80 persen dari bahan baku lokal, memiliki dua menara setinggi 66,66 meter, daya tampung 10.000 jamaah dan fasilitas berupa perpustakaan, kantor Majelis Ulama Indonesia (MUI) Sulawesi Selatan.

",2026-10-09T04:39:12.835195+00:00
Masjid Kuba,"Kota Bau-Bau, Sulawesi Tenggara",Masjid,ChIJQVi8fwFxpC0R5hG0oy5Cpdc,Masjid Quba,"GJ92+7GQ, JL. La Balawo, Baadia, Kec. Murhum, Kota Bau-Bau, Sulawesi Tenggara 93724, Indonesia",4.8,59.0,https://maps.google.com/?cid=15538898857394180582&g_mp=CiVnb29nbGUubWFwcy5wbGFjZXMudjEuUGxhY2VzLkdldFBsYWNlEAIYBCAA,-5.481795399999999,122.60134629999996,SUCCESS,FIRST_RESULT,2026-09-27T17:25:12.142625+00:00,,,Masjid Quba,https://id.wikipedia.org/wiki/Masjid_Quba,0.9999999999999999,EXACT_MATCH,"Masjid Quba (bahasa Arab: مَسْجِد قُبَاء, translit. Masjid Qubāʾ) adalah masjid pertama yang dibangun oleh Rasulullah saw. pada tahun 1 Hijriyah atau 622 Masehi di Quba, sekitar 5 km di sebelah tenggara kota Madinah. Dalam Al Qur'an disebutkan bahwa Masjid Quba adalah masjid yang dibangun atas dasar takwa (QS. At-taubah:108). 
Abu Abdullah Yaqut al-Hamawi menyebutkan dalam bukunya Mu'jam al-Baldan bahwa Quba' adalah nama sebuah sumur, dan desa ini dikenal dengan nama tersebut, yang merupakan kediaman Bani Amir bin Auf, dan masjid tersebut disebut Masjid Quba karena Nabi Muhammad melewati tanah Bani Amir bin Auf dalam perjalanannya ke Madinah.",2026-10-09T04:39:13.094724+00:00
Masjid Kuba Dan Tiang Bendera,"Kota Bau-Bau, Sulawesi Tenggara",Masjid,ChIJQVi8fwFxpC0R5hG0oy5Cpdc,Masjid Quba,"GJ92+7GQ, JL. La Balawo, Baadia, Kec. Murhum, Kota Bau-Bau, Sulawesi Tenggara 93724, Indonesia",4.8,59.0,https://maps.google.com/?cid=15538898857394180582&g_mp=CiVnb29nbGUubWFwcy5wbGFjZXMudjEuUGxhY2VzLkdldFBsYWNlEAIYBCAA,-5.481795399999999,122.60134629999996,SUCCESS,FIRST_RESULT,2026-09-27T17:25:12.514464+00:00,,,Masjid Quba,https://id.wikipedia.org/wiki/Masjid_Quba,1.0,EXACT_MATCH,"Masjid Quba (bahasa Arab: مَسْجِد قُبَاء, translit. Masjid Qubāʾ) adalah masjid pertama yang dibangun oleh Rasulullah saw. pada tahun 1 Hijriyah atau 622 Masehi di Quba, sekitar 5 km di sebelah tenggara kota Madinah. Dalam Al Qur'an disebutkan bahwa Masjid Quba adalah masjid yang dibangun atas dasar takwa (QS. At-taubah:108). 
Abu Abdullah Yaqut al-Hamawi menyebutkan dalam bukunya Mu'jam al-Baldan bahwa Quba' adalah nama sebuah sumur, dan desa ini dikenal dengan nama tersebut, yang merupakan kediaman Bani Amir bin Auf, dan masjid tersebut disebut Masjid Quba karena Nabi Muhammad melewati tanah Bani Amir bin Auf dalam perjalanannya ke Madinah.",2026-10-09T04:39:13.359790+00:00
Masjid Tuo Koto Nan Ompek,"Kota Payakumbuh, Sumatera Barat",Masjid,ChIJTYvLoLO0Ki4R6kb863iwsnc,Great Mosque Balai Nan Duo,"QJ8F+Q24, Balai Nan Duo, Payakumbuh Barat, Payakumbuh City, West Sumatra 26223, Indonesia",4.8,241.0,https://maps.google.com/?cid=8625150269769664234&g_mp=CiVnb29nbGUubWFwcy5wbGFjZXMudjEuUGxhY2VzLkdldFBsYWNlEAIYBCAA,-0.2331177,100.6225765,SUCCESS,FIRST_RESULT,2026-09-27T17:25:12.883424+00:00,,,Masjid Tuo Koto Nan Ampek,https://id.wikipedia.org/wiki/Masjid_Tuo_Koto_Nan_Ampek,0.8422198514250503,SIMILARITY_MATCH,"Masjid Tuo Koto Nan Ampek atau juga disebut Masjid Gadang Balai Nan Duo adalah salah satu masjid tertua di Indonesia yang terletak di Nagari Koto Nan Ampek atau kini secara administratif termasuk ke dalam wilayah Kelurahan Balai Nan Duo, Kecamatan Payakumbuh Barat, Kota Payakumbuh, Sumatera Barat. Masjid berarsitektur Minangkabau ini diperkirakan dibangun pada tahun 1840, yang pada mulanya beratapkan ijuk sebelum akhirnya diganti menjadi seng.
Saat ini selain digunakan untuk aktivitas ibadah umat Islam, masjid satu lantai ini juga digunakan oleh masyarakat sekitar sebagai sarana pendidikan agama sekaligus tempat bermusyawarah.",2026-10-09T04:39:13.620551+00:00
Masjid Gadang Balai Nan Duo Koto Nan Ompek,"Kota Payakumbuh, Sumatera Barat",Masjid,ChIJTYvLoLO0Ki4R6kb863iwsnc,Great Mosque Balai Nan Duo,"QJ8F+Q24, Balai Nan Duo, Payakumbuh Barat, Payakumbuh City, West Sumatra 26223, Indonesia",4.8,241.0,https://maps.google.com/?cid=8625150269769664234&g_mp=CiVnb29nbGUubWFwcy5wbGFjZXMudjEuUGxhY2VzLkdldFBsYWNlEAIYBCAA,-0.2331177,100.6225765,SUCCESS,FIRST_RESULT,2026-09-27T17:25:13.209174+00:00,,,Masjid Tuo Koto Nan Ampek,https://id.wikipedia.org/wiki/Masjid_Tuo_Koto_Nan_Ampek,0.5736939388799591,SIMILARITY_MATCH,"Masjid Tuo Koto Nan Ampek atau juga disebut Masjid Gadang Balai Nan Duo adalah salah satu masjid tertua di Indonesia yang terletak di Nagari Koto Nan Ampek atau kini secara administratif termasuk ke dalam wilayah Kelurahan Balai Nan Duo, Kecamatan Payakumbuh Barat, Kota Payakumbuh, Sumatera Barat. Masjid berarsitektur Minangkabau ini diperkirakan dibangun pada tahun 1840, yang pada mulanya beratapkan ijuk sebelum akhirnya diganti menjadi seng.
Saat ini selain digunakan untuk aktivitas ibadah umat Islam, masjid satu lantai ini juga digunakan oleh masyarakat sekitar sebagai sarana pendidikan agama sekaligus tempat bermusyawarah.",2026-10-09T04:39:13.882628+00:00
Masjid Agung Sultan Mahmud Badaruddin I Palembang,"Kota Palembang, Sumatera Selatan",Masjid,ChIJ_____z92Oy4R9UeEDyg1TIo,Sultan Mahmud Badaruddin I Jayo Wikramo Great Mosque,"Jl. Jend. Sudirman, 19 Ilir, Kec. Bukit Kecil, Kota Palembang, Sumatera Selatan 30111, Indonesia",4.8,16696.0,https://maps.google.com/?cid=9965398521639356405&g_mp=CiVnb29nbGUubWFwcy5wbGFjZXMudjEuUGxhY2VzLkdldFBsYWNlEAIYBCAA,-2.9879171,104.760203,SUCCESS,FIRST_RESULT,2026-09-27T17:25:13.640776+00:00,,,Masjid Agung Palembang,https://id.wikipedia.org/wiki/Masjid_Agung_Palembang,0.6495489134764251,SIMILARITY_MATCH,"Masjid Agung Sultan Mahmud Badaruddin I Jayo Wikramo (Jawi: مسجيد أڬوڠ سولطن محمود بدارودين ١ جايو ويكرامو)  adalah sebuah masjid paling besar di Kota Palembang, Sumatera Selatan. Masjid ini didirikan pada abad ke-18 oleh Sultan Mahmud Badaruddin I Jayo Wikramo. Saat ini, Masjid Agung Palembang telah menjadi Masjid regional di kawasan ASEAN. Masjid ini menempati kompleks seluas 15.400 meter persegi, di kawasan 19 Ilir, di mana merupakan salah satu Kampung Asli Melayu Palembang dan Arab yang telah lama didiami.",2026-10-09T04:39:14.138557+00:00
Masjid Cheng Ho Palembang,"Kota Palembang, Sumatera Selatan",Masjid,ChIJ12Gf4rmdOy4Rw3zI_3upDbE,Al-Islam Muhammad Cheng Hoo Sriwijaya Palembang Mosque,"XQGJ+J6P, Jl. Cheng Ho 1, 15 Ulu, Kecamatan Seberang Ulu I, Kota Palembang, Sumatera Selatan 30267, Indonesia",4.8,4802.0,https://maps.google.com/?cid=12758039669447883971&g_mp=CiVnb29nbGUubWFwcy5wbGFjZXMudjEuUGxhY2VzLkdldFBsYWNlEAIYBCAA,-3.0245242,104.7800279,SUCCESS,FIRST_RESULT,2026-09-27T17:25:14.000719+00:00,,,Masjid Cheng Ho Palembang,https://id.wikipedia.org/wiki/Masjid_Cheng_Ho_Palembang,1.0,EXACT_MATCH,"Masjid Raya Cheng Hoo Palembang atau lebih dikenal dengan Masjid Sriwijaya adalah sebuah masjid bernuansa Muslim Tionghoa yang berlokasi di Kompleks Jakabaring, Kota Palembang. Masjid ini didirikan atas prakarsa pengurus Persatuan Islam Tionghoa Indonesia dan serta tokoh masyarakat Tionghoa di sekitar Palembang.
Selain itu, Masjid yang dibangun dengan perpaduan unsur Tiongkok, Melayu dan Nusantara. Modal awal pembangunan masjid itu sekitar Rp.150 juta dari hasil dana organisasi. Tanah tempat masjid berdiri merupakan hibah dari pemerintah daerah dan baru diresmikan pada 2006.",2026-10-09T04:39:14.395030+00:00
Masjid Azizi,"Kabupaten Langkat, Sumatera Utara",Masjid,ChIJXz4MpmEmNzARkEwaDXWhy84,Azizi Mosque,"VCRG+Q4W, Jl. Masjid No.1, Pekan Tj. Pura, Kec. Tj. Pura, Kabupaten Langkat, Sumatera Utara 20853, Indonesia",4.8,2108.0,https://maps.google.com/?cid=14901181316188490896&g_mp=CiVnb29nbGUubWFwcy5wbGFjZXMudjEuUGxhY2VzLkdldFBsYWNlEAIYBCAA,3.8919428,98.4241575,SUCCESS,FIRST_RESULT,2026-09-27T17:25:14.364679+00:00,,,Masjid Azizi,https://id.wikipedia.org/wiki/Masjid_Azizi,1.0000000000000004,EXACT_MATCH,"Masjid Azizi (bahasa Arab: مسجد عزيزي), secara resmi bernama Masjid Sultan Abdul Aziz (bahasa Arab: مسجد السلطان عبد العزيز) atau lebih dikenal dengan Masjid Kesultanan Langkat (bahasa Arab: مسجد لانجكات الملكي) adalah sebuah masjid bersejarah peninggalan Kesultanan Langkat yang berada di Kelurahan Tanjung Pura, Kecamatan Tanjung Pura, Kabupaten Langkat, Provinsi Sumatera Utara, Indonesia. Masjid ini awalnya dibangun pada tahun 1889, atas perintah Sultan Abdul Aziz, penguasa Kesultanan Langkat akhir abad ke-19. Arsitektur masjid ini menjadi inspirasi bagi arsitektur Masjid Zahir di Kedah, Malaysia.",2026-10-09T04:39:14.651934+00:00
Masjid Al Osmani,"Kota Medan, Sumatera Utara",Masjid,ChIJR_Z-FnbNNjAR1xTb6X8xWMc,Al-Osmani Mosque,"Jl. KL. Yos Sudarso No.Km. 19 5, RW.Labuhan, Pekan Labuhan, Kec. Medan Labuhan, Kota Medan, Sumatera Utara 20252, Indonesia",4.8,1138.0,https://maps.google.com/?cid=14364285436952253655&g_mp=CiVnb29nbGUubWFwcy5wbGFjZXMudjEuUGxhY2VzLkdldFBsYWNlEAIYBCAA,3.7322319999999993,98.6761362,SUCCESS,FIRST_RESULT,2026-09-27T17:25:14.738646+00:00,,,Masjid Al-Osmani,https://id.wikipedia.org/wiki/Masjid_Al-Osmani,0.662304508303391,EXACT_MATCH,"Masjid Al-Osmani (Aksara Jawi:مسجد العثماني) adalah sebuah masjid di Medan, Sumatera Utara. Masjid ini juga di kenal dengan sebutan Masjid Labuhan karena lokasinya yang berada di kecamatan Medan Labuhan. Masjid ini terletak di jalan K.L. Yos Sudarso Kel. Pekan Labuhan sekitar 20 kilometer sebelah utara Kota Medan. Masjid ini adalah masjid tertua di kota Medan.
Masjid Al-Osmani dibangun pada 1854 oleh Raja Deli ketujuh, yakni Sultan Osman Perkasa Alam dengan menggunakan bahan kayu pilihan. Kemudian pada 1870 hingga 1872 masjid yang terbuat dari bahan kayu itu dibangun menjadi permanen oleh anak Sultan Osman, yakni Sultan Mahmud Perkasa Alam yang juga menjadi Raja Deli kedelapan.
Hingga kini, selain digunakan sebagai tempat beribadah, masjid itu juga dipakai sebagai tempat peringatan dan perayaan hari besar keagamaan dan tempat pemberangkatan menuju pemondokan jemaah haji yang berasal dari Medan Utara. Di masjid ini juga terdapat lima makam raja deli yang dikuburkan yakni Tuanku Panglima Pasutan (Raja Deli IV), Tuanku Panglima Gandar Wahid (Raja Deli V), Sulthan Amaluddin Perkasa Alam (Raja Deli VI), Sultan Osman Perkasa Alam, dan Sulthan Mahmud Perkasa Alam.",2026-10-09T04:39:14.908208+00:00
Masjid Al Osmani Medan Labuhan,"Kota Medan, Sumatera Utara",Masjid,ChIJR_Z-FnbNNjAR1xTb6X8xWMc,Al-Osmani Mosque,"Jl. KL. Yos Sudarso No.Km. 19 5, RW.Labuhan, Pekan Labuhan, Kec. Medan Labuhan, Kota Medan, Sumatera Utara 20252, Indonesia",4.8,1138.0,https://maps.google.com/?cid=14364285436952253655&g_mp=CiVnb29nbGUubWFwcy5wbGFjZXMudjEuUGxhY2VzLkdldFBsYWNlEAIYBCAA,3.7322319999999993,98.6761362,SUCCESS,FIRST_RESULT,2026-09-27T17:25:15.055645+00:00,,,"Medan Labuhan, Medan","https://id.wikipedia.org/wiki/Medan_Labuhan,_Medan",0.6185615814368495,SIMILARITY_MATCH,"Medan Labuhan adalah salah satu dari 21 kecamatan yang ada di Kota Medan, Provinsi Sumatera Utara, Indonesia.",2026-10-09T04:39:15.175092+00:00
Masjid Agung Medan,"Kota Medan, Sumatera Utara",Masjid,ChIJi5MuR80xMTARc3lHD5sl7rw,Masjid Agung Kota Medan Sumatera Utara,"Jl. Pangeran Diponegoro, Madras Hulu, Kec. Medan Polonia, Kota Medan, Sumatera Utara, Indonesia",4.8,4513.0,https://maps.google.com/?cid=13613860071494089075&g_mp=CiVnb29nbGUubWFwcy5wbGFjZXMudjEuUGxhY2VzLkdldFBsYWNlEAIYBCAA,3.5818366,98.672491,SUCCESS,FIRST_RESULT,2026-09-27T17:25:15.421595+00:00,,,Masjid Agung Dharmasraya,https://id.wikipedia.org/wiki/Masjid_Agung_Dharmasraya,0.5510840769785449,SIMILARITY_MATCH,"Masjid Agung Dharmasraya adalah masjid terbesar di Kabupaten Dharmasraya, Sumatera Barat, Indonesia. Pembangunan masjid ini dimulai pada tahun 2018 dan selesai pada tahun 2023. Masjid tersebut berlokasi di Nagari Gunung Medan, Kecamatan Sitiung.",2026-10-09T04:39:15.483142+00:00
Masjid Amaliyah Panglima Denai Amplas,"Kota Medan, Sumatera Utara",Masjid,ChIJN4MTVgAxMTAR8Nhe-f52_OM,MASJID AMALIYAH,"Jl. Panglima Denai No.63, A M P L A S, Kec. Medan Amplas, Kota Medan, Sumatera Utara 20229, Indonesia",5.0,11.0,https://maps.google.com/?cid=16428136378218240240&g_mp=CiVnb29nbGUubWFwcy5wbGFjZXMudjEuUGxhY2VzLkdldFBsYWNlEAIYBCAA,3.5475841,98.7166093,SUCCESS,FIRST_RESULT,2026-09-27T17:25:15.827791+00:00,,,Daftar masjid di Sumatera Utara,https://id.wikipedia.org/wiki/Daftar_masjid_di_Sumatera_Utara,0.2367378919119797,SIMILARITY_MATCH,Daftar ini merupakan berisi nama-nama masjid yang terletak di wilayah Sumatera Utara.,2026-10-09T04:39:15.745044+00:00
Masjid Al-Musabbihin Tasbi Blok C,"Kota Medan, Sumatera Utara",Masjid,ChIJZTc_gccvMTARtEvu1jYFJhQ,Masjid Al Musabbihin,"HJ9Q+9FF, Tanjung Rejo, Medan Sunggal, Medan City, North Sumatra 20154, Indonesia",4.9,971.0,https://maps.google.com/?cid=1451853662965877684&g_mp=CiVnb29nbGUubWFwcy5wbGFjZXMudjEuUGxhY2VzLkdldFBsYWNlEAIYBCAA,3.568447,98.638687,SUCCESS,FIRST_RESULT,2026-09-27T17:25:16.189135+00:00,,,,,,NO_CANDIDATE,,
Masjid Al-Huda,"Kota Medan, Sumatera Utara",Masjid,ChIJPWBCsGYwMTARLtMQlnIGR88,Masjid Al-Huda,"Jl. Kemiri 3 No.28, Sudirejo II, Kec. Medan Kota, Kota Medan, Sumatera Utara 20218, Indonesia",4.9,61.0,https://maps.google.com/?cid=14935913778411262766&g_mp=CiVnb29nbGUubWFwcy5wbGFjZXMudjEuUGxhY2VzLkdldFBsYWNlEAIYBCAA,3.5560348,98.6980493,SUCCESS,FIRST_RESULT,2026-09-27T17:25:16.590620+00:00,,,Masjid Al-Huda,https://id.wikipedia.org/wiki/Masjid_Al-Huda,1.0,EXACT_MATCH,"Masjid Al-Huda di Jalan Ḥaji Alias adalah sebuah masjid Singapura terletak di wilayah Bukit Timah.
Pada masa lalu, masjid tua ini melayani kebutuhan penduduk sekitarnya di kampung Melayu dekat Sixth Avenue, Bukit Timah. Dengan penetapan kembali, masjid yang terletak di wilayah Central ini sekarang melayani pekerja di Bukit Timah dan beberapa penduduk sekitar. Dibangun tahun 1966, masjid ini, yang dapat menampung 400 jamaah, telah menjalani beberapa renovasi. Aktivitasnya terjadi pada ṣalat 5 waktu dan ṣalat Jumat juga perayaan hari raya Islam.",2026-10-09T04:39:16.008625+00:00
Masjid Al Hijrah,"Kabupaten Manokwari, Papua Barat",Masjid,ChIJx_hTEHMLVC0RV_Wr4tAl8gI,Masjid Al - Hijrah Borobudur I,"Jl. Jend. Sudirman No.35, Padarni, Kec. Manokwari Bar., Kabupaten Manokwari, Papua Bar. 98312, Indonesia",4.4,10.0,https://maps.google.com/?cid=212273711526180183&g_mp=CiVnb29nbGUubWFwcy5wbGFjZXMudjEuUGxhY2VzLkdldFBsYWNlEAIYBCAA,-0.859313,134.0704235,SUCCESS,FIRST_RESULT,2026-09-27T17:25:16.957730+00:00,,,Masjid Nabawi,https://id.wikipedia.org/wiki/Masjid_Nabawi,0.2896563412767639,SIMILARITY_MATCH,"Masjid Nabawi (bahasa Arab: المسجد النبوي pelafalan dalam bahasa Arab: [ʔælˈmæsʤɪd ælnabawī]) adalah sebuah masjid di kota Madinah, Arab Saudi. Masjid Nabawi adalah masjid kedua yang dibangun dalam sejarah Islam dan menjadi masjid terbesar kedua di dunia. Masjid ini dianggap sebagai tempat suci oleh umat Islam selain Masjidil Haram di Makkah.
Masjid Nabawi diyakini dulunya adalah rumah tempat tinggal Nabi Muhammad setelah hijrah ke Madinah di tahun 622 Masehi. Bangunan awalnya dibangun tanpa diberi atap.
Awalnya Masjid Nabawi  juga digunakan sebagai tempat acara sosial seperti pertemuan masyarakat dan digunakan sebagai  sekolah agama (madrasah). Seiring pergantian penguasa di Madinah, pembangunan masjid pun terus dilakukan. Pada tahun 1909, area di Masjid Nabawi menjadi salah satu yang terang di Jazirah Arab karena telah menerima pasokan listrik. Masjid ini diawasi dan dijaga oleh Penjaga Dua Tanah Suci. Masjid Nabawi berada di tengah kota Madinah dan dekat dengan beberapa hotel beserta pasar di sekelilingnya. Masjid Nabawi menjadi destinasi utama para jemaah haji dan umrah. Makam Nabi Muhammad yang berada di sekitar komplek masjid juga sering dikunjungi oleh para jemaah yang datang ke Madinah.
Setelah perluasan besar-besaran di bawah Kekhalifahan Umayyah Al-Walid I, dibuat tempat di atas peristirahatan terakhir Nabi Muhammad beserta dua Khulafaur Rasyidin Abu Bakar Ash-Shiddiq dan Umar bin Khattab. Salah satu fitur terkenal Masjid Nabawi adalah Kubah Hijau yang berada di tenggara masjid, yang dulunya merupakan rumah Aisyah, di mana kuburan Nabi Muhammad berada. Pada tahun 1279, sebuah penutup yang terbuat dari kayu dibangun dan direnovasi sedikitnya dua kali yakni pada abad ke-15 dan pada 1817. Kubah yang ada saat ini dibangun pada 1818 oleh Sultan Utsmaniyah Mahmud II, dan dicat hijau pada 1837, sejak saat itulah kubah tersebut dikenal sebagai ""Kubah Hijau"".",2026-10-09T04:39:16.275129+00:00
Masjid Baiturrahman,"Kota Balikpapan, Kalimantan Timur",Masjid,ChIJl9Z5EfxF8S0RS_5c8xw3SlY,Masjid Baiturrahman Balikpapan Regency,"QVGV+GXX, Jl. Besakih IX, Sepinggan, Kecamatan Balikpapan Selatan, Kota Balikpapan, Kalimantan Timur 76116, Indonesia",4.6,114.0,https://maps.google.com/?cid=6217842833019960907&g_mp=CiVnb29nbGUubWFwcy5wbGFjZXMudjEuUGxhY2VzLkdldFBsYWNlEAIYBCAA,-1.2236353,116.894971,SUCCESS,FIRST_RESULT,2026-09-27T17:25:17.317952+00:00,,,Masjid Baiturrahman Semarang,https://id.wikipedia.org/wiki/Masjid_Baiturrahman_Semarang,0.6401572140117803,SIMILARITY_MATCH,"Masjid Raya Baiturrahman Semarang (Hanacaraka: ꦩꦱ꧀ꦗꦶꦢ꧀ꦫꦪꦧꦻꦠꦸꦂꦫꦃꦩꦤ꧀ꦱꦼꦩꦫꦁ) merupakan sebuah masjid yang terletak di Semarang, Indonesia. Masjid ini dibangun pada tahun 1968 dan selesai pada tahun 1974.
Pembangunan Masjid Raya Baiturahman dimulai pada 10 Agustus 1968 dengan ditandai pemasangan tiang pancang untuk pondasi masjid sebanyak 137 buah. Masjid diresmikan oleh Presiden Soeharto pada 15 Desember 1974. Keberadaan masjid ini hingga sekarang menjadi kebanggaan warga Semarang, apalagi lokasinya berada di Simpang Lima yang merupakan pusat kota Semarang. Bangunan masjid berbentuk limasan dan berdiri di atas lahan seluas 11.765 m2. Saat ini Masjid Raya Baiturrahman tidak hanya berfungsi sebagai tempat ibadah dan wadah berkumpulnya umat, melainkan juga pusat dakwah Islam. Di kompleks tersebut juga berkembang pesat lembaga pendidikan TK-SD HJ Isriati 1.",2026-10-09T04:39:16.536337+00:00
Masjid Raya Manado,Sulawesi Utara,Masjid,ChIJ20MXh0B1hzIRZwipL2cdj1Y,Masjid Raya Ahmad Yani Manado,"FRQV+46Q, Jl. W.R. Supratman, Lawangirung, Kec. Wenang, Kota Manado, Sulawesi Utara, Indonesia",4.8,733.0,https://maps.google.com/?cid=6237236337949870183&g_mp=CiVnb29nbGUubWFwcy5wbGFjZXMudjEuUGxhY2VzLkdldFBsYWNlEAIYBCAA,1.4878482,124.8431249,SUCCESS,FIRST_RESULT,2026-09-27T17:25:17.690964+00:00,,,Kota Manado,https://id.wikipedia.org/wiki/Kota_Manado,0.4730546941001671,SIMILARITY_MATCH,"Kota Manado adalah ibu kota dari Provinsi Sulawesi Utara, Indonesia. Kota Manado memiliki 11 kecamatan serta 87 kelurahan dan desa. Manado terletak di Teluk Manado, dan dikelilingi oleh daerah pegunungan serta pesisir pantainya merupakan tanah reklamasi.
Kota ini memiliki 408.354 penduduk pada Sensus 2010, sehingga menjadikannya kota terbesar kedua di Pulau Sulawesi setelah Kota Makassar. Jumlah penduduk di Manado diperkirakan (berdasarkan Januari 2014) adalah 430.790 jiwa dan sebanyak 459.409 jiwa pada akhir tahun 2024, dengan kepadatan 2.800 jiwa/km2.",2026-10-09T04:39:16.788148+00:00
Masjid Al Falah,"Kota Balikpapan, Kalimantan Timur",Masjid,ChIJewF-8MZH8S0R1-wUD6XgySM,Masjid Al Falah,"QR8H+F68, Jl. Alfalah, RT.33/RW.60, Baru Ilir, Kec. Balikpapan Bar., Kota Balikpapan, Kalimantan Timur 76123, Indonesia",4.7,41.0,https://maps.google.com/?cid=2578839261173574871&g_mp=CiVnb29nbGUubWFwcy5wbGFjZXMudjEuUGxhY2VzLkdldFBsYWNlEAIYBCAA,-1.2338368,116.828074,SUCCESS,FIRST_RESULT,2026-09-27T17:25:18.039275+00:00,,,Masjid Al-Falah,https://id.wikipedia.org/wiki/Masjid_Al-Falah,0.6983253125253212,EXACT_MATCH,"Masjid Al-Falaḥ adalah masjid yang letaknya dekat dengan pusat kota Singapura, Orchard Road. Masjid ini sangat berbeda dengan masjid yang biasa kita kenal di Indonesia yang memiliki halaman luas dan terdapat kubah pada bagian atas, karena menempati lantai 1 No 1 Cairnhill Place, sebuah gedung komersial di Bideford Road No 15. Dari sibuknya Orchard Road untuk menuju masjid ini memakan waktu sekitar 2 menit dengan berjalan kaki. Menjadikannya ikon penting keagamaan di tengah kesibukan kota dengan dapat menampung 2.000 orang memenuhi kebutuhan para pekerja di kantor dan department store sekitarnya.",2026-10-09T04:39:17.048055+00:00
Masjid Tertua,"Kota Langsa, Aceh",Masjid,ChIJvQk7qS6bNzARS5zUXUoL-M0,Masjid Raya Langsa Kota,"Mesjid Agung Darul Fallah, Jl. Rel Kereta Api No.samping, Gampong Teungoh, Kec. Langsa Kota, Kota Langsa, Aceh 24412, Indonesia",4.7,993.0,https://maps.google.com/?cid=14841624986029169739&g_mp=CiVnb29nbGUubWFwcy5wbGFjZXMudjEuUGxhY2VzLkdldFBsYWNlEAIYBCAA,4.4696238,97.9715292,SUCCESS,FIRST_RESULT,2026-09-27T17:25:18.378952+00:00,,,Daftar masjid tertua,https://id.wikipedia.org/wiki/Daftar_masjid_tertua,0.7541674153687753,SIMILARITY_MATCH,,2026-10-09T04:39:17.305175+00:00
Masjid Agung Banten,"Kota Serang, Banten",Masjid,ChIJlXVxvNWMQS4Ragn7trCS0_w,Masjid Agung Banten,"Jl. Komp. Masjid Agung Banten, Banten, Kec. Kasemen, Kota Serang, Banten 42191, Indonesia",4.6,18092.0,https://maps.google.com/?cid=18218066205325592938&g_mp=CiVnb29nbGUubWFwcy5wbGFjZXMudjEuUGxhY2VzLkdldFBsYWNlEAIYBCAA,-6.0360236,106.1540182,SUCCESS,FIRST_RESULT,2026-09-27T17:25:18.772679+00:00,,,Masjid Agung Banten,https://id.wikipedia.org/wiki/Masjid_Agung_Banten,1.0000000000000002,EXACT_MATCH,"Masjid Agung Banten (bahasa Arab:مسجد بنتن الكبير) (aksara Sunda: ᮙᮞ᮪ᮏᮤᮓ᮪ ᮃᮍᮥᮀ ᮘᮔ᮪ᮒᮨᮔ᮪)  adalah salah satu masjid tertua di Indonesia yang penuh dengan nilai sejarah. Masjid ini terletak di Banten Lama, Kelurahan Banten, Kecamatan Kasemen, Kota Serang, Provinsi Banten, Indonesia. Masjid ini adalah salah satu dari sedikit peninggalan yang tersisa dari bekas Kota Kuno Banten—pusat perdagangan paling makmur di Indonesia—setelah jatuhnya Kesultanan Demak pada pertengahan abad ke-16.
Masjid ini dibangun pertama kali pada 1556 oleh Sultan Maulana Hasanuddin (1552-1570), sultan pertama dari Kesultanan Banten. Ia adalah putra pertama dari Sunan Gunung Jati.  Setiap harinya masjid ini ramai dikunjungi para peziarah yang datang tidak hanya dari Provinsi Banten dan Provinsi Jawa Barat saja, tetapi juga dari berbagai daerah di Pulau Jawa. Masjid ini dikenali dari bentuk menaranya yang sangat mirip dengan bentuk sebuah bangunan mercusuar.",2026-10-09T04:39:17.576006+00:00
Masjid Raya Al-Azhom,"Kota Tangerang, Banten",Masjid,ChIJP_j2FSn5aS4RLpp5EJZhtBc,Masjid Raya Al A'zhom Tangerang,"Jl. Satria - Sudirman, RT.001/RW.001, Sukaasih, Kec. Tangerang, Kota Tangerang, Banten 15111, Indonesia",4.8,23003.0,https://maps.google.com/?cid=1708097455829654062&g_mp=CiVnb29nbGUubWFwcy5wbGFjZXMudjEuUGxhY2VzLkdldFBsYWNlEAIYBCAA,-6.1698132,106.6390162,SUCCESS,FIRST_RESULT,2026-09-27T17:25:19.126658+00:00,,,Masjid Al-A'zhom,https://id.wikipedia.org/wiki/Masjid_Al-A%27zhom,0.5928213273249967,SIMILARITY_MATCH,"Masjid Raya Al-A'zhom (bahasa Arab: مسجد الجامع الأزهم) adalah sebuah kompleks masjid yang terletak di Kota Tangerang, Banten, Indonesia. Sebagai salah satu masjid besar berdasarkan kapasitas jemaah, Masjid Raya Al-A'zhom menjadi salah satu ikon keagamaan dan arsitektural di wilayah Tangerang.",2026-10-09T04:39:17.848054+00:00
Masjid Berjumlah Buah,"Kabupaten Rejang Lebong, Bengkulu",Masjid,ChIJUZBGX_Q5MS4RWwP562-Eazw,Masjid Agung Baitul Makmur,"GGCG+98V, Jl. S. Sukowati, Air Putih Lama, Kec. Curup, Kabupaten Rejang Lebong, Bengkulu 39119, Indonesia",4.8,284.0,https://maps.google.com/?cid=4353719081018917723&g_mp=CiVnb29nbGUubWFwcy5wbGFjZXMudjEuUGxhY2VzLkdldFBsYWNlEAIYBCAA,-3.4790094,102.52579980000002,SUCCESS,FIRST_RESULT,2026-09-27T17:25:19.450081+00:00,,,Masjid Agung Baitul Makmur Curup,https://id.wikipedia.org/wiki/Masjid_Agung_Baitul_Makmur_Curup,0.7662655737578183,SIMILARITY_MATCH,"Masjid Agung Baitul Makmur Curup merupakan masjid utama yang berlokasi di Kelurahan Air Putih Lama, Kecamatan Curup, Kabupaten Rejang Lebong, Provinsi Bengkulu. Terletak di Jalan S. Sukowati, kompleks masjid ini berfungsi sebagai pusat kegiatan keagamaan dan sosial masyarakat. Selain sebagai tempat ibadah, masjid ini juga menjadi simbol keagamaan dan persatuan bagi warga Curup dan sekitarnya. Di sekitar kompleks masjid terdapat lembaga pendidikan RA/BA/TA Baitul Makmur yang berada di bawah pembinaan Kementerian Agama Republik Indonesia.
Masjid Agung Baitul Makmur Curup Bengkulu didirikan pada tahun 1990. Masjid ini memiliki 45 pengurus, 2 imam, dan 1 khatib, serta menempati tanah wakaf seluas 5.000 m² dengan luas bangunan 2.500 m² yang mampu menampung 1.500 jamaah. Awalnya, pembangunan sempat direncanakan di lokasi Makodim 0409, tetapi terkendala perizinan relokasi, sehingga dialihkan ke lokasi sekarang. Pembiayaannya berasal dari APBN, APBD, serta sumbangan masyarakat muslim Rejang Lebong.
Fasilitas yang tersedia meliputi sarana ibadah, tempat wudhu, kamar mandi/WC, genset, sound system, AC, penitipan sepatu, taman, area parkir, dan akses internet, serta fasilitas ramah anak seperti tempat bermain dan buku bacaan, meskipun belum memiliki fasilitas untuk disabilitas. Kegiatan yang diselenggarakan antara lain salat fardu, Jumat, peringatan hari besar Islam, dakwah, pengajian rutin, serta pengelolaan zakat, infak, sedekah, dan wakaf. Saat ini, masjid ini belum memiliki perpustakaan.",2026-10-09T04:39:18.116870+00:00
Masjid Agung Curup,"Kabupaten Rejang Lebong, Bengkulu",Masjid,ChIJUZBGX_Q5MS4RWwP562-Eazw,Masjid Agung Baitul Makmur,"GGCG+98V, Jl. S. Sukowati, Air Putih Lama, Kec. Curup, Kabupaten Rejang Lebong, Bengkulu 39119, Indonesia",4.8,284.0,https://maps.google.com/?cid=4353719081018917723&g_mp=CiVnb29nbGUubWFwcy5wbGFjZXMudjEuUGxhY2VzLkdldFBsYWNlEAIYBCAA,-3.4790094,102.52579980000002,SUCCESS,FIRST_RESULT,2026-09-27T17:25:19.739757+00:00,,,Masjid Agung Baitul Makmur Curup,https://id.wikipedia.org/wiki/Masjid_Agung_Baitul_Makmur_Curup,0.8121203481773238,SIMILARITY_MATCH,"Masjid Agung Baitul Makmur Curup merupakan masjid utama yang berlokasi di Kelurahan Air Putih Lama, Kecamatan Curup, Kabupaten Rejang Lebong, Provinsi Bengkulu. Terletak di Jalan S. Sukowati, kompleks masjid ini berfungsi sebagai pusat kegiatan keagamaan dan sosial masyarakat. Selain sebagai tempat ibadah, masjid ini juga menjadi simbol keagamaan dan persatuan bagi warga Curup dan sekitarnya. Di sekitar kompleks masjid terdapat lembaga pendidikan RA/BA/TA Baitul Makmur yang berada di bawah pembinaan Kementerian Agama Republik Indonesia.
Masjid Agung Baitul Makmur Curup Bengkulu didirikan pada tahun 1990. Masjid ini memiliki 45 pengurus, 2 imam, dan 1 khatib, serta menempati tanah wakaf seluas 5.000 m² dengan luas bangunan 2.500 m² yang mampu menampung 1.500 jamaah. Awalnya, pembangunan sempat direncanakan di lokasi Makodim 0409, tetapi terkendala perizinan relokasi, sehingga dialihkan ke lokasi sekarang. Pembiayaannya berasal dari APBN, APBD, serta sumbangan masyarakat muslim Rejang Lebong.
Fasilitas yang tersedia meliputi sarana ibadah, tempat wudhu, kamar mandi/WC, genset, sound system, AC, penitipan sepatu, taman, area parkir, dan akses internet, serta fasilitas ramah anak seperti tempat bermain dan buku bacaan, meskipun belum memiliki fasilitas untuk disabilitas. Kegiatan yang diselenggarakan antara lain salat fardu, Jumat, peringatan hari besar Islam, dakwah, pengajian rutin, serta pengelolaan zakat, infak, sedekah, dan wakaf. Saat ini, masjid ini belum memiliki perpustakaan.",2026-10-09T04:39:18.379509+00:00
Masjid Jami Baiturrahim,"Kota Gorontalo, Gorontalo",Masjid,ChIJE8ll5iAreTIReO_8uq1fdB4,Masjid Agung Baiturrahim - Gorontalo,"Jl. Raja Eyato No.1, Limba B, Kota Sel., Kota Gorontalo, Gorontalo 96133, Indonesia",4.8,1793.0,https://maps.google.com/?cid=2194484118207393656&g_mp=CiVnb29nbGUubWFwcy5wbGFjZXMudjEuUGxhY2VzLkdldFBsYWNlEAIYBCAA,0.5376111,123.0603662,SUCCESS,FIRST_RESULT,2026-09-27T17:25:20.072336+00:00,,,Masjid Baiturrahim Gorontalo,https://id.wikipedia.org/wiki/Masjid_Baiturrahim_Gorontalo,0.8476238851876123,SIMILARITY_MATCH,"Masjid Baiturrahim Gorontalo (bahasa Arab: مسجد بيت إبراهيم غورونتالو) atau yang lebih dikenal dengan Masjid Agung Baiturrahim (bahasa Arab: مسجد الجامع بيت ابراهيم) adalah sebuah masjid bersejarah yang berada di Kota Gorontalo, Provinsi Gorontalo, Indonesia. Masjid ini didirikan pada 1728 oleh Raja Kesultanan Gorontalo pada waktu itu yakni Raja Botutihe. Masjid ini termasuk salah satu masjid terbesar di Indonesia yang dapat menampung hingga 4.000 Jemaah.
Bangunan masjid ini sendiri terlihat seperti dua bangunan kembar yang menyatu. Kemudian bangunan masjid ini mengalami perubahan beberapa kali akibat kebutuhan ruang karena banyaknya Jemaah dan juga akibat gempa bumi besar yang meluluhlantakkan pada 1938. Pemugaran terakhir dilakukan oleh presiden ketiga Indonesia–B. J. Habibie pada 1999.",2026-10-09T04:39:18.687480+00:00
Masjid Keramat Desa Pulau Tengah,"Kabupaten Kerinci, Jambi",Masjid,ChIJDTWlNgCZLS4R_ysi3Opipww,Masjid Keramat Pulau Tengah Kerinci,"RFJ8+2Q4, Desa Jl. Pulau Tengah, Kt Tuo P. Tengah, Kec. Keliling Danau, Kabupaten Kerinci, Jambi 37173, Indonesia",5.0,1.0,https://maps.google.com/?cid=911806210420911103&g_mp=CiVnb29nbGUubWFwcy5wbGFjZXMudjEuUGxhY2VzLkdldFBsYWNlEAIYBCAA,-2.169997,101.4669669,SUCCESS,FIRST_RESULT,2026-09-27T17:25:20.432563+00:00,,,Masjid Keramat Pelajau,https://id.wikipedia.org/wiki/Masjid_Keramat_Pelajau,0.46371375701420847,SIMILARITY_MATCH,"Masjid Keramat Pelajau adalah salah satu masjid tertua di Provinsi Kalimantan Selatan, Indonesia. Masjid yang terletak di Desa Palajau, Kecamatan Pandawan, Kabupaten Hulu Sungai Tengah ini dikelola masyarakat secara swadaya dan memiliki luas 400 meter persegi. Masjid ini merupakan bukti dari perjuangan melawan penjajah Belanda pada masa lalu khususnya di Kalimantan Selatan. Keberadaan masjid ini cukup berarti bagi masyarakat Pelajau yang taat beribadah dan agamis. Selain menjadi tempat ibadah mahda, juga menjadi pusat berkembangnya peradaban umat Islam di Barabai, umumnya di Kalsel.
Letak masjid ini berada di desa Pelajau, Kecamatan Pandawan yang berjarak kurang lebih 3 kilometer hingga 5 kilometer ke arah barat laut dari Kota Barabai, ibu kota Kabupaten Hulu Sungai Tengah.",2026-10-09T04:39:18.936809+00:00
Masjid Raya Darul Falah Kota Langsa,"Kota Langsa, Aceh",Masjid,ChIJvQk7qS6bNzARS5zUXUoL-M0,Masjid Raya Langsa Kota,"Mesjid Agung Darul Fallah, Jl. Rel Kereta Api No.samping, Gampong Teungoh, Kec. Langsa Kota, Kota Langsa, Aceh 24412, Indonesia",4.7,993.0,https://maps.google.com/?cid=14841624986029169739&g_mp=CiVnb29nbGUubWFwcy5wbGFjZXMudjEuUGxhY2VzLkdldFBsYWNlEAIYBCAA,4.4696238,97.9715292,SUCCESS,FIRST_RESULT,2026-09-27T17:25:20.731684+00:00,,,Kota Langsa,https://id.wikipedia.org/wiki/Kota_Langsa,0.6219492373766833,SIMILARITY_MATCH,"Langsa adalah salah satu kota yang berada di provinsi Aceh, Indonesia. Kota Langsa berada kurang lebih 400 km dari kota Banda Aceh. Pada tahun 2021, jumlah penduduk kota Langsa sebanyak 185.622 jiwa, dengan kepadatan 707 jiwa/km2.",2026-10-09T04:39:19.194984+00:00
Masjid Agung Al-Falah,"Kota Jambi, Jambi",Masjid,ChIJ7zzyVCCJJS4Rf-F1-hk7frE,Masjid Agung Al Falah Kota Jambi,"Jl. Sultan Thaha No.60, RT.01/RW, Legok, Kec. Telanaipura, Kota Jambi, Jambi 36124, Indonesia",4.8,3737.0,https://maps.google.com/?cid=12789724974541037951&g_mp=CiVnb29nbGUubWFwcy5wbGFjZXMudjEuUGxhY2VzLkdldFBsYWNlEAIYBCAA,-1.5941489,103.6082448,SUCCESS,FIRST_RESULT,2026-09-27T17:25:21.166784+00:00,,,Masjid Agung Al-Falah,https://id.wikipedia.org/wiki/Masjid_Agung_Al-Falah,0.9999999999999986,EXACT_MATCH,"Masjid Agung Al-Falah merupakan masjid terbesar di Kota Jambi, masjid ini juga dikenal sebagai Masjid Seribu Tiang, meskipun jumlah tiangnya hanya 232. Masjid ini dibangun pada tahun 1971 dan selesai pada tahun 1980, bangunannya memang hanya seperti sebuah pendopo terbuka dengan banyak tiang penyangga dan satu kubah besar di atasnya. Lokasi Masjid Agung ini berdiri, dulunya merupakan pusat Kesultanan Jambi, bekas istana Tanah Pilih dari Sultan Thaha Syaifuddin.

",2026-10-09T04:39:19.463429+00:00
Masjid Agung,"Kabupaten Tegal, Jawa Tengah",Masjid,ChIJ0YjkvmC_by4RJpDTIRx5S88,Masjid Agung Slawi,"Procot, Kec. Slawi, Kabupaten Tegal, Jawa Tengah 52412, Indonesia",4.8,983.0,https://maps.google.com/?cid=14937165750837940262&g_mp=CiVnb29nbGUubWFwcy5wbGFjZXMudjEuUGxhY2VzLkdldFBsYWNlEAIYBCAA,-6.9745046,109.1389457,SUCCESS,FIRST_RESULT,2026-09-27T17:35:36.144535+00:00,,,Masjid,https://id.wikipedia.org/wiki/Masjid,0.7092117693598272,SIMILARITY_MATCH,"Masjid (serapan dari bahasa Arab: مَسْجِد, translit. masjid, pelafalan [mǝsdʒid];  secara harfiah ""tempat sujud""), merupakan tempat salat bagi umat Islam. Masjid biasanya tertutup bangunan, tetapi bisa menjadi tempat salat (sujud) dilakukan, termasuk halaman luar.
Awalnya masjid adalah tempat salat sederhana bagi umat Islam, dan mungkin merupakan ruang terbuka daripada bangunan. Pada tahap pertama arsitektur Islam, 650-750, masjid terdiri dari ruang terbuka dan tertutup yang dikelilingi oleh dinding, sering kali dengan menara tempat azan dikeluarkan. Bangunan masjid biasanya berisi mihrab yang dipasang di dinding yang menunjukkan arah kiblat ke Makkah, dan fasilitas wudu. Mimbar, tempat di mana khutbah salat Jumat disampaikan, dulunya adalah karakteristik masjid pusat kota, tetapi sejak itu menjadi umum di masjid-masjid kecil. Masjid biasanya memiliki ruang terpisah untuk pria dan wanita. Pola dasar organisasi ini mengambil bentuk yang berbeda tergantung pada wilayah, periode, dan mazhab.
Masjid umumnya berfungsi sebagai lokasi untuk salat, buka puasa Ramadan, salat Jenazah, pelaksanaan pernikahan dan bisnis, pengumpulan dan distribusi sedekah, serta tempat penampungan tunawisma, tempat tinggalnya orang-orang bertakwa, tempat berkumpul kaum muslimin setiap hari, markas untuk mengadakan muktamar (pertemuan besar), tempat bermusyawarah dan saling memberi nasihat, tempat bertemu untuk saling mengenal dan persatuan, dan tempat menumbuhkan semangat saling tolong menolong dalam kebaikan. Secara historis, masjid telah berfungsi sebagai pusat komunitas, pengadilan, dan sekolah agama. Di zaman modern, mereka juga mempertahankan perannya sebagai tempat pengajaran dan debat agama. Kepentingan khusus diberikan kepada Masjidilharam (pusat haji), Masjid Nabawi di Madinah (tempat pemakaman Muhammad) dan Masjidilaqsa di Yerusalem (diyakini sebagai tempat kenaikan Muhammad ke surga).
Dengan penyebaran Islam, masjid berlipat ganda di seluruh dunia Islam. Terkadang gereja dan kuil diubah menjadi masjid, yang memengaruhi gaya arsitektur Islam. Sementara sebagian besar masjid pra-modern didanai oleh sumbangan amal, peningkatan peraturan pemerintah tentang masjid besar telah diimbangi dengan munculnya masjid yang didanai swasta, banyak di antaranya berfungsi sebagai basis untuk berbagai organisasi revivalis Islam dan aktivitas sosial. Masjid telah memainkan sejumlah peran politik. Tingkat kehadiran masjid sangat bervariasi tergantung pada wilayah.",2026-10-09T04:39:19.726359+00:00
Masjid Agung Al-Musabaqoh Subang,"Kabupaten Subang, Jawa Barat",Masjid,ChIJv-D7Vp48aS4RSLEkaON22EA,Al-Musabaqoh Grand Mosque,"Karanganyar, Subang, Subang Regency, West Java 41215, Indonesia",4.7,618.0,https://maps.google.com/?cid=4672615332473778504&g_mp=CiVnb29nbGUubWFwcy5wbGFjZXMudjEuUGxhY2VzLkdldFBsYWNlEAIYBCAA,-6.5705851,107.7609186,SUCCESS,FIRST_RESULT,2026-09-27T17:25:21.901667+00:00,,,Kabupaten Subang,https://id.wikipedia.org/wiki/Kabupaten_Subang,0.23774361320442017,SIMILARITY_MATCH,"Kabupaten Subang (bahasa Sunda: ᮞᮥᮘᮀ) adalah sebuah kabupaten di Provinsi Jawa Barat, Indonesia. Kabupaten ini beribu kota di Kecamatan Subang Kota. Kabupaten ini berbatasan dengan Laut Jawa di utara, Kabupaten Indramayu di timur, Kabupaten Sumedang di tenggara, Kabupaten Bandung Barat dan Kabupaten Bandung di selatan, Kabupaten Karawang di barat laut, serta Kabupaten Purwakarta di barat. Pada pertengahan 2025, jumlah penduduk kabupaten Subang sebanyak 1.695.197 jiwa.
Berdasarkan Peraturan Daerah Kabupaten Subang Nomor 3 Tahun 2007, Wilayah Kabupaten Subang terbagi menjadi 30 kecamatan, yang dibagi lagi menjadi 245 desa dan 8 kelurahan. Subang dahulu bernama Karawang Timur.
Kabupaten ini dilintasi Jalan Pantura, Jalan Tol Trans-Jawa, yaitu Jalan Tol Cikopo-Palimanan (Cipali), tetapi ibu kota Kabupaten Subang tidak terletak di jalur ini. Jalan pantura di Kabupaten Subang merupakan salah satu yang paling sibuk di Pulau Jawa. Kecamatan yang berada di Jalan Pantura ini, di antaranya Kecamatan Ciasem dan Kecamatan Pamanukan. Selain dilintasi jalur Pantura, Kabupaten Subang dilintasi pula Jalan Alternatif Sadang-Cikamurang, yang melintas di tengah wilayah Kabupaten Subang dan menghubungkan Sadang di Kabupaten Purwakarta dengan Kecamatan Tomo di Kabupaten Sumedang, jalur ini sangat ramai terutama pada musim libur seperti lebaran. Kabupaten Subang yang berbatasan langsung dengan Kabupaten Bandung di sebelah selatan dan memiliki akses langsung yang sekaligus menghubungkan Jalan Pantura dengan Kota Bandung. Jalur ini cukup nyaman dilalui dengan panorama alam yang amat indah berupa hamparan kebun teh yang udaranya sejuk dan melintasi Kawasan Wisata Air Panas Ciater dan Gunung Tangkubanparahu.
Penduduk Kabupaten Subang pada umumnya adalah suku Sunda, yang menggunakan bahasa Sunda sebagai bahasa sehari-hari. Sementara kecamatan-kecamatan di wilayah pesisir Subang dan beberapa kecamatan di sepanjang Sungai Cipunagara yang berbatasan dengan Kabupaten Indramayu penduduknya menggunakan Bahasa Dermayon atau yang lebih dikenal dengan nama basa Dermayon.",2026-10-09T04:39:19.986854+00:00
Masjid Raya Kota Bogor,"Kota Bogor, Jawa Barat",Masjid,ChIJGzmGgOfFaS4R0T1iHUa8c98,Masjid Raya Kota Bogor,"Masjid Raya Kota Bogor, Jl. Raya Pajajaran, RT.01/RW.03, Baranangsiang, Kec. Bogor Tim., Kota Bogor, Jawa Barat 16143, Indonesia",,,https://maps.google.com/?cid=16101420102106365393&g_mp=CiVnb29nbGUubWFwcy5wbGFjZXMudjEuUGxhY2VzLkdldFBsYWNlEAIYBCAA,-6.6073266,106.8087739,SUCCESS,FIRST_RESULT,2026-09-27T17:25:22.293892+00:00,,,Kota Bogor,https://id.wikipedia.org/wiki/Kota_Bogor,0.6569694218294709,SIMILARITY_MATCH,"Kota Bogor (bahasa Sunda: ᮘᮧᮌᮧᮁ, bahasa Belanda: Buitenzorg) adalah sebuah kota yang terletak di bagian barat Provinsi Jawa Barat, Indonesia. Kota Bogor terletak sekitar 51 km arah selatan dari Provinsi DKI Jakarta dan 120 km arah barat laut dari Kota Bandung, serta merupakan wilayah enklave dari Kabupaten Bogor. Pada akhir tahun 2024, jumlah penduduk Kota Bogor sebanyak 1.144.108 jiwa, dengan kepadatan 10.271 jiwa/km².
Kota Bogor dikenal dengan julukan Kota Hujan, karena memiliki curah hujan yang tinggi dan signifikan sepanjang tahun. Kota Bogor terdiri atas 6 kecamatan yang dibagi lagi menjadi 68 kelurahan. Pada masa Kolonial Hindia Belanda, Kota Bogor dikenal dengan nama Buitenzorg yang berarti tanpa kecemasan atau aman tentram.",2026-10-09T04:39:20.246800+00:00
Masjid Jami Al-Juman Bogor,"Kota Bogor, Jawa Barat",Masjid,ChIJu3VhJOnFaS4RAVgOOvHzjBw,Jami' Al-Juman Mosque,"9RQ2+7XX, RT.05/RW.07, Bondongan, Kec. Bogor Sel., Kota Bogor, Jawa Barat 16131, Indonesia",4.8,445.0,https://maps.google.com/?cid=2057287347188160513&g_mp=CiVnb29nbGUubWFwcy5wbGFjZXMudjEuUGxhY2VzLkdldFBsYWNlEAIYBCAA,-6.611762499999999,106.8024844,SUCCESS,FIRST_RESULT,2026-09-27T17:25:22.656619+00:00,,,Masjid Jami' Al-Juman (Bogor),https://id.wikipedia.org/wiki/Masjid_Jami%27_Al-Juman_(Bogor),0.7059656436737285,EXACT_MATCH,"Masjid Jami' Al-Juman (bahasa Arab: مسجد جامع الجمان) adalah sebuah masjid yang terletak di Kompleks Kehutanan, Kota Bogor. Masjid Jami' Al-Juman (sering disingkat menjadi ""Al-Juman"" saja) berdiri sejak tahun 1963, dan hingga saat ini telah beberapa kali direnovasi.",2026-10-09T04:39:20.507035+00:00
Masjid Agung Bogor,"Kota Bogor, Jawa Barat",Masjid,ChIJa4iPY7bFaS4Rrqh8T3APeaA,Great Mosque Bogor,"Jl. Nyi Raja Permas No.1, RT.04/RW.06, Cibogor, Kecamatan Bogor Tengah, Kota Bogor, Jawa Barat 16124, Indonesia",4.5,1389.0,https://maps.google.com/?cid=11563290493294782638&g_mp=CiVnb29nbGUubWFwcy5wbGFjZXMudjEuUGxhY2VzLkdldFBsYWNlEAIYBCAA,-6.593346800000001,106.7916457,SUCCESS,FIRST_RESULT,2026-09-27T17:25:23.012330+00:00,,,Masjid Agung Al-Muhsinin,https://id.wikipedia.org/wiki/Masjid_Agung_Al-Muhsinin,0.46349980702232424,SIMILARITY_MATCH,"Masjid Agung Al-Muhsinin adalah masjid terbesar di Kota Solok, terletak menghadap Jalan Datuak Perpatih Nan Sabatang, Kelurahan Aro IV Korong, Lubuk Sikarah. Masjid ini menjadi tuan rumah kegiatan keagamaan skala regional seperti tabligh akbar dan pertemuan jemaah, khususnya di Kota Solok.
Dibangun sejak 2009 dengan biaya pembangunan Rp36,63 miliar, peresmian masjid dilakukan oleh Wakil Menteri Agama Republik Indonesia Nasaruddin Umar pada 14 Desember 2011. Pembangunan dikerjakan mengandalkan dana Rp35,45 miliar dari APBD Kota Solok dan infak yang terhimpun sebesar Rp1,18 miliar.
Masjid ini pertama berdiri sejak 1984 dan saat itu belum menyandang status sebagai masjid agung. Namun, bangunannya rusak berat setelah rangkaian gempa bumi pada Maret 2007. Pembangunan kembali dimulai pada 20 Agunstus 2009. Bangunan utama berupa ruang salat terdiri dari dua lantai dengan denah dasar ruang lepas 35 × 35 meter. Masjid dikelilingi empat menara masing-masing setinggi 40 meter. Arsitekturnya terinspirasi dari Masjid Atta'Awun di Puncak, Bogor, Jawa Barat.",2026-10-09T04:39:20.764015+00:00
Masjid Istiqom Budi Agung,"Kota Bogor, Jawa Barat",Masjid,ChIJLcbgVWLEaS4Rww0LaAYAzSI,Masjid Al Istiqomah Taman Yasmin Kota Bogor,"Jl. Seroja Raya No.10, RT.06/RW.08, Curugmekar, Kec. Bogor Bar., Kota Bogor, Jawa Barat 16113, Indonesia",4.9,484.0,https://maps.google.com/?cid=2507660595030592963&g_mp=CiVnb29nbGUubWFwcy5wbGFjZXMudjEuUGxhY2VzLkdldFBsYWNlEAIYBCAA,-6.5598816,106.7733721,SUCCESS,FIRST_RESULT,2026-09-27T17:25:23.389054+00:00,,,Daftar sekolah menengah pertama negeri di Jakarta,https://id.wikipedia.org/wiki/Daftar_sekolah_menengah_pertama_negeri_di_Jakarta,0.09006942621663344,SIMILARITY_MATCH,Berikut adalah Daftar Sekolah Menengah Pertama di Provinsi DKI Jakarta yang diurutkan masing-masing berdasarkan kabupaten dan kota pada tahun 2025 berdasarkan data Kemendikbud R.I.,2026-10-09T04:39:21.027561+00:00
Masjid Almuhajirin,"Kota Bogor, Jawa Barat",Masjid,ChIJbePZ_V7PaS4RLy9EQontf7U,Masjid Al-Muhaajirin BNR,"Jl. Bukit Nirwana Raya No.17, RT.03/RW.12, Mulyaharja, Kec. Bogor Sel., Kota Bogor, Jawa Barat 16135, Indonesia",4.8,210.0,https://maps.google.com/?cid=13078433016685276975&g_mp=CiVnb29nbGUubWFwcy5wbGFjZXMudjEuUGxhY2VzLkdldFBsYWNlEAIYBCAA,-6.6311369,106.7975469,SUCCESS,FIRST_RESULT,2026-09-27T17:25:23.752857+00:00,,,,,,NO_CANDIDATE,,
Masjid Asyuro Cipari Pangatikan Garut,"Kabupaten Garut, Jawa Barat",Masjid,ChIJGYuwrX20aC4RMHuEOIAhzKk,Mesjid Asy Syuro Cipari,"RXWX+P49, Sukarasa, Pangatikan, Garut Regency, West Java 44183, Indonesia",4.9,19.0,https://maps.google.com/?cid=12235191122246531888&g_mp=CiVnb29nbGUubWFwcy5wbGFjZXMudjEuUGxhY2VzLkdldFBsYWNlEAIYBCAA,-7.1532244,107.9978739,SUCCESS,FIRST_RESULT,2026-09-27T17:25:24.076090+00:00,,,,,,NO_CANDIDATE,,
Masjid Nahwa Nur Pura,"Kota Bogor, Jawa Barat",Masjid,ChIJQyDlmUPCaS4RVhWhK-tQjzQ,Masjid Al Rohman - Yayasan Nahwa Nur,"GQ6P+C87, Jl. Cagak, Cimanggis, Kecamatan Bojonggede, Kabupaten Bogor, Jawa Barat 16920, Indonesia",5.0,8.0,https://maps.google.com/?cid=3787334782621390166&g_mp=CiVnb29nbGUubWFwcy5wbGFjZXMudjEuUGxhY2VzLkdldFBsYWNlEAIYBCAA,-6.488959,106.7858122,SUCCESS,FIRST_RESULT,2026-09-27T17:25:24.376294+00:00,,,,,,NO_CANDIDATE,,
Masjid Po Teumeureuhom,"Kabupaten Pidie, Aceh",Masjid,ChIJycrk79SSQDARm2nLmtayMgY,Masjid Raya Pidie - Labui,"9W7Q+832, Labui, Pidie, Pidie Regency, Aceh 24164, Indonesia",4.7,112.0,https://maps.google.com/?cid=446615947852867995&g_mp=CiVnb29nbGUubWFwcy5wbGFjZXMudjEuUGxhY2VzLkdldFBsYWNlEAIYBCAA,5.3632593,95.9376272,SUCCESS,FIRST_RESULT,2026-09-27T17:25:24.735426+00:00,,,Masjid Poteu Meureuhom,https://id.wikipedia.org/wiki/Masjid_Poteu_Meureuhom,0.7312849142276384,SIMILARITY_MATCH,"Masjid Poteu Meureuhom atau Masjid Labui adalah sebuah masjid yang terletak di Kabupaten Pidie, Aceh. Masjid Kuno Labui didirikan pada masa pemerintahan Sultan Iskandar Muda. Masjid ini pernah direnovasi pada tahun 1916 tanpa mengubah denah asli oleh Uleebalang Pidie, yaitu Tengku Raja Kuala Usman.
Bentuk arsitektur masjid ini berdenah bujursangkar, dengan atap atap bertumpang tiga, dan 4 buah tiang utama. Saat ini atap dibuat dari seng. Dahulu dari daun rumbia. Pada halaman masjid terdapat dua buah sumur dan bak penampung air. Ditemukan pula sisa struktur dinding mengelilingi masjid yang terbuat dari susunan batu karang yang direkat dengan spesi campuran tanah liat, pasir dan kapur. Diduga dinding benteng ini cukup tinggi, ketebalan yang dapat diukur dari sisa yang ada adalah 2,4 m.
Salah satu peninggalan sejarahnya adalah mimbar dengan ukiran berusia ratusan tahun hasil karya perajin Cina sekitar tahun 1612 M. Namun dengan sering berjalannya waktu, pengurus Masjid Raya Labui terus mempercantik mimbar tersebut dengan cara melapisi cat warna emas. Mimbar itu pun selalu nampak baru bagi siapa yang melihatnya. Usia mimbar di masjid ini telah mencapai ratusan tahun. Mimbar itu diletakkan di dalam masjid, sejak awal dibangunnya Masjid Raya Labui oleh Po Teumeureuhom kala itu.
Menurut sejarah di kalangan masyarakat, Masjid Raya Labui ini awalnya bernama Masjid Raya Po Teumeureuhom. Bangunan pertama terbuat dari kayu beratap rumbia, kemudian dindingnya terbuat dari batu bercampur kapur.
Kala itu Po Teumeureuhom merupakan Sultan Iskandar Muda yang berkuasa pada 1607-1636. Dia bersama bersama masyarakat membangun masjid tersebut secara bergotong-royong. Dikisahkan bahwa kala itu masyarakat bersedia berdiri sekitar 30 kilometer untuk mengangkut batu secara estafet dari Kecamatan Muara Tiga ke Labui.
Po Teumeureuhom sempat mendatangkan arsitek dari Cina untuk membangun masjid yang kemudian dilestariskan sebagai cagar budaya saat ini. Masjid Po Teumeureuhom Aceh dibangun Sultan Iskandar Muda yang berkuasa pada 1607-1636.
Masjid tersebut dijadikan sebagai pusat pendidikan Islam. Banyak santri berasal dari Pidie, Aceh Barat, dan Aceh Timur menimba ilmu agama di Masjid Raya Po Teumeureuhom ini. Masjid raya ini letaknya lebih kurang 4 kilometer sebelah barat kecamatan Kota Sigli. Pada masa Po Teumeureuhom pernah dijadikan sebagai masjid Kerajaan Pedir atau Masjid Kabupaten. Tak hanya masjid, Po Teumeureuhom juga membangun benteng pertahanan atau disebut dengan Diwai yang melingkari masjid. Kini, Diwai itu telah diruntuhkan seiring dengan dibangunnya bangunan baru masjid.",2026-10-09T04:39:21.290084+00:00
Masjid Kuno Desa Kaitetu,Maluku,Masjid,ChIJRyiHNSL7bC0RROhTi7vOJd8,Wapauwe Kaitetu Old Mosque,"C37M+WMG, Kaitetu, Leihitu, Central Maluku Regency, Maluku, Indonesia",4.9,83.0,https://maps.google.com/?cid=16079485349487962180&g_mp=CiVnb29nbGUubWFwcy5wbGFjZXMudjEuUGxhY2VzLkdldFBsYWNlEAIYBCAA,-3.5851895,128.08419229999998,SUCCESS,FIRST_RESULT,2026-09-27T17:25:25.061881+00:00,,,Masjid Tua Wapauwe,https://id.wikipedia.org/wiki/Masjid_Tua_Wapauwe,0.3387379658593953,SIMILARITY_MATCH,Masjid Tua Wapauwe adalah masjid tua bersejarah dan juga merupakan masjid tertua di Maluku. Masjid ini dibangun pada tahun 1414 M. Masjid Tua Wapauwe saat ini masih berdiri dam menjadi bukti sejarah penyebaran Islam di Maluku pada masa lampau.,2026-10-09T04:39:21.543085+00:00
Masjid At Taqwa,"Kota Balikpapan, Kalimantan Timur",Masjid,ChIJ0_PkBztH8S0Re_oUh4Ux4GM,Masjid Agung At-Taqwa Balikpapan,"Jl. Jenderal Sudirman No.RT 4, gang aktwaKlandasan Ulu, Kec. Balikpapan Kota, Kota Balikpapan, Kalimantan Timur, Indonesia",4.8,3949.0,https://maps.google.com/?cid=7196806654104763003&g_mp=CiVnb29nbGUubWFwcy5wbGFjZXMudjEuUGxhY2VzLkdldFBsYWNlEAIYBCAA,-1.2768585,116.8292537,SUCCESS,FIRST_RESULT,2026-09-27T17:25:25.345554+00:00,,,Masjid Al Ihsan Balikpapan,https://id.wikipedia.org/wiki/Masjid_Al_Ihsan_Balikpapan,0.5501505394675591,SIMILARITY_MATCH,"Masjid Al Ihsan adalah salah satu masjid yang terdapat di Gunung Sari Ilir, Kota Balikpapan, Provinsi Kalimantan Timur. Pada 13 April 2018, Kapolda Kalimantan Timur Priyo Widyanto serta Kapolres Balikpapan Wiwin Tirta dan para pejabat Polda Kaltim melakukan salat Jumat di masjid ini. Setelah salat, pihak Polda Kaltim bersilaturrahmi dengan para pengurus masjid dalam rangka memohon bantuan kerja sama kepada tokoh agama dan tokoh masyarakat Gunung Sari Ilir agar dapat menjaga ketertiban dan keamanan jelang Pilkada Kaltim 2018.",2026-10-09T04:39:21.797584+00:00
Masjid Agung Keraton,"Kota Bau-Bau, Sulawesi Tenggara",Masjid,ChIJiTElsst2pC0RmstwxFNoIoI,"Masigi Ogéna , Grand Mosque of the Sultanate of Buton","GJG2+FRM, Jl. Sultan Labuke, Melai, Kec. Murhum, Kota Bau-Bau, Sulawesi Tenggara 93713, Indonesia",4.7,250.0,https://maps.google.com/?cid=9377172083126094746&g_mp=CiVnb29nbGUubWFwcy5wbGFjZXMudjEuUGxhY2VzLkdldFBsYWNlEAIYBCAA,-5.4737925,122.6020373,SUCCESS,FIRST_RESULT,2026-09-27T17:25:25.674919+00:00,,,Masjid Agung Keraton Surakarta,https://id.wikipedia.org/wiki/Masjid_Agung_Keraton_Surakarta,0.7208358980953201,SIMILARITY_MATCH,"Masjid Agung Kraton Surakarta (nama resmi: bahasa Jawa: ꦩꦱ꧀ꦗꦶꦢ꧀ꦄꦒꦼꦁꦏꦫꦠꦺꦴꦤ꧀ꦱꦸꦫꦏꦂꦠꦲꦢꦶꦤꦶꦔꦿꦠ꧀, translit. Masjid Agěng Karaton Suråkartå Hadiníngrat) pada masa pra-kemerdekaan adalah masjid agung milik kerajaan (Surakarta Hadiningrat) dan berfungsi selain sebagai tempat ibadah juga sebagai pusat syiar Islam bagi warga kerajaan.
Masjid Agung dibangun oleh Sunan Pakubuwono III tahun 1763 dan selesai pada tahun 1768. Hal ini dapat diketahui dari prasasti yang terdapat di dinding luar ruangan utama masjid. Masjid ini merupakan masjid dengan katagori masjid jami', yaitu masjid yang digunakan untuk salat berjemaah dengan ukuran makmum besar (misalnya salat Jumat dan salat Ied). Dengan status sebagai masjid kerajaan, masjid ini juga berfungsi mendukung segala keperluan kerajaan yang terkait dengan keagamaan, seperti grebeg, sekaten, dan maulid nabi.
Raja (Sunan) Surakarta berfungsi sebagai panatagama (pengatur urusan agama) dan masjid ini menjadi pelaksana dari fungsi ini. Semua pegawai masjid diangkat menjadi abdi dalem kraton, dengan gelar seperti Kanjeng Raden Tumenggung Penghulu Tafsiranom (untuk penghulu) dan Lurah Muadzin untuk juru adzan.",2026-10-09T04:39:22.051050+00:00
Masjid Raya Baiturrahman,Aceh,Masjid,ChIJq0OpNEk3QDARLx6-pGyBvro,Masjid Raya Baiturrahman,"Jl. Moh. Jam No.1, Kp. Baru, Kec. Baiturrahman, Kota Banda Aceh, Aceh 23127, Indonesia",4.9,29721.0,https://maps.google.com/?cid=13456335040249994799&g_mp=CiVnb29nbGUubWFwcy5wbGFjZXMudjEuUGxhY2VzLkdldFBsYWNlEAIYBCAA,5.5532604,95.3178867,SUCCESS,FIRST_RESULT,2026-09-27T17:25:26.017468+00:00,,,Masjid Baiturrahman 1 Robayan,https://id.wikipedia.org/wiki/Masjid_Baiturrahman_1_Robayan,0.6032046920709614,SIMILARITY_MATCH,"Masjid Baiturrahman 1 Robayan, dikenal juga dengan nama Masjid Wali Robayan adalah sebuah masjid tua di Jepara yang berada di Robayan, Kabupaten Jepara. Masjid Jami' Baiturrahman I Robayan kelihatannya masjid baru, tetapi sejatinya masjid ini sudah ada sebelum era Hindia Belanda. Masjid Masjid Jami' Baiturrahman I Robayan merupakan salah satu masjid tua di Kabupaten Jepara, yang meskipun sudah direnovasi tetapi masih memiliki bagian yang masih asli sejak pertama kali masjid di bangun yaitu gapura atau masyarakat setempat menyebutnya ""ceketeng"".",2026-10-09T04:39:22.314652+00:00
Masjid Dian Al-Mahri,Jawa Barat,Masjid,ChIJPeADKyjvaS4R0ikypE5lPHo,Dian Al-Mahri Mosque,"Jl. Meruyung Raya, Meruyung, Kec. Limo, Kota Depok, Jawa Barat 16515, Indonesia",4.7,14488.0,https://maps.google.com/?cid=8808026359666452946&g_mp=CiVnb29nbGUubWFwcy5wbGFjZXMudjEuUGxhY2VzLkdldFBsYWNlEAIYBCAA,-6.3838181,106.7718995,SUCCESS,FIRST_RESULT,2026-09-27T17:25:26.324174+00:00,,,Masjid Dian Al-Mahri,https://id.wikipedia.org/wiki/Masjid_Dian_Al-Mahri,0.9999999999999988,EXACT_MATCH,"Masjid Dian Al-Mahri (bahasa Arab: مسجد ديان المهري) atau yang lebih dikenal dengan Masjid Kubah Emas (bahasa Arab: مسجد القبة الذهبية) adalah sebuah kompleks masjid terbesar yang berlokasi di Jalan Meruyung Raya, Kelurahan Meruyung, Kecamatan Limo, Kota Depok, Provinsi Jawa Barat, Indonesia. Selain menjadi tempat ibadah umat Muslim sehari-hari, kompleks masjid ini juga menjadi kawasan wisata keluarga dan diminati banyak orang karena kubahnya yang terbuat dari emas. Karena luasnya wilayah dan aksesibilitas untuk umum, tempat ini sering menjadi tujuan liburan keluarga atau tempat beristirahat.",2026-10-09T04:39:22.576086+00:00
Masjid Raya Sabilal Muhtadin,Kalimantan Selatan,Masjid,ChIJWwj-osMj5C0R8nFRa8gyHKE,Masjid Raya Sabilal Muhtadin - Banjarmasin,"Jl. Jend Sudirman No.1, Antasan Besar, Kec. Banjarmasin Tengah, Kota Banjarmasin, Kalimantan Selatan 70114, Indonesia",4.8,11328.0,https://maps.google.com/?cid=11609209775829643762&g_mp=CiVnb29nbGUubWFwcy5wbGFjZXMudjEuUGxhY2VzLkdldFBsYWNlEAIYBCAA,-3.3190271,114.5909985,SUCCESS,FIRST_RESULT,2026-09-27T17:25:26.640416+00:00,,,Masjid Raya Sabilal Muhtadin,https://id.wikipedia.org/wiki/Masjid_Raya_Sabilal_Muhtadin,0.9999999999999998,EXACT_MATCH,"Masjid Raya Sabilal Muhtadin  adalah sebuah masjid bersejarah yang berada di Jalan Jenderal Sudirman No. 1, Kelurahan Antasan Besar, Kecamatan Banjarmasin Tengah, Kota Banjarmasin, Provinsi Kalimantan Selatan, Indonesia. Masjid ini dibangun pada tahun 1974 dan diresmikan pada tahun 1981 sebagai penghormatan terhadap ulama besar Syekh Muhammad Arsyad al-Banjari, di mana nama masjid ini diambil dari nama kitabnya yang berjudul Sabilal Muhtadin lit-Tafaqquh fi Amrid-din (Jalan bagi Orang-Orang yang Mendapat Petunjuk untuk Mendalami Urusan-Urusan Agama), sebuah kitab fikih mazhab Syafii yang menjadi salah satu rujukan ulama di Nusantara. Masjid ini berdiri di bekas tanah asrama tentara Pulau Tatas, di mana pada era kolonialisme Belanda, tempat ini dikenal dengan Fort Van Tatas atau Benteng Tatas.",2026-10-09T04:39:22.840503+00:00
Masjid Jami Banjarmasin,Kalimantan Selatan,Masjid,ChIJ_ZdAApYj5C0RO0kg28y2OCI,Masjid Jami' Banjarmasin,"Jl. Mesjid Jami No.40, RT.1, Sungai Jingah, Kec. Banjarmasin Utara, Kota Banjarmasin, Kalimantan Selatan 70122, Indonesia",4.8,4989.0,https://maps.google.com/?cid=2465921786951256379&g_mp=CiVnb29nbGUubWFwcy5wbGFjZXMudjEuUGxhY2VzLkdldFBsYWNlEAIYBCAA,-3.3066366,114.5953866,SUCCESS,FIRST_RESULT,2026-09-27T17:25:26.987956+00:00,,,Masjid Jami Banjarmasin,https://id.wikipedia.org/wiki/Masjid_Jami_Banjarmasin,1.0000000000000002,EXACT_MATCH,"Masjid Jami Banjarmasin (aksara Jawi: مسجد جامع بنجرماسين) atau yang lebih dikenal dengan Masjid Jami Sungai Jingah (aksara Jawi: مسجد جامع ﺳﻮ ڠاﻱ‬ جيڠاه) adalah sebuah masjid bersejarah yang berada di Jalan Masjid Jami, Kelurahan Antasan Kecil Timur, Kecamatan Banjarmasin Utara, Kota Banjarmasin, Provinsi Kalimantan Selatan, Indonesia.
Masjid ini berdekatan dengan Kompleks Makam Pangeran Antasari, di mana kompleks makam ini berada di daerah timur masjid, tepatnya di Jalan Malkon Temon. Selain itu, masjid ini juga berdekatan dengan makam salah satu ulama karismatik, yaitu K.H. Ahmad Zuhdiannor atau sering disapa Guru Zuhdi yang semasa hidupnya mengisi kegiatan keagaamaan di masjid ini, di mana makamnya berada di daerah barat masjid atau dikenal dengan daerah ""Jalan Belakang Masjid Jami"". Hal ini membuat halaman masjid sering dipenuhi oleh peziarah yang sering memarkir di sana.",2026-10-09T04:39:23.107351+00:00
Masjid Jami Tuhfaturroghibin,Kalimantan Selatan,Masjid,ChIJ68EaQ9gi5C0RHAytyO0OWaM,Masjid Jami' Tuhfaturroghibin (Masjid Kanas),"PHJC+G2V, Jl. Alalak Tengah, Alalak Tengah, Kec. Banjarmasin Utara, Kota Banjarmasin, Kalimantan Selatan 70126, Indonesia",4.6,157.0,https://maps.google.com/?cid=11770455515546323996&g_mp=CiVnb29nbGUubWFwcy5wbGFjZXMudjEuUGxhY2VzLkdldFBsYWNlEAIYBCAA,-3.2686447,114.5700555,SUCCESS,FIRST_RESULT,2026-09-27T17:25:27.355044+00:00,,,Masjid Jami Tuhfaturroghibin,https://id.wikipedia.org/wiki/Masjid_Jami_Tuhfaturroghibin,1.000000000000001,EXACT_MATCH,"Masjid Jami' Tuhfaturroghibin atau lebih populer dengan nama Masjid Kanas adalah sebuah masjid bersejarah yang berlokasi di kawasan Alalak Tengah, Banjarmasin, Kalimantan Selatan. Masjid menjadi khas karena terdapat hiasan buah nenas. Lantaran berarsitektur Timur Tengah campur Banjar, sekilas masjid ini mirip Masjid Jami Sungai Jingah. Masjid ini menjadi simbol kebanggaan warga Alalak, warga yang dikenal asli Banjar.",2026-10-09T04:39:23.367235+00:00
Masjid Agung At-Taqwa,"Kabupaten Aceh Tenggara, Aceh",Masjid,ChIJteoU7T6nMDAR3Ilg5FGsDUA,Masjid Agung At-Taqwa,"FRM6+V89, Pulo Sanggar, Babussalam, Southeast Aceh, Aceh 24651, Indonesia",4.8,658.0,https://maps.google.com/?cid=4615534660848486876&g_mp=CiVnb29nbGUubWFwcy5wbGFjZXMudjEuUGxhY2VzLkdldFBsYWNlEAIYBCAA,3.4846531,97.8108649,SUCCESS,FIRST_RESULT,2026-09-27T17:25:27.707241+00:00,,,Masjid Agung At-Taqwa Amuntai,https://id.wikipedia.org/wiki/Masjid_Agung_At-Taqwa_Amuntai,0.7333007055408046,SIMILARITY_MATCH,"Masjid Agung At-Taqwa Amuntai (juga dikenal dengan Masjid Raya At-Taqwa/Masjid Raya Amuntai) adalah Masjid terbesar yang berada di kota Amuntai, Kabupaten Hulu Sungai Utara, Kalimantan Selatan, Indonesia.",2026-10-09T04:39:23.619833+00:00
Masjid Muhammadiyah Kelayan,Kalimantan Selatan,Masjid,ChIJZcLUDOAj5C0RYoJyVFeM-lE,Masjid Muhammadiyah Kelayan,"MHCW+498, Jl. Kelayan B, Kelayan Bar., Kec. Banjarmasin Sel., Kota Banjarmasin, Kalimantan Selatan 70234, Indonesia",4.6,207.0,https://maps.google.com/?cid=5907188167956660834&g_mp=CiVnb29nbGUubWFwcy5wbGFjZXMudjEuUGxhY2VzLkdldFBsYWNlEAIYBCAA,-3.3297013,114.5959507,SUCCESS,FIRST_RESULT,2026-09-27T17:25:28.050915+00:00,,,Masjid Muhammadiyah Kelayan,https://id.wikipedia.org/wiki/Masjid_Muhammadiyah_Kelayan,1.000000000000003,EXACT_MATCH,"Masjid Muhammadiyah Kelayan adalah sebuah masjid yang dimiliki oleh Persyarikatan Muhammadiyah, yang terletak di Jalan Kelayan B,  Kelurahan Kelayan Barat, Banjarmasin Selatan, Kota Banjarmasin, Provinsi Kalimantan Selatan.
Masjid ini terletak di tepi Sungai Kelayan. Bagian depan menghadap ke Jalan Kelayan B, sedangkan bagian belakang berada tepat di tepi Sungai Kelayan. Bahkan, menurut keterangan H. Syamsuri, salah seorang pengurus Masjid Muhammadiyah Kelayan, bagian belakang masjid menjorok ke sungai. Kesimpulannya, sebagian bangunan masjid ini berada di atas permukaan Sungai Kelayan. Dengan kondisi seperti itu justru menguntungkan para jamaah. Buktinya, saat pelaksanaan Salat Lima Waktu, di antara jamaah ada yang menggunakan angkutan sungai, seperti jukung dan kelotok. Kendaraan air itu diparkir tepat di dermaga yang letaknya di samping masjid. Selain itu, letaknya di pinggir jalan raya yang sangat padat aruslalu lintasnya membuat banyak jamaah datang ke masjid ini untuk melakukan kegiatan peribadatan, terlebih lagi pada hari Jumat.",2026-10-09T04:39:23.880056+00:00
Masjid Baangkat,Kalimantan Selatan,Masjid,ChIJz9XTg5mg5S0R8qrUulDBPhs,Masjid As Su'ada (Masjid Baangkat),"56R9+26H, Jl. Bukhari, Wasah Hilir, Kec. Simpur, Kabupaten Hulu Sungai Selatan, Kalimantan Selatan 71213, Indonesia",4.8,348.0,https://maps.google.com/?cid=1963219040056158962&g_mp=CiVnb29nbGUubWFwcy5wbGFjZXMudjEuUGxhY2VzLkdldFBsYWNlEAIYBCAA,-2.8099376,115.2181147,SUCCESS,FIRST_RESULT,2026-09-27T17:25:28.332155+00:00,,,Masjid As-Suada,https://id.wikipedia.org/wiki/Masjid_As-Suada,0.5163009177193025,SIMILARITY_MATCH,"Masjid As-Suada (bahasa Arab مسجد السعداء) atau yang lebih dikenal dengan Masjid As-Suada Baangkat (bahasa Arab: مسجد السعودة بانجكات) adalah sebuah masjid tua bersejarah yang berada di Kabupaten Hulu Sungai Selatan, Provinsi Kalimantan Selatan, Indonesia. Secara administratif mesjid ini terletak di desa Wasah Hilir, Kecamatan Simpur, Kabupaten Hulu Sungai Selatan.",2026-10-09T04:39:24.136210+00:00
Masjid Jami Sungai Banar,Kalimantan Selatan,Masjid,ChIJxTAfl9Q45S0RCtJOQ0I5zUQ,Masjid Jami' SUNGAI BANAR,"Mesjid jami' sungai banar, Jl.Tepi kali Negara, Ujung Murung, Kec. Amuntai Sel., Kabupaten Hulu Sungai Utara, Kalimantan Selatan 71419, Indonesia",4.7,159.0,https://maps.google.com/?cid=4957681721564647946&g_mp=CiVnb29nbGUubWFwcy5wbGFjZXMudjEuUGxhY2VzLkdldFBsYWNlEAIYBCAA,-2.4396298,115.24132619999996,SUCCESS,FIRST_RESULT,2026-09-27T17:25:28.623986+00:00,,,Masjid Jami Sungai Banar,https://id.wikipedia.org/wiki/Masjid_Jami_Sungai_Banar,1.0,EXACT_MATCH,"Masjid Jami Sungai Banar adalah salah satu masjid tertua di Kalimantan Selatan yang terletak di tepi Sungai Negara, sekitar 3 km dari Amuntai, Kabupaten Hulu Sungai Utara, tepatnya di desa Jarang Kuantan, kecamatan Amuntai Selatan.",2026-10-09T04:39:24.398155+00:00
Masjid Keramat Banua Halat,Kalimantan Selatan,Masjid,ChIJjQmq-Fek5S0RcHFB7a7d0xE,Masjid Keramat Al Mukarramah - Banua Halat,"35P3+M8W, Banua Halat Kiri, Tapin Utara, Tapin Regency, South Kalimantan 71152, Indonesia",4.8,134.0,https://maps.google.com/?cid=1284614062105260400&g_mp=CiVnb29nbGUubWFwcy5wbGFjZXMudjEuUGxhY2VzLkdldFBsYWNlEAIYBCAA,-2.9132587,115.1533139,SUCCESS,FIRST_RESULT,2026-09-27T17:25:28.966345+00:00,,,Masjid Keramat Banua Halat,https://id.wikipedia.org/wiki/Masjid_Keramat_Banua_Halat,0.9999999999999999,EXACT_MATCH,"Masjid Al-Mukarramah atau juga dikenal sebagai Masjid Keramat Banua Halat adalah sebuah masjid bersejarah yang berlokasi di Provinsi Kalimantan Selatan, Indonesia. Secara administratif, masjid ini berada di desa Banua Halat Kiri, Kecamatan Tapin Utara, Kabupaten Tapin.",2026-10-09T04:39:24.653832+00:00
Masjid Pusaka Tabalong,Kalimantan Selatan,Masjid,ChIJ0SvSpCM25S0RoSFeOBHZ-20,Heritage Mosque of Banua Lawas,"M7JG+W5X, Banua Lawas, Tabalong Regency, South Kalimantan 71552, Indonesia",4.7,139.0,https://maps.google.com/?cid=7925166637271884193&g_mp=CiVnb29nbGUubWFwcy5wbGFjZXMudjEuUGxhY2VzLkdldFBsYWNlEAIYBCAA,-2.3176363,115.2754764,SUCCESS,FIRST_RESULT,2026-09-27T17:25:29.296370+00:00,,,"Banua Lawas, Tabalong","https://id.wikipedia.org/wiki/Banua_Lawas,_Tabalong",0.49444731244397416,SIMILARITY_MATCH,"Banua Lawas adalah sebuah kecamatan di Kabupaten Tabalong, provinsi Kalimantan Selatan, Indonesia. Penduduk daerah ini mayoritas adalah suku Banjar yang beragama Islam.",2026-10-09T04:39:24.926667+00:00
Masjid Jami Pangkalpinang,Kepulauan Bangka Belitung,Masjid,ChIJFQAhMdbAIi4R29_D27ertZk,Jami' Pangkal Pinang Mosque,"Jl. Masjid Jamik, Masjid Jamik, Kec. Rangkui, Kota Pangkal Pinang, Kepulauan Bangka Belitung 33684, Indonesia",4.8,2435.0,https://maps.google.com/?cid=11075947664742014939&g_mp=CiVnb29nbGUubWFwcy5wbGFjZXMudjEuUGxhY2VzLkdldFBsYWNlEAIYBCAA,-2.1295958,106.1120084,SUCCESS,FIRST_RESULT,2026-09-27T17:25:29.651351+00:00,,,Kota Pangkalpinang,https://id.wikipedia.org/wiki/Kota_Pangkalpinang,0.5861822301631341,SIMILARITY_MATCH,"Kota Pangkalpinang adalah ibu kota dan pusat pemerintahan Provinsi Kepulauan Bangka Belitung, Indonesia. Secara astronomis, Kota Pangkalpinang terletak antara 20,4’ sampai dengan 20,10’ Lintang Selatan dan antara 106,04’ sampai dengan 106,07’ Bujur Timur. Kota ini terletak di bagian timur Pulau Bangka. Kota Pangkalpinang terbagi dalam 7 kecamatan dan memiliki 42 kelurahan.
Kota Pangkalpinang merupakan pusat pemerintahan, pusat pemerintahan kota di kelurahan Bukit Intan, dan pusat pemerintahan provinsi dan instansi vertikal di kelurahan Air Itam. Kantor pusat PT. Timah Tbk juga berada di sini. Pangkalpinang juga merupakan pusat aktivitas bisnis atau perdagangan dan industri di Bangka Belitung. Secara administratif, kota Pangkalpinang ditetapkan sebagai ibukota provinsi Kepulauan Bangka Belitung pada tanggal 9 februari 2001.",2026-10-09T04:39:25.189000+00:00
Masjid Sebanyak Hampir Ribu Buah,Maluku,Masjid,ChIJ96VUr0XobC0RTDxya82Ohms,Jami Mosque,"853H+22M, Kel Honipopu, Sirimau, Kota Ambon, Maluku, Indonesia",5.0,57.0,https://maps.google.com/?cid=7748037221859605580&g_mp=CiVnb29nbGUubWFwcy5wbGFjZXMudjEuUGxhY2VzLkdldFBsYWNlEAIYBCAA,-3.697418399999999,128.17756,SUCCESS,FIRST_RESULT,2026-09-27T17:25:29.954970+00:00,,,Masjid jami,https://id.wikipedia.org/wiki/Masjid_jami,0.36050605302310623,SIMILARITY_MATCH,"Masjid Jami atau masjid Jumu'ah (bahasa Arab: مَسْجِد جَامِع, masjid jāmi‘, atau hanya: جَامِع, jāmi‘; bahasa Turki: Cami), atau kadang-kadang disebut masjid Agung atau masjid Raya (bahasa Arab: جامع كبير, jāmi‘ kabir; bahasa Turki: Ulu Cami), adalah sebuah masjid untuk menyelenggarakan salat Jumat yang dikenal dengan nama jumu'ah. Kemudian bisa juga menjadi tempat pelaksanaan salat Id dalam situasi darurat ketika tidak ada musala atau eidgah yang tersedia di dekatnya. Pada awal sejarah Islam, jumlah masjid Jami di satu kota sangat terbatas.  Seiring pertumbuhan kota dan populasi dari waktu ke waktu, menjadi lebih umum bagi banyak masjid untuk menyelenggarakan salat Jumat di area yang sama.",2026-10-09T04:39:25.450983+00:00
Masjid Agung Keraton Buton,Sulawesi Tenggara,Masjid,ChIJzcZIiheCoS0R--_h2bDzo6Q,Masjid Agung Keraton,"658J+84R, Jl. Keraton, Desa Wasalabose, Kec. Kulisusu, Kabupaten Buton Utara, Sulawesi Tenggara 93672, Indonesia",4.6,16.0,https://maps.google.com/?cid=11863593784319275003&g_mp=CiVnb29nbGUubWFwcy5wbGFjZXMudjEuUGxhY2VzLkdldFBsYWNlEAIYBCAA,-4.7841329,123.180269,SUCCESS,FIRST_RESULT,2026-09-27T17:25:30.295443+00:00,,,Masjid Agung Keraton Surakarta,https://id.wikipedia.org/wiki/Masjid_Agung_Keraton_Surakarta,0.7040861435908842,SIMILARITY_MATCH,"Masjid Agung Kraton Surakarta (nama resmi: bahasa Jawa: ꦩꦱ꧀ꦗꦶꦢ꧀ꦄꦒꦼꦁꦏꦫꦠꦺꦴꦤ꧀ꦱꦸꦫꦏꦂꦠꦲꦢꦶꦤꦶꦔꦿꦠ꧀, translit. Masjid Agěng Karaton Suråkartå Hadiníngrat) pada masa pra-kemerdekaan adalah masjid agung milik kerajaan (Surakarta Hadiningrat) dan berfungsi selain sebagai tempat ibadah juga sebagai pusat syiar Islam bagi warga kerajaan.
Masjid Agung dibangun oleh Sunan Pakubuwono III tahun 1763 dan selesai pada tahun 1768. Hal ini dapat diketahui dari prasasti yang terdapat di dinding luar ruangan utama masjid. Masjid ini merupakan masjid dengan katagori masjid jami', yaitu masjid yang digunakan untuk salat berjemaah dengan ukuran makmum besar (misalnya salat Jumat dan salat Ied). Dengan status sebagai masjid kerajaan, masjid ini juga berfungsi mendukung segala keperluan kerajaan yang terkait dengan keagamaan, seperti grebeg, sekaten, dan maulid nabi.
Raja (Sunan) Surakarta berfungsi sebagai panatagama (pengatur urusan agama) dan masjid ini menjadi pelaksana dari fungsi ini. Semua pegawai masjid diangkat menjadi abdi dalem kraton, dengan gelar seperti Kanjeng Raden Tumenggung Penghulu Tafsiranom (untuk penghulu) dan Lurah Muadzin untuk juru adzan.",2026-10-09T04:39:25.706217+00:00
Masjid Agung Al-Karomah,Kalimantan Selatan,Masjid,ChIJ-8PcecWB5i0Rm5xTmYutcdM,Masjid Agung Al Karomah Martapura,"Jl. A. Yani, Cindai Alus, Kec. Martapura, Kabupaten Banjar, Kalimantan Selatan 70611, Indonesia",4.8,8433.0,https://maps.google.com/?cid=15236149829455551643&g_mp=CiVnb29nbGUubWFwcy5wbGFjZXMudjEuUGxhY2VzLkdldFBsYWNlEAIYBCAA,-3.4052137,114.8480783,SUCCESS,FIRST_RESULT,2026-09-27T17:25:30.664858+00:00,,,Masjid Agung Al-Karomah,https://id.wikipedia.org/wiki/Masjid_Agung_Al-Karomah,0.9999999999999999,EXACT_MATCH,"Masjid Agung Al Karomah adalah masjid agung yang terletak di Martapura, Kabupaten Banjar, Kalimantan Selatan dan merupakan masjid terbesar di Kalimantan Selatan. Masjid ini juga merupakan tengara tanah dari Martapura karena mudah diakses dari seluruh kota di Kalimantan Selatan dan terletak di Jalan Ahmad Yani yang merupakan jalan utama (jalan nasional) antar kota, terutama dari Kalimantan Timur (arah utara) ke Kota Banjarmasin.",2026-10-09T04:39:26.028808+00:00
Masjid As-Sholihin,"Kota Bogor, Jawa Barat",Masjid,ChIJMd2fsX3PaS4RA4EumIJbq6U,Masjid As Sholihin,"Jl. Raya Ciapus No.190, Kota Batu, Kec. Ciomas, Kabupaten Bogor, Jawa Barat 16610, Indonesia",4.9,109.0,https://maps.google.com/?cid=11937735853732692227&g_mp=CiVnb29nbGUubWFwcy5wbGFjZXMudjEuUGxhY2VzLkdldFBsYWNlEAIYBCAA,-6.6310537,106.7784672,SUCCESS,FIRST_RESULT,2026-09-27T17:25:30.985436+00:00,,,Masjid Sholihin,https://id.wikipedia.org/wiki/Masjid_Sholihin,0.8795562947139525,SIMILARITY_MATCH,"Masjid Sholihin (bahasa Jawa: ꦩꦱ꧀ꦗꦶꦢ꧀ꦱꦭꦶꦏꦶꦤ꧀, translit. Masjid Salikin) adalah sebuah masjid di Kota Surakarta. Masjid ini didirikan pada tahun 1954 dan terletak di Jalan Gajah Mada 97,Punggawan,Banjarsari,Kota Surakarta,Jawa Tengah.
Di dalam masjid ini terdapat sebuah prasasti dalam aksara Hanacaraka dan bahasa Jawa serta prasasti terjemahan dalam bahasa Indonesia mengenai pewakafan tanah untuk masjid ini pada tahun 1954.",2026-10-09T04:39:26.291826+00:00
Masjid Agung Pasir Pengaraian,Riau,Masjid,ChIJyQQsbX5AKzARJktkURvU_fQ,Masjid Agung Islamic Centre Pasir Pengaraian Rohul,"Jl. Tuanku Tambusai KM.4, Pematang Berangan, Kec. Rambah, Kabupaten Rokan Hulu, Riau 28558, Indonesia",4.7,3165.0,https://maps.google.com/?cid=17653499328156945190&g_mp=CiVnb29nbGUubWFwcy5wbGFjZXMudjEuUGxhY2VzLkdldFBsYWNlEAIYBCAA,0.8958907,100.3084491,SUCCESS,FIRST_RESULT,2026-09-27T17:25:31.312193+00:00,,,Kabupaten Rokan Hulu,https://id.wikipedia.org/wiki/Kabupaten_Rokan_Hulu,0.09147409278011451,SIMILARITY_MATCH,"Kabupaten Rokan Hulu adalah salah satu kabupaten di provinsi Riau, Indonesia. Ibu kota kabupaten ini terletak di Pasir Pengaraian.
Kabupaten Rokan Hulu, hasil pemekaran dari Kabupaten Kampar, yang berdiri pada tanggal 12 Oktober 1999 berdasarkan kepada UU Nomor 53 tahun 1999 dan UU No 11 tahun 2003 tentang perubahan UU RI No 53 tahun 1999. Luas wilayah Rokan Hulu 7.588,13 km², dengan penduduk Rokan Hulu 561.385 orang pada tahun 2020 dan pada pertengahan tahun 2024 berjumlah 579.685 orang.
Kabupaten ini dijuluki Negeri Seribu Suluk yang artinya menjalankan kedisiplinan dalam menjalankan aturan-aturan agama Islam. Banyak terdapat suluk atau masjid yang berdiri di kabupaten ini.",2026-10-09T04:39:26.553836+00:00
Masjid Al-Munawwar,"Kota Bogor, Jawa Barat",Masjid,ChIJ6e5B1TjEaS4R_tzgFbJNZgI,Jami' Al-Munawwar Mosque,"CQHX+63V, RT.02/RW.06, Tanah Sareal, Kota Bogor, Jawa Barat 16161, Indonesia",4.8,201.0,https://maps.google.com/?cid=172911062966918398&g_mp=CiVnb29nbGUubWFwcy5wbGFjZXMudjEuUGxhY2VzLkdldFBsYWNlEAIYBCAA,-6.5718875,106.7976719,SUCCESS,FIRST_RESULT,2026-09-27T17:25:31.663186+00:00,,,Masjid Baabul Munawwar,https://id.wikipedia.org/wiki/Masjid_Baabul_Munawwar,0.5212376470091895,SIMILARITY_MATCH,"Masjid Baabul Munawwar adalah sebuah masjid yang dibangun pada kedalaman 1.760 meter di bawah permukaan bumi di daerah pertambangan PT Freeport Papua. Mesjid mampu menampung 250 jemaat ini diresmikan pada bulan Juni 2016 yang ditandatangani oleh Pangdam XVII/Cenderawasih, Mayjen Fransen G. Siahaan. Bangunan masjid ini juga bersebelahan dengan gereja Oikumene Soteria sebagai simbol toleransi antar umat beragama di Indonesia. Masjid ini dibangun agar para pekerja umat muslim dapat melaksanakan ibadah salat lima waktu di tempat mereka bekerja.",2026-10-09T04:39:26.803826+00:00
Masjid Kuno Sewulan,"Kabupaten Madiun, Jawa Timur",Masjid,ChIJ015HJIu8eS4Ri1zmjIGWrz8,Masjid Al Basyariyah,"Sewulan Wetan, Sewulan, Kec. Dagangan, Kabupaten Madiun, Jawa Timur 63172, Indonesia",4.8,404.0,https://maps.google.com/?cid=4589052028472679563&g_mp=CiVnb29nbGUubWFwcy5wbGFjZXMudjEuUGxhY2VzLkdldFBsYWNlEAIYBCAA,-7.7007584,111.5517965,SUCCESS,FIRST_RESULT,2026-09-27T17:25:32.021680+00:00,,,"Sewulan, Dagangan, Madiun","https://id.wikipedia.org/wiki/Sewulan,_Dagangan,_Madiun",0.30265404015132563,SIMILARITY_MATCH,"Sewulan adalah desa di kecamatan Dagangan, Madiun, Jawa Timur, Indonesia.
Di desa ini terdapat masjid sekaligus makam Raden Mas Bagus Harun atau Ki Ageng Basyariyah. Mendirikan Masjid Sewulan pada tahun 1740. Raden Mas Bagus Harun Merupakan putra dari Adipati Sumoroto yaitu Ki Ageng Nolojoyo Ponorogo.",2026-10-09T04:39:27.073267+00:00
Masjid Ajaib,"Kabupaten Malang, Jawa Timur",Masjid,ChIJ42U27Pch1i0R5mEBqUCudXs,Masjid Tiban,"Jl. KH. Wachid Hasyim Jl. Anggur No.17, Sananrejo, Kec. Turen, Kabupaten Malang, Jawa Timur 65175, Indonesia",4.6,9360.0,https://maps.google.com/?cid=8896208231676862950&g_mp=CiVnb29nbGUubWFwcy5wbGFjZXMudjEuUGxhY2VzLkdldFBsYWNlEAIYBCAA,-8.150828500000001,112.7131124,SUCCESS,FIRST_RESULT,2026-09-27T17:25:32.370101+00:00,,,Masjid Tiban Jenar Kidul,https://id.wikipedia.org/wiki/Masjid_Tiban_Jenar_Kidul,0.5984852821130687,SIMILARITY_MATCH,"Masjid Tiban Jenar Kidul adalah sebuah masjid sekaligus bangunan cagar budaya yang terletak di Desa Jenar Kidul, Kecamatan Purwodadi, Kabupaten Purworejo, Provinsi Jawa Tengah. Masjid ini menjadi lokasi ditemukannya prasasti Sipater yang digunakan sebagai ganjal antara atap dan tembok.
Masyarakat setempat meyakini masjid dibangun oleh Sunan Kalijaga pada abad ke-15 M. Nama Tiban pada masjid berarti ‘tiba-tiba’ karena menurut cerita turun-temurun, masjid tiba-tiba sudah berdiri dengan kukuh.
Umpak atau landasan tiang sokoguru masjid menggunakan batu yoni, bekas sarana pemujaan para masa Hindu. Sementara itu, di sebelah kanan masjid terdapat sumur yang juga dinamakan Tiban. Adapun pada bagian selatan masjid terdapat batu andesit yang diyakini sebagai potongan batu Hajar Aswad yang dibawa oleh Sunan Kalijaga.",2026-10-09T04:39:27.343266+00:00
Masjid Yoni Al-Mubarok,"Kabupaten Nganjuk, Jawa Timur",Masjid,ChIJXUvKAMlMeC4RIrGwXCQS4aQ,"Masjid Al-Mubarok (Kanjeng Jimat, Adipati Pertama Nganjuk)","8VQ8+R4W, Jl. May Jend. Supeno No.76, Gerekan, Kacangan, Kec. Berbek, Kabupaten Nganjuk, Jawa Timur 64473, Indonesia",4.8,345.0,https://maps.google.com/?cid=11880797239363285282&g_mp=CiVnb29nbGUubWFwcy5wbGFjZXMudjEuUGxhY2VzLkdldFBsYWNlEAIYBCAA,-7.660673999999998,111.8654995,SUCCESS,FIRST_RESULT,2026-09-27T17:25:32.729048+00:00,,,Kabupaten Nganjuk,https://id.wikipedia.org/wiki/Kabupaten_Nganjuk,0.175393687683262,SIMILARITY_MATCH,"Kabupaten Nganjuk (bahasa Jawa: Hanacaraka: ꦔꦚ꧀ꦗꦸꦏ꧀, Pegon: ڠانجوك; pengucapan bahasa Jawa: [ŋand͡ʒʊk̚]) adalah kabupaten di Provinsi Jawa Timur, Indonesia. Ibu kotanya berada di kecamatan Nganjuk. Kabupaten ini berbatasan dengan Kabupaten Bojonegoro di utara, Kabupaten Kediri dan Kabupaten Ponorogo di selatan, Kabupaten Jombang dan Kabupaten Kediri di timur, serta Kabupaten Madiun di barat. Jumlah penduduk Kabupaten Nganjuk pada semester 1 tahun 2024 sebanyak 1.148.611 jiwa.
Pada zaman Kerajaan Medang, wilayah sekitar Nganjuk dikenal dengan nama Anjuk Ladang yaitu Tanah Kemenangan. Nganjuk juga dikenal dengan julukan Kota Angin karena geografinya di utara Gunung Wilis membuat daerah ini banyak diterpa angin. Nganjuk juga dikenal sebagai salah satu sentra penghasil bawang merah terbesar di Jawa Timur.",2026-10-09T04:39:27.601198+00:00
Masjid Agung Sidoarjo,"Kabupaten Sidoarjo, Jawa Timur",Masjid,ChIJWSdYxMv61y0RlMaKlgdp5wM,Masjid Agung Sidoarjo,"Jl. Sultan Agung No.36, Gajah Timur, Magersari, Kec. Sidoarjo, Kabupaten Sidoarjo, Jawa Timur 60294, Indonesia",4.8,6111.0,https://maps.google.com/?cid=281308983045310100&g_mp=CiVnb29nbGUubWFwcy5wbGFjZXMudjEuUGxhY2VzLkdldFBsYWNlEAIYBCAA,-7.4459395,112.7167669,SUCCESS,FIRST_RESULT,2026-09-27T17:25:33.084648+00:00,,,Masjid Agung Sidoarjo,https://id.wikipedia.org/wiki/Masjid_Agung_Sidoarjo,1.0,EXACT_MATCH,"Masjid Agung Sidoarjo (bahasa Arab: الجامع الكبير سيدوارجو; bahasa Jawa: ꦩꦱ꧀ꦗꦶꦢ꧀ ꦄꦒꦸꦔ꧀ ꦱꦶꦢ꧀ꦲꦫꦗꦺꦴ) merupakan masjid terbesar di Kabupaten Sidoarjo, tepatnya di Jalan Sultan Agung No. 36, Magersari, Kecamatan Sidoarjo. Berdiri pada masa pemerintahan Bupati Raden Adipati Pandji Tjondronegoro sekitar tahun 1859–1862, masjid ini awalnya bernama Masjid Jami’ Sidoarjo sebelum resmi disebut Masjid Agung Sidoarjo setelah penyempurnaan pada 19 Juli 1895. Kompleks masjid juga mencakup makam keluarga pendiri, menjadikannya tidak hanya sebagai tempat ibadah, tetapi juga situs sejarah dan warisan lokal.
Secara arsitektur, Masjid Agung Sidoarjo menggabungkan filosofi bangunan bergaya joglo dengan elemen tropis dan kolonial yang menonjol. Atap berundak khas Jawa dipilih bukan karena estetika semata, melainkan untuk fungsi ventilasi dan sirkulasi udara yang optimal di iklim tropis. Tidak terdapat kubah besar di bangunan aslinya, tetapi minaret tinggi sekitar 15 meter berdiri untuk fungsi azan, dengan material marmer yang memperkuat kesan monumental dan elegan.
Masjid Agung Sidoarjo juga berperan sebagai pusat kegiatan keagamaan dan sosial masyarakat yang aktif. Fasilitasnya beragam, mencakup perpustakaan, aula serba guna, ruang TPA, kantor sekretariat takmir, gudang, area parkir, taman, mobile ambulans, serta fasilitas pengurusan jenazah, semua dirancang untuk menunjang berbagai aktivitas ibadah dan komunitas. Setiap Ramadan, masjid ini menjadi rujukan utama bagi jamaah untuk berbuka; misalnya pada akhir pekan stok takjil mencapai 400 kotak per hari, dua kali lipat dibanding hari biasa. Kegiatan rutin mencakup pengajian harian setelah Maghrib, ceramah Subuh pada hari Minggu dan Selasa, serta majelis taklim seperti Al-Mutawijat dan Al-Mar’atus Sholihah yang intensif menghadirkan ulama lokal kenamaan.
Masjid Agung kembali direnovasi pada awal 2025 dengan dana sekitar Rp 2,8 miliar untuk penataan taman, kanopi peneduh, pengecatan, dan perbaikan drainase agar jamaah semakin nyaman.",2026-10-09T04:39:27.866342+00:00
Masjid Jamik Sumenep,"Kabupaten Sumenep, Jawa Timur",Masjid,ChIJE23DqCrk2S0RdotOfCtcmjU,Masjid Agung Jamik Sumenep,"Jl. Trunojoyo No.6, Dalem Anyar, Bangselok, Kec. Kota Sumenep, Kabupaten Sumenep, Jawa Timur 69416, Indonesia",4.8,1702.0,https://maps.google.com/?cid=3862500972262493046&g_mp=CiVnb29nbGUubWFwcy5wbGFjZXMudjEuUGxhY2VzLkdldFBsYWNlEAIYBCAA,-7.0080268,113.8586988,SUCCESS,FIRST_RESULT,2026-09-27T17:25:33.425992+00:00,,,Masjid Agung Sumenep,https://id.wikipedia.org/wiki/Masjid_Agung_Sumenep,0.8127560612970323,SIMILARITY_MATCH,"Masjid Agung Sumenep atau lebih dikenal dengan nama Masjid Jamik Sumenep adalah sebuah masjid yang berada di Kabupaten Sumenep, Jawa Timur. Berdiri menghadap Alun-Alun Sumenep dan menjadi simbol masuknya Islam di Kabupaten Sumenep.",2026-10-09T04:39:28.122622+00:00
Masjid Agung Tuban,"Kabupaten Tuban, Jawa Timur",Masjid,ChIJAQAAEFm9dy4R203ttyfODe0,The Great Mosque Of Tuban,"4347+2G4, Jl. Bonang, Kutorejo, Kec. Tuban, Kabupaten Tuban, Jawa Timur 62311, Indonesia",4.8,3459.0,https://maps.google.com/?cid=17081535631670988251&g_mp=CiVnb29nbGUubWFwcy5wbGFjZXMudjEuUGxhY2VzLkdldFBsYWNlEAIYBCAA,-6.8949798,112.0638436,SUCCESS,FIRST_RESULT,2026-09-27T17:25:33.792864+00:00,,,"Tuban, Tuban","https://id.wikipedia.org/wiki/Tuban,_Tuban",0.38644545927479096,SIMILARITY_MATCH,"Tuban (juga sering disebut Tuban Kota) adalah kecamatan di Kabupaten Tuban yang berperan sebagai ibu kota kabupaten. Kecamatan ini terletak di pesisir utara dan merupakan kecamatan dengan luas terkecil sekaligus kepadatan penduduk tertinggi di Kabupaten Tuban. Kecamatan Tuban dilintasi jalur strategis yaitu Jalan Pantura yang menghubungkan Semarang dengan Surabaya. Jalur tersebut bercabang ke arah timur menuju Brondong, serta ke arah selatan menuju Babat. Sebagai ibu kota, kecamatan ini dilengkapi infrastruktur seperti Alun-alun Tuban, Masjid Agung Tuban, Pasar Baru Tuban, serta berbagai kantor pemerintahan.
Pada masa Kerajaan Majapahit, Tuban merupakan salah satu kota pelabuhan termaju di Pulau Jawa yang menjadi persinggahan kapal-kapal dagang internasional. Namun kejayaan itu berakhir pada masa kolonial Belanda, ketika aktivitas pelabuhan mulai berpindah ke Surabaya. Sekarang kawasan pelabuhan ini menjadi kampung nelayan sekaligus obyek wisata Pantai Boom. Kecamatan Tuban memiliki peninggalan sejarah lainnya seperti Makam Sunan Bonang dan Museum Kambang Putih. Sunan Bonang adalah salah satu Walisongo yang berperan penting dalam penyebaran Agama Islam di Pulau Jawa. Selain itu juga terdapat Makam Ranggalawe yang merupakan adipati pertama Tuban pada masa Majapahit.",2026-10-09T04:39:28.382113+00:00
Masjid Banjar Mlati,"Kota Kediri, Jawa Timur",Masjid,ChIJo6zFSQdXeC4RBdxM_OSXoIw,Masjid Banjar Melati,"5294+5H2, Bandar Kidul, Mojoroto, Kediri Regency, East Java 64119, Indonesia",4.9,44.0,https://maps.google.com/?cid=10133266171324849157&g_mp=CiVnb29nbGUubWFwcy5wbGFjZXMudjEuUGxhY2VzLkdldFBsYWNlEAIYBCAA,-7.832113499999999,112.0064062,SUCCESS,FIRST_RESULT,2026-09-27T17:25:34.189971+00:00,,,"Banjarmlati, Mojoroto, Kediri","https://id.wikipedia.org/wiki/Banjarmlati,_Mojoroto,_Kediri",0.3209180318352447,SIMILARITY_MATCH,"Banjarmlati adalah sebuah kelurahan di wilayah Kecamatan Mojoroto, Kota Kediri, Provinsi Jawa Timur.
SEJARAH NAMA BANJARMLATI

    Banjarmlati tersusun dari dua kata yaitu Banjar dan Mlati, dalam kamus Bahasa Indonesia Banjar berarti Deretan atau Jajaran, sedangkan Mlati merujuk pada Bunga Melati. 
  Asal-usul Nama Banjarmlati ; dikisahkan jaman dulu ada Seorang Kiyai bernama Kiyai Ali Maklum (yang diyakini sebagai yang Babat Ds.Banjarmlati ) Beliau adalah  Cucu dari Syech Basharuddin Srigading Kalangbret Tulung Agung. dikisahkan kiyai Ali Maklum / Mbah.Ali ditugaskan oleh ayahnya (mbah.Ambiya') untuk  mencari Tempat baru untuk Syiar Islam, Mbah Ambiya memberi petunjuk kepada Mbah.Ali untuk masuk dan menelusuri aliran kali brantas dan jangan berlabuh/keluar (jawa : mentas) dari sungai jika belum menemukan tanah yang berbau wangi. setelah itu Mbah.Ali Maklum membuat getek(rakit) dan mulailah menyusuri kali/sungai brantas yang dimulainya dari daerah tulung agung, sepanjang aliran sungai mbah.Ali selalu menoleh kekiri dan kekanan untuk melacak dan menemukan tanah yang berbau wangi sebagaimana yang di maksud oleh ayahnya, sampailah mbah.Ali disuatu tempat di wilayah Kediri, barulah Mbah.Ali mencium bau wangi dari sisi barat sungai di wilayah kediri tersebut. setelah itu barulah beliau naik/berlabuh (mentas) dari sungai, benar adanya ternyata tempat tersebut berbau sangat wangi wangi yang ternyata di tempat tersebut adalah hutan belantara yang di penuhi Bunga Melati berjajar-jajar / berbanjar-banjar, Mulailah Mbah.Ali meramba hutan untuk membuka perkampungan. 
  Setelah beberapa tahun berlalu Mbah.Ambiya bersama beberapa keluarganya dari kalangbret menyusul Mbah.ali ke tempat tersebut.setelah menjadi kampung dan mulai banyak penghuni, maka tempat tersebut dinamai dengan sebutan Banjar Melati yg pada akhirnya dialeknya berubah menjadi Banjarmlati dan ada pula yang menyebut Njarlati. 
    Tempat berlabuhnya Mbah.Ali diyakini di depan Masjid Al-Alawi Banjarmlati. adapun makam Mbah.Ali Maklum dan Mbah.Ambiya beradaa di belakang Masjid Al-Alawi Kelurahn Banjarmlati tersebut.

MASJID AL-ALAWI

  Dengan Arsitektur Jawa dan didominasi material Kayu Jati (Bangunan-induk) Masjid Al-Alawi di perkirakan dibangun antara Akhir abat XVII s/d awal abat XVIII sehingga Masjid Al-Alawi termasuk Masjid Tua di Kota Kediri, Masjid ini (Masjid Induk) memiliki gaya bangunan Jawa yang seluruh tiang dan material-kerangka atapnya memakai kayu jati. Masjid ini Beberapa kali di Rehab dan Perubahan tetapi tidak mengubah struktur asli dari bentuk semula rerutama di Masjid Induk. ada beberapa perubahan pada luasan Masjid dengan di tambah serambi di depan dan sisi kanan-kiri nya. Majid Al-Alawi tergolong Masjid yang besar dalam ukuran Masjid Kampung yang mampu menampung hingga 1.000 Jemaah.",2026-10-09T04:39:28.645133+00:00
Masjid Al Amin,"Kota Balikpapan, Kalimantan Timur",Masjid,ChIJ_xNkUUhE8S0RLOGCz2yu1Ik,Masjid Al - Amin,"Jalan Marsma R. Iswahyudi No. 10, RT. 31 Sepinggan, Raya, Kecamatan Balikpapan Selatan, Kota Balikpapan, Kalimantan Timur 76115, Indonesia",4.7,373.0,https://maps.google.com/?cid=9931754860619948332&g_mp=CiVnb29nbGUubWFwcy5wbGFjZXMudjEuUGxhY2VzLkdldFBsYWNlEAIYBCAA,-1.2592796,116.9170391,SUCCESS,FIRST_RESULT,2026-09-27T17:25:34.459959+00:00,,,Masjid Al-Amin,https://id.wikipedia.org/wiki/Masjid_Al-Amin,0.656164045809847,EXACT_MATCH,"Masjid Al-Amin di Telok Blangah Way adalah sebuah masjid Singapura.
Terinspirasi oleh arsitektur Minangkabau Sumatra, masjid ini dengan struktur coklatnya berdiri di tengah-tengah bangunan apartemen di Telok Blangah. Terletak di Central District, dibangun tahun 1991 dengan dana dari Mosque Building Fund. Dengan kapasitas 3,000 jamaah, masjid itu memiliki kelas madrasah pada akhir pekan dan hari kerja dengan 600 anak. Kelas pengetahuan Islam juga diadakan selama sore hari.",2026-10-09T04:39:28.910429+00:00
Masjid Auliyya Setono Gedong,"Kota Kediri, Jawa Timur",Masjid,ChIJb-0pSBdXeC4RlPmS75vA80w,Masjid Auliya' Setono Gedong,"Jl. Dhoho No.82, Setono Gedong, Kec. Kota, Kota Kediri, Jawa Timur 64129, Indonesia",4.8,253.0,https://maps.google.com/?cid=5544987342195063188&g_mp=CiVnb29nbGUubWFwcy5wbGFjZXMudjEuUGxhY2VzLkdldFBsYWNlEAIYBCAA,-7.816584,112.0119067,SUCCESS,FIRST_RESULT,2026-09-27T17:25:34.829227+00:00,,,Masjid Auliya Setono Gedong Kediri,https://id.wikipedia.org/wiki/Masjid_Auliya_Setono_Gedong_Kediri,0.7424554097224699,SIMILARITY_MATCH,"Masjid Auliya Setono Gedong Kediri (bahasa Arab: مسجد أوليا سۤنتونو ڮۤدوڠ ) adalah masjid yang terletak di Jalan Setonogedong Gg. 2 No. 19 Setonogedong, Kecamatan Kota, Kota Kediri. Masjid ini berdiri disekitar kompleks Makam Mbah Wasil.",2026-10-09T04:39:29.168185+00:00
Masjid Cheng Ho Surabaya,"Kota Surabaya, Jawa Timur",Masjid,ChIJd288Zbf51y0ROVlc8QPEMkw,Muhammad Cheng Hoo Mosque,"Jl. Gading No.2, Ketabang, Kec. Genteng, Surabaya, Jawa Timur 60272, Indonesia",4.7,7757.0,https://maps.google.com/?cid=5490666416931363129&g_mp=CiVnb29nbGUubWFwcy5wbGFjZXMudjEuUGxhY2VzLkdldFBsYWNlEAIYBCAA,-7.252005,112.7470274,SUCCESS,FIRST_RESULT,2026-09-27T17:25:35.204871+00:00,,,Masjid Cheng Ho Surabaya,https://id.wikipedia.org/wiki/Masjid_Cheng_Ho_Surabaya,1.0000000000000002,EXACT_MATCH,"Masjid Raya Cheng Ho Surabaya adalah sebuah Masjid bernuansa Muslim Tionghoa yang berlokasi di Jalan Gading, Ketabang, Kec. Genteng, Surabaya atau 1.000 m utara Gedung Balai Kota Surabaya. Masjid ini didirikan atas prakarsa para sesepuh, penasehat, pengurus PITI, dan pengurus Yayasan Haji Muhammad Cheng Ho Indonesia Jawa Timur serta tokoh masyarakat Tionghoa di Surabaya. Pembangunan masjid ini diawali dengan peletakan batu pertama 15 Oktober 2001 bertepatan dengan Isra' Mi'raj Nabi Muhammad SAW. Sedangkan pembangunannya baru dilaksanakan 10 Maret 2002 dan baru diresmikan pada 13 Oktober 2002.
Masjid Cheng Ho, atau juga dikenal dengan nama Masjid Muhammad Cheng Ho Surabaya, ialah bangunan masjid yang menyerupai kelenteng (rumah ibadah umat Tri Dharma). Gedung ini terletak di areal komplek gedung serba guna PITI (Persatuan Islam Tionghoa Indonesia, dahulu Pembina Imam Tauhid Islam) Jawa Timur Jalan Gading No.2 (Belakang Taman Makam Pahlawan Kusuma Bangsa), Surabaya. Masjid ini didominasi warna merah, hijau, dan kuning. Ornamennya kental nuansa Tiongkok lama. Pintu masuknya menyerupai bentuk pagoda, terdapat juga relief naga dan patung singa dari lilin dengan lafaz Allah dalam huruf Arab di puncak pagoda. Di sisi kiri bangunan terdapat sebuah beduk sebagai pelengkap bangunan masjid. Selain Surabaya, di Palembang juga telah ada masjid serupa dengan nama Masjid Cheng Ho Palembang atau Masjid Al Islam Muhammad Cheng Hoo Sriwijaya Palembang dan di Banyuwangi dengan nama Masjid Muhammad Cheng Hoo Banyuwangi.

",2026-10-09T04:39:29.426826+00:00
Masjid Nasional Al Akbar,"Kota Surabaya, Jawa Timur",Masjid,ChIJq9-2z6n71y0RBhIk7xBy_gY,al-Akbar National Mosque Surabaya,"Jl. Masjid Al-AkbarTimur No.1, Pagesangan, Kec. Jambangan, Surabaya, Jawa Timur 60233, Indonesia",4.9,8570.0,https://maps.google.com/?cid=503965625369235974&g_mp=CiVnb29nbGUubWFwcy5wbGFjZXMudjEuUGxhY2VzLkdldFBsYWNlEAIYBCAA,-7.336776599999999,112.715308,SUCCESS,FIRST_RESULT,2026-09-27T17:25:35.573653+00:00,,,Masjid Al-Akbar,https://id.wikipedia.org/wiki/Masjid_Al-Akbar,0.4407429908089002,SIMILARITY_MATCH,"Masjid Nasional Al-Akbar Surabaya, juga dikenal sebagai Masjid Al-Akbar (bahasa Arab: المسجد الأكبر; bahasa Jawa: ꦩꦼꦱ꧀ꦗꦶꦢ꧀ꦄꦭ꧀ꦄꦏ꧀ꦧꦂ), atau Masjid  Agung Al Akbar Surabaya (bahasa Arab: مسجد الجامع الكبير الأكبر سورابايا) adalah sebuah masjid nasional yang berada di kota Surabaya, Provinsi Jawa Timur, Indonesia. Ini adalah masjid terbesar kedua di Indonesia setelah Masjid Istiqlal di Jakarta dalam hal kapasitas maksimum. Lokasi masjid ini berada di samping Jalan Tol Surabaya–Gempol, di kelurahan Pagesangan Kecamatan Jambangan, Surabaya Jawa Timur. Masjid ini memiliki ciri khas yaitu kubah vertikalnya yang besar, disertai dengan empat kubah kecil berwarna biru, dan memiliki Menara dengan ketinggian 99 meter.
Peletakan batu pertama dimulai pada tanggal 4 Agustus 1995, atas gagasan Soenarto Soemoprawiro, Wali kota Surabaya saat itu. Pembangunan ditandai dengan peletakan batu pertama oleh Try Sutrisno, Wakil Presiden Indonesia. Namun, karena krisis keuangan Asia 1997, pembangunannya dihentikan sementara. Konstruksi dilanjutkan pada tahun 1999 dan selesai pada tahun 2000. Pada tanggal 10 November 2000, dilakukan peresmian oleh Presiden Indonesia saat itu, Abdurrahman Wahid.
Dari segi luas, gabungan bangunan dan fasilitas penunjangnya seluas 22.300 meter persegi. Bangunan ini memiliki panjang 147 meter dan lebar 128 meter. Atapnya terdiri dari kubah besar yang mendominasi yang ditopang oleh empat kubah kecil dan sebuah Menara. Keunikan dari kubah ini adalah bentuknya yang hampir menyerupai setengah telur dengan 1,5 lapis yang memiliki tinggi sekitar 27 meter. Untuk penutup kubah, juga digunakan produk yang digunakan untuk beberapa masjid lain seperti Masjid Agung Selangor di Shah Alam, Malaysia. Keistimewaan lain dari masjid ini antara lain pintu masuk ke ruangan masjid yang tinggi dan besar serta memiliki mihrab terbesar di Indonesia.

",2026-10-09T04:39:29.680467+00:00
Masjid Sultan Suriansyah Terletak,"Kota Banjarmasin, Kalimantan Selatan",Masjid,ChIJh6wTdaoj5C0R-eTOGeDp8eo,Sultan Suriansyah Mosque,"Jl. Kuin Utara, Kuin Utara, Kec. Banjarmasin Utara, Kota Banjarmasin, Kalimantan Selatan 70127, Indonesia",4.8,1592.0,https://maps.google.com/?cid=16929569622977340665&g_mp=CiVnb29nbGUubWFwcy5wbGFjZXMudjEuUGxhY2VzLkdldFBsYWNlEAIYBCAA,-3.294339,114.5761166,SUCCESS,FIRST_RESULT,2026-09-27T17:25:35.875261+00:00,,,Masjid Sultan Suriansyah,https://id.wikipedia.org/wiki/Masjid_Sultan_Suriansyah,0.7616875082083074,SIMILARITY_MATCH,"Masjid Sultan Suriansyah atau Masjid Kuin adalah sebuah masjid bersejarah di Kota Banjarmasin yang merupakan masjid tertua di Kalimantan Selatan. Masjid ini dibangun pada masa pemerintahan Sultan Suriansyah (1526-1550), Raja Banjar pertama yang memeluk agama Islam. Masjid Kuin merupakan salah satu dari tiga masjid tertua yang ada di kota Banjarmasin pada masa Mufti Jamaluddin (Mufti Banjarmasin), masjid yang lainnya adalah Masjid Besar (cikal bakal Masjid Jami Banjarmasin) dan Masjid Basirih. Masjid ini terletak di Jalan Kuin Utara, Kelurahan Kuin Utara, kawasan yang dikenal sebagai Banjar Lama merupakan situs ibu kota Kesultanan Banjar yang pertama kali. Masjid ini letaknya berdekatan dengan komplek makam Sultan Suriansyah dan di tepian kiri sungai Kuin.
Masjid yang didirikan di tepi sungai Kuin ini memiliki bentuk arsitektur tradisional Banjar, dengan konstruksi panggung dan beratap tumpang. Pada bagian mihrab masjid ini memiliki atap sendiri yang terpisah dengan bangunan induk.",2026-10-09T04:39:29.949602+00:00
Masjid Kyai Gede,"Kabupaten Kotawaringin Barat, Kalimantan Tengah",Masjid,ChIJDXcAcru9CC4RHwNjz_vTVBU,Masjid Kiai Gede,"GC7V+JPC, Kotawaringin Hulu, Kotawaringin Lama, West Kotawaringin Regency, Central Kalimantan 74161, Indonesia",4.7,102.0,https://maps.google.com/?cid=1537086451309806367&g_mp=CiVnb29nbGUubWFwcy5wbGFjZXMudjEuUGxhY2VzLkdldFBsYWNlEAIYBCAA,-2.4859268,111.4442628,SUCCESS,FIRST_RESULT,2026-09-27T17:25:36.214350+00:00,,,Masjid Kiai Gede,https://id.wikipedia.org/wiki/Masjid_Kiai_Gede,1.0000000000000007,EXACT_MATCH,"Masjid Kiai Gede adalah sebuah masjid yang terletak di desa Kotawaringin Hulu, kecamatan Kotawaringin Lama, Kabupaten Kotawaringin Barat, provinsi Kalimantan Tengah. Masjid ini merupakan bagian dari sejarah perkembangan Islam di Kotawaringin yang dilakukan oleh seorang ulama dari Pulau Jawa bernama Kiai Gede. Pembangunan Masjid Kiai Gede dilakukan pada masa pemerintahan Raja Kerajaan Kotawaringin, Dipati Antakesuma. Masjid ini letaknya di bagian tenggara alun-alun kota. Luas halaman masjid adalah 900 meter persegi dengan dikelilingi pagar kayu setinggi 1,25 meter. Masjid Kiai Gede berbentuk persegi dengan ukuran 15,5 x 15,5 meter dan seperti joglo. 
Bagian dalam masjid merupakan rumah panggung dengan ketinggian 1,5 meter di atas permukaan tanah. Lantai dan dinding masjid terbuat dari kayu ulin. Ruangan utama dimasuki dengan menggunakan tangga yang terbuat dari kayu di samping bangunan. Di dalam bangunan terdapat 36 buah tiang dengan tiga jenis bentuk yang berbeda. Sementara itu, dibagian luar masjid terdapat makam Kiai Gede yang jaraknya sekitar 200 meter dari Masjid Kiai Gede. Makam ini terletak di tengah pemukiman penduduk Kotawaringin Lama. Persisnya sekitar 100 meter sebelah kiri Astana Alnursari. Pada kompleks makam Kiai Gede terdapat bangunan kantor pengurus makam (juru kunci) dan juga terdapat nisan Kiai Gede yang panjangnya sekitar 5 (lima) meter.
Seperti masjid kuna pada umumnya, masjid Kiai Gede juga memiliki mihrab, mimbar, dan bedug. Dilihat dari segi arsitekturnya, masjid ini memiliki percampuran seni bangunan. Pertama, terdapat ciri arsitektur bangunan masjid di Jawa yang terlihat dari bentuk atap tumpang dan menggunakan atap limas bersusun tiga yang berbentuk segitiga sama kaki. Kedua, terdapat ciri arsitektur kalimantan dengan bahan kayu ulin bertipe bangunan panggung (rumah panggung). Terakhir, terdapat ciri arsitektur Cina di mana cara meletakkan bedug digantung di serambi. Sesuai dengan UU No. 5 Tahun 1992, masjid ini telah ditetapkan oleh pemerintah sebagai cagar budaya.",2026-10-09T04:39:30.215380+00:00
Masjid Agung Baitul Hikmah,"Kabupaten Berau, Kalimantan Timur",Masjid,ChIJn_bKxwD1DTIRc6oa1iX2gBo,Masjid Agung Baitul Hikmah - Tj. Redeb,"Karang Ambun, Tanjung Redeb, Berau Regency, East Kalimantan 77315, Indonesia",4.8,698.0,https://maps.google.com/?cid=1909796884371384947&g_mp=CiVnb29nbGUubWFwcy5wbGFjZXMudjEuUGxhY2VzLkdldFBsYWNlEAIYBCAA,2.1508683,117.5039439,SUCCESS,FIRST_RESULT,2026-09-27T17:25:36.565828+00:00,,,Masjid Agung Baitul Hikmah,https://id.wikipedia.org/wiki/Masjid_Agung_Baitul_Hikmah,1.0000000000000013,EXACT_MATCH,"Masjid Agung Baitul Hikmah (bahasa Arab: مسجد بيت الحكمة ) (bahasa Indonesia: Masjid Agung Baitul Hikmah) adalah sebuah masjid yang berada di Kota Tanjung Redeb, Kabupaten Berau, Kalimantan Timur, Indonesia.
Masjid Agung Baitul Hikmah mulai dibangun tahun 2002 dan diresmikan pada tanggal 17 Ramadhan 1425 Hijriyah / 31 Desember 2004 Masehi. Menyusul kemudian peresmian perpustakaan di masjid ini pada tanggal 1 Ramadhan 1432 H/01 Agustus 2011 M Oleh Bupati Berau. Selain perpustakaan, masjid ini juga memiliki klinik pengobatan gratis orang tidak mampu yang didanai oleh Badan Amil Zakat Pusat.
Sejak berdiri, Masjid Agung Baitul Hikmah telah menjadi landmak baru bagi Tanjung Redeb dan kabupaten Berau. Tak salah, karena bengunan masjid ini begitu megah dan tampil begitu menyolok di tengah tengah kota Tanjung Redep. Arsitekturnya memang menawan dipandang mata, warna hijau yang mendominasi warna masjid ini senada dengan landscape kabupaten berau yang memang masih di dominasi oleh hijaunya hutan perawan.
Masjid Agung Berau terdiri dari bangunan utama Masjid, ditambah dengan pelataran dikelilingi koridor dan satu menara tertinggi terpisah dari bangunan utama. Bangunan utama masjid Agung Baitul Hikmah berdenah segi empat dengan kubah besar di atapnya. Ada empat menara masing msing setinggi 40 meter di ke empat penjuru masjid. Ada beranda berukuran besar di tempatkan disi sisi timur bangunan utama masjid mengayomi pintu utama yang menghadap langsung ke pelataran tengah.",2026-10-09T04:39:30.474915+00:00
Masjid Al-Aman,"Kota Balikpapan, Kalimantan Timur",Masjid,ChIJq-aeRu5G8S0RdtJ4PXHZfHc,Masjid Jami Al-Aman,"Jl. MT Haryono No.85, Damai, Kec. Balikpapan Kota, Kota Balikpapan, Kalimantan Timur 76114, Indonesia",4.8,256.0,https://maps.google.com/?cid=8609995668011405942&g_mp=CiVnb29nbGUubWFwcy5wbGFjZXMudjEuUGxhY2VzLkdldFBsYWNlEAIYBCAA,-1.2628832,116.8593219,SUCCESS,FIRST_RESULT,2026-09-27T17:25:36.920796+00:00,,,Masjid Jami Banjarmasin,https://id.wikipedia.org/wiki/Masjid_Jami_Banjarmasin,0.42479274392580085,SIMILARITY_MATCH,"Masjid Jami Banjarmasin (aksara Jawi: مسجد جامع بنجرماسين) atau yang lebih dikenal dengan Masjid Jami Sungai Jingah (aksara Jawi: مسجد جامع ﺳﻮ ڠاﻱ‬ جيڠاه) adalah sebuah masjid bersejarah yang berada di Jalan Masjid Jami, Kelurahan Antasan Kecil Timur, Kecamatan Banjarmasin Utara, Kota Banjarmasin, Provinsi Kalimantan Selatan, Indonesia.
Masjid ini berdekatan dengan Kompleks Makam Pangeran Antasari, di mana kompleks makam ini berada di daerah timur masjid, tepatnya di Jalan Malkon Temon. Selain itu, masjid ini juga berdekatan dengan makam salah satu ulama karismatik, yaitu K.H. Ahmad Zuhdiannor atau sering disapa Guru Zuhdi yang semasa hidupnya mengisi kegiatan keagaamaan di masjid ini, di mana makamnya berada di daerah barat masjid atau dikenal dengan daerah ""Jalan Belakang Masjid Jami"". Hal ini membuat halaman masjid sering dipenuhi oleh peziarah yang sering memarkir di sana.",2026-10-09T04:39:30.739106+00:00
Masjid Al-Hidayah,"Kota Bogor, Jawa Barat",Masjid,ChIJWzqqgYjDaS4RZTeM6D0g_WM,Masjid Al-Hidayah BCC,"Jl. Bukit Cimanggu City Raya No.918, RT.01/RW.10, Cibadak, Tanah Sareal, Kota Bogor, Jawa Barat 16168, Indonesia",4.8,1342.0,https://maps.google.com/?cid=7204950429129258853&g_mp=CiVnb29nbGUubWFwcy5wbGFjZXMudjEuUGxhY2VzLkdldFBsYWNlEAIYBCAA,-6.543964099999999,106.7825999,SUCCESS,FIRST_RESULT,2026-09-27T17:25:37.305812+00:00,,,Daftar masjid di Bali,https://id.wikipedia.org/wiki/Daftar_masjid_di_Bali,0.3402518068856924,SIMILARITY_MATCH,"Daftar masjid se-Bali, Indonesia, ditampilkan pada tabel di bawah.",2026-10-09T04:39:31.011262+00:00
Masjid Agung Kota Kediri,"Kota Kediri, Jawa Timur",Masjid,ChIJd79G6gVXeC4RX21t2g3Vt_8,Masjid Agung Kota Kediri,"Jl. Panglima Sudirman No.160, Kp. Dalem, Kec. Kota, Kota Kediri, Jawa Timur 64126, Indonesia",4.8,5679.0,https://maps.google.com/?cid=18426430655885569375&g_mp=CiVnb29nbGUubWFwcy5wbGFjZXMudjEuUGxhY2VzLkdldFBsYWNlEAIYBCAA,-7.82683,112.0100684,SUCCESS,FIRST_RESULT,2026-09-27T17:25:37.663552+00:00,,,Masjid Agung Kota Kediri,https://id.wikipedia.org/wiki/Masjid_Agung_Kota_Kediri,0.9999999999999978,EXACT_MATCH,"Masjid Agung Kota Kediri adalah sebuah masjid yang berlokasi di Jalan Panglima Sudirman, No. 160, Kota Kediri, Jawa Timur dan didirikan pertama kali pada tahun 1771. Masjid ini merupakan masjid terbesar dan termegah di Kota Kediri. Dahulu, masjid ini disebut sebagai Masjid Jami' Kediri dan kemudian hingga sekarang masjid ini sudah dilakukan renovasi berulang kali kecuali mimbar masjid yang hanya direnovasi sekali saja sebab untuk menjaga keasliannya. Masjid ini memiliki kubah setinggi 49 meter dan memiliki tiga lantai dengan banyak pilar di serambi masjid, atap joglo yang khas dengan adat Jawa, dan kubahnya yang berenamel hijau kebiru-biruan.",2026-10-09T04:39:31.286394+00:00
Masjid Agung Bojonegoro,"Kabupaten Bojonegoro, Jawa Timur",Masjid,ChIJR3_35x-Cdy4RmGdikc7pGeA,Masjid Agung Darussalam Bojonegoro,"VV2H+6M2, Jl. Hasyim Asyari, Kauman, Kec. Bojonegoro, Kabupaten Bojonegoro, Jawa Timur 62113, Indonesia",4.8,1203.0,https://maps.google.com/?cid=16148195012325304216&g_mp=CiVnb29nbGUubWFwcy5wbGFjZXMudjEuUGxhY2VzLkdldFBsYWNlEAIYBCAA,-7.1494966,111.8791548,SUCCESS,FIRST_RESULT,2026-09-27T17:25:38.011565+00:00,,,"Bojonegoro, Bojonegoro","https://id.wikipedia.org/wiki/Bojonegoro,_Bojonegoro",0.5142802238053117,SIMILARITY_MATCH,"Bojonegoro (atau juga disebut Bojonegoro Kota) adalah kecamatan yang menjadi ibu kota Kabupaten Bojonegoro. Kecamatan ini terletak di perlintasan jalan nasional strategis yang menghubungkan Surabaya di timur dengan Jawa Tengah di barat. Selain itu, kecamatan ini juga berbatasan langsung dengan Bengawan Solo dan Kabupaten Tuban di utara. Bojonegoro memiliki luas terkecil di antara kecamatan lainnya, tetapi jumlah penduduknya paling banyak yaitu sekitar 88 ribu jiwa pada tahun 2024.  Kecamatan ini merupakan pusat ekonomi kabupaten dengan infrastruktur penunjang yang cukup lengkap. Kecamatan Bojonegoro memiliki alun-alun, masjid besar, rumah sakit, stadion, hingga sekolah serta perguruan tinggi unggulan seperti Universitas Bojonegoro (UNIGORO). Selain itu, di kecamatan ini juga terdapat stasiun kereta serta terminal bus terbesar di Bojonegoro yaitu Stasiun Bojonegoro dan Terminal Rajekwesi.
Dari segi sejarah, Kecamatan Bojonegoro bukanlah ibu kota pertama dari kabupaten ini. Sebelumnya, Kabupaten Bojonegoro masih bernama Jipang yang beribukota di Padangan. Ibu kota dan nama Kabupaten Bojonegoro resmi dipakai sejak tahun 1828. Sejak saat itu, Kecamatan Bojonegoro mengalami perkembangan yang cukup pesat. Kemudian pada tahun 1928, kecamatan ini resmi menjadi ibu kota dari Karesidenan Bojonegoro yang wilayahnya mencakup Kabupaten Tuban dan Kabupaten Lamongan. Gedung residen sekarang masih ada dan digunakan sebagai Kantor Bakorwil Pemprov Jatim di samping alun-alun.",2026-10-09T04:39:31.554824+00:00
Masjid An-Nur Pare,"Kabupaten Kediri, Jawa Timur",Masjid,ChIJv5LGLzdceC4R-HHKQoxOTek,Masjid Agung An-Nur Pare Kediri,"Jl. Matahari No.2, Puhrejo, Tulungrejo, Kec. Pare, Kabupaten Kediri, Jawa Timur 64212, Indonesia",4.5,3380.0,https://maps.google.com/?cid=16811179348366881272&g_mp=CiVnb29nbGUubWFwcy5wbGFjZXMudjEuUGxhY2VzLkdldFBsYWNlEAIYBCAA,-7.7642158,112.1828016,SUCCESS,FIRST_RESULT,2026-09-27T17:25:38.355744+00:00,,,Masjid Agung An-Nur Pare,https://id.wikipedia.org/wiki/Masjid_Agung_An-Nur_Pare,0.8320358909814639,SIMILARITY_MATCH,"Masjid Agung An-Nur Pare adalah masjid yang terletak di Jalan Matahari, No. 2, Kecamatan Pare, Kabupaten Kediri, Jawa Timur. Masjid Agung An-Nur Pare menjadi representasi penting untuk masyarakat setempat. Selain sebagai tempat ibadah, masjid yang dibangun pada tahun 1996 ini juga merupakan pusat syiar Islam di Kecamatan Pare dan Kabupaten Kediri.",2026-10-09T04:39:31.816535+00:00
Masjid Kauman Semarang,"Kota Semarang, Jawa Tengah",Masjid,ChIJ0alIqav0cC4RhCshP-aMvd0,Semarang Central Mosque,"Jl. Aloon-Aloon Bar. No.11, Bangunharjo, Kec. Semarang Tengah, Kota Semarang, Jawa Tengah 50138, Indonesia",4.8,9607.0,https://maps.google.com/?cid=15978081973509892996&g_mp=CiVnb29nbGUubWFwcy5wbGFjZXMudjEuUGxhY2VzLkdldFBsYWNlEAIYBCAA,-6.9725547,110.4227686,SUCCESS,FIRST_RESULT,2026-09-27T17:25:38.674154+00:00,,,Masjid Kauman Semarang,https://id.wikipedia.org/wiki/Masjid_Kauman_Semarang,1.0000000000000002,EXACT_MATCH,"Masjid Agung Semarang atau biasa disebut Masjid Kauman Semarang (bahasa Jawa: ꦩꦱ꧀ꦗꦶꦢ꧀ꦑꦲꦸꦩ꧀ꦩꦤ꧀ꦯꦼꦩꦫꦁ) adalah sebuah masjid tertua di Semarang, Jawa Tengah, memiliki sejarah yang panjang dan erat kaitannya dengan sejarah berdirinya kota Semarang. Masjid yang kini telah menjadi cagar budaya dan harus dilindungi menjadi kebanggaan warga Semarang karena bangunannya yang khas, mencaerminkan jatidiri masyarakat pesisir yang lugas tetapi bersahaja. Seperti halnya pada masjid-masjid kuno di pulau Jawa, Masjid Agung Semarang berada di pusat kota (alun-alun) dan berdekatan dengan pusat pemerintahan (kanjengan) dan penjara, serta tak berjarak jauh dari pusat perdagangan (pasar Johar), merupakan ciri khas dari tata ruang kota pada zaman dahulu.
Dalam sejarah pergerakan dan perjuangan bangsa Indonesia, Masjid Agung Semarang juga menyimpan cerita yang menarik. Masjid ini nenjadi satu-satunya masjid di Indonesia yang mengumumkan kemerdekaan bangsa Indonesia secara terbuka hanya beberapa saaat setelah diproklamirkan. Seperti diketahui peristiwa proklamasi yang dibacakan Ir. Soekarno dan Drs. Moh. Hatta di Pegangsaaan Timur no 56 Jakarta pada hari Jum’at pukul 10.00 pagi. Lebih kurang satu jam setelah itu yaitu pada saat sebelum sholat Jum’at, Alm. dr. Agus, salah seorang jama’ah aktif di Masjid Agung Semarang melalui mimbar Jum’at dan di hadapan jama’ah mengumumkan terjadinya proklamasi RI.
Keberanian Alm. dr. Agus harus dibayar mahal, karena setelah peristiwa itu beliau dikejar-kejar tentara Jepang dan melarikan diri ke Jakarta hingga meninggal di sana. Sebagai penghargaan atas peristiwa tersebut pada tahun 1952, Presiden RI pertama Ir. H. Soekarno menyempatkan diri hadir untuk melakukan sholat jumat dan berpidato di masjid ini.",2026-10-09T04:39:32.078193+00:00
Masjid Al-Mai,"Kota Bogor, Jawa Barat",Masjid,ChIJ-cSWkoTEaS4RLGJIKVcNUbU,Jami' Al-Maidah Mosque,"Jl. Raya Semplak No.291 15 5, RT.04/RW.06, Semplak, Kec. Bogor Bar., Kota Bogor, Jawa Barat 16114, Indonesia",4.8,231.0,https://maps.google.com/?cid=13065238661984444972&g_mp=CiVnb29nbGUubWFwcy5wbGFjZXMudjEuUGxhY2VzLkdldFBsYWNlEAIYBCAA,-6.553667600000001,106.7611225,SUCCESS,FIRST_RESULT,2026-09-27T17:25:39.017256+00:00,,,Masjid As-Shalihin,https://id.wikipedia.org/wiki/Masjid_As-Shalihin,0.3954646978281492,SIMILARITY_MATCH,"Masjid As-Shalihin adalah sebuah masjid yang terletak di Kabupaten Hulu Sungai Tengah, Provinsi Kalimantan Selatan, Indonesia. Masjid ini didirikan pada tahun 1800an dan secara administratif berlokasi di desa Kayu Bawang, kecamatan Barabai.",2026-10-09T04:39:32.341045+00:00
Masjid Saka Tunggal,"Kabupaten Banyumas, Jawa Tengah",Masjid,ChIJcfsQIFtkZS4Ry8FS0uK0YjM,Saka Tunggal Baitussalam Mosque,"RT.02/RW.4, Cikakak, Kec. Wangon, Kabupaten Banyumas, Jawa Tengah 53176, Indonesia",4.5,645.0,https://maps.google.com/?cid=3702720729936216523&g_mp=CiVnb29nbGUubWFwcy5wbGFjZXMudjEuUGxhY2VzLkdldFBsYWNlEAIYBCAA,-7.473862199999999,109.0556503,SUCCESS,FIRST_RESULT,2026-09-27T17:25:39.353881+00:00,,,Masjid Sаka Tunggal,https://id.wikipedia.org/wiki/Masjid_S%D0%B0ka_Tunggal,0.681182094666027,SIMILARITY_MATCH,"Masjid Saka Tunggal (bahasa Jawa: ꦩꦱ꧀ꦗꦶꦢ꧀ꦏꦫꦠꦺꦴꦤ꧀ꦱꦏꦠꦸꦁꦒꦭ꧀, translit. [مسجد ساك توڠڬل] Galat: {{Transliteration}}: transliteration text not Latin script (pos 1: م) (bantuan), har. 'Masjid Karaton Saka Tunggal') adalah sebuah masjid yang terletak di kawasan Tamansari, Kelurahan Patehan Kecamatan Kraton, Kota Yogyakarta. Berada di kawasan Njeron Beteng Kraton Yogyakarta, masjid ini berada tepat di depan pintu masuk objek wisata Tamansari.",2026-10-09T04:39:33.307782+00:00
Masjid Agung Brebes,"Kabupaten Brebes, Jawa Tengah",Masjid,ChIJt5xNZ3iwby4RXgraY5Nriuw,Great Mosque of Brebes,"Wa: O&2I5OOO2&I, Jl. Ustad Abas No.7, Kauman, Brebes, Kec. Brebes, Kabupaten Brebes, Jawa Tengah 52212, Indonesia",4.7,1614.0,https://maps.google.com/?cid=17044554020516661854&g_mp=CiVnb29nbGUubWFwcy5wbGFjZXMudjEuUGxhY2VzLkdldFBsYWNlEAIYBCAA,-6.8707013,109.0361236,SUCCESS,FIRST_RESULT,2026-09-27T17:25:39.701440+00:00,,,Masjid Agung Brebes,https://id.wikipedia.org/wiki/Masjid_Agung_Brebes,1.000000000000001,EXACT_MATCH,"Masjid Agung Brebes merupakan salah satu bangunan masjid tertua di wilayah pantura Kota Brebes Kabupaten Brebes yang didirikan tahun 1836 masa pemerintahan Bupati Raden Adipati Ariya Singasari Panatayuda I (Kyai Sura) yang bangunan aslinya berarsitek jawa kuno, dengan kubah berbentuk limas.Terletak di Jl. Ustad Abbas No. 7  sebelah barat alun-alun kota Brebes. Di samping fungsi utamanya sebagai tempat salat, tempat lokasi masjid yang strategis di jalur pantura sering digunakan juga untuk tempat istirahat bagi masyarakat yang melintas baik dari arah barat (Jakarta, Cirebon) maupun dari arah timur (Semarang, Surabaya).
	
Pada zaman pemerintahan Bupati Raden Adipati Ariya Sutirta Pringgahaditirta (Kanjeng Tirto - red) tahun 1932/ 1933, masjid ini diratakan dengan tanah dan dibangun kembali, karena sering tergenang banjir luapan kali / Sungai Pemali. Pembongkaran itu sesuai dengan prasasti yang terdapat di bangunan utama saat ini.Disebutkan, masjid itu dibangun kembali di atas tanah seluas 666 m2 dengan ditopang kayu jati pilihan dan fondasinya ditinggikan 1 meter. Meski sudah berulangkali mengalami perbaikan, bangunan utama Masjid Agung yang terletak di bagian depan masih terjaga keasliannya.

Bagian kubah masjid yang berbentuk limas dari dulu hingga kini menjadi tempat penyimpanan benda-benda pusaka daerah. Di antaranya, keris, tombak dan senapan zaman VOC. Namun dalam perkembangannya, beberapa benda pusaka itu ada yang dipindahkan ke museum di Semarang demi alasan keamanan.

Masjid Agung Brebes hingga kini sudah mengalami pemugaran tiga kali, yakni pada tahun 1933, tahun 1979 dan 2007. Namun, dalam perbaikan itu bangunan lama berbentuk joglo dan kubah limas tetap dipertahankan.",2026-10-09T04:39:33.568226+00:00
Masjid Al Kurdi Didesa Karangmalang,"Kabupaten Brebes, Jawa Tengah",Masjid,ChIJt9CUDb-mby4RY5Hj2CiSi1g,Masjid Al Kurdi,"3V4J+V6V, Karangmalang Satu, Karangmalang, Kec. Ketanggungan, Kabupaten Brebes, Jawa Tengah 52263, Indonesia",4.5,167.0,https://maps.google.com/?cid=6380354001235579235&g_mp=CiVnb29nbGUubWFwcy5wbGFjZXMudjEuUGxhY2VzLkdldFBsYWNlEAIYBCAA,-6.9427526,108.8805411,SUCCESS,FIRST_RESULT,2026-09-27T17:25:40.053888+00:00,,,Masjid Al Kurdi,https://id.wikipedia.org/wiki/Masjid_Al_Kurdi,1.0,EXACT_MATCH,"Masjid Al Kurdi adalah masjid yang termasuk situs bersejarah yang ada di Kabupaten Brebes, karena dididirikan tahun 1917 sebelum Kemerdekaan RI seperti yang tertera di dinding masjid. Terletak di desa Karangmalang, yang berjarak sekitar 25 KM ke arah barat daya dari Kota Brebes. Bagian masjid berupa Jendela dan tiang penyangga atau saka masjid yang terbuat dari kayu jati hingga sekarang masih utuh, karena sejak dibangun, masjid ini belum pernah direhab secara total.
Keaslian masjid ini terlihat pula pada lantai atau tegel yang bercorak yang khas peninggalan tempo dulu. Tegel masjid didominasi warna biru dan hanya sebagian yang berwarna kuning dengan motif bunga. Terdapat pula tongkat kayu yang ujungnya diberi pisau atau belati di mimbar khotbah. Tongkat yang mirip dengan tombak ini selalu dipegang oleh khotib saat berkhotbah ketika Salat Jumat yang fungsinya untuk berjaga-jaga atau mempertahankan diri dari serangan musuh saat masa penjajahan Belanda . Begitu pula dengan bedug atau alat pukul yang terbuat dari kulit kerbau masih ada di semenjak masjid ini dibangun yang terlihat berlubang dimakan usia.
Pendiri Masjid Al Kurdi yakni (alm) KH Jazuli Malawi yang dikenal Kiayi Kurdi
Masjid Al Kurdi yang berukuran 20 X 40 meter ini selalu ramai dipadati jamaah karena menjadi sentra kegiatan para santri Pondok Pesantren At Taqwa yang berjumlah sekitar 150 orang. Selain itu, warga Karangmalang juga selalu memanfaatkan masjid yang berada di pinggir jalan desa itu untuk kegiatan ibadah. Apalagi saat bulan Ramadhan, rutinitas kegiatan dan jamaahnya makin padat. Setelah Masjid Al Kurdi diserahkan dari Keluarga Almarhum Jazuli kepada masyarakat, masjid ini ingin direhab tetapi dengan tetap mempertahankan model bangunan lama.",2026-10-09T04:39:33.831060+00:00
Masjid Agung Demak,"Kabupaten Demak, Jawa Tengah",Masjid,ChIJTfkkeenrcC4Rl4ceG5pUJBc,Masjid Agung Demak,"Jl. Kauman No.57, Kauman, Bintoro, Kec. Demak, Kabupaten Demak, Jawa Tengah 59511, Indonesia",4.7,22247.0,https://maps.google.com/?cid=1667550782890608535&g_mp=CiVnb29nbGUubWFwcy5wbGFjZXMudjEuUGxhY2VzLkdldFBsYWNlEAIYBCAA,-6.8947311,110.6375012,SUCCESS,FIRST_RESULT,2026-09-27T17:25:40.411523+00:00,,,Masjid Agung Demak,https://id.wikipedia.org/wiki/Masjid_Agung_Demak,0.9999999999999991,EXACT_MATCH,"Masjid Agung Demak (abjad Pegon: مَسْجِد اَڮَوڠ دَمَق) adalah salah satu kompleks masjid tertua yang berada di Kabupaten Demak, Provinsi Jawa Tengah, Indonesia. Masjid ini diyakini dibangun oleh Wali Sanga–penyebar agama Islam di Pulau Jawa–dengan sosok yang paling menonjol Sunan Kalijaga, pada masa penguasa Kesultanan Demak pertama, Raden Patah pada abad ke-15.
Di dalam lokasi kompleks masjid ini, terdapat beberapa makam raja-raja Kesultanan Demak termasuk di antaranya adalah Raden Patah yang merupakan raja pertama Kesultanan Demak dan para abdinya. Di kompleks ini juga terdapat museum–Museum Masjid Agung Demak–yang berisi berbagai hal mengenai riwayat berdirinya masjid ini.
Dindingnya berasal dari keramik Vietnam. Dengan bentuknya yang berasal dari konvensi ukiran kayu dan batu bata Jawa, yang dianggap telah dipesan secara khusus. Penggunaan keramik daripada batu dianggap meniru masjid-masjid Persia. Masjid Agung Demak Ini merupakan Pusat dari Keraton Demak Bintoro dengan ditandai adanya singgasana Majapahit dan kayu jati Soko Guru, pendopo kerajaan Majapahit yang digunakan di Masjid ini.",2026-10-09T04:39:34.091981+00:00
Masjid Astana Mantingan,"Kabupaten Jepara, Jawa Tengah",Masjid,ChIJA9tclLUfcS4RCkRs_xRFfOM,Masjid Astana Sultan Hadlirin Mantingan,"9MJ9+7F4, Mantingan, Kec. Tahunan, Kabupaten Jepara, Jawa Tengah 59421, Indonesia",4.7,74.0,https://maps.google.com/?cid=16392052700208710666&g_mp=CiVnb29nbGUubWFwcy5wbGFjZXMudjEuUGxhY2VzLkdldFBsYWNlEAIYBCAA,-6.619364699999999,110.6687107,SUCCESS,FIRST_RESULT,2026-09-27T17:25:40.746523+00:00,,,Masjid Mantingan,https://id.wikipedia.org/wiki/Masjid_Mantingan,0.7960405395723869,SIMILARITY_MATCH,"Masjid Mantingan (bahasa Jawa: مَسْجِد ْْمَانْتِيْڠَان, ꦩꦱ꧀ꦗꦶꦢ꧀ꦩꦤ꧀ꦠꦶꦔꦤ꧀), juga dikenal dengan nama Masjid Astana Sultan Hadlirin, adalah salah satu masjid kuno di Indonesia yang terletak di Desa Mantingan, Kecamatan Tahunan, Kabupaten Jepara, Jawa Tengah. Jaraknya sekitar 5 km arah selatan dari Kecamatan Jepara. Secara keseluruhan, Masjid Mantingan merupakan sebuah kompleks yang terdiri dari masjid itu sendiri, permakaman, dan sebuah museum sederhana.
Masjid ini memiliki gaya arsitektur campuran dari kebudayaan Hindu-Buddha, Jawa, dan Tionghoa. Contohnya adalah bentuk atap tumpang dan mustaka yang merupakan akulturasi dari arsitektur masa Majapahit dan Tionghoa. Kebudayaan Jawa dapat terlihat dari gapura masuk masjid dan sebuah petilasan candi di dekat masjid, meskipun sudah tidak utuh lagi.",2026-10-09T04:39:34.354208+00:00
Masjid Agung Baitul Makmur Jepara,"Kabupaten Jepara, Jawa Tengah",Masjid,ChIJAY4kYgIfcS4RIngZQrSqTQU,Baitul Makmur Grand Mosque,"Jl. Kartini No.1, Kauman, Kec. Jepara, Kabupaten Jepara, Jawa Tengah 59417, Indonesia",4.8,1995.0,https://maps.google.com/?cid=382149234576160802&g_mp=CiVnb29nbGUubWFwcy5wbGFjZXMudjEuUGxhY2VzLkdldFBsYWNlEAIYBCAA,-6.5911353,110.6668104,SUCCESS,FIRST_RESULT,2026-09-27T17:25:41.110832+00:00,,,Masjid Agung Baitul Makmur Jepara,https://id.wikipedia.org/wiki/Masjid_Agung_Baitul_Makmur_Jepara,1.0000000000000002,EXACT_MATCH,"Masjid Agung Baitul Makmur Jepara adalah salah satu masjid di Kabupaten Jepara. Masjid ini berada di sebelah selatan Alun-Alun Jepara di Kauman, Jepara, dan hanya berjarak beberapa meter dari Pendopo Kabupaten Jepara.",2026-10-09T04:39:34.615288+00:00
Masjid Al Birru Pertiwi,"Kabupaten Bojonegoro, Jawa Timur",Masjid,ChIJRa1sYFPVeS4RuB-CqCZ2Nsg,Al Birru Pertiwi Mosque,"Jl. Raya Dander KM No.10, Nemon, Dander, Bojonegoro, Kabupaten Bojonegoro, Jawa Timur 62171, Indonesia",4.7,1183.0,https://maps.google.com/?cid=14426848364735897528&g_mp=CiVnb29nbGUubWFwcy5wbGFjZXMudjEuUGxhY2VzLkdldFBsYWNlEAIYBCAA,-7.236825100000001,111.8554293,SUCCESS,FIRST_RESULT,2026-09-27T17:25:41.470770+00:00,,,Masjid Al-Birru Pertiwi,https://id.wikipedia.org/wiki/Masjid_Al-Birru_Pertiwi,0.8231821248555878,EXACT_MATCH,"Masjid Al-Birru Pertiwi adalah sebuah masjid berkubah emas yang beradi di Dander, Kec. Dander, Kabupaten Bojonegoro. Masjid ini berada di pingir Jalan Bojonegoro-Nganjuk dan dibangun oleh keluarga besar Santosa.",2026-10-09T04:39:34.872568+00:00
Masjid Bubrah,"Kabupaten Kudus, Jawa Tengah",Masjid,ChIJk8tNt8fEcC4RcXVGUFOy-t8,Langgar Bubrah,"Jl. Sunan Kudus No.137, Demangan, Kec. Kota Kudus, Kabupaten Kudus, Jawa Tengah 59313, Indonesia",4.5,159.0,https://maps.google.com/?cid=16139408285534418289&g_mp=CiVnb29nbGUubWFwcy5wbGFjZXMudjEuUGxhY2VzLkdldFBsYWNlEAIYBCAA,-6.8070532,110.8335854,SUCCESS,FIRST_RESULT,2026-09-27T17:25:41.825896+00:00,,,Masjid Bubrah,https://id.wikipedia.org/wiki/Masjid_Bubrah,1.0,EXACT_MATCH,"Masjid Bubrah merupakan cagar budaya yang terdapat di Desa Demangan, Kecamatan Kota, Kabupaten Kudus.",2026-10-09T04:39:35.126105+00:00
Masjid Menara Kudus,"Kabupaten Kudus, Jawa Tengah",Masjid,ChIJnckhGLLEcC4R35psvWyQ1Cs,Masjid Al-Aqsha Menara Kudus,"Jl. Menara No.25b, Pejaten, Langgardalem, Kec. Kota Kudus, Kabupaten Kudus, Jawa Tengah 59315, Indonesia",4.8,21938.0,https://maps.google.com/?cid=3158308035402439391&g_mp=CiVnb29nbGUubWFwcy5wbGFjZXMudjEuUGxhY2VzLkdldFBsYWNlEAIYBCAA,-6.8042082,110.8327446,SUCCESS,FIRST_RESULT,2026-09-27T17:35:34.967748+00:00,,,Masjid Menara Kudus,https://id.wikipedia.org/wiki/Masjid_Menara_Kudus,1.0000000000000002,EXACT_MATCH,"Masjid Menara Kudus (nama resmi: Masjid Al-Aqsa Manarat Qudus; ID masjid: 01.5.14.19.02.000001 bahasa Jawa: Hanacaraka: ꦩꦱ꧀ꦗꦶꦢ꧀ꦩꦼꦤꦫꦏꦸꦢꦸꦱ꧀ Pegon dan Arab standar: مسجد منارة قدوس) adalah masjid kuno yang dibangun oleh Sunan Kudus sejak tahun 1549 Masehi (956 Hijriah). Lokasi saat ini berada di Desa Kauman, Kecamatan Kota, Kabupaten Kudus, Jawa Tengah. Ada keunikan dari masjid ini karena memiliki menara yang serupa bangunan candi serta pola arsitektur yang memadukan konsep budaya Islam dengan budaya Hindu-Buddhis sehingga menunjukkan terjadinya proses akulturasi dalam pengislaman Jawa.
Sehari-hari, peziarah berkunjung ke masjid ini untuk beribadah sekaligus ziarah ke makam Sunan Kudus yang terletak di sisi barat kompleks masjid. Selain itu, masjid ini menjadi pusat keramaian pada Festival Dhandhangan yang diadakan warga Kudus untuk menyambut bulan suci Ramadan.",2026-10-09T04:39:35.386028+00:00
Masjid Agung Rembang,"Kabupaten Rembang, Jawa Tengah",Masjid,ChIJcfDpNv4ldy4Rd4_5HkE3tjc,MASJID AGUNG REMBANG,"78VX+M66, Kutoharjo, Kec. Rembang, Kabupaten Rembang, Jawa Tengah 59219, Indonesia",4.8,323.0,https://maps.google.com/?cid=4014456870679449463&g_mp=CiVnb29nbGUubWFwcy5wbGFjZXMudjEuUGxhY2VzLkdldFBsYWNlEAIYBCAA,-6.7058452,111.3480268,SUCCESS,FIRST_RESULT,2026-09-27T17:25:42.544735+00:00,,,"Rembang, Rembang","https://id.wikipedia.org/wiki/Rembang,_Rembang",0.4844964236104736,SIMILARITY_MATCH,"Rembang (bahasa Jawa: ꦉꦩ꧀ꦧꦁ Pegon: رۤمباڠ, Hanzi: 伦邦) adalah ibu kota Kabupaten Rembang yang sekaligus menjadi pusat pemerintahan dan perekonomian dari Kabupaten Rembang. Rembang juga merupakan sebuah wilayah kecamatan yang terletak di Kabupaten Rembang, Provinsi Jawa Tengah, Indonesia.",2026-10-09T04:39:35.642252+00:00
Masjid Jami Lasem,"Kabupaten Rembang, Jawa Tengah",Masjid,ChIJSxo96Twidy4RD-7g9yGTNDs,Jami' Baiturrahman Lasem Mosque,"Jalan Provinsi Lasem - Sale, Kauman, 8C2W+PXG, Mahbong, Karangturi, Kec. Lasem, Kabupaten Rembang, Jawa Tengah 59271, Indonesia",4.7,3621.0,https://maps.google.com/?cid=4266196521128619535&g_mp=CiVnb29nbGUubWFwcy5wbGFjZXMudjEuUGxhY2VzLkdldFBsYWNlEAIYBCAA,-6.6981853,111.4474458,SUCCESS,FIRST_RESULT,2026-09-27T17:35:35.653063+00:00,,,"Lasem, Rembang","https://id.wikipedia.org/wiki/Lasem,_Rembang",0.16945867449210678,SIMILARITY_MATCH,"Lasem (bahasa Jawa: ꦭꦱꦼꦩ꧀, Hanzi: 啦森) adalah sebuah kecamatan di Kabupaten Rembang, Jawa Tengah, Indonesia. Merupakan kota terbesar kedua di Kabupaten Rembang setelah kota Rembang.

",2026-10-09T04:39:35.904100+00:00
Masjid Agung,"Kabupaten Tegal, Jawa Tengah",Masjid,ChIJ0YjkvmC_by4RJpDTIRx5S88,Masjid Agung Slawi,"Procot, Kec. Slawi, Kabupaten Tegal, Jawa Tengah 52412, Indonesia",4.8,983.0,https://maps.google.com/?cid=14937165750837940262&g_mp=CiVnb29nbGUubWFwcy5wbGFjZXMudjEuUGxhY2VzLkdldFBsYWNlEAIYBCAA,-6.9745046,109.1389457,SUCCESS,FIRST_RESULT,2026-09-27T17:35:36.144535+00:00,,,Masjid,https://id.wikipedia.org/wiki/Masjid,0.7092117693598272,SIMILARITY_MATCH,"Masjid (serapan dari bahasa Arab: مَسْجِد, translit. masjid, pelafalan [mǝsdʒid];  secara harfiah ""tempat sujud""), merupakan tempat salat bagi umat Islam. Masjid biasanya tertutup bangunan, tetapi bisa menjadi tempat salat (sujud) dilakukan, termasuk halaman luar.
Awalnya masjid adalah tempat salat sederhana bagi umat Islam, dan mungkin merupakan ruang terbuka daripada bangunan. Pada tahap pertama arsitektur Islam, 650-750, masjid terdiri dari ruang terbuka dan tertutup yang dikelilingi oleh dinding, sering kali dengan menara tempat azan dikeluarkan. Bangunan masjid biasanya berisi mihrab yang dipasang di dinding yang menunjukkan arah kiblat ke Makkah, dan fasilitas wudu. Mimbar, tempat di mana khutbah salat Jumat disampaikan, dulunya adalah karakteristik masjid pusat kota, tetapi sejak itu menjadi umum di masjid-masjid kecil. Masjid biasanya memiliki ruang terpisah untuk pria dan wanita. Pola dasar organisasi ini mengambil bentuk yang berbeda tergantung pada wilayah, periode, dan mazhab.
Masjid umumnya berfungsi sebagai lokasi untuk salat, buka puasa Ramadan, salat Jenazah, pelaksanaan pernikahan dan bisnis, pengumpulan dan distribusi sedekah, serta tempat penampungan tunawisma, tempat tinggalnya orang-orang bertakwa, tempat berkumpul kaum muslimin setiap hari, markas untuk mengadakan muktamar (pertemuan besar), tempat bermusyawarah dan saling memberi nasihat, tempat bertemu untuk saling mengenal dan persatuan, dan tempat menumbuhkan semangat saling tolong menolong dalam kebaikan. Secara historis, masjid telah berfungsi sebagai pusat komunitas, pengadilan, dan sekolah agama. Di zaman modern, mereka juga mempertahankan perannya sebagai tempat pengajaran dan debat agama. Kepentingan khusus diberikan kepada Masjidilharam (pusat haji), Masjid Nabawi di Madinah (tempat pemakaman Muhammad) dan Masjidilaqsa di Yerusalem (diyakini sebagai tempat kenaikan Muhammad ke surga).
Dengan penyebaran Islam, masjid berlipat ganda di seluruh dunia Islam. Terkadang gereja dan kuil diubah menjadi masjid, yang memengaruhi gaya arsitektur Islam. Sementara sebagian besar masjid pra-modern didanai oleh sumbangan amal, peningkatan peraturan pemerintah tentang masjid besar telah diimbangi dengan munculnya masjid yang didanai swasta, banyak di antaranya berfungsi sebagai basis untuk berbagai organisasi revivalis Islam dan aktivitas sosial. Masjid telah memainkan sejumlah peran politik. Tingkat kehadiran masjid sangat bervariasi tergantung pada wilayah.",2026-10-09T04:39:36.166492+00:00
Masjid Wali Limbung,"Kabupaten Temanggung, Jawa Tengah",Masjid,ChIJZ71-I8B2cC4RNk1NfL249xY,Masjid Jami Walilimbung / Syeikh Sayyid Abdullah Al Anwas,"Jalan Kauman Jalan Kauman Barat, P3VC+Q3C, Kauman, Medari, Kec. Ngadirejo, Kabupaten Temanggung, Jawa Tengah 56255, Indonesia",4.8,446.0,https://maps.google.com/?cid=1654994512055717174&g_mp=CiVnb29nbGUubWFwcy5wbGFjZXMudjEuUGxhY2VzLkdldFBsYWNlEAIYBCAA,-7.2558405,110.0704765,SUCCESS,FIRST_RESULT,2026-09-27T17:35:36.797047+00:00,,,Aceh,https://id.wikipedia.org/wiki/Aceh,0.07907498861947826,SIMILARITY_MATCH,"Aceh adalah sebuah Provinsi di Pulau Sumatra, Indonesia. Ibu kota provinsi ini berada di Kota Banda Aceh. Provinsi ini terletak pada bagian ujung utara Pulau Sumatra, serta provinsi ini juga dekat dengan Kepulauan Andaman dan Nikobar di India dan terpisahkan oleh Laut Andaman. Provinsi Aceh berbatasan dengan Teluk Benggala dan Laut Andaman di sebelah utara, Samudra Hindia di sebelah barat, Selat Malaka di sebelah timur, dan Sumatera Utara di sebelah tenggara dan selatan.
Provinsi Aceh merupakan salah satu daerah istimewa dan diberi kewenangan otonomi khusus yang diatur tersendiri karena alasan sejarah.
Sejarah Provinsi Aceh diwarnai oleh kebebasan politik dan penolakan keras terhadap kendali asing, termasuk bekas penjajah Belanda dan dulu pemerintah Indonesia. Jika dibandingkan dengan dengan provinsi lainnya, Provinsi Aceh adalah wilayah yang sangat konservatif (menjunjung tinggi nilai-nilai agama). Persentase penduduk Muslim-nya adalah yang tertinggi di Indonesia dan mereka hidup sesuai Syari'at Islam (hukum Islam). Menurut hasil sensus Badan Pusat Statistik pada akhir tahun 2025 berjumlah 5.715.781 jiwa.
Provinsi Aceh memiliki sumber daya alam yang melimpah, termasuk minyak bumi dan gas alam. Sejumlah analis memperkirakan cadangan gas alam Aceh adalah yang terbesar di dunia. Aceh juga terkenal dengan hutannya yang terletak di sepanjang jajaran Bukit Barisan dari Kutacane di Kabupaten Aceh Tenggara sampai Ulu Masen di Kabupaten Aceh Jaya. Sebuah taman nasional bernama Taman Nasional Gunung Leuser (TNGL) didirikan di Kabupaten Aceh Tenggara.
Provinsi Aceh adalah daratan yang paling dekat dengan episentrum gempa bumi Samudra Hindia 2004. Setelah gempa, gelombang tsunami menerjang sebagian besar pesisir barat provinsi ini. Sekitar 170.000 orang tewas atau hilang akibat bencana tersebut. Bencana ini juga mendorong terciptanya perjanjian damai antara pemerintah Republik Indonesia dan kelompok seperatis, Gerakan Aceh Merdeka (GAM).",2026-10-09T04:39:36.424854+00:00
Masjid Damarjati,"Kota Salatiga, Jawa Tengah",Masjid,ChIJJ-xEizt4ei4RCklFlj0L0do,Masjid Damarjati,"MGG3+MXW, Jl. K.H Jl. Damar Jati, Kaloka, Kec. Sidorejo, Kota Salatiga, Jawa Tengah 50711, Indonesia",4.7,216.0,https://maps.google.com/?cid=15767396129542850826&g_mp=CiVnb29nbGUubWFwcy5wbGFjZXMudjEuUGxhY2VzLkdldFBsYWNlEAIYBCAA,-7.3232542999999986,110.5049481,SUCCESS,FIRST_RESULT,2026-09-27T17:35:37.412594+00:00,,,Masjid Damarjati,https://id.wikipedia.org/wiki/Masjid_Damarjati,0.9999999999999999,EXACT_MATCH,"Masjid Damarjati merupakan Masjid Tertua di Kota Salatiga. Masjid ini terletak di Dukuh Krajan RT 002 / RW 005, Kelurahan Salatiga, Kecamatan Sidorejo, Kota Salatiga, Provinsi Jawa Tengah, Indonesia",2026-10-09T04:39:36.687838+00:00
Masjid Agung Jawa Tengah,"Kota Semarang, Jawa Tengah",Masjid,ChIJHySYbLeMcC4R-RvUJK9z-2o,Masjid Agung Jawa Tengah (MAJT),"Jl. Gajah Raya, Sambirejo, Kec. Gayamsari, Kota Semarang, Jawa Tengah 50166, Indonesia",4.7,26369.0,https://maps.google.com/?cid=7708882383249087481&g_mp=CiVnb29nbGUubWFwcy5wbGFjZXMudjEuUGxhY2VzLkdldFBsYWNlEAIYBCAA,-6.984055700000001,110.4461347,SUCCESS,FIRST_RESULT,2026-09-27T17:35:37.989104+00:00,,,Masjid Agung Jawa Tengah,https://id.wikipedia.org/wiki/Masjid_Agung_Jawa_Tengah,1.0000000000000002,EXACT_MATCH,"Masjid Agung Jawa Tengah (bahasa Jawa: ꦩꦱ꧀ꦗꦶꦢ꧀ꦄꦒꦼꦁꦗꦮꦶꦩꦢꦾ, translit. Masjid Agêng Jawi Madya) adalah masjid yang terletak di Semarang, Jawa Tengah, Indonesia.
Masjid ini mulai dibangun sejak tahun 2001 hingga selesai secara keseluruhan pada tahun 2006. Masjid ini berdiri di atas lahan 10 hektare. Masjid Agung diresmikan oleh Presiden Susilo Bambang Yudhoyono pada tanggal 14 November 2006. Masjid Agung Jawa Tengah (MAJT) merupakan masjid provinsi bagi provinsi Jawa Tengah.",2026-10-09T04:39:36.943289+00:00
Masjid Baiturrahman Semarang,"Kota Semarang, Jawa Tengah",Masjid,ChIJoxAXGFmLcC4Rai-Up-yyZtw,Baiturrahman Grand Mosque Semarang,"Jl. Pandanaran No.126, Pekunden, Kec. Semarang Tengah, Kota Semarang, Jawa Tengah 50241, Indonesia",4.8,6563.0,https://maps.google.com/?cid=15881577865462165354&g_mp=CiVnb29nbGUubWFwcy5wbGFjZXMudjEuUGxhY2VzLkdldFBsYWNlEAIYBCAA,-6.9891969,110.422142,SUCCESS,FIRST_RESULT,2026-09-27T17:35:38.564941+00:00,,,Masjid Baiturrahman Semarang,https://id.wikipedia.org/wiki/Masjid_Baiturrahman_Semarang,1.0,EXACT_MATCH,"Masjid Raya Baiturrahman Semarang (Hanacaraka: ꦩꦱ꧀ꦗꦶꦢ꧀ꦫꦪꦧꦻꦠꦸꦂꦫꦃꦩꦤ꧀ꦱꦼꦩꦫꦁ) merupakan sebuah masjid yang terletak di Semarang, Indonesia. Masjid ini dibangun pada tahun 1968 dan selesai pada tahun 1974.
Pembangunan Masjid Raya Baiturahman dimulai pada 10 Agustus 1968 dengan ditandai pemasangan tiang pancang untuk pondasi masjid sebanyak 137 buah. Masjid diresmikan oleh Presiden Soeharto pada 15 Desember 1974. Keberadaan masjid ini hingga sekarang menjadi kebanggaan warga Semarang, apalagi lokasinya berada di Simpang Lima yang merupakan pusat kota Semarang. Bangunan masjid berbentuk limasan dan berdiri di atas lahan seluas 11.765 m2. Saat ini Masjid Raya Baiturrahman tidak hanya berfungsi sebagai tempat ibadah dan wadah berkumpulnya umat, melainkan juga pusat dakwah Islam. Di kompleks tersebut juga berkembang pesat lembaga pendidikan TK-SD HJ Isriati 1.",2026-10-09T04:39:37.208294+00:00
Masjid Agung Pati,"Kabupaten Pati, Jawa Tengah",Masjid,ChIJn7ZWxFDScC4RBfqi43xI0BE,Masjid Agung Baitunnur Pati,"Jl. Tombronegoro No.148, Pati Kidul, Pati Lor, Kec. Pati, Kabupaten Pati, Jawa Tengah 59114, Indonesia",4.7,842.0,https://maps.google.com/?cid=1283605595032844805&g_mp=CiVnb29nbGUubWFwcy5wbGFjZXMudjEuUGxhY2VzLkdldFBsYWNlEAIYBCAA,-6.7537373,111.0392727,SUCCESS,FIRST_RESULT,2026-09-27T17:35:39.021045+00:00,,,Masjid Agung Baitunnur Pati,https://id.wikipedia.org/wiki/Masjid_Agung_Baitunnur_Pati,1.0000000000000022,EXACT_MATCH,Masjid Agung Baitunnur Pati merupakan masjid besar di Kabupaten Pati.,2026-10-09T04:39:37.478743+00:00
Arca Joko Budhek,"Kabupaten Tulungagung, Jawa Timur",Patung,ChIJd3ygiHfheC4RlMfeXB4y4Jw,Gunung Joko Budheg/G. Cikrak,"Area Gn., Tanggung, Kec. Campurdarat, Kabupaten Tulungagung, Jawa Timur 66272, Indonesia",4.5,365.0,https://maps.google.com/?cid=11304090170688456596&g_mp=CiVnb29nbGUubWFwcy5wbGFjZXMudjEuUGxhY2VzLkdldFBsYWNlEAIYBCAA,-8.1356901,111.9067879,SUCCESS,FIRST_RESULT,2026-09-27T17:35:39.579698+00:00,,,Kabupaten Tulungagung,https://id.wikipedia.org/wiki/Kabupaten_Tulungagung,0.11124090490372571,SIMILARITY_MATCH,"Kabupaten Tulungagung (bahasa Jawa: Hanacaraka: ꦠꦸꦭꦸꦁꦲꦒꦸꦁ, Pegon: تولوڠ أڮوڠ 
translit. Tulung-agung; pengucapan bahasa Jawa: [ˈt̪ulʊŋ ˈaɡʊŋ]) adalah kabupaten yang terletak di Provinsi Jawa Timur, Indonesia. Ibu kotanya adalah Kecamatan Tulungagung. Kabupaten Tulungagung terkenal sebagai satu dari beberapa daerah penghasil marmer terbesar di Indonesia.",2026-10-09T04:39:37.740965+00:00
Patung Bekantan,"Kota Banjarmasin, Kalimantan Selatan",Patung,ChIJ6Wa3Jskj5C0R0EI-h8pTorw,Tugu Patung Bekantan,"Sungai Baru, Banjarmasin Tengah, Banjarmasin City, South Kalimantan, Indonesia",4.6,2739.0,https://maps.google.com/?cid=13592518754675081936&g_mp=CiVnb29nbGUubWFwcy5wbGFjZXMudjEuUGxhY2VzLkdldFBsYWNlEAIYBCAA,-3.3218169,114.594482,SUCCESS,FIRST_RESULT,2026-09-27T17:35:40.136722+00:00,,,Bekantan Park,https://id.wikipedia.org/wiki/Bekantan_Park,0.5012321488909935,SIMILARITY_MATCH,"Bekantan Park merupakan salah satu destinasi wisata keluarga yang cukup populer di Kalimantan Selatan. Sesuai dengan namanya, taman ini menjadikan bekantan, satwa endemik Kalimantan yang juga menjadi maskot provinsi, sebagai ikon utama. Bekantan Park tidak hanya sekedar taman hiburan, tetapi juga ruang rekreasi edukatif yang menggabungkan unsur permainan, satwa, serta spot foto menarik. Kehadiran tempat ini menjadi pilihan warga Banjarbaru dan sekitarnya untuk berlibur dengan harga terjangkau sekaligus menambah pengetahuan.",2026-10-09T04:39:38.003956+00:00
Arca Wisnu,"Kabupaten Sumenep, Jawa Timur",Patung,,,,,,,,,,,,NOT_FOUND,NO_GOOGLE_RESULT,Arca Garuda Wisnu,https://id.wikipedia.org/wiki/Arca_Garuda_Wisnu,0.7174558194756627,SIMILARITY_MATCH,"Arca Garuda Wisnu adalah sebuah arca yang menggambarkan Dewa Wisnu sedang duduk di atas burung Garuda sebagai wahana atau kendaraan. Arca ini terbuat dari batu andesit dan berasal dari abad ke-9 hingga ke-10 Masehi, ditemukan di wilayah Sleman, Yogyakarta.",2026-10-09T04:39:38.271534+00:00
Patung Warak Ngendok,"Kabupaten Kendal, Jawa Tengah",Patung,ChIJs6kBWFqLcC4RHnq-X4GvFrU,Taman Pandanaran,"2C68+VVQ, Jl. Pandanaran, Mugassari, Kec. Semarang Sel., Kota Semarang, Jawa Tengah 50249, Indonesia",4.4,1893.0,https://maps.google.com/?cid=13048809940544551454&g_mp=CiVnb29nbGUubWFwcy5wbGFjZXMudjEuUGxhY2VzLkdldFBsYWNlEAIYBCAA,-6.9877936,110.4172262,SUCCESS,FIRST_RESULT,2026-09-27T17:35:40.729903+00:00,,,Koridor 1 Trans Semarang,https://id.wikipedia.org/wiki/Koridor_1_Trans_Semarang,0.14764289429604646,SIMILARITY_MATCH,Koridor 1 Trans Semarang adalah salah satu koridor Trans Semarang yang melayani rute dari Mangkang yang berada di ujung barat Kota Semarang menuju Penggaron yang berada di ujung timur Kota Semarang. Tipe bus yang digunakan oleh koridor 1 adalah Hino RK8 R260 (J08E-UF) bantuan Kementerian Perhubungan tahun anggaran 2016 produksi Laksana. Armada tersebut berwarna biru tua dengan aksen putih siluet perkotaan dan pintu di kedua sisi. Armada koridor 1 ini adalah satu-satunya (dahulu dua) armada Trans Semarang yang menggunakan armada berukuran besar sebagai armada utamanya.,2026-10-09T04:39:38.531795+00:00
Arca Manusia Purba,"Kota Pagar Alam, Sumatera Selatan",Patung,ChIJu2zHl7NrNy4Ry_SOlDvz5KM,Situs Megalithikum Tanjung Aro,"X6WP+2J6, Kuripan Babas, Pagar Alam Utara, Pagar Alam City, South Sumatra 31519, Indonesia",4.1,62.0,https://maps.google.com/?cid=11809831560093299915&g_mp=CiVnb29nbGUubWFwcy5wbGFjZXMudjEuUGxhY2VzLkdldFBsYWNlEAIYBCAA,-4.0049658,103.2365275,SUCCESS,FIRST_RESULT,2026-09-27T17:25:44.500580+00:00,,,Megalit Besemah,https://id.wikipedia.org/wiki/Megalit_Besemah,0.24654222216527488,SIMILARITY_MATCH,"Megalit Besemah adalah sejumlah megalit yang terdapat di dataran tinggi Besemah (Sumatera bagian Selatan).
Budaya megalitik Besemah mulai diteliti pertama kali dan ditulis oleh L. Ullmann dalam artikelnya Hindoe-belden in binnenlanden van Palembang yang dimuat oleh Indich Archief (1850). Dalam tulisan Ullmann tersebut H. Loffs menyimpulkan bahwa arca-arca tersebut merupakan peninggalan dari masa Hindu. tetapi pendapat ini ditentang oleh Van der Hoop pada tahun 1932, ia menyatakan bahwa peninggalan tersebut dari masa yang lebih tua. Setelah penelitian Van der Hoop, penelitian tentang megalitik Besemah dilanjutkan oleh peneliti-peneliti arkeologi, seperti R.P. Soejono, Teguh Asmar, Haris Sukendar, Bagyo Prasetyo, peneliti dari Pusat Penelitian Arkeologi Nasional, dan peneliti dari Balai Arkeologi Palembang secara intensif melakukan penelitian di wilayah Besemah sampai saat ini.
Magister Seni Rupa dari Fakultas Seni Rupa dan Desain Institut Teknologi Bandung, A. Erwan Suryanegara (2004) dalam tesis berjudul “Artefak Purba dari Besemah, Analisis Ungkap Rupa Patung Megalitik di Besemah"" mengemukakan, ""Dari hasil penelitian ini diketahui, manusia pendukung budaya megalitik di Besemah cenderung sudah mengenal dan bahkan sudah memanfaatkan alat kerja dari bahan logam (perunggu). Mereka sudah memiliki kemampuan yang baik dalam memahat patung dari batu besar jenis batuan andesit, dengan sudut yang tajam juga runcing. Patung megalitik Besemah secara perupaan wujud fisiknya tampak bersifat dinamis-piktorial dengan gaya ekspresi yang cenderung realistik, tidak mengenal adanya pengulangan bentuk yang sama atau disebut sebagai “tunggal-jamak”, memiliki sikap tubuh yang cenderung condong ke depan, kepala atau wajah sedikit menengadah, dan kaki selalu ditekuk atau dilipat. Sosok objek yang divisualkan cenderung jamak berupa manusia dan binatang, serta dilengkapi pula dengan simbol maupun atribut. Berdasarkan ungkap rupa simboliknya diketahui, bahwa patung tersebut adalah representasi dari arwah nenek moyang sesuai kosmologi masyarakat Besemah di kala itu, dan sebagai bagian tidak terpisahkan dari upacara maupun ritual mistis dalam rangka pemujaan terhadap arwah leluhur. Ciri khas patung megalitik Besemah adalah pada gaya perupaannya yang bersifat dinamis-piktorial dan cenderung realistik, merupakan karya patung megalitik terbaik di zamannya khususnya yang berada di wilayah Besemah, karena telah memvisualkan seluruh anggota badan (kepala, badan, kaki, dan tangan) dari sosok objeknya secara lengkap, baik berupa manusia maupun binatang. Patung-patung megalitik Besemah juga merepresentasikan suatu masyarakat yang berbudaya mistis – agraris dengan pola peladang, dan berjiwa patriotik.""
Penampilan peninggalan budaya megalitik Besemah sangat ""sophiscated"" dengan tampilnya pahatan-pahatan yang begitu maju, dan digambarkan alat-alat yang dibuat dari perunggu memberikan tanda bahwa megalitik Besemah telah berkembang dalam arus globalisasi (pertukaran) budaya yang pesat. Alat-alat perunggu yang dipahat adalah nekara yang merupakan kebudayaan Dongson, Vietnam. Temuan peninggalan megalitik di Besemah begitu banyak variasinya, berdasarkan survei yang dilakukan peneliti Balai Arkeologi Palembang, Budi Wiyana telah menemukan 19 situs megalitik baik yang tersebar secara mengelompok maupun sendiri (1996).",2026-10-09T04:39:38.804958+00:00
Patung Salib Buntu Singki,"Kabupaten Toraja Utara, Sulawesi Selatan",Patung,ChIJp6A3xvrpky0RKQivnJG6CI4,Buntu Singki' Tugu Salib,"Buntu Singki, 2VGR+QX6, Mentirotiku, Kec. Rantepao, Kabupaten Toraja Utara, Sulawesi Selatan 91833, Indonesia",4.0,199.0,https://maps.google.com/?cid=10234635287761193001&g_mp=CiVnb29nbGUubWFwcy5wbGFjZXMudjEuUGxhY2VzLkdldFBsYWNlEAIYBCAA,-2.9730982,119.8923877,SUCCESS,FIRST_RESULT,2026-09-27T17:25:44.866761+00:00,,,Kabupaten Toraja Utara,https://id.wikipedia.org/wiki/Kabupaten_Toraja_Utara,0.03029667665343119,SIMILARITY_MATCH,"Kabupaten Toraja Utara adalah sebuah kabupaten di Provinsi Sulawesi Selatan, Indonesia. Ibu kota kabupaten ini berada di Kecamatan Rantepao. Kabupaten ini dibentuk berdasarkan Undang-Undang Nomor 28 Tahun 2008 yang merupakan pemekaran dari Kabupaten Tana Toraja. 
Kabupaten Toraja Utara memiliki penduduk berjumlah 261.652 jiwa (2023), berdasarkan data resgistrasi penduduk oleh Badan Pusat Statistik Kabupaten Toraja Utara 2024. Dan pada pertengahan 2024, penduduk Toraja Utara sebanyak 264.277 jiwa. Kabupaten Toraja Utara merupakan basis Gereja Toraja paling banyak di Provinsi Sulawesi Selatan.",2026-10-09T04:39:39.063229+00:00
Patung Joko Dolog,"Kota Surabaya, Jawa Timur",Patung,ChIJDUt6pWH51y0RtOlIA_l3XXw,Arca Joko Dolog,"PPPV+24J, Jl. Taman Apsari, Embong Kaliasin, Kec. Genteng, Surabaya, Jawa Timur 60271, Indonesia",4.6,1024.0,https://maps.google.com/?cid=8961450744922827188&g_mp=CiVnb29nbGUubWFwcy5wbGFjZXMudjEuUGxhY2VzLkdldFBsYWNlEAIYBCAA,-7.264915599999999,112.7427767,SUCCESS,FIRST_RESULT,2026-09-27T17:35:41.334521+00:00,,,Arca Joko Dolog,https://id.wikipedia.org/wiki/Arca_Joko_Dolog,0.9999999999999986,EXACT_MATCH,"Arca Joko Dolog merupakan salah satu cagar budaya yang ada di Jalan Taman Apsari, Surabaya. Arca ini melambangkan perwujudan Raja Singhasari terakhir, Kertanagara. Adapun bentuk dan gestur yang menjadi karakteristik arca tersebut merujuk kepada ciri-ciri Buddha Aksobhya. 
Arca Joko Dolog dipahat oleh seseorang yang bernama Nada, dan pembuatannya dilakukan sekitar tiga tahun sebelum Raja Kertanegara meninggal karena dibunuh oleh tentara Jayakatwang adipati Gelang-gelang kini Madiun yang memberontak pada Singasari.",2026-10-09T04:39:39.322421+00:00
Patung Dewi Kwan Im,Kepulauan Riau,Patung,ChIJ-8mudtaK2TEROZcnjXk5cTc,Kwan Im Temple,"4WRC+34H, Tanjung Pinggir, Sekupang, Batam City, Riau Islands, Indonesia",4.6,121.0,https://maps.google.com/?cid=3995037538676348729&g_mp=CiVnb29nbGUubWFwcy5wbGFjZXMudjEuUGxhY2VzLkdldFBsYWNlEAIYBCAA,1.1401811,103.9203447,SUCCESS,FIRST_RESULT,2026-09-27T17:35:41.923374+00:00,,,Kwan Im,https://id.wikipedia.org/wiki/Kwan_Im,0.5953354654586117,SIMILARITY_MATCH,"Kwan Im (Hanzi: 觀音; Pinyin: Guān Yīn) adalah nama lain dari Bodhisattva Avalokiteśvara yang merupakan Bodhisattva Welas Asih (Hanzi: 大慈大悲；Pinyin: Da Ci Da Bei) sebagaimana diakui oleh Buddhisme aliran Mahāyāna. Kwan Im adalah lafal bahasa Hokkian yang dipergunakan mayoritas komunitas Tionghoa di Indonesia. Meskipun sering kali dipanggil sebagai ""Dewi Kwan Im"", Bodhisattva Avalokiteśvara bukan merupakan seorang dewi dalam kosmologi Buddhisme Mahāyāna. Nama lengkap dari Kwan Im adalah Kwan She Im Phosat (Hanzi: 觀世音菩薩, pinyin: Guan Shi Yin Pu Sa) yang merupakan terjemahan dari nama aslinya dalam bahasa Sanskerta, yaitu Avalokiteśvara.
Dalam bahasa Jepang, Kwan Im disebut Kannon' (観音) atau secara resmi Kanzeon (観世音). Dalam bahasa Korea disebut Gwan-eum atau Gwanse-eum, dan dalam bahasa Vietnam Quán Âm atau Quan Thế Âm Bồ Tát.
Avalokitesvara asalnya digambarkan berwujud laki-laki di India, begitu pula pada masa menjelang dan selama Dinasti Tang (tahun 618-907). Namun, pada awal Dinasti Song (960-1279), berkisar pada abad ke 11, beberapa pengikut melihatnya sebagai sosok wanita yang kemudian digambarkan dalam para seniman. Perwujudan Kwan Im sebagai sosok wanita lebih jelas pada masa Dinasti Yuan (1206-1368). Sejak masa Dinasti Ming, atau berkisar pada abad ke 15, Kwan Im secara menyeluruh dikenal sebagai wanita.",2026-10-09T04:39:39.582461+00:00
Patung Letda Sucipto,"Kabupaten Tuban, Jawa Timur",Patung,ChIJ9S1nZq6idy4RZtym0Hvyw9o,Patung Letda Soetjipto,"Jl. Letda Sucipto No.1, RT.002/RW.004, Latsari, Kec. Tuban, Kabupaten Tuban, Jawa Timur 62314, Indonesia",4.6,620.0,https://maps.google.com/?cid=15763709734322363494&g_mp=CiVnb29nbGUubWFwcy5wbGFjZXMudjEuUGxhY2VzLkdldFBsYWNlEAIYBCAA,-6.891917899999999,112.040442,SUCCESS,FIRST_RESULT,2026-09-27T17:35:42.540067+00:00,,,Kabupaten Tuban,https://id.wikipedia.org/wiki/Kabupaten_Tuban,0.04330720686609804,SIMILARITY_MATCH,"Kabupaten Tuban (bahasa Jawa: Hanacaraka: ꦠꦸꦧꦤ꧀ Pegon: توبان; pengucapan bahasa Jawa: [ˈt̪uban]), adalah sebuah wilayah kabupaten yang terletak di Provinsi Jawa Timur, Indonesia. Ibu kotanya adalah Kecamatan Tuban. Kabupaten Tuban terletak di Pantai Utara Jawa, yang terdiri dari 20 kecamatan dan beribu kota di Kecamatan Tuban. Kabupaten Tuban mempunyai letak yang strategis, yakni di perbatasan Provinsi Jawa Timur dan Provinsi Jawa Tengah dengan dilintasi oleh Jalan Nasional Daendels yang berada di Jalur Pantai Utara. Pada akhir tahun 2023, jumlah penduduk kabupaten Tuban sebanyak 1.258.368 jiwa.
Kabupaten Tuban berbatasan langsung dengan Rembang di sebelah barat, Lamongan di sebelah timur, dan Bojonegoro di sebelah selatan. Pusat pemerintahan Kabupaten Tuban terletak 100 km sebelah barat laut Kota Surabaya, ibu kota Provinsi Jawa Timur dan 210 km sebelah timur Kota Semarang, ibu kota Provinsi Jawa Tengah. Oleh karena itu, pada zaman dahulu Tuban dijadikan pelabuhan utama Kerajaan Majapahit dan menjadi salah satu pusat penyebaran agama Islam oleh para Walisongo.
Luas wilayah Tuban 1.839 km2, dan wilayah laut seluas 22.608 km2. Letak astronomi Kabupaten Tuban pada koordinat 111° 30'–112° 35 BT dan 6° 40'–7° 18' LS. Panjang wilayah pantai 65 km. Ketinggian daratan di Kabupaten Tuban bekisar antara 0–500 mdpl. Sebagian besar wilayah Kabupaten Tuban beriklim kering dengan kondisi bervariasi dari agak kering sampai sangat kering yang berada di 19 kecamatan, sedangkan yang beriklim agak basah berada pada 1 kecamatan.
Tuban terletak di jalur pantura dan pada deretan pegunungan Kapur Utara. Pegunungan Kapur Utara di Tuban terbentang dari Kecamatan Jatirogo sampai Kecamatan Widang, dan dari Kecamatan Merakurak sampai Kecamatan Soko. Sedangkan wilayah laut, terbentang antara lima kecamatan, yakni Kecamatan Bancar, Kecamatan Tambakboyo, Kecamatan Jenu, Kecamatan Tuban dan Kecamatan Palang.
Kabupaten Tuban berada pada ujung utara dan bagian barat Jawa Timur yang berada langsung di perbatasan Jawa Timur dan Jawa Tengah atau antara Kabupaten Tuban dan Kabupaten Rembang. Tuban memiliki titik terendah, yakni 0 mdpl yang berada di Jalur Pantura dan titik tertinggi 500 mdpl yang berada di Kecamatan Grabagan. Daerah Tuban juga dilalui oleh Sungai Bengawan Solo yang mengalir dari hulu di sekitar Waduk Gajah Mungkur, Wonogiri hingga titik akhirnya bermuara di tepi Laut Jawa yang berada di wilayah Gresik.",2026-10-09T04:39:39.843858+00:00
Patung Satria Gatot Kaca,"Kabupaten Badung, Bali",Patung,ChIJ3Urujw9E0i0RWSEmcOlT2sg,Satria Gatotkaca Park,"Jl. Raya Tuban No.1, Tuban, Kec. Kuta, Kabupaten Badung, Bali 80361, Indonesia",4.6,4374.0,https://maps.google.com/?cid=14472972614582542681&g_mp=CiVnb29nbGUubWFwcy5wbGFjZXMudjEuUGxhY2VzLkdldFBsYWNlEAIYBCAA,-8.744380099999999,115.1787896,SUCCESS,FIRST_RESULT,2026-09-27T17:25:45.412223+00:00,,,Gatotkaca,https://id.wikipedia.org/wiki/Gatotkaca,0.6497377692415895,SIMILARITY_MATCH,"Gatotkaca  (Dewanagari: घटोत्कच; ,IAST: Ghaṭotkaca, घटोत्कच) adalah seorang tokoh dalam wiracarita Mahabharata, putra Bimasena (Bima) atau Werkodara dari keluarga Pandawa. Ibunya bernama Hidimbi (Arimbi), berasal dari bangsa rakshasa. Gatotkaca dikisahkan memiliki kekuatan luar biasa. Dalam perang besar di Kurukshetra, ia menewaskan banyak sekutu Korawa sebelum akhirnya gugur di tangan Karna.
Di Indonesia, Gatotkaca menjadi tokoh pewayangan yang sangat populer. Misalnya dalam pewayangan Jawa, ia dikenal dengan sebutan Gatotkoco (bahasa Jawa: Gathotkaca). Kesaktiannya dikisahkan luar biasa, antara lain mampu terbang di angkasa tanpa menggunakan sayap, serta terkenal dengan julukan ""otot kawat tulang besi"".",2026-10-09T04:39:40.103108+00:00
Patung Dewi Kwan Im Di,Kepulauan Riau,Patung,ChIJ-8mudtaK2TEROZcnjXk5cTc,Kwan Im Temple,"4WRC+34H, Tanjung Pinggir, Sekupang, Batam City, Riau Islands, Indonesia",4.6,121.0,https://maps.google.com/?cid=3995037538676348729&g_mp=CiVnb29nbGUubWFwcy5wbGFjZXMudjEuUGxhY2VzLkdldFBsYWNlEAIYBCAA,1.1401811,103.9203447,SUCCESS,FIRST_RESULT,2026-09-27T17:25:45.737455+00:00,,,Kwan Im,https://id.wikipedia.org/wiki/Kwan_Im,0.589708979243796,SIMILARITY_MATCH,"Kwan Im (Hanzi: 觀音; Pinyin: Guān Yīn) adalah nama lain dari Bodhisattva Avalokiteśvara yang merupakan Bodhisattva Welas Asih (Hanzi: 大慈大悲；Pinyin: Da Ci Da Bei) sebagaimana diakui oleh Buddhisme aliran Mahāyāna. Kwan Im adalah lafal bahasa Hokkian yang dipergunakan mayoritas komunitas Tionghoa di Indonesia. Meskipun sering kali dipanggil sebagai ""Dewi Kwan Im"", Bodhisattva Avalokiteśvara bukan merupakan seorang dewi dalam kosmologi Buddhisme Mahāyāna. Nama lengkap dari Kwan Im adalah Kwan She Im Phosat (Hanzi: 觀世音菩薩, pinyin: Guan Shi Yin Pu Sa) yang merupakan terjemahan dari nama aslinya dalam bahasa Sanskerta, yaitu Avalokiteśvara.
Dalam bahasa Jepang, Kwan Im disebut Kannon' (観音) atau secara resmi Kanzeon (観世音). Dalam bahasa Korea disebut Gwan-eum atau Gwanse-eum, dan dalam bahasa Vietnam Quán Âm atau Quan Thế Âm Bồ Tát.
Avalokitesvara asalnya digambarkan berwujud laki-laki di India, begitu pula pada masa menjelang dan selama Dinasti Tang (tahun 618-907). Namun, pada awal Dinasti Song (960-1279), berkisar pada abad ke 11, beberapa pengikut melihatnya sebagai sosok wanita yang kemudian digambarkan dalam para seniman. Perwujudan Kwan Im sebagai sosok wanita lebih jelas pada masa Dinasti Yuan (1206-1368). Sejak masa Dinasti Ming, atau berkisar pada abad ke 15, Kwan Im secara menyeluruh dikenal sebagai wanita.",2026-10-09T04:39:40.364278+00:00
Patung Mini,"Kabupaten Jepara, Jawa Tengah",Patung,ChIJcyWaBRcfcS4RfZwdQQCjTgE,Sentral Patung Mulyoharjo Jepara,"Jl. Mulyoharjo, Mulyoharjo II, Mulyoharjo, Kec. Jepara, Kabupaten Jepara, Jawa Tengah 59431, Indonesia",4.5,398.0,https://maps.google.com/?cid=94191863709146237&g_mp=CiVnb29nbGUubWFwcy5wbGFjZXMudjEuUGxhY2VzLkdldFBsYWNlEAIYBCAA,-6.580224299999999,110.6717052,SUCCESS,FIRST_RESULT,2026-09-27T17:35:42.933505+00:00,,,"Mulyoharjo, Jepara, Jepara","https://id.wikipedia.org/wiki/Mulyoharjo,_Jepara,_Jepara",0.599655541432172,SIMILARITY_MATCH,"Mulyoharjo adalah sebuah desa di kecamatan Jepara, Jepara, Jawa Tengah, Indonesia. desa mulyoharjo juga di kenal sebagai sentra industri seni patung dan pahat dari kayu. desa mulyoharjo merupakan cikal bakal dari seni ukir jepara. zaman dahulu terkenal dengan ukiran Macan Kurung. Desa Mulyoharjo adalah Desa Wisata Industri Kreatif (DEWINDIF).",2026-10-09T04:39:40.628135+00:00
Arca Dwarapala,"Kabupaten Malang, Jawa Timur",Patung,ChIJAQAAAFUq1i0RFp_UmMxHEio,Juḷē Dvārapāla - जुळे द्वारपाल - Arca Dwarapala Kembar,"Jl. Kertanegara Bar. No.15, Pagetan, Candirenggo, Kec. Singosari, Kabupaten Malang, Jawa Timur 65153, Indonesia",4.7,238.0,https://maps.google.com/?cid=3031564443236736790&g_mp=CiVnb29nbGUubWFwcy5wbGFjZXMudjEuUGxhY2VzLkdldFBsYWNlEAIYBCAA,-7.886922399999999,112.6619514,SUCCESS,FIRST_RESULT,2026-09-27T17:35:43.382963+00:00,,,Dwarapala,https://id.wikipedia.org/wiki/Dwarapala,0.8524980943265197,SIMILARITY_MATCH,"Dwarapala  (Dewanagari: द्वारपाल; ,IAST: Dvārapāla,; arti: ""penjaga pintu"") adalah sosok penjaga pintu dalam ajaran Hindu dan Buddha. Dalam seni patung, dwarapala digambarkan berbentuk manusia atau monster, dan biasanya menjadi elemen penting dalam arsitektur suatu bangunan keagamaan. Biasanya dwarapala diletakkan di luar candi, kuil atau bangunan lain untuk melindungi tempat suci atau tempat keramat di dalamnya.",2026-10-09T04:39:40.887667+00:00
Patung Buddha Empat Wajah,"Kota Surabaya, Jawa Timur",Patung,ChIJEc5bXOb51y0Rx0tlU7rCWH4,Patung Brahma Empat Wajah,"Jl. Pantai Ria Kenjeran No.8, Sukolilo Baru, Kec. Bulak, Surabaya, Jawa Timur 60122, Indonesia",4.7,30.0,https://maps.google.com/?cid=9104240752248310727&g_mp=CiVnb29nbGUubWFwcy5wbGFjZXMudjEuUGxhY2VzLkdldFBsYWNlEAIYBCAA,-7.2472841,112.8010814,SUCCESS,FIRST_RESULT,2026-09-27T17:25:46.441234+00:00,,,Brahma Empat Wajah,https://id.wikipedia.org/wiki/Brahma_Empat_Wajah,0.8657121415829923,SIMILARITY_MATCH,"Brahma Empat Wajah atau Brahma Catur Muka, dikenal sebagai Phra Phrom (bahasa Thai: พระพรหม; Vara Brahma) di Thailand, adalah representasi dewa Brahma dalam Hinduisme atau makhluk brahma dalam Buddhisme. Budaya Thailand memujanya sebagai sosok keberuntungan dan perlindungan.
Meskipun sering secara keliru disebut sebagai Buddha Empat Wajah atau Buddha Catur Muka, penamaan tersebut tidak sesuai dengan ajaran agama Buddha karena makhluk yang direpresentasikan adalah makhluk brahma yang belum mencapai bodhi (kecerahan). Pada suatu kesempatan, sesosok brahma bernama Sahampati bersujud dan memohon kepada Sang Buddha untuk mengajarkan Dhamma. Di luar Thailand, Phra Phrom juga dikenal dengan nama Si Mian Fo (Hanzi: 四面佛; Pinyin: Sì Miàn Fó; lit. Buddha Berwajah Empat) dan Si Mian Shen (Hanzi: 四面神; Pinyin: Sì Miàn Shen; lit. Dewa Berwajah Empat), terutama oleh masyarakat Tionghoa yang tinggal di Hong Kong, Macau, dan Taiwan. Di sana, pemujaan Phra Phrom sangat populer.",2026-10-09T04:39:41.149744+00:00
Prasasti Padang Roco,"Kabupaten Dharmasraya, Sumatera Barat",Prasasti,ChIJg8L9GrSXKy4RjpIWOLgAnFE,Kompleks Candi Padang Roco,"2HPX+GPP, Siguntur, Sitiung, Dharmasraya Regency, West Sumatra 27678, Indonesia",5.0,7.0,https://maps.google.com/?cid=5880576004654011022&g_mp=CiVnb29nbGUubWFwcy5wbGFjZXMudjEuUGxhY2VzLkdldFBsYWNlEAIYBCAA,-0.9636719,101.599317,SUCCESS,FIRST_RESULT,2026-09-27T17:35:43.740696+00:00,,,Prasasti Padang Roco,https://id.wikipedia.org/wiki/Prasasti_Padang_Roco,0.9999999999999983,EXACT_MATCH,"Prasasti Padang Roco adalah sebuah prasasti yang ditemukan pada tahun 1911 di hulu sungai Batanghari, kompleks percandian Padang Roco, Nagari Siguntur, Kecamatan Sitiung, Kabupaten Dharmasraya, Sumatera Barat. Prasasti ini merupakan sebuah lapik (alas) arca Amoghapāśa yang pada empat sisinya terdapat manuskrip (NBG 1911: 129, 20e). Prasasti ini dipahatkan 4 baris tulisan dengan aksara Kawi dan memakai dua bahasa (Melayu Kuno dan Sanskerta) (Krom 1912, 1916; Moens 1924; dan Pitono 1966). Prasasti ini kini disimpan di Museum Nasional Indonesia di Jakarta dengan nomor inventaris D.198-6468 (bagian alas atau prasasti) dan D.198-6469 (bagian arca).",2026-10-09T04:39:41.401978+00:00
Prasasti Hering,"Kabupaten Nganjuk, Jawa Timur",Prasasti,ChIJRaApwHI3eC4R31ch7bTtmMM,Prasasti Bangle,"Unnamed Road, G26H+2GF, Hutan, Kehutanan, Kec. Gondang, Kabupaten Nganjuk, Jawa Timur 64451, Indonesia",5.0,3.0,https://maps.google.com/?cid=14094276395184248799&g_mp=CiVnb29nbGUubWFwcy5wbGFjZXMudjEuUGxhY2VzLkdldFBsYWNlEAIYBCAA,-7.489947799999999,112.0287922,SUCCESS,FIRST_RESULT,2026-09-27T17:35:44.344866+00:00,,,Prasasti Hering,https://id.wikipedia.org/wiki/Prasasti_Hering,1.0000000000000007,EXACT_MATCH,"Prasasti Hering adalah prasasti yang ditemukan pada tahun 1869 di Desa Kujon Manis, Kecamatan Warujayeng, Kabupaten Nganjuk. Prasasti ini bertanggal tahun 856 Saka atau 934 Masehi, dan menjelaskan tentang perdagangan tanah dan sawah. Tempat berdagang yaitu di Hering (Keringan), Marganung (Ganung) dan Hujung (Ngujung). Isi prasati terdiri atas 35 baris di bagian depan, 11 hingga 38 baris di bagian belakang, 45 baris di bagian kiri, dan 47 baris di bagian kanan. Tokoh utama yang diceritakan ialah Sri Isanawikrama Dharmmotunggadewa yang  menghapuskan pajak sawah di pedesaan. Saat ditemukan, Prasasti Hering berada di dalam batu. Prasasti ini disimpan di Museum Nasional Indonesia.",2026-10-09T04:39:41.673081+00:00
Prasasti Kinawe,"Kabupaten Nganjuk, Jawa Timur",Prasasti,ChIJTWFjLp1MeC4R_qF1VvrV1qQ,Lor Temple,"9V6W+J4J, Jl. Raya Madiun, Candirejo, Kec. Loceret, Kabupaten Nganjuk, Jawa Timur 64471, Indonesia",4.4,647.0,https://maps.google.com/?cid=11877916338405351934&g_mp=CiVnb29nbGUubWFwcy5wbGFjZXMudjEuUGxhY2VzLkdldFBsYWNlEAIYBCAA,-7.637762899999999,111.8922355,SUCCESS,FIRST_RESULT,2026-09-27T17:35:44.903922+00:00,,,Prasasti Kinawe,https://id.wikipedia.org/wiki/Prasasti_Kinawe,1.0000000000000004,EXACT_MATCH,"Prasasti Tanjung Kalang atau Prasasti Kinawe dari daerah Ngronggot, Kabupaten Nganjuk, Jawa Timur ini, untuk pertama kalinya dilaporkan oleh Hoepermans dalam Hindoeoudheiden van Java (1864-1867). Selanjutnya dicatat dalam Notulen tahun 1889 dan dibahas oleh Rouffaer, dan diberi kode D.66 (Rouffaer, 1909). Prasasti yang terdiri dari 13 baris itu, berasal dari tahun saka 849, dikeluarkan oleh seorang Pejabat tinggi Rake Gunungan Dyah Muatan, bersama ibunya yang bernama Dyah Bingah. Di dalamnya juga menyebut nama Raja Dyah Wawa, serta nama pejabat tinggi rakriyan Mapatih Mpu Sindok Isana Wikrama. (Brandes, 1913:49). Berdasarkan nama desa yang disebut dalam prasasti, piagam yang dikeluarkan bertepatan dengan tahun Masehi 28 Nopember 928 ini, disebut prasasti Kinawe (Damais, 1952: 55; 1955: 53-54).
Prasasti ini meresmikan desa (wanua) Kinawe watek Kadangan, dengan hak Sima sebagai desa yang dibebaskan dari pembayaran kepada raja. Berdasarkan unsure penanggalannya, prasasti ini dikeluarkan bertepatan dengan hari pekan Sadwara, Warukung (hari ketiga), Wagai hari Pancawara, Wrhaspati hari ke 5 Saptawara. Dapat disimpulkan bahwa Prasasti Kinawe dari desa Tanjungkalang ini dikeluarkan pada hari Kamis Wage tahun 928 Masehi atau secara lengkap bertepatan dengan hari: Kamis Wage bulan November 928.
Berikut beberapa fakta sejarah terkait prasasti Kinawe :
- Prasasti Kinawe ditemukan pada tahun 1864 oleh Hoepermans, seorang arkeolog Belanda.
- Prasasti Kinawe terbuat dari batu andesit dengan ukuran panjang 40 cm, lebar 90 cm, dan tinggi 124 cm.
- Prasasti Kinawe ditulis dengan aksara dan bahasa Jawa kuno.
- Prasasti Kinawe berangka tahun 849 Saka (927 M).
- Prasasti Kinawe diterbitkan oleh Rake Gunungan Dyah Muatan bersama ibunya, Dyah Bingah. 
Prasasti ini terdiri dari 13 baris prasasti yang ditulis oleh pejabat senior Rake Gunungan, Dyah Muatan, dan ibunya, Dyah Bingah. Prasasti ini menyebutkan nama Raja Wawa serta nama pejabat senior Rakryan Mapatih Mpu Sindok Isana Wikrama. Prasasti ini meresmikan Desa (wanua) Kinawe Watek Panggang dengan hak sima sebagai desa yang dibebaskan dari kewajiban membayar pajak kepada raja. Berdasarkan unsur penanggalan, prasasti ini dikeluarkan bertepatan dengan hari Sadwara, Warukung (hari ketiga), hari wagai Pancawara, wrhaspati 5 hari Saptawara. Ini bertepatan dengan tanggal 28 November 928 Masehi. Saat ini prasasti tersebut disimpan di Museum Nasional dengan kode D.66.",2026-10-09T04:39:41.935199+00:00
Prasasti Mula Malurung,"Kabupaten Lumajang, Jawa Timur",Prasasti,ChIJGw6ZyY5n1i0R-vqvd9ed0Es,Mula Malurung Lumajang Public Library,"Jl. Alun-Alun Barat No.1, Ditotrunan, Kec. Lumajang, Kabupaten Lumajang, Jawa Timur 67316, Indonesia",4.5,59.0,https://maps.google.com/?cid=5463039896751962874&g_mp=CiVnb29nbGUubWFwcy5wbGFjZXMudjEuUGxhY2VzLkdldFBsYWNlEAIYBCAA,-8.135421,113.2231373,SUCCESS,FIRST_RESULT,2026-09-27T17:35:45.447279+00:00,,,Prasasti Mula Malurung,https://id.wikipedia.org/wiki/Prasasti_Mula_Malurung,1.000000000000002,EXACT_MATCH,"Prasasti Mula Malurung (bahasa Jawa: [ꦥꦿꦯꦴꦱ꧀ꦠꦶꦩꦹꦭꦩꦭꦸꦫꦸꦁ] Galat: {{Lang}}: text has italic markup (bantuan), translit. Mūla-Maluruŋ) Adalah prasasti berupa lempengan-lempengan tembaga yang diterbitkan oleh Kṛtanagara pada tahun 1255 sebagai raja muda di Kaḍiri, atas perintah ayahnya Wiṣṇuwarddhana raja Siŋhasāri. Dan merupakan piagam pengesahan penganugerahan Desa Mula dan Desa Malurung untuk tokoh bernama Saŋ Prāṇarāja.
Kumpulan lempengan dari prasasti Mula & Malurung ditemukan pada dua waktu yang berbeda. Sebanyak sepuluh lempeng ditemukan pada tahun 1975 di dekat kota Kediri, Jawa Timur, Indonesia. Sedangkan pada bulan Mei 2001, kembali ditemukan tiga lempeng di lapak penjual barang loak, tak jauh dari lokasi penemuan sebelumnya. Keseluruhan lempeng prasasti saat ini disimpan di Museum Nasional Indonesia, Jakarta.",2026-10-09T04:39:42.186192+00:00
Prasasti Plumpungan,"Kota Salatiga, Jawa Tengah",Prasasti,ChIJ9x4wRwV4ei4RbSfvbIKObUE,Prasasti Plumpungan,"MGV6+589, Jl. Plumpungan Jl. Plompongan, RT.002/RW.001, Kauman Kidul, Kec. Sidorejo, Kota Salatiga, Jawa Tengah 50712, Indonesia",4.5,584.0,https://maps.google.com/?cid=4714581075751282541&g_mp=CiVnb29nbGUubWFwcy5wbGFjZXMudjEuUGxhY2VzLkdldFBsYWNlEAIYBCAA,-7.3064051,110.5110016,SUCCESS,FIRST_RESULT,2026-09-27T17:25:47.226143+00:00,,,Prasasti Plumpungan,https://id.wikipedia.org/wiki/Prasasti_Plumpungan,1.0000000000000016,EXACT_MATCH,"Prasasti Plumpungan atau Prasasti Hampran adalah objek kepurbakalaan berupa batu bertulis yang berada di Dukuh Plumpungan, Kelurahan Kauman Kidul, Kecamatan Sidorejo, Kota Salatiga, Provinsi Jawa Tengah. Prasasti itu tertulis dalam batu besar berjenis andesit berukuran panjang 170 cm dan lebar 160 cm dengan garis lingkar 5 meter. Prasasti berangka tahun 750 Masehi (672 Syaka) ini dipercaya sebagai asal mula Kota Salatiga.

Isi dari Prasasti Plumpungan ditulis dalam bahasa Sanskerta, menggunakan aksara Kawi. Tulisannya ditatah dalam petak persegi empat bergaris ganda yang menjorok ke dalam dan keluar pada setiap sudutnya.
Dengan demikian, pemberian tanah perdikan (daerah bebas pajak) merupakan peristiwa yang sangat istimewa dan langka, karena hanya diberikan kepada desa-desa yang benar-benar berjasa kepada raja. Untuk mengabadikan peristiwa itu maka raja menulis dalam Prasasti Plumpungan: Çrir Astu Swasti Prajabhyah, ungkapan bahasa Sanskerta yang berarti ""semoga bahagia, selamatlah rakyat sekalian"". Ditulis pada hari Jumat, tanggal 24 Juli tahun 750 Masehi.
Perdikan berarti suatu daerah dalam wilayah kerajaan tertentu. Daerah ini dibebaskan dari segala kewajiban pajak atau upeti karena daerah tersebut memiliki kekhususan tertentu, daerah tersebut harus digunakan sesuai dengan kekhususan yang dimiliki. Wilayah perdikan diberikan oleh Beliau bernama Bhanu meliputi Salatiga dan sekitarnya.
Menurut analisis, prasasti Plumpungan berisi ketetapan hukum mengenai status sebidang tanah perdikan atau swantantra bagi Desa Hampra. Pada zamannya, penetapan ketentuan Prasasti Plumpungan ini merupakan peristiwa yang sangat penting, khususnya bagi masyarakat setempat. Penetapan prasasti merupakan titik tolak berdirinya daerah Hampra secara resmi sebagai daerah perdikan atau swantantra. Desa Hampra tempat prasasti itu berada kini masuk wilayah administrasi Kota Salatiga. Dengan demikian daerah Hampra yang diberi status sebagai daerah perdikan yang bebas pajak pada zaman pembuatan prasasti itu adalah daerah Salatiga sekarang ini.
Konon, para pakar telah memastikan bahwa penulisan Prasasti Plumpungan dilakukan oleh seorang citralekha (penulis) disertai para pendeta (resi). Beliau bernama Bhanu yang disebut-sebut dalam prasasti tersebut adalah seorang pemimpin wilayah pada zamannya yang banyak memperhatikan nasib rakyatnya.",2026-10-09T04:39:42.447901+00:00
Prasasti Gondosuli,"Kabupaten Temanggung, Jawa Tengah",Prasasti,ChIJi5BI8sV3cC4RPc1TL54yK0g,Gondosuli Temple And Inscription,"M4X3+8HM, Salakan, Gondosuli, Kec. Bulu, Kabupaten Temanggung, Jawa Tengah 56253, Indonesia",4.2,130.0,https://maps.google.com/?cid=5200305849709612349&g_mp=CiVnb29nbGUubWFwcy5wbGFjZXMudjEuUGxhY2VzLkdldFBsYWNlEAIYBCAA,-7.301732599999999,110.1051016,SUCCESS,FIRST_RESULT,2026-09-27T17:35:45.827756+00:00,,,Prasasti Gondosuli,https://id.wikipedia.org/wiki/Prasasti_Gondosuli,1.000000000000002,EXACT_MATCH,"Prasasti Gondosuli (832 M) terletak di Desa Gondosuli, Bulu, Temanggung. Situs ini memiliki luas keseluruhan sekitar 4.992 m2. Sesuai dengan candrasengkala yang ada, Prasasti ini dikeluarkan oleh raja Daŋ Karayān Patapān Ratnamaheśwara Sida Busu Plār. Nama Rakai Patapan juga dapat dijumpai dalam Prasasti Karang Tengah yaitu ditulis pada tahun 824. Berdasarkan penelitian Prasasti Gondosuli memuat 11 baris tulisan. Tulisan tersebut menggunakan huruf Jawa Kuno, Prasasti Gondosuli ditulis/dipahat pada batu besar dengan panjang 290 cm, lebar 110 cm dan tinggi 100 cm, sedangkan bidang yang ditulis berukuran 103 x 54 cm2.",2026-10-09T04:39:42.710615+00:00
Prasasti Anjuk Ladang,"Kabupaten Nganjuk, Jawa Timur",Prasasti,ChIJxRFSPP1KeC4RCxYEWBhqmj4,Anjuk Ladang Museum,"Jalan Gatot Subroto Ringin Anom Ringin Anom Kauman (timur, Terminal Bus anjuk ladang, Ringin Anom, Ringinanom, Kec. Nganjuk, Kabupaten Nganjuk, Jawa Timur 64411, Indonesia",4.4,320.0,https://maps.google.com/?cid=4511034629553395211&g_mp=CiVnb29nbGUubWFwcy5wbGFjZXMudjEuUGxhY2VzLkdldFBsYWNlEAIYBCAA,-7.5932525,111.8938768,SUCCESS,FIRST_RESULT,2026-09-27T17:35:46.423456+00:00,,,Prasasti Anjuk Ladang,https://id.wikipedia.org/wiki/Prasasti_Anjuk_Ladang,1.0000000000000024,EXACT_MATCH,"Prasasti Anjuk Ladang adalah piagam batu berangka tahun 859 Saka (versi L.-C. Damais, 937 M) atau 857 Saka (versi Brandes, 935 M) yang dikeluarkan oleh Raja Sri Isyana (Pu Sindok) dari Kerajaan Medang setelah pindah ke bagian timur Pulau Jawa. Prasasti ini juga disebut Prasasti Candi Lor karena ditemukan pada reruntuhan Candi Lor, di Desa Candirejo, Loceret, beberapa kilometer sebelah tenggara Kota Nganjuk. 
Beberapa bagian prasasti ini telah aus sehingga tidak dapat terbaca seluruhnya, terutama pada bagian atas prasasti. Dari beberapa tulisan yang tidak mengalami aus didapatkan keterangan bahwa ""Raja Pu Sindok telah memerintahkan agar tanah sawah kakatikan (?) di Anjukladang dijadikan sima dan dipersembahkan kepada bathara di sang hyang prasada kabhaktyan di Sri Jayamerta, dharma dari Samgat Anjukladang"". Penamaan ""Anjukladang"" mengacu pada nama tempat yang disebutkan dalam prasasti ini, yang kemudian dikaitkan dengan asal mula nama Nganjuk sekarang, dan prasasti inilah yang menyebut pertama kali toponim tersebut.
Prasasti ini sekarang menjadi koleksi Museum Nasional di Jakarta dengan Nomor Inventaris D.59.",2026-10-09T04:39:42.970892+00:00
Prasasti Siwagrha Terjemahan Casparis,"Kabupaten Temanggung, Jawa Tengah",Prasasti,,,,,,,,,,,,NOT_FOUND,NO_GOOGLE_RESULT,Prasasti Batutulis,https://id.wikipedia.org/wiki/Prasasti_Batutulis,0.21345445376611766,SIMILARITY_MATCH,"Prasasti Batutulis (Aksara Sunda Baku: ᮕᮢᮞᮞ᮪ᮒᮤ ᮘᮒᮥᮒᮥᮜᮤᮞ᮪) terletak di Jalan Batutulis, Kelurahan Batutulis, Kecamatan Bogor Selatan, Kota Bogor. Kompleks Prasasti Batutulis memiliki luas 17 x 15 meter. Prasasti Batutulis dianggap terletak di situs ibu kota Pajajaran dan masih in situ, yakni masih terletak di lokasi aslinya dan menjadi nama desa lokasi situs ini. Batu Prasasti dan benda-benda lain peninggalan Kerajaan Sunda terdapat dalam komplek ini. Pada batu ini berukir kalimat-kalimat dalam bahasa Sunda Kuno dengan aksara Kawi. Prasasti tahun 1455 Saka (1533 Masehi), menjelaskan mengenai Sri Baduga Maharaja Ratu Haji di Pakuan Pajajaran Sri Sang Ratu Dewata.
Selain prasasti itu sendiri, terdapat batu berukirkan tapak kaki tepat di depan sisi muka batu prasasti.",2026-10-09T04:39:43.223347+00:00
Prasasti Wanua Tengah Iii,"Kabupaten Temanggung, Jawa Tengah",Prasasti,ChIJFTdZ6KV2cC4RLNT0Ymy4_3I,Pringapus Temple,"Pringapus, Kec. Ngadirejo, Kabupaten Temanggung, Jawa Tengah 56255, Indonesia",4.4,404.0,https://maps.google.com/?cid=8286544615041193004&g_mp=CiVnb29nbGUubWFwcy5wbGFjZXMudjEuUGxhY2VzLkdldFBsYWNlEAIYBCAA,-7.2480473,110.0517135,SUCCESS,FIRST_RESULT,2026-09-27T17:35:47.244657+00:00,,,Prasasti Wanua Tengah III,https://id.wikipedia.org/wiki/Prasasti_Wanua_Tengah_III,1.0000000000000002,EXACT_MATCH,"Prasasti Wanua Tengah III adalah prasasti dari tahun 908 M pada zaman Kerajaan Mataram Kuno, yang ditemukan November 1983. Prasasti ini di sebuah ladang di Dukuh Kedunglo, Desa Gandulan, Kaloran, sekitar 4 km arah timur laut Kota Temanggung. Prasasti ini disimpan di Balai Arkeologi Yogyakarta.
Di dalam prasasti ini dicantumkan daftar lengkap dari raja-raja yang memerintah bumi Mataram pada masa sebelum pemerintahan raja Rake Watukara Dyah Balitung. Prasasti ini dianggap penting karena menyebutkan 12 nama raja Mataram, sehingga melengkapi penyebutan dalam Prasasti Mantyasih (atau nama lainnya Prasasti Tembaga Kedu) yang hanya menyebut 9 nama raja saja.
Prasasti Wanua Tengah III ini terdiri dari dua lempengan, pertama dengan ukuran 53,5 x 23,5 cm dan ketebalan kira-kira 2,5 mm, kedua dengan ukuran 56 x 26 cm dan ketebalan sama. Keduanya adalah lempengan tembaga. Lempeng pertama ditulisi satu sisi saja dengan tulisan 17 baris, sedangkan lempeng kedua tulisi bolak-balik, masing-masing 26 dan 18 baris.",2026-10-09T04:39:43.487180+00:00
Prasasti Batutulis,"Kota Bogor, Jawa Barat",Prasasti,ChIJ8cJOHgvIaS4RNxQ98ge8T0k,Prasasti Batu Tulis,"Jl. Batu Tulis No.54, RT.02/RW.02, Batutulis, Kec. Bogor Sel., Kota Bogor, Jawa Barat 16133, Indonesia",4.6,2365.0,https://maps.google.com/?cid=5282647630243763255&g_mp=CiVnb29nbGUubWFwcy5wbGFjZXMudjEuUGxhY2VzLkdldFBsYWNlEAIYBCAA,-6.6236589,106.8089952,SUCCESS,FIRST_RESULT,2026-09-27T17:35:47.665707+00:00,,,Prasasti Batutulis,https://id.wikipedia.org/wiki/Prasasti_Batutulis,1.0000000000000002,EXACT_MATCH,"Prasasti Batutulis (Aksara Sunda Baku: ᮕᮢᮞᮞ᮪ᮒᮤ ᮘᮒᮥᮒᮥᮜᮤᮞ᮪) terletak di Jalan Batutulis, Kelurahan Batutulis, Kecamatan Bogor Selatan, Kota Bogor. Kompleks Prasasti Batutulis memiliki luas 17 x 15 meter. Prasasti Batutulis dianggap terletak di situs ibu kota Pajajaran dan masih in situ, yakni masih terletak di lokasi aslinya dan menjadi nama desa lokasi situs ini. Batu Prasasti dan benda-benda lain peninggalan Kerajaan Sunda terdapat dalam komplek ini. Pada batu ini berukir kalimat-kalimat dalam bahasa Sunda Kuno dengan aksara Kawi. Prasasti tahun 1455 Saka (1533 Masehi), menjelaskan mengenai Sri Baduga Maharaja Ratu Haji di Pakuan Pajajaran Sri Sang Ratu Dewata.
Selain prasasti itu sendiri, terdapat batu berukirkan tapak kaki tepat di depan sisi muka batu prasasti.",2026-10-09T04:39:43.741407+00:00
Prasasti Karang Berahi,"Kabupaten Merangin, Jambi",Prasasti,ChIJJVVcJNpBLi4Rk6udeNdKWDk,Batu bertulis,"WFQ9+WQF, Karang Berahi, Pamenang, Merangin Regency, Jambi 37352, Indonesia",5.0,11.0,https://maps.google.com/?cid=4132134947414453139&g_mp=CiVnb29nbGUubWFwcy5wbGFjZXMudjEuUGxhY2VzLkdldFBsYWNlEAIYBCAA,-2.0601761,102.4694063,SUCCESS,FIRST_RESULT,2026-09-27T17:35:48.214048+00:00,,,Prasasti Karang Berahi,https://id.wikipedia.org/wiki/Prasasti_Karang_Berahi,1.0000000000000016,EXACT_MATCH,"Prasasti Karang Berahi adalah sebuah prasasti dari zaman kerajaan Sriwijaya yang ditemukan pada tahun 1904 oleh Kontrolir L.M. Berkhout di tepian Batang Merangin. Prasasti ini terletak di desa Karang Berahi, kecamatan Pamenang, kabupaten Merangin, Jambi. Prasasti dibuat dari bahan batu andesit dengan ukuran 90x90x10 cm.
Prasasti ini berbahasa Melayu Kuno  ditulis dalam aksara Pallawa, dengan pertanggalan abad ke 7 Masehi sekitar tahun 680-an. Isinya tentang kutukan bagi orang yang tidak tunduk atau setia kepada raja dan orang-orang yang berbuat jahat. Kutukan pada isi prasasti ini mirip dengan yang terdapat pada Prasasti Kota Kapur dan Prasasti Telaga Batu yang ditemukan di Bangka, dan di Palembang. Penaklukan Jambi oleh Sriwijaya sendiri telah terbukti dari pernyataan I-tsing tahun 685 Masehi saat pulang dari India dan mengatakan bahwa Jambi (Kerajaan Melayu) sudah menjadi bagian dari Sriwijaya.",2026-10-09T04:39:44.025794+00:00
Prasasti Dinoyo,Jawa Timur,Prasasti,ChIJXanRI2eCeC4RUU37IEzz_ZU,Badut Temple,"Jl. Raya Candi V No.5D, Doro, Karangwidoro, Kec. Dau, Kabupaten Malang, Jawa Timur 65151, Indonesia",4.5,1770.0,https://maps.google.com/?cid=10808062189055462737&g_mp=CiVnb29nbGUubWFwcy5wbGFjZXMudjEuUGxhY2VzLkdldFBsYWNlEAIYBCAA,-7.957837599999999,112.5985719,SUCCESS,FIRST_RESULT,2026-09-27T17:35:49.209500+00:00,,,Prasasti Dinoyo,https://id.wikipedia.org/wiki/Prasasti_Dinoyo,1.0000000000000002,EXACT_MATCH,"Prasasti Dinoyo (juga disebut Prasasti Kanjuruhan) adalah prasasti yang berupa lempengan batu berukir yang berisi beberapa baris tulisan. Prasasti ini adalah salah satu prasasti yang ditemukan di desa Dinoyo, kecamatan Lowokwaru, sekitar 5 kilometer sebelah barat dari pusat kota Malang, Jawa Timur. Prasasti ini unik karena selain sebagai prasasti pertama yang berhuruf Jawa Kuno, juga dipadu dengan bahasa Sanskerta. Prasasti ini merupakan bukti adanya pemerintahan Kerajaan Kanjuruhan. Ciri kental lain yang menunjukkan bahwa Prasasti Dinoyo ini menceritakan masa keemasan Kerajaan Kanjuruhan adalah cara penulisan tahun berbentuk sengkala berbunyi nayana-vasu-rasa, yang mewakili tahun 682 Śaka, yaitu tahun 760 Masehi.

Isi prasasti Dinoyo tersebut memberikan ketertangan bahwa pada pertengahan abad ke 8, telah ada kerajaan yang berpusat di Kanjuruan yang diperintah oleh raja Dewa Simha. Pada masa pemerintahanya, Dewa Simha pernah mendirikan sebuah tempat pemujaan untuk penghormatan terhadap Dewa Siwa, berupa arca Maharsi Agastya yang terdapat di Candi Badut dekat kota Malang. Di dalam candi tersebut berisikan sebuah lingga dan arca Putikeswara yang merupakan lambang agastya yang selalu digambarkan seperti Siwa dalam wujudnya seperti Mahaguru.",2026-10-09T04:39:44.288019+00:00
Prasasti Dinoyo,Jawa Timur,Prasasti,ChIJXanRI2eCeC4RUU37IEzz_ZU,Badut Temple,"Jl. Raya Candi V No.5D, Doro, Karangwidoro, Kec. Dau, Kabupaten Malang, Jawa Timur 65151, Indonesia",4.5,1770.0,https://maps.google.com/?cid=10808062189055462737&g_mp=CiVnb29nbGUubWFwcy5wbGFjZXMudjEuUGxhY2VzLkdldFBsYWNlEAIYBCAA,-7.957837599999999,112.5985719,SUCCESS,FIRST_RESULT,2026-09-27T17:35:49.209500+00:00,,,Prasasti Dinoyo,https://id.wikipedia.org/wiki/Prasasti_Dinoyo,1.0000000000000002,EXACT_MATCH,"Prasasti Dinoyo (juga disebut Prasasti Kanjuruhan) adalah prasasti yang berupa lempengan batu berukir yang berisi beberapa baris tulisan. Prasasti ini adalah salah satu prasasti yang ditemukan di desa Dinoyo, kecamatan Lowokwaru, sekitar 5 kilometer sebelah barat dari pusat kota Malang, Jawa Timur. Prasasti ini unik karena selain sebagai prasasti pertama yang berhuruf Jawa Kuno, juga dipadu dengan bahasa Sanskerta. Prasasti ini merupakan bukti adanya pemerintahan Kerajaan Kanjuruhan. Ciri kental lain yang menunjukkan bahwa Prasasti Dinoyo ini menceritakan masa keemasan Kerajaan Kanjuruhan adalah cara penulisan tahun berbentuk sengkala berbunyi nayana-vasu-rasa, yang mewakili tahun 682 Śaka, yaitu tahun 760 Masehi.

Isi prasasti Dinoyo tersebut memberikan ketertangan bahwa pada pertengahan abad ke 8, telah ada kerajaan yang berpusat di Kanjuruan yang diperintah oleh raja Dewa Simha. Pada masa pemerintahanya, Dewa Simha pernah mendirikan sebuah tempat pemujaan untuk penghormatan terhadap Dewa Siwa, berupa arca Maharsi Agastya yang terdapat di Candi Badut dekat kota Malang. Di dalam candi tersebut berisikan sebuah lingga dan arca Putikeswara yang merupakan lambang agastya yang selalu digambarkan seperti Siwa dalam wujudnya seperti Mahaguru.",2026-10-09T04:39:44.550632+00:00
Prasasti Nalanda Tahun,"Kabupaten Temanggung, Jawa Tengah",Prasasti,,,,,,,,,,,,NOT_FOUND,NO_GOOGLE_RESULT,Prasasti Nalanda,https://id.wikipedia.org/wiki/Prasasti_Nalanda,0.7659496715286125,SIMILARITY_MATCH,"Prasasti Nalanda merupakan sebuah prasasti ditemukan oleh Hirananda Shastri pada tahun 1921 di ruang depan Biara Nalanda, Bihar-India. Prasati ini menjelaskan tentang raja Devapaladeva dari Kerajaan Palla (Bengala- India) yang telah mengabulkan permintaan Sri Maharaja dari Swarnadvipa (Sriwijaya) untuk membangun sebuah biara Buddha di Nalanda. Selain itu, ada pernyataan bahwa lima desa di Calcutta-India dibebaskan dari pajak untuk keperluan misi agama Buddha Kerajaan Sriwijaya di India.",2026-10-09T04:39:44.814008+00:00
Pura Agung Jagatnatha,"Kota Denpasar, Bali",Pura,ChIJky6y2ZtA0i0RMPn08WYBq9E,Agung Jagatnatha Temple,"Jl. Surapati No.7, Dangin Puri, Kec. Denpasar Tim., Kota Denpasar, Bali 80232, Indonesia",4.7,1128.0,https://maps.google.com/?cid=15108170916602116400&g_mp=CiVnb29nbGUubWFwcy5wbGFjZXMudjEuUGxhY2VzLkdldFBsYWNlEAIYBCAA,-8.656637,115.2187903,SUCCESS,FIRST_RESULT,2026-09-27T17:35:49.816656+00:00,,,Kabupaten Jembrana,https://id.wikipedia.org/wiki/Kabupaten_Jembrana,0.0713751257957662,SIMILARITY_MATCH,"Kabupaten Jembrana (bahasa Bali: ᬓᬪᬹᬧᬢᬾᬦ᭄ ᬚᭂᬫ᭄ᬩ᭄ᬭᬡ, Kabhūpatén Jembraṇa) adalah kabupaten yang terletak di ujung Barat pulau Bali, Indonesia. Ibu kotanya berada di Kecamatan Negara. Kabupaten ini berbatasan dengan Kabupaten Tabanan di Timur, Kabupaten Buleleng di Utara, Selat Bali di Barat dan Samudra Hindia di Selatan. Pada tahun 2021, penduduk kabupaten Jembrana berjumlah 321.931 jiwa dan pada akhir tahun 2024 berjumlah 330.221 jiwa.",2026-10-09T04:39:45.064811+00:00
Pura Batukaru,"Kabupaten Tabanan, Bali",Pura,ChIJSUBnb6VA0i0RhfvVfeZ3Gc4,Luhur Batukau Temple,"Jl. Penatahan - Wongayagede, Wongaya Gede, Kec. Penebel, Kabupaten Tabanan, Bali 85125, Indonesia",4.8,2523.0,https://maps.google.com/?cid=14851033078068280197&g_mp=CiVnb29nbGUubWFwcy5wbGFjZXMudjEuUGxhY2VzLkdldFBsYWNlEAIYBCAA,-8.3720075,115.1025803,SUCCESS,FIRST_RESULT,2026-09-27T17:35:50.386615+00:00,,,Pura Luhur Batukaru,https://id.wikipedia.org/wiki/Pura_Luhur_Batukaru,0.7748411784146365,SIMILARITY_MATCH,"Pura Luhur Batukaru adalah pura atau tempat suci agama Hindu Bali sebagai tempat memuja Tuhan dalam manifestasinya sebagai Sang Hyang Mahadewa. Karena fungsinya untuk memuja Tuhan sebagai Dewa yang menumbuhkan tumbuh-tumbuhan dengan mempergunakan air secara benar, maka di Pura Luhur Batukaru ini disebut sebagai pemujaan Tuhan sebagai Ratu Hyang Tumuwuh—sebutan Tuhan sebagai yang menumbuhkan. Pura Luhur Batukaru terletak di Desa Wongaya Gede, Kecamatan Penebel, Kabupaten Tabanan. Lokasi pura ini terletak di bagian barat Pulau Bali di lereng selatan Gunung Batukaru.",2026-10-09T04:39:45.341053+00:00
Pura Sakenan,"Kota Denpasar, Bali",Pura,ChIJM7nrKSM_0i0RIfYXvNa8uFo,Sakenan Temple,"76FH+WQ3, Jl. Pulau Serangan, Sesetan, Denpasar Selatan, Kota Denpasar, Bali 80229, Indonesia",4.7,772.0,https://maps.google.com/?cid=6537182489592985121&g_mp=CiVnb29nbGUubWFwcy5wbGFjZXMudjEuUGxhY2VzLkdldFBsYWNlEAIYBCAA,-8.7252486,115.229424,SUCCESS,FIRST_RESULT,2026-09-27T17:35:50.951149+00:00,,,Pura Sakenan,https://id.wikipedia.org/wiki/Pura_Sakenan,1.0,EXACT_MATCH,"Pura Sakenan adalah salah satu pura penting yang terletak di wilayah selatan Bali, berada di atas pantai di barat laut Pulau Serangan, yaitu sebuah pulau kecil yang berjarak sekitar 10 kilometer di selatan Denpasar. Pura ini masih memiliki hubungan dengan Buddha, yang melinggih Ida Bhatara Sakya Muni. Sebagaimana dengan pura-pura lain, setiap pengunjung yang hendak masuk ke tempat suci Pura Sakenan wajib mengenakan sarung dan sabuk kain khas Bali serta bagi yang wanita tidak sedang dalam masa menstruasi.
Pulau Serangan tempat Pura Sakenan berada hanya berukuran 2,9 kilometer dengan lebar 1 kilometer. Nama Serangan berasal dari kata sira dan angen atau ""kangen/ sayang"". Pura Sakenan dibangun dengan latar belakang wujud syukur orang yang merasa sira angen dengan keindahan alam pulau ini.",2026-10-09T04:39:45.591870+00:00
Pura Dalam Tahap Pembangunan,"Kabupaten Rejang Lebong, Bengkulu",Pura,ChIJcbTGuh86MS4RHbbLvpgzapo,Kantor Bupati Rejang Lebong,"Jalan S. Sukowati no 52, Talang Rimbo Lama, Rejang Lebong, Bengkulu, 39119, Indonesia",4.1,35.0,https://maps.google.com/?cid=11126762560501298717&g_mp=CiVnb29nbGUubWFwcy5wbGFjZXMudjEuUGxhY2VzLkdldFBsYWNlEAIYBCAA,-3.4780142,102.5318881,SUCCESS,FIRST_RESULT,2026-09-27T17:35:51.502875+00:00,,,"Curup, Rejang Lebong","https://id.wikipedia.org/wiki/Curup,_Rejang_Lebong",0.41140159546557264,SIMILARITY_MATCH,"Curup atau Curup Kota, (bahasa Rejang: Cu'up) adalah sebuah kecamatan sekaligus menjadi ibu kota kabupaten di Kabupaten Rejang Lebong, Bengkulu, Indonesia. Pada masa lalu kota ini pernah berkedudukan sebagai ibu kota Provinsi Sumatera Selatan, dengan Dr. A. K. Gani sebagai gubernur militernya.",2026-10-09T04:39:45.859205+00:00
Pura Parhyangan Agung Jagatkartta,"Kota Bogor, Jawa Barat",Pura,ChIJ81TdFMHPaS4RHp1OO6Xp1Hs,Pura Parahyangan Agung Jagatkarta,"8PJP+C5W, Tamansari, Bogor Regency, West Java 16610, Indonesia",4.8,1713.0,https://maps.google.com/?cid=8923013657601678622&g_mp=CiVnb29nbGUubWFwcy5wbGFjZXMudjEuUGxhY2VzLkdldFBsYWNlEAIYBCAA,-6.6688984,106.7354632,SUCCESS,FIRST_RESULT,2026-09-27T17:25:49.279418+00:00,,,Pura Parahyangan Agung Jagatkarta,https://id.wikipedia.org/wiki/Pura_Parahyangan_Agung_Jagatkarta,0.9999999999999988,EXACT_MATCH,"Pura Parahyangan Agung Jagatkarta (Bali: ᬧᬸᬭᬧᬭᬳ᭄ᬬᬗᬦ᭄ᬅᬕᬸᬂᬚᬕᬢ᭄ᬓᬃᬢ) berarti ""alam dewata suci sempurna"" atau sering disebut hanya Pura Jagatkarta adalah pura agama Hindu Bali yang terletak di Bogor, Jawa Barat, Indonesia, Pura ini didirikan pada 1995 dan digunakan sebagai fasilitas ibadah Umat Hindu Bali yang berada di luar Bali. Setelah dibangun, Pura Jagatkarta adalah pura terbesar di Jawa Barat, oleh sebagian budayawan Sunda,  Pura ini diklaim sebagai tempat persemayaman dan pemujaan terhadap Prabu Siliwangi dan para hyang (leluhur) dari Pakuan Pajajaran yang pernah berdiri di wilayah Parahyangan, meskipun pada dasarnya fungsi Pura ini adalah sebagai pemujaan Sang Hyang Widhi Wasa (Tuhan Yang Maha Esa) dan Dewata di Bali.",2026-10-09T04:39:46.127862+00:00
Pura Giri Kusuma,"Kota Bogor, Jawa Barat",Pura,ChIJe0nLAdbFaS4RCC2IauGemkk,Pura Giri Kusuma,"Jl. Pawon No.34, RT.03/RW.10, Tanah Baru, Kec. Bogor Utara, Kota Bogor, Jawa Barat 16154, Indonesia",4.8,105.0,https://maps.google.com/?cid=5303726202174319880&g_mp=CiVnb29nbGUubWFwcy5wbGFjZXMudjEuUGxhY2VzLkdldFBsYWNlEAIYBCAA,-6.59132,106.8180431,SUCCESS,FIRST_RESULT,2026-09-27T17:25:49.641440+00:00,,,Pura Luhur Batukaru,https://id.wikipedia.org/wiki/Pura_Luhur_Batukaru,0.2167255211261887,SIMILARITY_MATCH,"Pura Luhur Batukaru adalah pura atau tempat suci agama Hindu Bali sebagai tempat memuja Tuhan dalam manifestasinya sebagai Sang Hyang Mahadewa. Karena fungsinya untuk memuja Tuhan sebagai Dewa yang menumbuhkan tumbuh-tumbuhan dengan mempergunakan air secara benar, maka di Pura Luhur Batukaru ini disebut sebagai pemujaan Tuhan sebagai Ratu Hyang Tumuwuh—sebutan Tuhan sebagai yang menumbuhkan. Pura Luhur Batukaru terletak di Desa Wongaya Gede, Kecamatan Penebel, Kabupaten Tabanan. Lokasi pura ini terletak di bagian barat Pulau Bali di lereng selatan Gunung Batukaru.",2026-10-09T04:39:46.387385+00:00
Pura Jagad Karana,"Kota Surabaya, Jawa Timur",Pura,ChIJZ4GPCyn51y0RD6rMzoafZxk,Pura Agung Jagat Karana Surabaya,"Jl. Ikan Lumba-Lumba No.1, Perak Bar., Kec. Krembangan, Surabaya, Jawa Timur 60177, Indonesia",4.8,1018.0,https://maps.google.com/?cid=1830607174893349391&g_mp=CiVnb29nbGUubWFwcy5wbGFjZXMudjEuUGxhY2VzLkdldFBsYWNlEAIYBCAA,-7.231724,112.7216306,SUCCESS,FIRST_RESULT,2026-09-27T17:35:52.106799+00:00,,,Daftar kunjungan kerja Joko Widodo,https://id.wikipedia.org/wiki/Daftar_kunjungan_kerja_Joko_Widodo,0.07550890044304859,SIMILARITY_MATCH,"Berikut adalah daftar kunjungan kerja yang dilakukan oleh Joko Widodo, saat ia menjabat sebagai Presiden Indonesia ke-7 sejak 20 Oktober 2014 sampai 20 Oktober 2024.",2026-10-09T04:39:46.648139+00:00
Pura Lugusari Pagelaran,"Kabupaten Pringsewu, Lampung",Pura,ChIJ22EM8EYwRy4Rk1bsaS-GT7I,Pura Kahyangan Jati Lugusari,"JVWG+RQW, Lugusari, Pagelaran, Pringsewu Regency, Lampung 35376, Indonesia",4.7,6.0,https://maps.google.com/?cid=12848635800109995667&g_mp=CiVnb29nbGUubWFwcy5wbGFjZXMudjEuUGxhY2VzLkdldFBsYWNlEAIYBCAA,-5.3528861,104.8769458,SUCCESS,FIRST_RESULT,2026-09-27T17:35:52.725696+00:00,,,"Pagelaran, Pringsewu","https://id.wikipedia.org/wiki/Pagelaran,_Pringsewu",0.34737244055693667,SIMILARITY_MATCH,"Pagelaran adalah sebuah Kecamatan yang berada di, Kabupaten Pringsewu, Lampung. Pagelaran merupakan sentra penghasil ikan air tawar terbesar di Kabupaten Pringsewu. Kecamatan Pagelaran merupakan daerah yang cukup berkembang karena dilalui oleh Jalan Lintas Barat Sumatera, yang menghubungkan langsung ke Provinsi Bengkulu melalui Kabupaten Pesisir Barat.",2026-10-09T04:39:46.912923+00:00
Pura Giri Sutra Mandala Gadingrejo,"Kabupaten Pringsewu, Lampung",Pura,ChIJe1MD6R7NQC4RqrBeRGj-CAY,Pura Giri Sutra Mandala,"M385+2RX, Pujorahayu, Negeri Katon, Pesawaran Regency, Lampung 35372, Indonesia",4.7,18.0,https://maps.google.com/?cid=434877087818363050&g_mp=CiVnb29nbGUubWFwcy5wbGFjZXMudjEuUGxhY2VzLkdldFBsYWNlEAIYBCAA,-5.3348853,105.0596157,SUCCESS,FIRST_RESULT,2026-09-27T17:35:53.294770+00:00,,,Daftar kata serapan dari bahasa Sanskerta dalam bahasa Melayu dan bahasa Indonesia modern,https://id.wikipedia.org/wiki/Daftar_kata_serapan_dari_bahasa_Sanskerta_dalam_bahasa_Melayu_dan_bahasa_Indonesia_modern,0.15010335363365726,SIMILARITY_MATCH,"Bahasa Sanskerta sudah ribuan tahun dikenal di Nusantara yang datang dari India. Bukti tertua yang sekarang masih ada ialah prasasti Yupa yang ada di Kutai, Kalimantan Timur dan kurang lebih berasal dari abad ke-4 atau abad ke-5 Masehi.
Karena keberadaan bahasa Sanskerta di Nusantara sudah lama, sudah tentu banyak kata-kata dari bahasa ini yang diserap dalam bahasa-bahasa setempat. Artikel ini membicarakan kata-kata serapan dalam bahasa Melayu tradisional dan dalam bahasa Indonesia modern.",2026-10-09T04:39:47.173273+00:00
Pura Kerti Bhuana,"Kota Bandar Lampung, Lampung",Pura,ChIJCasLTXPbQC4R5KpcFLrIeRw,Pura Kerthi Bhuana,"Jl. By Pass Jl. Soekarno - Hatta, Way Lunik, Kec. Telukbetung Selatan, Kota Bandar Lampung, Lampung 35244, Indonesia",4.6,189.0,https://maps.google.com/?cid=2051891806775061220&g_mp=CiVnb29nbGUubWFwcy5wbGFjZXMudjEuUGxhY2VzLkdldFBsYWNlEAIYBCAA,-5.4479416,105.3132804,SUCCESS,FIRST_RESULT,2026-09-27T17:35:53.862845+00:00,,,Pura Kerti Bhuana,https://id.wikipedia.org/wiki/Pura_Kerti_Bhuana,1.0000000000000002,EXACT_MATCH,"Pura Kahyangan Jagat Kerthi Bhuana merupakan pura yang berada di wilayah Kelurahan Way Lunik, Kecamatan Panjang, Bandar Lampung, tepatnya di Jalan Bypass Soekarno-Hatta KM 16.

Pura ini adalah pura pusat dan terbesar bagi umat Hindu yang ada di Provinsi Lampung.",2026-10-09T04:39:47.437185+00:00
Pura Segara,"Kota Bandar Lampung, Lampung",Pura,ChIJjWCafiohQS4RcyIFyplXeGY,Pura Segara Garuda Hitam,"F994+GQV, Rangai Tri Tunggal, Katibung, South Lampung Regency, Lampung 35452, Indonesia",4.7,16.0,https://maps.google.com/?cid=7383747907104875123&g_mp=CiVnb29nbGUubWFwcy5wbGFjZXMudjEuUGxhY2VzLkdldFBsYWNlEAIYBCAA,-5.5311405,105.3569136,SUCCESS,FIRST_RESULT,2026-09-27T17:35:54.459818+00:00,,,Pura,https://id.wikipedia.org/wiki/Pura,0.538483066144031,SIMILARITY_MATCH,Pura (Aksara Bali: ᬧᬸᬭ) adalah istilah untuk tempat ibadah untuk agama Hindu Bali di Indonesia. Pura di Indonesia terutama terkonsentrasi di Pulau Bali sebagai pulau yang mempunyai mayoritas penduduk penganut agama Hindu. Seiring berkembangnya penganut agama Hindu lalu lebih banyak Pura dibangun diluar Pulau Bali untuk menfasilitasi kegiatan ibadah umat.,2026-10-09T04:39:47.700264+00:00
Pura Agung Raksa Buana,"Kota Medan, Sumatera Utara",Pura,ChIJRc_oQSMwMTAR9sVNFyhZXsU,Raksa Buana Great Temple,"Jl. Polonia No.216, Polonia, Kec. Medan Polonia, Kota Medan, Sumatera Utara 20157, Indonesia",4.7,97.0,https://maps.google.com/?cid=14221902702007141878&g_mp=CiVnb29nbGUubWFwcy5wbGFjZXMudjEuUGxhY2VzLkdldFBsYWNlEAIYBCAA,3.5614909,98.6692203,SUCCESS,FIRST_RESULT,2026-09-27T17:35:55.037639+00:00,,,Daftar tempat di Indonesia/C-H,https://id.wikipedia.org/wiki/Daftar_tempat_di_Indonesia/C-H,0.1395678384392782,SIMILARITY_MATCH,"Berikut adalah daftar nama tempat di Indonesia, yang terdiri dari nama provinsi, kabupaten dan kota, kecamatan, dan kelurahan/desa/sederajat. Jumlah tempat yang terdaftar saat ini adalah 68.490 nama.

Catatan: di = distrik, g = gampong, du = dusun, n = nagari, ka = kampung, l = lembang, p = pekon",2026-10-09T04:39:47.954635+00:00
Pura Pulaki,"Kabupaten Buleleng, Bali",Pura,ChIJ19QDg-Fu0S0RiKNCbo8mFCQ,Pulaki Temple,"Jl. Singaraja-Gilimanuk, Banyupoh, Kec. Gerokgak, Kabupaten Buleleng, Bali 81155, Indonesia",4.7,1908.0,https://maps.google.com/?cid=2599745282371658632&g_mp=CiVnb29nbGUubWFwcy5wbGFjZXMudjEuUGxhY2VzLkdldFBsYWNlEAIYBCAA,-8.145636699999999,114.68033769999998,SUCCESS,FIRST_RESULT,2026-09-27T17:35:55.684888+00:00,,,Pura,https://id.wikipedia.org/wiki/Pura,0.6433313610249993,SIMILARITY_MATCH,Pura (Aksara Bali: ᬧᬸᬭ) adalah istilah untuk tempat ibadah untuk agama Hindu Bali di Indonesia. Pura di Indonesia terutama terkonsentrasi di Pulau Bali sebagai pulau yang mempunyai mayoritas penduduk penganut agama Hindu. Seiring berkembangnya penganut agama Hindu lalu lebih banyak Pura dibangun diluar Pulau Bali untuk menfasilitasi kegiatan ibadah umat.,2026-10-09T04:39:48.212752+00:00
Pura Watu Klosot,"Kabupaten Lumajang, Jawa Timur",Pura,ChIJRarGU4Q_1i0RKmM_7sSTxf0,Watu Klosot Water Springs Temple,"VXQV+P42, Krajan 1, Pasrujambe, Kec. Pasrujambe, Kabupaten Lumajang, Jawa Timur 67361, Indonesia",4.5,40.0,https://maps.google.com/?cid=18286184336027771690&g_mp=CiVnb29nbGUubWFwcy5wbGFjZXMudjEuUGxhY2VzLkdldFBsYWNlEAIYBCAA,-8.1107284,112.9927529,SUCCESS,FIRST_RESULT,2026-09-27T17:35:56.131206+00:00,,,Kabupaten Lumajang,https://id.wikipedia.org/wiki/Kabupaten_Lumajang,0.06374487935127311,SIMILARITY_MATCH,"Kabupaten Lumajang (Hanacaraka: ꦭꦸꦩꦗꦁ, Pegon: لوماجاڠ; pelafalan dalam bahasa Indonesia: [luˈmad͡ʒaŋ]) adalah kabupaten di Provinsi Jawa Timur, Indonesia. Ibu kotanya adalah Kecamatan Lumajang Kota. Kabupaten ini berbatasan dengan Kabupaten Probolinggo di utara, Kabupaten Jember di timur, Samudra Hindia di selatan, serta Kabupaten Malang di barat. Kabupaten Lumajang merupakan bagian dari wilayah Tapal Kuda Jawa Timur.
Lumajang merupakan salah satu kota tertua di Jawa Timur, bahkan sudah menjadi pusat peradaban sejak ratusan tahun lalu. Dibuktikan nya dengan beberapa situs pra-sejarah dan beberapa peninggalan dari era kerajaan yang ada di Jawa Timur. Lumajang juga disebut Bali's Cousin karena topografi yang mirip juga memang Lumajang menjadi pusat Agama Hindu pada era Jawa Kuno, serta nenek moyang umat Hindu di Bali berasal dari kaki Gunung Semeru, Lumajang. Hingga sekarang, setiap tahun nya umat Hindu dari Bali bahkan umat Hindu di seluruh Pulau Jawa melakukan perjalanan spiritual/patirtaan menuju Pura Mandara Giri Semeru Agung yang ada di kaki Gunung Semeru, Senduro, Lumajang.",2026-10-09T04:39:48.473800+00:00
Pura Giri Jaya Natha,"Kota Balikpapan, Kalimantan Timur",Pura,ChIJzxjSJBpH8S0R4QzGBlfmGzU,Jaya Pura Giri Natha,"Jl. RE Martadinata No.17, Gunungsari Ilir, Kec. Balikpapan Tengah, Kota Balikpapan, Kalimantan Timur 76113, Indonesia",4.8,139.0,https://maps.google.com/?cid=3826905569831554273&g_mp=CiVnb29nbGUubWFwcy5wbGFjZXMudjEuUGxhY2VzLkdldFBsYWNlEAIYBCAA,-1.2611925,116.8357959,SUCCESS,FIRST_RESULT,2026-09-27T17:35:56.703288+00:00,,,Sri Aji Kresna Kepakisan,https://id.wikipedia.org/wiki/Sri_Aji_Kresna_Kepakisan,0.07526838028937778,SIMILARITY_MATCH,Sri Aji Kresna Kepakisan atau dikenal dengan nama Ida Dalem Wawu Rauh atau Ida Dalem Ketut Kresna Kepakisan adalah raja sekaligus pendiri dari Wangsa Kepakisan di Bali. Beliau menjadi raja vassal dari Majapahit dan memerintah Pulau Bali pada tahun 1352 - 1380 M. Ia adalah putra dari Sri Wang Bang Kepakisan dan cicit dari Mpu Tantular penulis Kitab Sutasoma.,2026-10-09T04:39:48.725984+00:00
Pura Ulun Danu Bratan,"Kabupaten Tabanan, Bali",Pura,ChIJVwisn2yJ0S0RUxvb5GhlJBg,Ulun Danu Beratan Temple,"Candikuning, Baturiti, Tabanan Regency, Bali, Indonesia",4.6,52514.0,https://maps.google.com/?cid=1739626857262422867&g_mp=CiVnb29nbGUubWFwcy5wbGFjZXMudjEuUGxhY2VzLkdldFBsYWNlEAIYBCAA,-8.2751807,115.1668234,SUCCESS,FIRST_RESULT,2026-09-27T17:35:57.286438+00:00,,,Pura Ulun Danu Bratan,https://id.wikipedia.org/wiki/Pura_Ulun_Danu_Bratan,1.0,EXACT_MATCH,"Pura Ulun Danu Bratan (ejaan tidak baku: Pura Ulun Danu Beratan, bahasa Bali: ᬧᬸᬭ ᬉᬮᬸᬦ᭄ ᬤᬦᬸ ᬩᭂᬭᬢ​ᬦ᭄᭟, translit. Pura Ulun Danu Bĕratan., disebut juga Bratan Pura) adalah sebuah pura dan candi air besar di Bali - candi utama air lainnya menjadi Pura Ulun Danu Batur. Kompleks pura ini terletak di tepi barat Danau Bratan di pegunungan dekat Bedugul, tepatnya di Desa Candikuning, Kecamatan Baturiti, Kabupaten Tabanan. Pura air (ulun/segara) memenuhi seluruh wilayah di daerah aliran; di tepi hilir ada banyak pura kecil air yang spesifik untuk setiap asosiasi irigasi (subak).

Pura ini sebenarnya digunakan untuk upacara persembahyangan Dewi Danu, dewi air, danau dan sungai. Danau Bratan merupakan salah satu danau penting dalam hal irigasi. Pura Batur atau Pura Ulun Danu pertama kali didirikan pada abad ke-17. Pura ini didedikasikan untuk dewa Wisnu dan untuk Dewi Danu sebagai dewi danau. Selain itu, Dewi Laksmi yang merupakan dewi kesuburan dan keindahan juga dipuja di pura ini.",2026-10-09T04:39:48.989227+00:00
Pura Majapahit,"Kabupaten Jembrana, Bali",Pura,ChIJozv2t-th0S0R9kz3q1HuwoQ,ᬧᬸᬭᬫᬚᬧᬳᬶᬢ᭄᭟ Pura Majapahit Desa Baluk,"JHXW+HMR, Baluk, Negara, Jembrana Regency, Bali 82212, Indonesia",4.6,62.0,https://maps.google.com/?cid=9566470593033227510&g_mp=CiVnb29nbGUubWFwcy5wbGFjZXMudjEuUGxhY2VzLkdldFBsYWNlEAIYBCAA,-8.3510229,114.5966488,SUCCESS,FIRST_RESULT,2026-09-27T17:35:57.821131+00:00,,,Majapahit,https://id.wikipedia.org/wiki/Majapahit,0.7933167507397386,SIMILARITY_MATCH,"Majapahit, (bahasa Jawa: ꦩꦗꦥꦲꦶꦠ꧀, translit. Måjåpahit; pelafalan dalam bahasa Jawa: [mɔd͡ʒɔpaɪt] (dialek timur dan tengah) atau [mad͡ʒapaɪt] (dialek barat)) juga dikenal sebagai Wilwatikta, adalah sebuah kemaharajaan talasokrasi Hindu-Buddha Jawa yang berbasis di pulau Jawa, sekarang di Indonesia. Pada masa kejayaannya, setelah melakukan ekspansi militer yang signifikan, wilayah  Majapahit dan negara-negara bawahannya meliputi hampir seluruh kepulauan Nusantara dan meliputi sebagian Asia Tenggara, Setelah perang saudara yang melemahkan kendali atas negara-negara bawahan, Majapahit perlahan-lahan akhirnya runtuh pada tahun 1527 akibat invasi Kesultanan Demak. Kejatuhan Majapahit menandai munculnya kerajaan-kerajaan Islam di Jawa.
Didirikan oleh Raden Wijaya pada tahun 1292, Majapahit bangkit berkuasa setelah invasi Mongol ke Jawa dan mencapai puncaknya pada era ratu Tribhuwana Wijayatunggadewi dan putranya Hayam Wuruk, yang pemerintahannya pada pertengahan abad ke-14 ditandai dengan penaklukan yang meluas ke seluruh Asia Tenggara. Prestasi ini juga diakui oleh perdana menteri yang terkenal Gajah Mada. Menurut Nagarakṛtāgama yang ditulis pada tahun 1365, Majapahit adalah sebuah kerajaan dengan 98 wilayah kekuasaan, yang membentang dari Sumatra hingga Papua; termasuk wilayah-wilayah di Indonesia, Singapura, Malaysia, Brunei, Thailand selatan, Timor Leste, dan Filipina barat daya (khususnya Kepulauan Sulu). Sifat hubungan dan pengaruh Majapahit terhadap negara-negara pengikutnya di seberang lautan, serta statusnya sebagai sebuah kerajaan adalah bersifat mandala yaitu setiap kerajaan bawahan harus mengirim upeti setiap tahun dan mengakui kekuasaan pusat, namun kerajaan bawahan Majapahit bebas mempunyai raja dan budaya sendiri..
Majapahit merupakan salah satu kerajaan Hindu-Buddha terakhir di wilayah tersebut dan dianggap sebagai salah satu kerajaan terbesar dan terkuat dalam sejarah Indonesia dan Asia Tenggara. Kadang-kadang dianggap sebagai preseden batas wilayah Indonesia modern.Bahkan warisan dari Kemaharajaan Majapahit sangat banyak yang digunakan untuk Negara Kesatuan Republik Indonesia. Pengaruhnya diperkirakan melampaui wilayah Indonesia modern dan telah menjadi subjek banyak penelitian.
Infrastruktur Pengairan dan Ketahanan Pangan
Keberlangsungan ekonomi Majapahit sangat bergantung pada kemampuannya mengelola lahan pertanian padi di dataran rendah Jawa Timur. Kerajaan ini mengembangkan sistem pengairan yang sangat maju melalui pembangunan bendungan dan waduk, seperti Waduk Baureno dan Waduk Kumitir. Pemanfaatan teknologi kanal ini tidak hanya berfungsi sebagai sarana irigasi lahan sawah, tetapi juga sebagai sistem pengendali banjir untuk melindungi pemukiman di sekitar pusat kerajaan. Kemampuan Majapahit dalam mengelola surplus hasil bumi inilah yang memungkinkan mereka membiayai ekspansi militer dan proyek pembangunan candi-candi besar.",2026-10-09T04:39:49.249859+00:00
Pura Lempuyang,"Kabupaten Karangasem, Bali",Pura,ChIJkygiUxcH0i0RY5J3_lj9oEA,Penataran Agung Lempuyang Temple,"JJ5H+GQF, Jl. Pura Telaga Mas Lempuyang, Tri Buana, Kec. Abang, Kabupaten Karangasem, Bali 80852, Indonesia",4.0,12755.0,https://maps.google.com/?cid=4657000573369291363&g_mp=CiVnb29nbGUubWFwcy5wbGFjZXMudjEuUGxhY2VzLkdldFBsYWNlEAIYBCAA,-8.3917875,115.63155569999998,SUCCESS,FIRST_RESULT,2026-09-27T17:25:50.620452+00:00,,,Pura Lempuyang Luhur,https://id.wikipedia.org/wiki/Pura_Lempuyang_Luhur,0.8434970378944888,SIMILARITY_MATCH,"Pura Lempuyang Luhur adalah pura ketujuh dan tertinggi di kompleks Pura Lempuyang di Gunung Lempuyang di Kabupaten Karangasem, Bali timur, Indonesia. Pura ini merupakan salah satu dari sembilan pura di kompleks Pura Sad Kahyangan atau Pura Kahyangan Sad Winayaka dan merupakan tempat ibadah paling suci di Bali.",2026-10-09T04:39:49.509934+00:00
Pura Jagatnata Banjarmasin,Kalimantan Selatan,Pura,ChIJVXu-6vcj5C0R4BHGl6sc8I8,Pura Agung Jagat Natha,"Timur street Jl. Gatot Subroto No.11, Pengambangan, Kec. Banjarmasin Tim., Kota Banjarmasin, Kalimantan Selatan 70239, Indonesia",4.5,101.0,https://maps.google.com/?cid=10371821465145577952&g_mp=CiVnb29nbGUubWFwcy5wbGFjZXMudjEuUGxhY2VzLkdldFBsYWNlEAIYBCAA,-3.3201093000000004,114.6179643,SUCCESS,FIRST_RESULT,2026-09-27T17:35:58.411204+00:00,,,Pura Agung Jagat Natha,https://id.wikipedia.org/wiki/Pura_Agung_Jagat_Natha,1.000000000000002,EXACT_MATCH,"Pura Agung Jagat Natha adalah tempat ibadah umat Hindu yang terletak di Jalan Gatot Subroto, Kecamatan Banjarmasin Timur, Banjarmasin, Indonesia. Pura ini diresmikan pada 2 Mei 2015 oleh gubernur Kalimantan Selatan saat itu, Rudy Arifin.
Pura Agung Jagat Natha terdiri dari tiga bagian utama yaitu ruang utama, ruang tengah dan ruang luar setelah direnovasi pada 2014 lalu. Area utama adalah kesucian yakni untuk ibadah dan sembahyang, area tengah untuk kegiatan keagamaan seperti upacara dan area luar adalah untuk kegiatan aktivitas sosial.",2026-10-09T04:39:49.769690+00:00
Pura Sebanyak Buah,Maluku,Pura,,,,,,,,,,,,NOT_FOUND,NO_GOOGLE_RESULT,Pura Yeh Gangga,https://id.wikipedia.org/wiki/Pura_Yeh_Gangga,0.22960426306458442,SIMILARITY_MATCH,"Pura Yeh Gangga (Aksara Bali: ᬧᬸᬭᬬᬾᬄᬕᬗ᭄ᬕ) adalah salah satu pura di Bali yang ditemukan pada Tahun 1820 yang didirikan di dekat sungai dengan struktur bangunan yang terlihat serupa dengan candi di Jawa, kecuali bagian atap Pura Yeh Gangga yang berbentuk meru tumpang tujuh dan terbuat dari bahan ringan. Pura Yeh Gangga ini terletak di Desa Perean, Kecamatan Baturiti, Kabupaten Tabanan Bali, sekitar 30 km dari Denpasar.
Pura Yeh Gangga merupakan cagar budaya yang ditetapkan pada tahun 2011.",2026-10-09T04:39:51.902943+00:00
Pura Penataran Puspem Badung,"Kabupaten Badung, Bali",Pura,ChIJX2zBM3Y50i0R_dTXT0sheEc,Taman Puspem Badung,"95XP+Q49, Jl. Raya Denpasar - Gilimanuk, Sempidi, Kec. Mengwi, Kabupaten Badung, Bali 80351, Indonesia",4.7,832.0,https://maps.google.com/?cid=5149902781243970813&g_mp=CiVnb29nbGUubWFwcy5wbGFjZXMudjEuUGxhY2VzLkdldFBsYWNlEAIYBCAA,-8.6005989,115.1853617,SUCCESS,FIRST_RESULT,2026-09-27T17:35:59.268999+00:00,,,Kabupaten Badung,https://id.wikipedia.org/wiki/Kabupaten_Badung,0.2829775292326788,SIMILARITY_MATCH,"Kabupaten Badung (bahasa Bali: ᬓᬪᬹᬧᬢᬾᬦ᭄ ᬩᬤᬸᬂ, dibaca:Kabhūpatén Badung) adalah kabupaten yang terletak di Provinsi Bali, Indonesia. Ibu kota Badung berada di Mangupura (berada di Kecamatan Mengwi) yang sebelumnya ibu kota Badung berada di Kota Denpasar. Daerah Badung meliputi Kuta dan Nusa Dua, objek wisata yang terkenal di Bali. Pada akhir tahun 2025, jumlah penduduk Kabupaten Badung sebanyak 543.320 jiwa. 
Kabupaten Badung saat ini dipimpin oleh seorang Bupati yang saat ini dijabat oleh I Wayan Adi Arnawa, dan sebagai Wakil Bupati yaitu Bagus Alit Sucipta. Pusat Pemerintahan Kabupaten Badung yang meliputi kantor bupati, kantor DPRD, kantor dinas, gedung kesenian dan perpustakaan kini berlokasi di Pusat Pemerintahan (Puspem) Mangupraja Mandala Kabupaten Badung, di Kota Mangupura.",2026-10-09T04:39:52.168023+00:00
Pura Peti Tenget,"Kabupaten Badung, Bali",Pura,ChIJaYzPMA5H0i0R2_-xW8gH2AU,Pura Petitenget,"Pura Petitenget, Kerobokan Kelod, Kec. Kuta Utara, Kabupaten Badung, Bali, Indonesia",,,https://maps.google.com/?cid=421095122272387035&g_mp=CiVnb29nbGUubWFwcy5wbGFjZXMudjEuUGxhY2VzLkdldFBsYWNlEAIYBCAA,-8.6817571,115.1522656,SUCCESS,FIRST_RESULT,2026-09-27T17:35:59.835111+00:00,,,Kabupaten Badung,https://id.wikipedia.org/wiki/Kabupaten_Badung,0.061913676492850206,SIMILARITY_MATCH,"Kabupaten Badung (bahasa Bali: ᬓᬪᬹᬧᬢᬾᬦ᭄ ᬩᬤᬸᬂ, dibaca:Kabhūpatén Badung) adalah kabupaten yang terletak di Provinsi Bali, Indonesia. Ibu kota Badung berada di Mangupura (berada di Kecamatan Mengwi) yang sebelumnya ibu kota Badung berada di Kota Denpasar. Daerah Badung meliputi Kuta dan Nusa Dua, objek wisata yang terkenal di Bali. Pada akhir tahun 2025, jumlah penduduk Kabupaten Badung sebanyak 543.320 jiwa. 
Kabupaten Badung saat ini dipimpin oleh seorang Bupati yang saat ini dijabat oleh I Wayan Adi Arnawa, dan sebagai Wakil Bupati yaitu Bagus Alit Sucipta. Pusat Pemerintahan Kabupaten Badung yang meliputi kantor bupati, kantor DPRD, kantor dinas, gedung kesenian dan perpustakaan kini berlokasi di Pusat Pemerintahan (Puspem) Mangupraja Mandala Kabupaten Badung, di Kota Mangupura.",2026-10-09T04:39:52.428589+00:00
Pura Pucak Tedung,"Kabupaten Badung, Bali",Pura,ChIJdWJv6B8h0i0Rq0F0F1RZ3rI,Pucak Tedung Temple,"Jl. Pura Pucak Tedung, Petang, Kec. Petang, Kabupaten Badung, Bali 80353, Indonesia",4.8,70.0,https://maps.google.com/?cid=12888837401286558123&g_mp=CiVnb29nbGUubWFwcy5wbGFjZXMudjEuUGxhY2VzLkdldFBsYWNlEAIYBCAA,-8.3682003,115.2139741,SUCCESS,FIRST_RESULT,2026-09-27T17:36:00.257249+00:00,,,Kabupaten Badung,https://id.wikipedia.org/wiki/Kabupaten_Badung,0.12370561409753233,SIMILARITY_MATCH,"Kabupaten Badung (bahasa Bali: ᬓᬪᬹᬧᬢᬾᬦ᭄ ᬩᬤᬸᬂ, dibaca:Kabhūpatén Badung) adalah kabupaten yang terletak di Provinsi Bali, Indonesia. Ibu kota Badung berada di Mangupura (berada di Kecamatan Mengwi) yang sebelumnya ibu kota Badung berada di Kota Denpasar. Daerah Badung meliputi Kuta dan Nusa Dua, objek wisata yang terkenal di Bali. Pada akhir tahun 2025, jumlah penduduk Kabupaten Badung sebanyak 543.320 jiwa. 
Kabupaten Badung saat ini dipimpin oleh seorang Bupati yang saat ini dijabat oleh I Wayan Adi Arnawa, dan sebagai Wakil Bupati yaitu Bagus Alit Sucipta. Pusat Pemerintahan Kabupaten Badung yang meliputi kantor bupati, kantor DPRD, kantor dinas, gedung kesenian dan perpustakaan kini berlokasi di Pusat Pemerintahan (Puspem) Mangupraja Mandala Kabupaten Badung, di Kota Mangupura.",2026-10-09T04:39:52.695423+00:00
Pura Sadha,"Kabupaten Badung, Bali",Pura,ChIJhzKDI_070i0RD4s2cdLwLnk,Pura Puru Sada (Kahyangan Jagat),"Jl. Soka No.8, Kapal, Kec. Mengwi, Kabupaten Badung, Bali 80351, Indonesia",4.8,204.0,https://maps.google.com/?cid=8732181514151168783&g_mp=CiVnb29nbGUubWFwcy5wbGFjZXMudjEuUGxhY2VzLkdldFBsYWNlEAIYBCAA,-8.5698507,115.1783913,SUCCESS,FIRST_RESULT,2026-09-27T17:36:00.750808+00:00,,,Lupa Daratan (film 2025),https://id.wikipedia.org/wiki/Lupa_Daratan_(film_2025),0.08379891271459505,SIMILARITY_MATCH,"Lupa Daratan (bahasa inggris: Lost in the Spotlight) adalah film komedi drama Indonesia tahun 2025 yang disutradari dan ditulis oleh Ernest Prakasa. Film ini dibintangi oleh Vino G. Bastian, Dea Panendra, dan Agus Kuncoro sebagai pemeran utama, dengan alur cerita yang berfokus pada seorang aktor sukses bernama Vino Agustian yang tiba-tiba kehilangan kemampuan aktingnya saat sedang berada di puncak karirnya.
Lupa Daratan ditayangkan di Netflix pada 11 Desember 2025.",2026-10-09T04:39:52.964776+00:00
Pura Tanah Lot,"Kabupaten Tabanan, Bali",Pura,ChIJq95xT4I30i0RaU3j93Diq8o,Tanah Lot,"Beraban, Kediri, Tabanan Regency, Bali 82121, Indonesia",4.6,103162.0,https://maps.google.com/?cid=14604015191502048617&g_mp=CiVnb29nbGUubWFwcy5wbGFjZXMudjEuUGxhY2VzLkdldFBsYWNlEAIYBCAA,-8.621213,115.086807,SUCCESS,FIRST_RESULT,2026-09-27T17:36:01.338726+00:00,,,Tanah Lot,https://id.wikipedia.org/wiki/Tanah_Lot,1.0,EXACT_MATCH,"Pura Tanah Lot (aksara Bali: ᬧᬸᬭᬢᬦᬄᬮᭀᬢ᭄) adalah salah satu Pura (Tempat Ibadah Umat Hindu) yang sangat disucikan di Bali, Indonesia. Nama Tanah Lot berasal dari kata ""tanah"" yang artinya tanah atau pulau dan ""lot"" atau lod yang artinya laut. Sehingga nama Tanah Lot dapat diartikan sebagai sebuah tanah atau pulau yang terletak di laut. Di sini ada dua Pura yang terletak di atas batu besar. Satu terletak di atas bongkahan batu dan satunya terletak di atas tebing mirip dengan Pura Uluwatu. Pura Tanah Lot ini merupakan bagian dari Pura Dang Kahyangan. Pura Tanah Lot merupakan Pura laut tempat pemujaan dewa-dewa penjaga laut. Tanah Lot terkenal sebagai tempat yang indah untuk melihat matahari terbenam.

",2026-10-09T04:39:53.226236+00:00
Pura Uluwatu,"Kabupaten Badung, Bali",Pura,ChIJkYHLIPxP0i0RlQTbpxuNuQw,Uluwatu Temple,"Pecatu, South Kuta, Badung Regency, Bali, Indonesia",4.6,53145.0,https://maps.google.com/?cid=916919149066388629&g_mp=CiVnb29nbGUubWFwcy5wbGFjZXMudjEuUGxhY2VzLkdldFBsYWNlEAIYBCAA,-8.829143199999999,115.0849069,SUCCESS,FIRST_RESULT,2026-09-27T17:36:01.895738+00:00,,,Pura Luhur Uluwatu,https://id.wikipedia.org/wiki/Pura_Luhur_Uluwatu,0.8114724539745177,SIMILARITY_MATCH,"Pura Luhur Uluwatu (Aksara Bali: ᬧᬸᬭᬮᬸᬳᬸᬃᬉᬮᬸᬯᬢᬸ) atau Pura Uluwatu merupakan pura yang berada di wilayah Desa Adat Pecatu, Kecamatan Kuta Selatan, Kabupaten Badung.
Pura yang terletak di ujung barat daya pulau Bali di atas anjungan batu karang yang terjal dan tinggi serta menjorok ke laut ini merupakan Pura Sad Kayangan yang dipercaya oleh orang Hindu sebagai penyangga dari 9 mata angin. Pura ini pada mulanya digunakan menjadi tempat memuja seorang pendeta suci dari abad ke-11 bernama Empu Kuturan. Ia menurunkan ajaran Desa Adat dengan segala aturannya.
Pura ini juga dipakai untuk memuja pendeta suci berikutnya, yaitu Dang Hyang Nirartha, yang datang ke Bali pada akhir tahun 1550 dan mengakhiri perjalanan sucinya dengan apa yang dinamakan Moksa atau Ngeluhur di tempat ini. Kata inilah yang menjadi asal nama Pura Luhur Uluwatu.
Pura Uluwatu terletak pada ketinggian 97 meter dari permukaan laut. Di depan pura terdapat hutan kecil yang disebut alas kekeran, berfungsi sebagai penyangga kesucian pura.
Pura Uluwatu mempunyai beberapa pura pesanakan, yaitu pura yang erat kaitannya dengan pura induk. Pura pesanakan itu yaitu Pura Bajurit, Pura Pererepan, Pura Kulat, Pura Dalem Selonding dan Pura Dalem Pangleburan. Masing-masing pura ini mempunyai kaitan erat dengan Pura Uluwatu, terutama pada hari-hari piodalan-nya. Piodalan di Pura Uluwatu, Pura Bajurit, Pura Pererepan dan Pura Kulat jatuh pada Selasa Kliwon Wuku Medangsia setiap 210 hari. Manifestasi Tuhan yang dipuja di Pura Uluwatu adalah Dewa Rudra.
Pura Uluwatu juga menjadi terkenal karena tepat di bawahnya adalah pantai Pecatu yang sering kali digunakan sebagai tempat untuk olahraga selancar, bahkan event internasional sering kali diadakan di sini. Ombak pantai ini terkenal amat cocok untuk dijadikan tempat selancar selain keindahan alam Bali yang memang amat cantik.",2026-10-09T04:39:53.478137+00:00
Pura Dalem Jawa,"Kabupaten Bangli, Bali",Pura,ChIJQYm0eQAZ0i0R5l1OsWwzh7E,Pura Dalem Jawa,"Jl. Nusantara No.64, Cempaga, Kec. Bangli, Kabupaten Bangli, Bali 80612, Indonesia",,,https://maps.google.com/?cid=12792249808493370854&g_mp=CiVnb29nbGUubWFwcy5wbGFjZXMudjEuUGxhY2VzLkdldFBsYWNlEAIYBCAA,-8.447888899999999,115.35762349999996,SUCCESS,FIRST_RESULT,2026-09-27T17:36:02.530884+00:00,,,Pura Dalem Jagaraga,https://id.wikipedia.org/wiki/Pura_Dalem_Jagaraga,0.5270058615410836,SIMILARITY_MATCH,"Pura Dalem Jagaraga disebut juga Pura Dalem Segara Madhu merupakan sebuah pura yang terletak di Desa Jagaraga, Kecamatan Sawan, Buleleng, sekitar 11 km sebelah timur Kota Singaraja, di pinggir jalan jurusan Singaraja-Sawan. Desa ini terkenal dengan “Puputan Jagaraga” perang melawan Belanda pada tahun 1849 dibawah komando I Gusti Ketut Jelantik.
Lingkungan Pura Dalem ini memiliki keunikan tersendiri yaitu relief mobil kuno yang dikendarai oleh orang yang bersenjata, relief pesawat jatuh, relief orang Belanda minum bir dan lain-lain. Juga patung “Men Brayut” cerita rakyat Bali tentang seorang ibu dengan anak banyak yang masih kecil bergayutan minta digentong semua. Pura ini tak bisa ditemukan di lain tempat di Bali.

",2026-10-09T04:39:53.740385+00:00
Pura Kehen,"Kabupaten Bangli, Bali",Pura,ChIJI51Hjjke0i0RXVyQEoRgpPU,Pura Kehen,"Jl. Sriwijaya No.8, Cempaga, Kec. Bangli, Kabupaten Bangli, Bali 80613, Indonesia",4.6,1112.0,https://maps.google.com/?cid=17700378555836292189&g_mp=CiVnb29nbGUubWFwcy5wbGFjZXMudjEuUGxhY2VzLkdldFBsYWNlEAIYBCAA,-8.4418777,115.35987509999998,SUCCESS,FIRST_RESULT,2026-09-27T17:36:03.079299+00:00,,,Pura Kehen,https://id.wikipedia.org/wiki/Pura_Kehen,1.0,EXACT_MATCH,"Pura Kehen (bahasa Bali: ᬧᬸᬭ ᬓᬾᬏ​ᬦ᭄᭟, translit. Pura Kéhén) adalah sebuah pura Hindu yang berlokasi di Kelurahan Cempaga, Kecamatan Bangli, Kabupaten Bangli, Bali, Indonesia, sekitar 45 km dari pusat Kota Denpasar, 20 km dari Ubud dan 23 km dari Kintamani serta 3 km dari Desa Wisata Penglipuran. Pura ini disebut juga sebagai Pura Hyang Api di mana kehen dalam Bahasa Bali berarti api. Selain itu, lokasi pura ini membelakangi Bukit Bangli.
Selain letaknya yang strategis, pada pintu masuk pura tidak menggunakan candi bentar seperti pada Pura Kahyangan Jagat umumnya. Pintu masuk Pura Kehen memang agak berbeda dengan menggunakan Kori Agung yang membuatnya berbeda dengan pura lainnya. Di samping itu, keberadaan Bale Kulkul pada batang pohon beringin turut memberi warna lain bagi Pura Kehen yang menjadi salah satu objek pariwisata unggulan Bangli.",2026-10-09T04:39:53.995473+00:00
Pura Rambut Siwi,"Kabupaten Jembrana, Bali",Pura,ChIJvQLkUeF90S0RD24qjJr_ytQ,Rambut Siwi Temple,"Yeh Embang Kangin, Mendoyo, Jembrana Regency, Bali 82261, Indonesia",4.7,1007.0,https://maps.google.com/?cid=15333348920577912335&g_mp=CiVnb29nbGUubWFwcy5wbGFjZXMudjEuUGxhY2VzLkdldFBsYWNlEAIYBCAA,-8.4031243,114.7658156,SUCCESS,FIRST_RESULT,2026-09-27T17:36:03.516010+00:00,,,Pura Rambut Siwi Tonja,https://id.wikipedia.org/wiki/Pura_Rambut_Siwi_Tonja,0.8058783610382957,SIMILARITY_MATCH,"Pura Rambut Siwi Tonja adalah sebuah prăsăda yang terletak di Kelurahan Tonja, Kecamatan Denpasar Timur, Kota Denpasar, Propinsi Bali. Pura Rambut Siwi Tonja hanya memiliki satu halaman yang diberi tembok penyengker dan sebuah candi bentar. Akses masuk melalui candi bentar yang mengarahkan langsung sampai ke halaman pura. Pura Rambut Siwi yang lokasinya ada di antara perumahan penduduk, memiliki susunan yang berbeda dengan umumnya pura di Bali. Pura yang terletak di sebidang tanah berukuran 30 meter x 44 meter itu hanya ada satu bangunan prăsăda (=bangunan suci di Bali yang mirip candi) yang terbuat dari batu bata dan bentuknya ramping.",2026-10-09T04:39:54.263459+00:00
Pura Jati,"Kabupaten Jembrana, Bali",Pura,ChIJL9KezhPf0y0R8n3r7EwN160,Pura Jati Jembrana,"Pengambengan, Negara, Jembrana Regency, Bali 82218, Indonesia",4.6,332.0,https://maps.google.com/?cid=12526495512597855730&g_mp=CiVnb29nbGUubWFwcy5wbGFjZXMudjEuUGxhY2VzLkdldFBsYWNlEAIYBCAA,-8.3927076,114.5871627,SUCCESS,FIRST_RESULT,2026-09-27T17:36:03.942899+00:00,,,Kabupaten Jembrana,https://id.wikipedia.org/wiki/Kabupaten_Jembrana,0.4967683128774355,SIMILARITY_MATCH,"Kabupaten Jembrana (bahasa Bali: ᬓᬪᬹᬧᬢᬾᬦ᭄ ᬚᭂᬫ᭄ᬩ᭄ᬭᬡ, Kabhūpatén Jembraṇa) adalah kabupaten yang terletak di ujung Barat pulau Bali, Indonesia. Ibu kotanya berada di Kecamatan Negara. Kabupaten ini berbatasan dengan Kabupaten Tabanan di Timur, Kabupaten Buleleng di Utara, Selat Bali di Barat dan Samudra Hindia di Selatan. Pada tahun 2021, penduduk kabupaten Jembrana berjumlah 321.931 jiwa dan pada akhir tahun 2024 berjumlah 330.221 jiwa.",2026-10-09T04:39:54.531633+00:00
Pura Besakih,"Kabupaten Karangasem, Bali",Pura,ChIJt7JIN74c0i0RSrvRjHk5_As,Besakih Great Temple,"Besakih, Kec. Rendang, Kabupaten Karangasem, Bali 80863, Indonesia",4.4,19314.0,https://maps.google.com/?cid=863628422764673866&g_mp=CiVnb29nbGUubWFwcy5wbGFjZXMudjEuUGxhY2VzLkdldFBsYWNlEAIYBCAA,-8.3739976,115.4525567,SUCCESS,FIRST_RESULT,2026-09-27T17:36:04.374879+00:00,,,Pura Besakih,https://id.wikipedia.org/wiki/Pura_Besakih,1.0000000000000002,EXACT_MATCH,"Pura Agung Besakih (aksara Bali: ᬧᬸᬭᬳᬕᬸᬂᬩᭂᬲᬓᬶᬄ) adalah sebuah Pura yang terletak di Kabupaten Karangasem, Bali. Besakih merupakan pura terbesar di Bali dan menjadi pura terpenting dan paling suci bagi umat Hindu Bali. Kawasan Suci Pura Agung Besakih adalah kawasan yang terdiri dari 26 (dua puluh enam) Pura, yaitu Pura Penataran Agung Besakih dan 25 (dua puluh lima) Pura Pakideh. Pura Pakideh yang dimaksud adalah : 1) Pura Gelap, 2) Pura Ulun Kulkul, 3) Pura Batu Madeg, 4) Pura Kidulingkreteg, 5) Pura Tirta Pingit, 6) Pura Pengubengan, 7) Pura Peninjoan, 8) Pura Tegal Suci Pagenian, 9) Pura Pesimpangan, 10) Pura Dalem Puri, 11) Pura Titi Gonggang, 12) Pura Manik Mas, 13) Pura Dalem Penangsaran/Pura Tegal Penangsaran, 14) Pura Dalem Prajapati Hyangaluh, 15) Pura Bangun Sakti, 16) Pura Goa Raja/Pura Rambut Sedana, 17) Pura Merajan Selonding, 18) Pura Banua, 19) Pura Merajan Kanginan, 20) Pura Basukihan Puseh Jagat, 21) Pura Catur Lawa Ida Ratu Pasek, 22) Pura Catur Lawa Ida Ratu Pande, 23) Pura Catur Lawa Ida Ratu Penyarikan, 24) Pura Catur Lawa Ida Ratu Dukuh, 25) Pura Pemuputan.

",2026-10-09T04:39:54.782926+00:00
Pura Taman Ayun,"Kabupaten Badung, Bali",Pura,ChIJAUB625A70i0R7crEj_IvJq8,Taman Ayun Temple,"Jl. Ayodya No.10, Mengwi, Kec. Mengwi, Kabupaten Badung, Bali 80351, Indonesia",4.6,10110.0,https://maps.google.com/?cid=12620827724593023725&g_mp=CiVnb29nbGUubWFwcy5wbGFjZXMudjEuUGxhY2VzLkdldFBsYWNlEAIYBCAA,-8.5418425,115.1724843,SUCCESS,FIRST_RESULT,2026-09-27T17:36:04.948852+00:00,,,Pura Taman Ayun,https://id.wikipedia.org/wiki/Pura_Taman_Ayun,1.0000000000000002,EXACT_MATCH,"Pura Taman Ayun (Aksara Bali: ᬧᬸᬭᬢᬫᬦ᭄ᬅᬬᬸᬦ᭄) merupakan Pura Paibon/Pedarman Raja Mengwi untuk memuja roh leluhur dari raja-raja yang diwujudkan dengan dibangunnya sebuah gedong Paibon, serta dibangun pula meru-meru untuk pemujaan dan persembahyangan kepada para Dewa bagi masyarakat kerajaan Mengwi dalam memohon kesejahteraan. Pura Taman Ayun berlokasi di Kecamatan Mengwi, Badung, Bali, Indonesi. Taman ini beserta Pura Taman Ayun merupakan peninggalan bersejarah dari kerajaan Mengwi.
Pada tahun 2012 Unesco menetapkan Pura Taman Ayun sebagai bagian dari situs warisan budaya dunia. Situs bertajuk resmi Lanskap Budaya Provinsi Bali: Sistem Subak sebagai sebuah manifestasi filosofi Tri Hita Karana (Cultural landscape of Bali Province: the subak system as a manifestation of the Tri Hita Karana). Meliputi Pura Ulun Danu Batur dan Danau Batur, daerah aliran sungai (DAS) Pakerisan, kawasan Catur Angga Batukaru dan situs Pura Taman Ayun.",2026-10-09T04:39:55.038580+00:00
Rumah Adat Baluk,"Kabupaten Bengkayang, Kalimantan Barat",Rumah,ChIJKc6wpu5d-zER_Ck6R4lNjGk,Rumah Adat Baluk Sebujit,"Jl. Demos, Dusun Sebujit Baru, Desa Hli Buei, Kec. Siding, Kabupaten Bengkayang, Kalimantan Barat 79286, Indonesia",4.5,66.0,https://maps.google.com/?cid=7605539122722777596&g_mp=CiVnb29nbGUubWFwcy5wbGFjZXMudjEuUGxhY2VzLkdldFBsYWNlEAIYBCAA,1.2252044,109.9328879,SUCCESS,FIRST_RESULT,2026-09-27T17:36:05.515280+00:00,,,Taman Mini Indonesia Indah,https://id.wikipedia.org/wiki/Taman_Mini_Indonesia_Indah,0.06398167107082335,SIMILARITY_MATCH,"Taman Mini Indonesia Indah (disingkat TMII; sebelumnya Taman Mini ""Indonesia Indah"" dengan tanda kutip) merupakan suatu taman hiburan bertemakan kebudayaan Indonesia di Jakarta Timur, DKI Jakarta, yang memiliki area seluas kurang lebih 147 hektare atau 1,47 kilometer persegi. Taman ini merupakan rangkuman kebudayaan bangsa Indonesia, yang mencakup berbagai aspek kehidupan sehari-hari masyarakat provinsi Indonesia yang ditampilkan dalam anjungan daerah berarsitektur tradisional, serta menampilkan aneka busana, tarian, dan tradisi daerah.
Di samping anjungan-anjungan daerah, di tengah-tengah TMII terdapat sebuah danau yang menggambarkan miniatur kepulauan Indonesia yang memiliki pertunjukkan air mancur menari dan atraksi drone bernama Tirta Cerita. TMII memiliki sarana rekreasi lainnya seperti kereta gantung, berbagai museum, Teater Keong Emas dan Teater Tanah Airku, menjadikannya sebagai salah satu kawasan wisata terkemuka di Jakarta.",2026-10-09T04:39:55.309953+00:00
Rumah Adat Kutai Guntung,"Kota Bontang, Kalimantan Timur",Rumah,ChIJG74lRfQTCjIRBmut6ge3NyY,Rumah Adat Kutai Bontang,"Jl.Tari Enggang Gg.Kanjar 1 No.RT.06, Guntung, Kec. Bontang Utara, Kota Bontang, Kalimantan Timur 75321, Indonesia",4.5,142.0,https://maps.google.com/?cid=2753870941790235398&g_mp=CiVnb29nbGUubWFwcy5wbGFjZXMudjEuUGxhY2VzLkdldFBsYWNlEAIYBCAA,0.1973133,117.47252379999998,SUCCESS,FIRST_RESULT,2026-09-27T17:36:06.070891+00:00,,,Kota Bontang,https://id.wikipedia.org/wiki/Kota_Bontang,0.40916735492353506,SIMILARITY_MATCH,"Kota Bontang adalah sebuah kota di provinsi Kalimantan Timur, Indonesia. Kota ini terletak sekitar 120 kilometer dari Kota Samarinda, berbatasan langsung dengan Kabupaten Kutai Timur di bagian utara dan barat, Kabupaten Kutai Kartanegara di selatan dan Selat Makassar di timur. Letak Astronomisnya 117° 23’ - 117° 38’ Bujur Timur ,0° 01’ - 0° 12’ Lintang Utara. Pada pertengahan tahun 2024, jumlah penduduk Bontang sebanyak 190.621 jiwa.
Di kota ini berdiri tiga perusahaan besar di bidang yang berbeda-beda, Badak NGL (gas alam), Pupuk Kalimantan Timur (Pupuk Urea, Amonia liquid dan Pupuk NPK) dan Indominco Mandiri (batubara) serta memiliki kawasan industri petrokimia yang bernama Kaltim Industrial Estate. Kota Bontang sendiri merupakan kota yang berorientasikan di bidang industri, jasa serta perdagangan.",2026-10-09T04:39:55.564454+00:00
Rumah Adat,Nusa Tenggara Timur,Rumah,ChIJl-QtKEJ0sy0RGmuxJeGCQS0,Rumah Adat Manggarai,"9FP7+RRX, Watu, Langke Rembong, Manggarai Regency, East Nusa Tenggara, Indonesia",4.4,252.0,https://maps.google.com/?cid=3261031508704586522&g_mp=CiVnb29nbGUubWFwcy5wbGFjZXMudjEuUGxhY2VzLkdldFBsYWNlEAIYBCAA,-8.6128892,120.4646078,SUCCESS,FIRST_RESULT,2026-09-27T17:36:16.117774+00:00,,,Rumah adat Aceh,,0.7097130881388563,SIMILARITY_MATCH,,2026-10-09T04:39:55.792344+00:00
Rumah Adat Dan Moko,"Kabupaten Alor, Nusa Tenggara Timur",Rumah,ChIJ6QJvTJl_AC0RTszTNHg6MFM,Kalabahi 1000 Moko Museum,"QGMG+CCV, Nusa Kenari, Teluk Mutiara, Alor Regency, East Nusa Tenggara, Indonesia",4.3,112.0,https://maps.google.com/?cid=5994355391986912334&g_mp=CiVnb29nbGUubWFwcy5wbGFjZXMudjEuUGxhY2VzLkdldFBsYWNlEAIYBCAA,-8.2163796,124.5260379,SUCCESS,FIRST_RESULT,2026-09-27T17:36:07.232258+00:00,,,Moko,,1.0000000000000002,SIMILARITY_MATCH,,2026-10-09T04:39:56.019630+00:00
Rumah Adat Berwarna Coklat Tua,"Kabupaten Alor, Nusa Tenggara Timur",Rumah,ChIJswFDZVeBqi0Rimm2u0u9NkM,RUMAH ADAT FEDMATE,"Unnamed Road, PCMG+WQX, Ampera, Kec. Alor Bar. Laut, Kabupaten Alor, Nusa Tenggara Tim., Indonesia",5.0,1.0,https://maps.google.com/?cid=4843266582253037962&g_mp=CiVnb29nbGUubWFwcy5wbGFjZXMudjEuUGxhY2VzLkdldFBsYWNlEAIYBCAA,-8.2651493,124.4269792,SUCCESS,FIRST_RESULT,2026-09-27T17:36:07.789574+00:00,,,Surat Lampung,,0.08068633038326001,SIMILARITY_MATCH,,2026-10-09T04:39:56.250011+00:00
Rumah Adat,Nusa Tenggara Timur,Rumah,ChIJl-QtKEJ0sy0RGmuxJeGCQS0,Rumah Adat Manggarai,"9FP7+RRX, Watu, Langke Rembong, Manggarai Regency, East Nusa Tenggara, Indonesia",4.4,252.0,https://maps.google.com/?cid=3261031508704586522&g_mp=CiVnb29nbGUubWFwcy5wbGFjZXMudjEuUGxhY2VzLkdldFBsYWNlEAIYBCAA,-8.6128892,120.4646078,SUCCESS,FIRST_RESULT,2026-09-27T17:36:16.117774+00:00,,,Rumah adat Aceh,,0.7097130881388563,SIMILARITY_MATCH,,2026-10-09T04:39:56.479283+00:00
Rumah Adat Pakpak,"Kabupaten Dairi, Sumatera Utara",Rumah,ChIJe6ReBWpBMDARt1YLyTQgaRk,Rumah Adat Pak Pak (Raja Aur Mpu Ladang Saraan),"Jl. Parongil Sepung Pelding, Bulu Duri, Kec. Lae Parira, Kabupaten Dairi, Sumatera Utara 22213, Indonesia",4.5,12.0,https://maps.google.com/?cid=1831030134586169015&g_mp=CiVnb29nbGUubWFwcy5wbGFjZXMudjEuUGxhY2VzLkdldFBsYWNlEAIYBCAA,2.797,98.2021638,SUCCESS,FIRST_RESULT,2026-09-27T17:36:08.691714+00:00,,,Suku Pakpak,,0.46662748190506026,SIMILARITY_MATCH,,2026-10-09T04:39:56.709586+00:00
Rumah Adat Palembang,"Kota Palembang, Sumatera Selatan",Rumah,ChIJG6xEDsZ1Oy4RDsW7DzBDI7E,Rumah Limas Palembang - Museum Adat,"Jl. Demang Lebar Daun No.51, Demang Lebar Daun, Kec. Ilir Bar. I, Kota Palembang, Sumatera Selatan 30131, Indonesia",4.6,733.0,https://maps.google.com/?cid=12764119642599572750&g_mp=CiVnb29nbGUubWFwcy5wbGFjZXMudjEuUGxhY2VzLkdldFBsYWNlEAIYBCAA,-2.9676359,104.7337077,SUCCESS,FIRST_RESULT,2026-09-27T17:36:09.145699+00:00,,,Rumah Limas,,0.6252402314689717,SIMILARITY_MATCH,,2026-10-09T04:39:56.942758+00:00
Rumah Adat,Nusa Tenggara Timur,Rumah,ChIJl-QtKEJ0sy0RGmuxJeGCQS0,Rumah Adat Manggarai,"9FP7+RRX, Watu, Langke Rembong, Manggarai Regency, East Nusa Tenggara, Indonesia",4.4,252.0,https://maps.google.com/?cid=3261031508704586522&g_mp=CiVnb29nbGUubWFwcy5wbGFjZXMudjEuUGxhY2VzLkdldFBsYWNlEAIYBCAA,-8.6128892,120.4646078,SUCCESS,FIRST_RESULT,2026-09-27T17:36:16.117774+00:00,,,Rumah adat Aceh,,0.7097130881388563,SIMILARITY_MATCH,,2026-10-09T04:39:57.169624+00:00
Rumah Adat Dalam Perisai Segi Lima,"Kabupaten Toba Samosir, Sumatera Utara",Rumah,ChIJT3UZhfbnMTARXTWDu-BPz50,Rumah Adat,"GV8V+HMF, Huta Rihit, Nainggolan, Samosir Regency, North Sumatra 22394, Indonesia",5.0,1.0,https://maps.google.com/?cid=11371395410770998621&g_mp=CiVnb29nbGUubWFwcy5wbGFjZXMudjEuUGxhY2VzLkdldFBsYWNlEAIYBCAA,2.5164469,98.8941841,SUCCESS,FIRST_RESULT,2026-09-27T17:36:10.219702+00:00,,,Rumah adat Aceh,,0.70177342357658,SIMILARITY_MATCH,,2026-10-09T04:39:57.396716+00:00
Rumah Adat Desa Tumori,"Kota Gunungsitoli, Sumatera Utara",Rumah,ChIJ7ZbJr0rlJTAR0MwC3C4uPuM,Rumah Adat Nias,"7JW3+HJ, Ombolata Ulu, Gunungsitoli, Gunungsitoli City, North Sumatra, Indonesia",3.9,11.0,https://maps.google.com/?cid=16374576073960246480&g_mp=CiVnb29nbGUubWFwcy5wbGFjZXMudjEuUGxhY2VzLkdldFBsYWNlEAIYBCAA,1.2964253,97.6040156,SUCCESS,FIRST_RESULT,2026-09-27T17:36:10.791457+00:00,,,Suku Nias,,0.23264883736390501,SIMILARITY_MATCH,,2026-10-09T04:39:57.624286+00:00
Rumah Adat Tradisional Madura Tanean Lanjhang,"Kabupaten Sumenep, Jawa Timur",Rumah,ChIJvwnEUvLX2S0RJM9SHV2uGqM,TANEYAN LANJHANG HERITAGE,"Buddagan 1, Larangan Luar, Kec. Larangan, Kabupaten Pamekasan, Jawa Timur 69383, Indonesia",4.9,32.0,https://maps.google.com/?cid=11752897892523888420&g_mp=CiVnb29nbGUubWFwcy5wbGFjZXMudjEuUGxhY2VzLkdldFBsYWNlEAIYBCAA,-7.1036714,113.5680664,SUCCESS,FIRST_RESULT,2026-09-27T17:36:11.364427+00:00,,,Tanèyan Lanjhâng,,0.43400807975619154,SIMILARITY_MATCH,,2026-10-09T04:39:57.850762+00:00
Rumah Adat Dan Ritus Pesta Kacang Jontona,"Kabupaten Lembata, Nusa Tenggara Timur",Rumah,ChIJYbLPMyQLqy0R7UeMgfQ8kP4,Kampung Adat Lewuhala,"Unnamed Road, PG45+WQ6, Jontona, Kec. Ile Ape Tim., Kabupaten Lembata, Nusa Tenggara Tim., Indonesia",4.9,15.0,https://maps.google.com/?cid=18343228303123171309&g_mp=CiVnb29nbGUubWFwcy5wbGFjZXMudjEuUGxhY2VzLkdldFBsYWNlEAIYBCAA,-8.2927084,123.50938289999998,SUCCESS,FIRST_RESULT,2026-09-27T17:36:11.666047+00:00,,,Rumah adat Aceh,,0.675165573735685,SIMILARITY_MATCH,,2026-10-09T04:39:58.078802+00:00
Museum Keraton Sumenep,"Kabupaten Sumenep, Jawa Timur",Rumah,ChIJd8dwESvk2S0RzbOjIcZMLDk,Sumenep Palace Museum,"XVR8+32M, Jl. Dr. Sutomo No.6, Lingkungan Delama, Pajagalan, Kec. Kota Sumenep, Kabupaten Sumenep, Jawa Timur 69416, Indonesia",4.6,2301.0,https://maps.google.com/?cid=4119752172988773325&g_mp=CiVnb29nbGUubWFwcy5wbGFjZXMudjEuUGxhY2VzLkdldFBsYWNlEAIYBCAA,-7.008117599999999,113.8628659,SUCCESS,FIRST_RESULT,2026-09-27T17:36:12.088988+00:00,,,Museum Keraton Sumenep,,1.0000000000000007,EXACT_MATCH,,2026-10-09T04:39:58.305804+00:00
Rumah Adat,Nusa Tenggara Timur,Rumah,ChIJl-QtKEJ0sy0RGmuxJeGCQS0,Rumah Adat Manggarai,"9FP7+RRX, Watu, Langke Rembong, Manggarai Regency, East Nusa Tenggara, Indonesia",4.4,252.0,https://maps.google.com/?cid=3261031508704586522&g_mp=CiVnb29nbGUubWFwcy5wbGFjZXMudjEuUGxhY2VzLkdldFBsYWNlEAIYBCAA,-8.6128892,120.4646078,SUCCESS,FIRST_RESULT,2026-09-27T17:36:16.117774+00:00,,,Rumah adat Aceh,,0.7097130881388563,SIMILARITY_MATCH,,2026-10-09T04:39:58.531829+00:00
Rumah Adat Bandayo Poboide,"Kota Gorontalo, Gorontalo",Rumah,ChIJAzXleAQueTIRMQ4GthEQZeI,Rumah Adat Bantayo Pobo'ide,"JXHJ+588, Kayubulan, Limboto, Gorontalo Regency, Gorontalo 96214, Indonesia",4.6,29.0,https://maps.google.com/?cid=16313462893473828401&g_mp=CiVnb29nbGUubWFwcy5wbGFjZXMudjEuUGxhY2VzLkdldFBsYWNlEAIYBCAA,0.6279045999999999,122.9808233,SUCCESS,FIRST_RESULT,2026-09-27T17:36:13.015259+00:00,,,Bantayo Poboide,,0.5464417864152646,SIMILARITY_MATCH,,2026-10-09T04:39:58.759258+00:00
Rumah Adat Panjalin,"Kabupaten Majalengka, Jawa Barat",Rumah,ChIJZZLcwfbfbi4RNGYw0iuwhCI,Rumah Adat Panjalin,"Panjalin Kidul, Sumberjaya, Majalengka Regency, West Java 45455, Indonesia",4.4,43.0,https://maps.google.com/?cid=2487306596471825972&g_mp=CiVnb29nbGUubWFwcy5wbGFjZXMudjEuUGxhY2VzLkdldFBsYWNlEAIYBCAA,-6.6975793,108.3568441,SUCCESS,FIRST_RESULT,2026-09-27T17:36:13.444447+00:00,,,Rumah Adat Panjalin,,1.0000000000000018,EXACT_MATCH,,2026-10-09T04:39:58.987491+00:00
Rumah Adat Bubungan Tinggi,Kalimantan Selatan,Rumah,ChIJQ-Zq8WYR5S0Rj95z_L3-ERw,Rumah Adat Banjar Bubungan Tinggi,"938W+97M, Habirau, Daha Selatan, South Hulu Sungai Regency, South Kalimantan 71253, Indonesia",4.5,55.0,https://maps.google.com/?cid=2022677799603789455&g_mp=CiVnb29nbGUubWFwcy5wbGFjZXMudjEuUGxhY2VzLkdldFBsYWNlEAIYBCAA,-2.6340369,115.0956689,SUCCESS,FIRST_RESULT,2026-09-27T17:36:14.016116+00:00,,,Rumah Bubungan Tinggi,,0.8675300160029558,SIMILARITY_MATCH,,2026-10-09T04:39:59.213741+00:00
Rumah Adat Suku Dayak Bukit Disebut Balai,Kalimantan Selatan,Rumah,ChIJKc6wpu5d-zER_Ck6R4lNjGk,Rumah Adat Baluk Sebujit,"Jl. Demos, Dusun Sebujit Baru, Desa Hli Buei, Kec. Siding, Kabupaten Bengkayang, Kalimantan Barat 79286, Indonesia",4.5,66.0,https://maps.google.com/?cid=7605539122722777596&g_mp=CiVnb29nbGUubWFwcy5wbGFjZXMudjEuUGxhY2VzLkdldFBsYWNlEAIYBCAA,1.2252044,109.9328879,SUCCESS,FIRST_RESULT,2026-09-27T17:36:14.554614+00:00,,,Suku Dayak Mualang,,0.25606933240132107,SIMILARITY_MATCH,,2026-10-09T04:39:59.439808+00:00
Rumah Panggung,Kepulauan Bangka Belitung,Rumah,ChIJCwByLxYWFy4RvoxY27BhdeI,Traditional House Belitung,"7M53+687, Jl. Gajah Mada, Lesung Batang, Kec. Tj. Pandan, Kabupaten Belitung, Kepulauan Bangka Belitung 33411, Indonesia",4.5,2132.0,https://maps.google.com/?cid=16318056237069012158&g_mp=CiVnb29nbGUubWFwcy5wbGFjZXMudjEuUGxhY2VzLkdldFBsYWNlEAIYBCAA,-2.7419538,107.653305,SUCCESS,FIRST_RESULT,2026-09-27T17:36:15.153935+00:00,,,Rumah panggung,,1.0000000000000004,EXACT_MATCH,,2026-10-09T04:39:59.666206+00:00
Rumah Limas,Kepulauan Bangka Belitung,Rumah,ChIJG6xEDsZ1Oy4RDsW7DzBDI7E,Rumah Limas Palembang - Museum Adat,"Jl. Demang Lebar Daun No.51, Demang Lebar Daun, Kec. Ilir Bar. I, Kota Palembang, Sumatera Selatan 30131, Indonesia",4.6,733.0,https://maps.google.com/?cid=12764119642599572750&g_mp=CiVnb29nbGUubWFwcy5wbGFjZXMudjEuUGxhY2VzLkdldFBsYWNlEAIYBCAA,-2.9676359,104.7337077,SUCCESS,FIRST_RESULT,2026-09-27T17:36:15.703915+00:00,,,Rumah Limas,,0.9999999999999999,EXACT_MATCH,,2026-10-09T04:39:59.893410+00:00
Rumah Adat,Nusa Tenggara Timur,Rumah,ChIJl-QtKEJ0sy0RGmuxJeGCQS0,Rumah Adat Manggarai,"9FP7+RRX, Watu, Langke Rembong, Manggarai Regency, East Nusa Tenggara, Indonesia",4.4,252.0,https://maps.google.com/?cid=3261031508704586522&g_mp=CiVnb29nbGUubWFwcy5wbGFjZXMudjEuUGxhY2VzLkdldFBsYWNlEAIYBCAA,-8.6128892,120.4646078,SUCCESS,FIRST_RESULT,2026-09-27T17:36:16.117774+00:00,,,Rumah adat Aceh,https://id.wikipedia.org/wiki/Rumah_adat_Aceh,0.7097130881388563,SIMILARITY_MATCH,"Rumoh Acèh (dalam bahasa Aceh)  merupakan rumah adat khas suku Aceh. Rumah ini bertipe rumah panggung dengan 3 bagian utama dan 1 bagian tambahan. 3 Bagian utama dari rumah Aceh yaitu seuramoë keuë (serambi depan), seuramoë teungoh (serambi tengah) dan seuramoë likôt (serambi belakang). Sedangkan 1 bagian tambahannya yaitu rumoh dapu (rumah dapur). Atap rumah berfungsi sebagai tempat penyimpanan pusaka keluarga.
Bagi suku bangsa Aceh, segala sesuatu yang akan mereka lakukan, selalu berlandaskan kitab adat. Kitab adat tersebut dikenal dengan Meukeuta Alam. Salah satu isi di dalam terdapat tentang pendirian rumah. Di dalam kitab adat menyebutkan: ”Tiap-tiap rakyat mendirikan rumah atau masjid atau balai-balai atau meunasah pada tiap-tiap tiang di atas itu hendaklah dipakai kain merah dan putih sedikit”. Kain merah putih yang dibuat khusus di saat memulai pekerjaan itu dililitkan di atas tiang utama yang di sebut tamèh raja dan tamèh putroë”. Oleh karenanya terlihat bahwa Suku Aceh bukanlah suatu suku yang melupakan apa yang telah diwariskan oleh nenek moyang mereka.
Dalam kitab tersebut juga dipaparkan bahwa; dalam Rumoh Aceh, bagian rumah dan pekarangannya menjadi milik anak-anak perempuan atau ibunya. Menurut adat Aceh, rumah dan pekarangannya tidak boleh di pra-é, atau dibelokkan dari hukum waris. Jika seorang suami meninggal dunia, maka Rumoh Aceh itu menjadi milik anak-anak perempuan atau menjadi milik isterinya bila mereka tidak mempunyai anak perempuan.Untuk itu, dalam Rumah Adat Aceh, istilah yang dinamakan peurumoh, atau jika diartikan dalam bahasa Indonesia adalah orang yang memiliki rumah.",2026-10-09T04:40:00.148872+00:00
Rumah Rakit,Kepulauan Bangka Belitung,Rumah,ChIJCwByLxYWFy4RvoxY27BhdeI,Traditional House Belitung,"7M53+687, Jl. Gajah Mada, Lesung Batang, Kec. Tj. Pandan, Kabupaten Belitung, Kepulauan Bangka Belitung 33411, Indonesia",4.5,2132.0,https://maps.google.com/?cid=16318056237069012158&g_mp=CiVnb29nbGUubWFwcy5wbGFjZXMudjEuUGxhY2VzLkdldFBsYWNlEAIYBCAA,-2.7419538,107.653305,SUCCESS,FIRST_RESULT,2026-09-27T17:36:16.656040+00:00,,,Rumah Rakit,https://id.wikipedia.org/wiki/Rumah_Rakit,1.0,EXACT_MATCH,"Rumah Rakit adalah rumah adat yang berbentuk rumah apung yang berasal dari Provinsi Sumatera Selatan. Rumah rakit merupakan salah satu rumah tertua di Provinsi Sumatera Selatan, diperkirakan sudah ada sejak zaman Kerajaan Sriwijaya. Rumah rakit dibangun di atas rakit dan mengapung di sepanjang pinggiran Sungai Musi, Sungai Ogan, dan Sungai Komering. Supaya tidak hanyut terbawa arus, rumah diikat pada sebuah serdang (penambat).",2026-10-09T04:40:00.411930+00:00
Rumah Adat Gobel,Gorontalo,Rumah,ChIJY1YC2N8teTIReIIj9k00yh8,Rumah Adat GOBEL Tapa,"J33H+9CX, Toluwaya, Bulango Timur, Bone Bolango Regency, Gorontalo 96126, Indonesia",4.4,31.0,https://maps.google.com/?cid=2290700869917966968&g_mp=CiVnb29nbGUubWFwcy5wbGFjZXMudjEuUGxhY2VzLkdldFBsYWNlEAIYBCAA,0.6034805,123.07859549999998,SUCCESS,FIRST_RESULT,2026-09-27T17:36:17.050739+00:00,,,Kota Gorontalo,https://id.wikipedia.org/wiki/Kota_Gorontalo,0.05133091710965118,SIMILARITY_MATCH,"Kota Gorontalo (Jawi Melayu: كهتا ݢهرهنتاله)(Silita Hulontalo: Kota Hulontalo) merupakan ibu kota Provinsi Gorontalo, Indonesia sekaligus menjadi kota Kawasan Teluk Tomini di Semenanjung Utara Pulau Sulawesi.
Kota Gorontalo merupakan kota terbesar dan terpadat penduduknya di wilayah Teluk Tomini (Teluk Gorontalo), sehingga menjadikan Kota Gorontalo sebagai pusat ekonomi, jasa dan perdagangan, pendidikan, hingga pusat penyebaran agama Islam di Kawasan Indonesia Timur.
Dalam catatan manuskrip sejarah Kesultanan Gorontalo, Kota Gorontalo yang lebih tertata dan memadai terbentuk secara resmi pada tanggal 19 Maret 1728.
Kota ini memiliki luas wilayah 79,03 km² (0,65% dari luas Provinsi Gorontalo). Pada pertengahan tahun 2023, jumlah penduduk kota Gorontalo sebanyak 203.205 jiwa.Pada tahun 2024, jumlah penduduk naik menjadi 203.812 jiwa dengan kepadatan penduduk 2.561 jiwa/km².",2026-10-09T04:40:00.685024+00:00
Rumah Adat Bentara Pineung,"Kabupaten Pidie, Aceh",Rumah,,,,,,,,,,,,NOT_FOUND,NO_GOOGLE_RESULT,Tokoh dan Pemimpin Konflik Aceh-Belanda,https://id.wikipedia.org/wiki/Tokoh_dan_Pemimpin_Konflik_Aceh-Belanda,0.06262339506680745,SIMILARITY_MATCH,"Pemimpin Perang Aceh adalah tokoh politik, militer, dan agama yang memimpin atau menopang dua pihak utama dalam konflik Aceh–Belanda pada fase paling intens (1599–1949). Fase ini dipandang sebagai periode paling krusial dalam konflik panjang Aceh–Belanda.

",2026-10-09T04:40:00.949731+00:00
Rumah Adat Bentara Blang,"Kabupaten Pidie, Aceh",Rumah,ChIJcaZPZ8WTQDARKkgXH3wmWUU,Lam Kuta,"8WGM+6P, Tungkop Cut, Indra Jaya, Pidie Regency, Aceh 24182, Indonesia",5.0,3.0,https://maps.google.com/?cid=4997067576083695658&g_mp=CiVnb29nbGUubWFwcy5wbGFjZXMudjEuUGxhY2VzLkdldFBsYWNlEAIYBCAA,5.3255815,95.9343187,SUCCESS,FIRST_RESULT,2026-09-27T17:25:54.244825+00:00,,,"Blangpidie, Aceh Barat Daya","https://id.wikipedia.org/wiki/Blangpidie,_Aceh_Barat_Daya",0.2463954629892002,SIMILARITY_MATCH,"Blangpidie adalah sebuah kecamatan di Kabupaten Aceh Barat Daya, Provinsi Aceh, Indonesia. Blangpidie merupakan ibu kota Kabupaten Aceh Barat Daya. Blangpidie berada pada bagian selatan pesisir Barat Aceh, dan dilewati jalan raya yang menghubungkan Banda Aceh - Medan, yakni sesudah Meulaboh dan sebelum Tapak Tuan. Blangpidie juga merupakan tempat pejuang kemerdekaan Teuku Ben Mahmud dilahirkan dan tempat pejuang kemerdekaan Teungku Peukan meninggal dunia dan dimakamkan.",2026-10-09T04:40:01.219166+00:00
Rumah Adat Rejang Lebong,"Kabupaten Rejang Lebong, Bengkulu",Rumah,ChIJ01jEUdE7MS4R3EvxO0dEdXQ,Wisata Rumah Adat Rejang,"GHM7+3GF, Air Meles Atas, Selupu Rejang, Rejang Lebong Regency, Bengkulu 39119, Indonesia",4.8,20.0,https://maps.google.com/?cid=8391688553413823452&g_mp=CiVnb29nbGUubWFwcy5wbGFjZXMudjEuUGxhY2VzLkdldFBsYWNlEAIYBCAA,-3.4673092,102.5637912,SUCCESS,FIRST_RESULT,2026-09-27T17:36:17.771821+00:00,,,Rumah Adat Rejang Kepahiang,https://id.wikipedia.org/wiki/Rumah_Adat_Rejang_Kepahiang,0.6693047099866779,SIMILARITY_MATCH,"Rumah Adat Rejang Kepahiang dikenal dengan sebutan ""Rumah Bubungan Lima"" adalah rumah adat khas Provinsi Bengkulu. Nama ini diambil dari bentuk atap rumah yang memiliki lima bagian yang melambangkan tingkatan sosial dalam masyarakat Rejang. Rumah ini berbentuk panggung dengan bahan utama dari kayu dan beratapkan ijuk atau rumbia. Seiring modernisasi, jumlah rumah adat Bubungan Lima semakin berkurang. Namun, beberapa rumah adat masih dipertahankan sebagai warisan budaya, baik dalam bentuk asli maupun sebagai replika untuk keperluan wisata budaya. Pemerintah daerah dan masyarakat setempat juga terus berupaya melestarikan keberadaan rumah adat ini melalui berbagai program kebudayaan dan pendidikan.",2026-10-09T04:40:01.487227+00:00
Rumah Adat Dulohupa,"Kota Gorontalo, Gorontalo",Rumah,ChIJu9vMQwAteTIRG35KMFkQjLw,RUMAH ADAT GORONTALO,"H396+VXG, Tanggikiki, Sipatana, Kota Gorontalo, Gorontalo 96128, Indonesia",4.7,11.0,https://maps.google.com/?cid=13586252151118265883&g_mp=CiVnb29nbGUubWFwcy5wbGFjZXMudjEuUGxhY2VzLkdldFBsYWNlEAIYBCAA,0.5696831,123.06246139999998,SUCCESS,FIRST_RESULT,2026-09-27T17:36:18.198962+00:00,,,Dulohupa,https://id.wikipedia.org/wiki/Dulohupa,0.6101621846340639,SIMILARITY_MATCH,"Dulohupa adalah rumah adat atau rumah tradisional Indonesia sebagai bagian dari lambang adat Gorontalo yang dibangun oleh pemerintah di Kelurahan Limba U2, Kecamatan Kota Selatan, Kota Gorontalo, Provinsi Gorontalo . Penduduk Gorontalo menyebut Dulohupa dengan nama Yiladia Dulohupa Lo Ulipu Hulondhalo. Dulohupa memiliki bentuk rumah panggung dengan badan terbuat dari papan dan struktur atapnya bernuansa daerah Gorontalo. Sebagai lambang dari rumah adat Gorontalo, Dulohupa memiliki hiasan berupa pilar-pilar kayu, sedangkan sebagai simbol tangga adat atau yang disebut juga dengan Tolitihu, Dulohupa memiliki dua buah tangga yang masing-masing berada di sebelah kanan dan kiri rumah. Saat ini, Dulohupa dilengkapi dengan taman bunga, bangunan tempat penjualan cendera mata, serta bangunan yang menyimpan kereta kerajaan yang disebut dengan Talanggeda.",2026-10-09T04:40:01.751260+00:00
Rumah Adat Dan Pasola,Nusa Tenggara Timur,Rumah,ChIJP7vZ_3EYSywREbvwzV5jkIo,Kampung Adat Pasunga,"CH6F+CR3, Anakalang, Katikutana, Central Sumba Regency, East Nusa Tenggara, Indonesia",4.4,260.0,https://maps.google.com/?cid=9984589632713571089&g_mp=CiVnb29nbGUubWFwcy5wbGFjZXMudjEuUGxhY2VzLkdldFBsYWNlEAIYBCAA,-9.5889821,119.5745392,SUCCESS,FIRST_RESULT,2026-09-27T17:36:18.787664+00:00,,,Pasola,https://id.wikipedia.org/wiki/Pasola,1.0000000000000007,SIMILARITY_MATCH,"Pasola berasal dari kata sola atau hola, yang merujuk pada jenis lembing kayu yang digunakan dalam tradisi saling melempar dari atas kuda yang sedang dipacu oleh dua kelompok yang berlawanan. Setelah mendapat imbuhan pa- (menjadi pa-sola atau pa-hola), istilah tersebut bermakna permainan. Dengan demikian, pasola atau pahola adalah permainan ketangkasan berupa saling melempar lembing kayu dari atas punggung kuda yang berlari kencang antara dua kelompok yang saling berhadapan. Pasola merupakan bagian dari rangkaian upacara tradisional masyarakat Sumba yang masih menganut kepercayaan Marapu, yaitu sistem kepercayaan lokal setempat. Kegiatan ini diselenggarakan di empat wilayah di Kabupaten Sumba Barat, yakni Kodi, Lamboya, Wonokaka, dan Gaura. Pelaksanaannya dilakukan secara bergiliran setiap tahun, umumnya berlangsung antara bulan Februari hingga Maret.",2026-10-09T04:40:02.011204+00:00
Situs Fondasi Bilik,"Kabupaten Lingga, Kepulauan Riau",Situs,ChIJybxhj29pJy4RuYwdgZ72U-k,Regent Office Lingga,"QJQ3+XVV, Daik, Lingga, Lingga Regency, Riau Islands 29872, Indonesia",4.6,14.0,https://maps.google.com/?cid=16813052994535656633&g_mp=CiVnb29nbGUubWFwcy5wbGFjZXMudjEuUGxhY2VzLkdldFBsYWNlEAIYBCAA,-0.2100037,104.6046627,SUCCESS,FIRST_RESULT,2026-09-27T17:36:19.204332+00:00,,,Kabupaten Lingga,https://id.wikipedia.org/wiki/Kabupaten_Lingga,0.29406787923795735,SIMILARITY_MATCH,"Kabupaten Lingga adalah sebuah wilayah kabupaten di provinsi Kepulauan Riau, Indonesia. Ibu kotanya adalah Daik. Kabupaten Lingga memiliki 13 kecamatan, 7 kelurahan, dan 82 desa. Populasinya mencapai 101.472 jiwa pada 2025 dengan kepadatan penduduk mencapai 46,73 per km². Laju pertumbuhan penduduk mencapai 0,99% selama periode 2020-2025.",2026-10-09T04:40:02.284276+00:00
Situs Selobanteng,"Kabupaten Situbondo, Jawa Timur",Situs,ChIJBZSmDAAd1y0RMXrBZ7soqng,"Situs Batu Banteng, desa Selo Banteng","6HXR+87, Jatian, Selobanteng, Kec. Banyuglugur, Kabupaten Situbondo, Jawa Timur 68359, Indonesia",,,https://maps.google.com/?cid=8694806815956892209&g_mp=CiVnb29nbGUubWFwcy5wbGFjZXMudjEuUGxhY2VzLkdldFBsYWNlEAIYBCAA,-7.75167,113.590709,SUCCESS,FIRST_RESULT,2026-09-27T17:36:19.751625+00:00,,,"Selobanteng, Banyuglugur, Situbondo","https://id.wikipedia.org/wiki/Selobanteng,_Banyuglugur,_Situbondo",0.518807157445586,SIMILARITY_MATCH,"Selobanteng adalah sebuah desa di kecamatan Banyuglugur, Kabupaten Situbondo, Jawa Timur, Indonesia.
Selobanteng yang juga dikenal dengan nama Loros,(berbatasan dengan Kabipaten Probolinggo), memiliki sebuah peninggalan sejarah, sebuah batu yang berbentuk Banteng, yang konon adalah sisa-sisa peninggalan Kerajaan Majapahit.Selain itu juga terdapat Makam Kuno, oleh masyarakat sekitar dikenal dengan Bujuk Burung.",2026-10-09T04:40:02.541593+00:00
Situs Istana Damnah,"Kabupaten Lingga, Kepulauan Riau",Situs,ChIJDYPy4BtpJy4RnqmXXYfymWk,Istana Damnah,"Jalan Raja Muhammad Yusuf No.Kelurahan, Daik, Kec. Lingga, Kabupaten Lingga, Kepulauan Riau 29872, Indonesia",4.8,6.0,https://maps.google.com/?cid=7609379708623890846&g_mp=CiVnb29nbGUubWFwcy5wbGFjZXMudjEuUGxhY2VzLkdldFBsYWNlEAIYBCAA,-0.2149375,104.5954219,SUCCESS,FIRST_RESULT,2026-09-27T17:36:20.318492+00:00,,,Daftar tempat wisata di Kepulauan Riau,https://id.wikipedia.org/wiki/Daftar_tempat_wisata_di_Kepulauan_Riau,0.08352401664896612,SIMILARITY_MATCH,"Berikut adalah daftar tempat pariwisata di Kepulauan Riau, Indonesia berdasarkan kabupaten/kota.",2026-10-09T04:40:02.805948+00:00
Situs Prasejarah Sumbermalang,"Kabupaten Situbondo, Jawa Timur",Situs,ChIJ3wIA8VDX0C0Rci1QSU8MOcA,Sumberejo Inscription Stone Archeological Site,"Unnamed Road, 7765+9VW, Area Sawah/Kebun, Banyuputih, Kec. Banyuputih, Kabupaten Situbondo, Jawa Timur 68374, Indonesia",4.8,5.0,https://maps.google.com/?cid=13851115663626612082&g_mp=CiVnb29nbGUubWFwcy5wbGFjZXMudjEuUGxhY2VzLkdldFBsYWNlEAIYBCAA,-7.739001300000001,114.2596951,SUCCESS,FIRST_RESULT,2026-09-27T17:36:20.892566+00:00,,,Kabupaten Situbondo,https://id.wikipedia.org/wiki/Kabupaten_Situbondo,0.08382624722360477,SIMILARITY_MATCH,"Kabupaten Situbondo (Hanacaraka: ꦱꦶꦠꦸꦧꦤ꧀ꦢ, Pegon: سيتوباندا; pelafalan dalam bahasa Indonesia: [sitʊˈbɔndɔ]; sebelumnya Kabupaten Panarukan) adalah kabupaten di provinsi Jawa Timur, Indonesia. Ibu kota Situbondo berada di kecamatan Situbondo.
Kabupaten yang dilintasi aliran besar Kali Sampean ini terletak di daerah pesisir utara pulau Jawa, di kawasan Tapal Kuda dan dikelilingi oleh perkebunan tebu, tembakau, hutan lindung Baluran dan lokasi usaha tambak udang dan perikanan. Dengan letaknya yang strategis, di tengah jalur transportasi darat Jawa-Bali, kegiatan perekonomian di kabupaten ini termasuk yang paling aktif di Jawa Timur, karena para sopir angkutan barang selalu singgah dan beristirahat di tempat-tempat yang ada di wilayah ini, terutama di wilayah wisata seperti Taman Nasional Baluran dan Pantai Pasir Putih. Situbondo mempunyai pelabuhan penumpang dan niaga bernama Pelabuhan Panarukan yang terkenal sebagai ujung timur dari Jalan Raya Pos Anyer-Panarukan di pulau Jawa yang dibangun oleh Daendels pada era kolonial Belanda. Mayoritas Penduduk di wilayah ini merupakan Suku Madura, dan selebihnya merupakan pendatang dari berbagai wilayah di Jawa Timur dan provinsi lain di Indonesia dan biasanya para pendatang tersebut bekerja sebagai pegawai pemerintah dan/atau wirausaha.",2026-10-09T04:40:03.069534+00:00
Situs Batu Lantai,"Kabupaten Situbondo, Jawa Timur",Situs,ChIJfYOCLhId1y0RK6If2ckwmyc,Situs BATU LANTAI,"Unnamed Road, 6HRR+WWG, Krajan, Selobanteng, Kec. Banyuglugur, Kabupaten Situbondo, Jawa Timur 68359, Indonesia",3.0,1.0,https://maps.google.com/?cid=2853928432358629931&g_mp=CiVnb29nbGUubWFwcy5wbGFjZXMudjEuUGxhY2VzLkdldFBsYWNlEAIYBCAA,-7.757689000000001,113.5923409,SUCCESS,FIRST_RESULT,2026-09-27T17:36:21.501759+00:00,,,Paleolitikum,https://id.wikipedia.org/wiki/Paleolitikum,0.016930983403850894,SIMILARITY_MATCH,"Zaman Batu Tua atau Paleolitikum (bahasa Yunani: παλαιός (palaios)—purba dan λίθος (lithos)—batu) adalah zaman yang memiliki ciri khas berupa perkembangan alat-alat batu. Zaman ini mencakup sekitar 95% masa prasejarah teknologi manusia. Zaman ini dimulai dari penggunaan alat batu pertama oleh hominin sekitar 3,3 juta tahun yang lalu hingga akhir Pleistosen sekitar 11.650 tahun yang lalu. Zaman Paleolitikum digantikan oleh zaman Mesolitikum, walaupun masa transisinya berbeda-beda di setiap wilayah.
Jika divisualisasikan kondisi manusia paling awal. Mereka telanjang, tanpa api, tanpa rumah, tanpa peralatan dan senjata, bahkan tanpa bahasa, dan tanpa apa-apa kecuali tangan dan otak mereka untuk mencari makan dan melindungi diri dari binatang di sekitar mereka. Tidak ada manusia liar yang hidup begitu rendah seperti manusia paling awal ini, Manusia paling awal ini memulai segalanya tanpa kebudayaan. Mereka harus memprolehnya melalui usaha-usaha tanpa bantuan yang mereka lakukan sendiri.
Alat dan senjata pertama manusia ialah segala sesuatu yang berada di tangan mereka, Sebuah cabang pohon bisa menjadi tombak; tongkat kayu yang besar bisa menjadi alat pemukul; sementara bebatuan yang diambil secara sembarangan bisa menjadi peluru ketika dilemparkan atau digunakan sebagai alat pukul untuk memecah kacang dan menghancurkan tulang-tulang besar. Akhirnya, manusia menemukan bahwa alat yang dibentuk bisa digunakan dengan lebih baik daripada alat tanpa bentuk, dan kemudian manusia mulai menyumbing batu api menjadi kapak batu, pisau, mata tombak, alat bor, dan lain-lain, Objek-objek semacam ini dinamakan paleolith (batu tua), dan periode ketika objek-objek ini dibuat karenanya dikenal sebagai paleolitikum atau Zaman Batu Tua. Zaman Batu Tua ini tampaknya mulai di tahapan interglasial ketiga dan mungkin berlangsung lebih dari seratus ribu tahun.
Tidak dibutuhkan ketrampilan untuk menyumbing batu api di sepanjang satu atau kedua sisi batu, hingga batu tersebut berbentuk simeteris. Namun, latihan menjadikannya sempurna, dan zaman paleolitikum sebagian besar menunjukkan kemajuan berarti dalam pembuatan objek-objek, tidak hanya alat batu, tetapi juga peralatan dari tulang, gading mamut, dan tanduk rusa kutub. Beragam jenis peralatan berbeda, diadaptasi untuk penggunaan khususnya, diproduksi secara bertahap. Lebih lanjut tentang peralatan yang telah disebutkan, kita menemukan alat penusuk, baji, gergaji, alat bor, alat pahat, tombak berduri, dan bahkan peralatan yang begitu rapi seperti pelontar tombaki tulang dan kayu juga digunakan sebagai gagang senjata dan peralatan sehingga senjata dan peralatan bisa digunakan dengan lebih efektif. Manusia paleolitikum belajar membuat api. Namun, bagaimana caranya, kita tidak tahu. Mungkin ia menggesekkan sepotong pirit besi dengan batu api dan kemudian menimbulkan percikan api yang jatuh ke tumpukan daun atau lumut kering, Beberapa manusia liar masih melakukan hal ini, walaupun lebih sering mereka membuat api dengan cara menggosokkan dua potong kayu bersama-sama. Penemuan api membuat manusia bisa memasak makanan, daripada memakannya mentah-mentah. Mereka juga menggunakan api untuk mengasapi daging sehingga bisa disimpan untuk waktu yang lama. Api juga digunakan untuk melindungi diri di malam hari dari binatang-binatang buas dan untuk membuat rumah gua mereka menjadi nyaman. Lebih lanjut, penggunaan api memungkinkan manusia membakar tanah liat menjadi gerabah dan melelehkan logam, tetapi langkah-langkah besar ini tidak berlangsung di zaman paleolitikum.
Manusia zaman batu tua tidak diragukan lagi melewatkan sebagian besar waktu mereka di ruang terbuka, dengan mengikuti hewan-hewan buruan dari satu tempat ke tempat Iainnya dan ketika malam datang, mereka berkemah di bawah bintang-bintang. Mereka membangun gubuk juga. Beberapa gambar mereka menunjukkan struktur kasar gubuk mereka dengan sebuah tonggak tunggal di bagian tengah dan kadang-kadang dengan beberapa tiang penyangga di sisi Iainnya. Pada umumnya mereka bertempat tinggal di bawah tepian bebatuan dan di gua, seperti yang dilakukan manusia liar saat ini. Gua-gua kapur, yang sering sangat dalam dan lapang, jumlahnya sangat banyak di Eropa barat. Gua-gua tersebut tampaknya telah dihuni selama beberapa generasi selama berabad-abad. Kumpulan besar abu dan arang, peralatan batu, tulang binatang, dan kadang-kadang tulang manusia menutupi lantai gua yang cukup dalam. Objek-objek ini sering ditemukan terperangkap dalam stalaktit yang dibentuk oleh air mengandung kapur yang jatuh dari atap gua. Apa yang dulunya menjadi rumah manusia gua kini menjadi sebuah museum, yang sedang menunggu penyelidikan oleh para ahli untuk mengungkap cerita masa lalu.
Manusia Paleolitikum pada awalnya pasti hidup bergantung pada suplai alam seperti beri liar, kacang-kacangan, umbi-umbian, dedaunan, madu, telur unggas liar, kerang, dan tempayak. Mereka juga bergantung pada binatang-binatang kecil yang mereka bisa bunuh dengan lemparan batu dan tongkat kayu. Ketika peralatan mereka berkembang dan ketrampilan mereka meningkat, mereka menjadi pemburu ikan, penjerat hewan dan pemburu hewan-hewan besar. Mereka membunuh dan memakan mamut berbulu, kuda nil, bison Eropa, rusa kutub, dan terutama kuda stepa, yang saat itu berkembang dalam kumpulankumpulan besar di seluruh Eropa barat. Ada sebuah situs paleolitik di Prancis yang diperkirakan mengandung tulang-tulang seratus ribu kuda. Kulit dari binatang buruan dijadikan alat pelindung dan pakaian, seperti yang kita ketahui dari penemuan alat pengerik kulit yang terbuat dari batu api dan jarum dari tulang.
Beberapa penghuni gua ini adalah seniman berbakat. Mereka menghiasi peralatan batu dan tulang dengan ukiran, figur-figur yang terbuat dari tanah liat, patung-patung yang terbuat dari batu dan gading, dan menutup dinding gua tempat tinggal mereka dengan berbagai lukisan berwarna merah, kuning, coklat, dan warna-warna cerah Iainnya. Subjek lukisan itu pada umumnya adalah binatang, walaupun beberapa representasi bentuk manusia juga telah dltemukan, Lukisan-lukisan paleolitikum terbaik sungguh mengagumkan, melampaui usaha-usaha manusia liar modern. Manusia yang membuat lukisan ini jelas pengamat dekat kehidupan binatang, Para penghuni gua rupanya telah memiliki bentuk kasar agarna, Mayat-mayat yang dikubur di dalam gua kadang-kadang dikelilingi dengan persembahan berupa makanan, peralatan, dan ornamen-ornamen, yang pastinya ditujukan untuk mayat agar bisa digunakan di alam lain setelah kematiannya.
Ada aspek-aspek lain kebudayaan paleolitikum tentangnya hanya sedikit atau tidak ada yang bisa dipelajari dengan pasti. Kita hanya bisa menduga, dari apa yang diketahui tentang orang liar saat ini, bahwa di periode yang sangat lampau ini orang-orang mulai bekerja sama dalam berburu dan membela diri melawan binatang dan manusia lain yang jadi musuhnya, Setiap kelompok anggotanya sedikit beberapa ratus individu yang paling besar karena populasi masih sangat jarang. Pemerintahan tidak diragukan lagi telah ada, tetapi apakah dipimpin oleh para tetua atau oleh para sesepuh komunitas kecil kami tidak tahu. Mungkin bentuk keluarga juga telah muncul, dan laki-laki dan wanita mulai hidup bersama lebih kurang secara permanen di bawah beberapa bentuk perkawinan, Kehidupan sosial manusia sangat kuno, demikian juga agama, seni dan kebudayaan materialnya.
Beberapa perkembangan kebudayaan ditemukan di Indonesia sekitar Pacitan, Jawa Timur (ditemukan oleh von Koenigswald) dan Ngandong, Kabupaten Blora, Jawa Tengah. Pada zaman ini, manusia hidup secara nomaden atau berpindah-pindah tempat dalam kumpulan kecil/koloni untuk mencari makanan. Pekerjaan kaum perempuan adalah mengumpulkan dedaunan, ubi, sayur-sayuran, dan buah-buahan. Sedangkan, tugas kaum laki-laki adalah memburu binatang untuk dimakan.
Peninggalan yang ditemukan antara lain berupa peralatan batu seperti flakes (alat penyerpih berfungsi misalnya untuk mengupas, menguliti), chopper (kapak genggam/alat penetak), selain itu terdapat pula peralatan dari tulang.
Kapak genggam banyak ditemukan di daerah Pacitan, biasa disebut chopper (alat penetak/pemotong). Dinamakan kapak genggam karena alat tersebut serupa dengan kapak, tetapi tidak bertangkai dan cara menggunakannya dengan cara menggenggam bagian kapaknya. Pembuatannya dengan cara memangkas salah satu sisi batu sampai menajam dan sisi lainnya dibiarkan apa adanya sebagai tempat menggenggam.
Alat-alat peninggalan Kebudayaan Pacitan dan Kebudayaan Ngandong juga dapat ditemukan di beberapa lokasi lain. Sebagai contoh, alat-alat batu dan tulang dapat ditemukan di Sidorejo, Ngawi. Alat penyerpih atau flakes dapat ditemukan di Sangiran, Sragen. Selain di Jawa Tengah dan Jawa Timur, peralatan yang mirip dengan peninggalan kedua kebudayaan tersebut juga dapat ditemukan di Sumatera, Kalimantan, Sulawesi, Bali, Nusa Tenggara Barat, Nusa Tenggara Timur, dan Kepulauan Maluku.
Spesies manusia purba yang telah ada pada zaman ini adalah Meganthropus paleojavanicus dan Pithecanthropus erectus (Pithecanthropus mojokertensis, Pithecanthropus robustus).",2026-10-09T04:40:03.345609+00:00
Situs Makam Sayyid Ustman Bin Ali Bin Abdillah Al-Habsyi,"Kabupaten Sampang, Jawa Timur",Situs,ChIJB-ZLCpPL2S0RlccNXhNHcLs,Sayid Usman Bin Ali Bin Abdilah,"Unnamed Road No.69262, Panasan Dajah, Tamberu Bar., Kec. Sokobanah, Kabupaten Sampang, Jawa Timur 69262, Indonesia",4.5,11.0,https://maps.google.com/?cid=13506373430992029589&g_mp=CiVnb29nbGUubWFwcy5wbGFjZXMudjEuUGxhY2VzLkdldFBsYWNlEAIYBCAA,-6.895982999999999,113.4509863,SUCCESS,FIRST_RESULT,2026-09-27T17:36:21.925777+00:00,,,Abdurrauf al-Fansuri,https://id.wikipedia.org/wiki/Abdurrauf_al-Fansuri,0.14089688465299996,SIMILARITY_MATCH,"Syekh Abdurrauf bin Ali al-Jawi al-Fansuri al-Singkili (bahasa Arab: عبد الرؤوف بن علي الجاوي الفنصوري السنكيلي; sekitar 1024 H/1615 M – 1105 H/1693 M), sering ditulis Abdurrauf Singkel, Abdurrauf al-Singkili, atau Abdurrauf al-Fansuri, adalah seorang ulama, ahli fikih, tafsir, hadis, tasawuf, dan pemimpin Tarekat Syattariyah dari Kesultanan Aceh pada abad ke-17. Dalam tradisi Aceh ia lebih dikenal dengan gelar Teungku Syiah Kuala atau Teungku di Kuala, yang berkaitan dengan tempat ia tinggal, mengajar, dan akhirnya dimakamkan di kawasan kuala atau muara Krueng Aceh.
Abdurrauf merupakan salah satu figur terpenting dalam pembentukan tradisi intelektual Islam Melayu pada abad ke-17. Ia menghabiskan sekitar sembilan belas tahun belajar di berbagai pusat keilmuan di Arabia dan Haramain, berhubungan dengan sedikitnya sembilan belas guru serta puluhan ulama lain, sebelum kembali ke Aceh sekitar 1661. Di Madinah ia berguru terutama kepada Ahmad al-Qushashi dan Ibrahim al-Kurani, dua ulama yang memainkan peranan penting dalam jaringan keilmuan Haramain abad ke-17.
Sepulang ke Aceh, Abdurrauf memperoleh kedudukan penting di lingkungan istana dan dalam berbagai sumber disebut menjabat sebagai Qadi Malik al-Adil, mufti, atau otoritas utama keagamaan Kesultanan Aceh. Ia hidup sepanjang pemerintahan empat sultanah Aceh—Tajul Alam Safiatuddin Syah, Nurul Alam Naqiatuddin Syah, Inayat Zakiatuddin Syah, dan sebagian masa Kamalat Syah Zinatuddin—dan menulis beberapa karya atas permintaan istana.
Karya terkenalnya, Tarjumān al-Mustafīd, merupakan tafsir lengkap Al-Qur'an berbahasa Melayu paling awal yang masih diketahui. Karya tersebut beredar luas dalam bentuk manuskrip dan kemudian dicetak di Istanbul pada 1884, disusul penerbitan di Bulaq, Mekkah, Istanbul, Kairo, Singapura, dan tempat lainnya. Karya fikihnya, Mirʾāt al-Ṭullāb, menjadi salah satu teks hukum Islam Melayu paling penting abad ke-17, sedangkan berbagai risalah seperti Tanbīh al-Māsyī, ʿUmdat al-Muhtājīn, Kifāyat al-Muhtājīn, dan Daqāʾiq al-Ḥurūf menunjukkan kedudukannya sebagai salah satu pemikir tasawuf utama Nusantara.
Jaringan muridnya kemudian berperan dalam penyebaran Syattariyah dan tradisi keilmuan Aceh ke berbagai kawasan Nusantara. Di antaranya adalah Burhanuddin Ulakan di Minangkabau, Abdul Muhyi Pamijahan di Jawa Barat, Abdul Malik bin Abdullah atau Tok Pulau Manis di Terengganu, serta Baba Daud al-Rumi di Aceh.",2026-10-09T04:40:03.604793+00:00
Situs Sendang Gede Ngimbang,"Kabupaten Lamongan, Jawa Timur",Situs,ChIJ9zViwewheC4RYqM6yaM0MUA,Sendang Gede,"P695+64W, Ngimbang, Kec. Ngimbang, Kabupaten Lamongan, Jawa Timur 62273, Indonesia",4.4,84.0,https://maps.google.com/?cid=4625536170346586978&g_mp=CiVnb29nbGUubWFwcy5wbGFjZXMudjEuUGxhY2VzLkdldFBsYWNlEAIYBCAA,-7.2818876,112.2078189,SUCCESS,FIRST_RESULT,2026-09-27T17:36:22.461056+00:00,,,"Ngimbang, Lamongan","https://id.wikipedia.org/wiki/Ngimbang,_Lamongan",0.3594976344758888,SIMILARITY_MATCH,"Ngimbang adalah salah satu kecamatan di Kabupaten Lamongan. Ngimbang adalah pintu masuk utama Lamongan dari arah Kabupaten Jombang (Kabuh) di selatan, serta dilintasi jalur strategis yang menghubungkan Babat dengan Jombang. Ngimbang merupakan pusat ekonomi Lamongan selatan dengan ibu kota kecamatannya yang terdapat Pasar Sendangrejo, Terminal Ngimbang, hingga RSUD Ngimbang. Selain itu, di jalan raya Babat-Jombang juga terdapat pabrik gula besar bernama PT Kebun Tebu Mas (KTM) yang merupakan satu-satunya pabrik gula yang aktif di Lamongan. Ngimbang adalah kawasan bersejarah dengan banyaknya cagar budaya berupa prasasti, bangunan kolonial, dan situs lainnya. Ngimbang pada masa kolonial Belanda merupakan pusat dari Kawedanan Ngimbang yang mencakup Kecamatan Ngimbang, Sambeng, Mantup, Bluluk, dan Sukorame.",2026-10-09T04:40:03.868860+00:00
Situs Makam Bangsacara,"Kabupaten Sampang, Jawa Timur",Situs,ChIJgceLoS2F1y0Rtuk9bzO6s8g,Asta Bangsa Cara,"M6R6+WP2, Kramat, P. Mandingan, Kec. Sampang, Kabupaten Sampang, Jawa Timur 69216, Indonesia",5.0,3.0,https://maps.google.com/?cid=14462107558489221558&g_mp=CiVnb29nbGUubWFwcy5wbGFjZXMudjEuUGxhY2VzLkdldFBsYWNlEAIYBCAA,-7.30774,113.2117711,SUCCESS,FIRST_RESULT,2026-09-27T17:36:23.029863+00:00,,,Daftar kata serapan dari bahasa Sanskerta dalam bahasa Melayu dan bahasa Indonesia modern,https://id.wikipedia.org/wiki/Daftar_kata_serapan_dari_bahasa_Sanskerta_dalam_bahasa_Melayu_dan_bahasa_Indonesia_modern,0.21909351102502875,SIMILARITY_MATCH,"Bahasa Sanskerta sudah ribuan tahun dikenal di Nusantara yang datang dari India. Bukti tertua yang sekarang masih ada ialah prasasti Yupa yang ada di Kutai, Kalimantan Timur dan kurang lebih berasal dari abad ke-4 atau abad ke-5 Masehi.
Karena keberadaan bahasa Sanskerta di Nusantara sudah lama, sudah tentu banyak kata-kata dari bahasa ini yang diserap dalam bahasa-bahasa setempat. Artikel ini membicarakan kata-kata serapan dalam bahasa Melayu tradisional dan dalam bahasa Indonesia modern.",2026-10-09T04:40:04.121491+00:00
Situs Makam Pangeran Santo Merto,"Kabupaten Sampang, Jawa Timur",Situs,ChIJifghzQiH1y0RT1AeWCjD6qI,Makam Pangeran Santo Merto,"Q6WP+Q59, Tako Butt, Karang Dalem, Kec. Sampang, Kabupaten Sampang, Jawa Timur 69216, Indonesia",3.5,4.0,https://maps.google.com/?cid=11739409956739108943&g_mp=CiVnb29nbGUubWFwcy5wbGFjZXMudjEuUGxhY2VzLkdldFBsYWNlEAIYBCAA,-7.203077899999999,113.2354788,SUCCESS,FIRST_RESULT,2026-09-27T17:36:23.435977+00:00,,,"Karang Dalem, Sampang, Sampang","https://id.wikipedia.org/wiki/Karang_Dalem,_Sampang,_Sampang",0.1535250887607105,SIMILARITY_MATCH,"Karang Dalem adalah kelurahan yang berada di kecamatan Sampang, Kabupaten Sampang, Jawa Timur, Indonesia.",2026-10-09T04:40:04.384931+00:00
Situs Ratoh Ebuh,"Kabupaten Sampang, Jawa Timur",Situs,ChIJdVQ331CG1y0RM_YdjXTpyk0,Tomb Complex Ratu Ibu,"Q6RJ+JWP, Rw. II, Polagan, Kec. Sampang, Kabupaten Sampang, Jawa Timur 69216, Indonesia",4.3,106.0,https://maps.google.com/?cid=5605549373009032755&g_mp=CiVnb29nbGUubWFwcy5wbGFjZXMudjEuUGxhY2VzLkdldFBsYWNlEAIYBCAA,-7.208403199999999,113.2323282,SUCCESS,FIRST_RESULT,2026-09-27T17:36:23.865572+00:00,,,Kabupaten Sampang,https://id.wikipedia.org/wiki/Kabupaten_Sampang,0.041410323756414,SIMILARITY_MATCH,"Kabupaten Sampang (Pèghu: سامڤاڠ,  Carakan: ꦱꦩ꧀ꦥꦁ, pelafalan dalam bahasa Indonesia: [sam.paŋ]) adalah sebuah wilayah kabupaten yang ada di Pulau Madura. Kabupaten ini terletak di Provinsi Jawa Timur, Indonesia. Ibu kotanya adalah Kecamatan Sampang. Kabupaten ini berbatasan dengan Laut Jawa di utara, Selat Madura di selatan, Kabupaten Bangkalan di barat, dan Kabupaten Pamekasan di timur.",2026-10-09T04:40:04.648245+00:00
Situs Pababaran Trunojoyo,"Kabupaten Sampang, Jawa Timur",Situs,ChIJfyLRiBuH1y0R9-GiSMcMwck,Pebabaran Trunojoyo,"R744+73X, Jl. Pahlawan I, Rw. I, Rong Tengah, Kec. Sampang, Kabupaten Sampang, Jawa Timur 69216, Indonesia",4.3,3.0,https://maps.google.com/?cid=14537915122185331191&g_mp=CiVnb29nbGUubWFwcy5wbGFjZXMudjEuUGxhY2VzLkdldFBsYWNlEAIYBCAA,-7.194267199999999,113.2552344,SUCCESS,FIRST_RESULT,2026-09-27T17:36:24.428284+00:00,,,Kabupaten Sampang,https://id.wikipedia.org/wiki/Kabupaten_Sampang,0.06744037550488122,SIMILARITY_MATCH,"Kabupaten Sampang (Pèghu: سامڤاڠ,  Carakan: ꦱꦩ꧀ꦥꦁ, pelafalan dalam bahasa Indonesia: [sam.paŋ]) adalah sebuah wilayah kabupaten yang ada di Pulau Madura. Kabupaten ini terletak di Provinsi Jawa Timur, Indonesia. Ibu kotanya adalah Kecamatan Sampang. Kabupaten ini berbatasan dengan Laut Jawa di utara, Selat Madura di selatan, Kabupaten Bangkalan di barat, dan Kabupaten Pamekasan di timur.",2026-10-09T04:40:04.916253+00:00
Situs Pangeran Rangga Sukawati,"Kabupaten Pamekasan, Jawa Timur",Situs,ChIJE5oD9AZ91y0RS7zykm6iQ_c,Panembahan ronggosukowati,"Jl. KH.Agus Salim No.86-74, Kolpajung, Kec. Pamekasan, Kabupaten Pamekasan, Jawa Timur 69317, Indonesia",5.0,4.0,https://maps.google.com/?cid=17817263146603297867&g_mp=CiVnb29nbGUubWFwcy5wbGFjZXMudjEuUGxhY2VzLkdldFBsYWNlEAIYBCAA,-7.153309999999999,113.4846141,SUCCESS,FIRST_RESULT,2026-09-27T17:36:24.824160+00:00,,,Daftar Bupati Pamekasan,https://id.wikipedia.org/wiki/Daftar_Bupati_Pamekasan,0.11730988942531516,SIMILARITY_MATCH,"Berikut adalah Daftar Bupati Pamekasan dari masa ke masa.

Catatan",2026-10-09T04:40:05.176295+00:00
Situs Istana Robat,"Kabupaten Lingga, Kepulauan Riau",Situs,ChIJDYPy4BtpJy4RnqmXXYfymWk,Istana Damnah,"Jalan Raja Muhammad Yusuf No.Kelurahan, Daik, Kec. Lingga, Kabupaten Lingga, Kepulauan Riau 29872, Indonesia",4.8,6.0,https://maps.google.com/?cid=7609379708623890846&g_mp=CiVnb29nbGUubWFwcy5wbGFjZXMudjEuUGxhY2VzLkdldFBsYWNlEAIYBCAA,-0.2149375,104.5954219,SUCCESS,FIRST_RESULT,2026-09-27T17:36:25.330380+00:00,,,Daftar tempat wisata di Kepulauan Riau,https://id.wikipedia.org/wiki/Daftar_tempat_wisata_di_Kepulauan_Riau,0.08352401664896612,SIMILARITY_MATCH,"Berikut adalah daftar tempat pariwisata di Kepulauan Riau, Indonesia berdasarkan kabupaten/kota.",2026-10-09T04:40:05.437662+00:00
Situs Bung Karno,"Kabupaten Kediri, Jawa Timur",Situs,,,,,,,,,,,,NOT_FOUND,NO_GOOGLE_RESULT,Universitas Bung Karno,https://id.wikipedia.org/wiki/Universitas_Bung_Karno,0.31313124774726636,SIMILARITY_MATCH,"Universitas Bung Karno, atau disingkat sebagai UBK, adalah salah satu universitas swasta yang terletak di Jakarta yang menyandang nama besar Bapak Proklamator Indonesia, Soekarno. Universitas ini didirikan pada tahun 1999 oleh Yayasan Pendidikan Soekarno.",2026-10-09T04:40:05.701402+00:00
Situs Makam Bangsacara Dan Ragapatmi,"Kabupaten Sampang, Jawa Timur",Situs,ChIJgceLoS2F1y0Rtuk9bzO6s8g,Asta Bangsa Cara,"M6R6+WP2, Kramat, P. Mandingan, Kec. Sampang, Kabupaten Sampang, Jawa Timur 69216, Indonesia",5.0,3.0,https://maps.google.com/?cid=14462107558489221558&g_mp=CiVnb29nbGUubWFwcy5wbGFjZXMudjEuUGxhY2VzLkdldFBsYWNlEAIYBCAA,-7.30774,113.2117711,SUCCESS,FIRST_RESULT,2026-09-27T17:36:26.110292+00:00,,,Daftar kata serapan dari bahasa Sanskerta dalam bahasa Melayu dan bahasa Indonesia modern,https://id.wikipedia.org/wiki/Daftar_kata_serapan_dari_bahasa_Sanskerta_dalam_bahasa_Melayu_dan_bahasa_Indonesia_modern,0.21909351102502875,SIMILARITY_MATCH,"Bahasa Sanskerta sudah ribuan tahun dikenal di Nusantara yang datang dari India. Bukti tertua yang sekarang masih ada ialah prasasti Yupa yang ada di Kutai, Kalimantan Timur dan kurang lebih berasal dari abad ke-4 atau abad ke-5 Masehi.
Karena keberadaan bahasa Sanskerta di Nusantara sudah lama, sudah tentu banyak kata-kata dari bahasa ini yang diserap dalam bahasa-bahasa setempat. Artikel ini membicarakan kata-kata serapan dalam bahasa Melayu tradisional dan dalam bahasa Indonesia modern.",2026-10-09T04:40:05.958970+00:00
Situs Warisan Dunia Unesco,"Kabupaten Ngada, Nusa Tenggara Timur",Situs,ChIJy3JV8ADcsi0RgEADoPhMhHw,Gurusina Traditional Village,"Watumanu, Jerebuu, Ngada Regency, East Nusa Tenggara, Indonesia",4.4,165.0,https://maps.google.com/?cid=8972380988349038720&g_mp=CiVnb29nbGUubWFwcy5wbGFjZXMudjEuUGxhY2VzLkdldFBsYWNlEAIYBCAA,-8.8962085,120.9910433,SUCCESS,FIRST_RESULT,2026-09-27T17:36:26.703720+00:00,,,Situs Warisan Dunia,https://id.wikipedia.org/wiki/Situs_Warisan_Dunia,0.6497117993763564,SIMILARITY_MATCH,"Situs Warisan Dunia UNESCO (bahasa Inggris: UNESCO’s World Heritage Sites) adalah sebuah tempat khusus (misalnya, Taman Nasional, Hutan, Pegunungan, Danau, Pulau, Gurun Pasir, Bangunan, Kompleks, Wilayah, Pedesaan, dan Kota) yang telah dinominasikan untuk program Warisan Dunia internasional yang dikelola UNESCO World Heritage Committee, terdiri dari 21 kelompok (21 state parties) yang dipilih oleh Majelis Umum (General Assembly) dalam kontrak 4 tahun. Sebuah Situs Warisan Dunia adalah suatu tempat Budaya dan Alam, serta benda yang berarti bagi umat manusia dan menjadi sebuah Warisan bagi generasi berikutnya.
Program ini bertujuan untuk mengkatalog, menamakan, dan melestarikan tempat-tempat yang sangat penting agar menjadi warisan manusia dunia. Tempat-tempat yang didaftarkan dapat memperoleh dana dari Dana Warisan Dunia di bawah syarat-syarat tertentu. Program ini diciptakan melalui Pertemuani Mengenai Pemeliharaan Warisan Kebudayaan dan Alamiah Dunia yang diikuti di oleh Konferensi Umum UNESCO pada 16 November 1972.",2026-10-09T04:40:06.211882+00:00
Menara Bakaran Batu,"Kota Medan, Sumatera Utara",Situs,ChIJb6Kp3HAxMTARX9Bx5oCYS2c,Bakaran batu baru no.10,"HMPV+HWV, Jl. Bakaran Batu, baru, Kec. Medan Area, Kota Medan, Sumatera Utara 20211, Indonesia",5.0,10.0,https://maps.google.com/?cid=7443210488549331039&g_mp=CiVnb29nbGUubWFwcy5wbGFjZXMudjEuUGxhY2VzLkdldFBsYWNlEAIYBCAA,3.5864912,98.6948093,SUCCESS,FIRST_RESULT,2026-09-27T17:36:27.308007+00:00,,,Kota Batu,https://id.wikipedia.org/wiki/Kota_Batu,0.36406662029116965,SIMILARITY_MATCH,"Kota Batu (bahasa Jawa: Hanacaraka: ꦧꦠꦸ, Pegon: باتو; pengucapan bahasa Jawa: [ˈbat̪u]) adalah sebuah kota wisata di Provinsi Jawa Timur, Indonesia. Kota ini terletak 90 km sebelah barat daya Surabaya atau 15 km sebelah barat laut Malang. Kota Batu berada di jalur yang menghubungkan Malang-Kediri dan Jombang. Kota Batu berbatasan dengan Kabupaten Mojokerto dan Kabupaten Pasuruan di sebelah utara serta dengan Kabupaten Malang di sebelah timur, selatan, dan barat. Wilayah kota ini berada di ketinggian 800-2.000 meter dan ketinggian rata-rata yaitu 980 meter di atas permukaan laut dengan suhu udara rata-rata mencapai 11-19 derajat Celsius.
Kota Batu dahulu merupakan bagian dari Kabupaten Malang, yang kemudian ditetapkan menjadi kota administratif pada 6 Maret 1993. Pada tanggal 17 Oktober 2001, Batu ditetapkan sebagai kota otonom yang terpisah dari Kabupaten Malang.
Kota Batu dikenal sebagai salah satu kota wisata terkemuka di Indonesia, karena potensi keindahan alam yang luar biasa. Kekaguman bangsa Belanda terhadap keindahan dan keelokan alam Batu membuat wilayah kota Batu disejajarkan dengan sebuah negara di Eropa yaitu Swiss dan dijuluki sebagai De Kleine Zwitserland atau Swiss Kecil di Pulau Jawa Bersama dengan Kota Malang dan Kabupaten Malang, Kota Batu merupakan bagian dari kesatuan wilayah yang dikenal dengan Malang Raya (Wilayah Metropolitan Malang).",2026-10-09T04:40:06.474433+00:00
Situs Candi Pulau Sawah,"Kabupaten Dharmasraya, Sumatera Barat",Situs,ChIJLYqnXy-XKy4RrbnASYUIuTc,Candi Pulau Sawah,"2HW7+V93, Siguntur, Sitiung, Dharmasraya Regency, West Sumatra 27573, Indonesia",4.1,42.0,https://maps.google.com/?cid=4015249911338547629&g_mp=CiVnb29nbGUubWFwcy5wbGFjZXMudjEuUGxhY2VzLkdldFBsYWNlEAIYBCAA,-0.9528675,101.5634339,SUCCESS,FIRST_RESULT,2026-09-27T17:36:27.832985+00:00,,,Candi Pulau Sawah,https://id.wikipedia.org/wiki/Candi_Pulau_Sawah,0.9999999999999989,EXACT_MATCH,"Candi Pulau Sawah adalah situs peninggalan Buddha di Dharmasraya, Sumatera Barat. Situs tersebut dipelajari oleh tim peneliti dari Pusat Penelitian Arkeologi Nasional, (Puslit Arkenas).",2026-10-09T04:40:06.736607+00:00
Situs Tondowongso,"Kabupaten Kediri, Jawa Timur",Situs,ChIJgwIefshZeC4RMLNbpfu-67c,Situs tondowongso,"645V+V22, Tondowongso, Gayam, Kec. Gurah, Kabupaten Kediri, Jawa Timur 64181, Indonesia",4.7,10.0,https://maps.google.com/?cid=13252896316488135472&g_mp=CiVnb29nbGUubWFwcy5wbGFjZXMudjEuUGxhY2VzLkdldFBsYWNlEAIYBCAA,-7.7903507,112.1425055,SUCCESS,FIRST_RESULT,2026-09-29T02:32:36.152435+00:00,,,Situs Tondowongso,https://id.wikipedia.org/wiki/Situs_Tondowongso,0.9999999999999983,EXACT_MATCH,"Komplek Candi Tondowongso merupakan situs temuan purbakala arkeologi yang ditemukan pada awal tahun 2007 di Dusun Tondowongso, Desa Gayam, Kecamatan Gurah, Kabupaten Kediri, Jawa Timur.
Situs Tondowongso ditemukan tertimbun material vulkanik dari Gunung Kelud pada kedalaman antara satu sampai tiga meter. Situs ini terdiri dari candi induk yang menghadap ke barat dan tiga perwara atau candi pendamping yang menghadap ke candi induk. Situs Tondowongso diperkirakan berasal dari abad XI atau XII Masehi. Tim BPK wilayah 11 menyebut situs Tondowongso merupakan karya seni transisi perpindahan kerajaan Jawa Tengah ke Jawa Timur.
Selain struktur bangunan, pada komplek situs Tondowongso juga ditemukan sejumlah arca bercorak Hindu yang berjumlah 14 arca terdiri dari arca Dewa Brahma, Siwa, Agastya, Durga, Nandini, Surya, Candra dan Lingga beserta Yoni juga beberapa arca lain dalam keadaan rusak yang sekarang tersimpan di Museum Sri Aji Jayabaya, Pamenang, Kabupaten Kediri.",2026-10-09T04:40:06.998720+00:00
Wihara Mahavira Graha,"Kota Medan, Sumatera Utara",Situs,ChIJwdJJSRQzMTARPxZA1cYVjJ8,Wihara Mkbc Mahakaruna Buddhist Center ( Wihara Mahavira Grha Medan ),"Jalan Haji Anif Komplek, MKBC - Cemara Abadi, Percut, Kec. Percut Sei Tuan, Kabupaten Deli Serdang, Sumatera Utara 20372, Indonesia",5.0,28.0,https://maps.google.com/?cid=11496587892495488575&g_mp=CiVnb29nbGUubWFwcy5wbGFjZXMudjEuUGxhY2VzLkdldFBsYWNlEAIYBCAA,3.6423358,98.7000431,SUCCESS,FIRST_RESULT,2026-09-29T02:32:36.578252+00:00,,,Ānanda,https://id.wikipedia.org/wiki/%C4%80nanda,0.061211189117056156,SIMILARITY_MATCH,"Ānanda (Pali dan Sanskerta: आनन्द; abad ke-5–ke-4 SM) adalah pelayan utama sekaligus salah satu dari sepuluh murid utama Sang Buddha. Di antara sekian banyak murid Sang Buddha, Ānanda paling dikenal karena memiliki ingatan yang luar biasa. Sebagian besar teks Buddhis awal yang terkandung dalam Sutta-Piṭaka (Pāli: सुत्त पिटक; Sanskerta: सूत्र-पिटक, Sūtra-Piṭaka) didasarkan pada ingatan Ānanda akan ajaran Sang Buddha, yang kemudian dituturkannya secara lisan dalam Sidang Buddhis Pertama. Oleh karena itu, ia dikenal sebagai Penjaga Dhamma atau Penjaga Perbendaharaan Dhamma (Pali: धम्मभण्डागारिक, translit. dhamma bhaṇḍāgārika), di mana dhamma mengacu pada ajaran Sang Buddha.
Dalam teks Buddhis awal, Ānanda disebut sebagai sepupu Sang Buddha dan murid dari Puṇṇa Mantānīputta. Setelah dua puluh tahun melakukan pelayanan dalam saṅgha, Ānanda dipilih oleh Sang Buddha untuk menjadi pelayan pribadinya. Ānanda melaksanakan tugasnya dengan penuh pengabdian dan perhatian dan bertindak sebagai perantara antara Sang Buddha dan umat awam, termasuk saṅgha. Ānanda melayani Sang Buddha hingga akhir hidupnya, bertindak tidak hanya sebagai asisten tetapi juga sebagai sekretaris dan juru bicara.
Para akademis cenderung skeptis dengan kebenaran historis dari banyak kejadian dalam kehidupan Ānanda, terutama terkait perannya dalam Sidang Pertama. Berdasarkan catatan tradisional yang diambil dari teks-teks awal, komentar-komentar Tipiṭaka (aṭṭhakathā), dan catatan-catatan pasca kanonik, dikisahkan bahwa Ānanda memiliki peran penting dalam mendirikan ordo bikuni (Pali: bhikkhunī; Sanskerta: भिक्षुणी, alih aksara: bhikṣuṇī, har. 'pengemis wanita'), ketika ia meminta kepada Sang Buddha agar mengizinkan ibu angkatnya, Mahāpajāpati Gotamī (Sanskerta: महाप्रजापती गौतमी, Mahāprajāpatī Gautamī) untuk ditahbiskan. Ānanda juga menemani Sang Buddha di tahun-tahun akhir kehidupannya, sehingga menjadi saksi dari banyak ajaran dan prinsip yang disampaikan Sang Buddha sebelum kematiannya, termasuk prinsip bahwa kaum Buddhis harus menjadikan ajaran dan kedisiplinan Sang Buddha sebagai perlindungan mereka, dan Sang Buddha tidak akan menunjuk pemimpin baru sebagai penggantinya.
Tak lama setelah kematian Sang Buddha, Sidang Buddhis Pertama diadakan. Menurut catatan tradisional, Ānanda mencapai pencerahan tepat sebelum sidang dimulai, yang merupakan syarat untuk mengikuti sidang tersebut. Selama sidang berlangsung, Ānanda menjadi sumber ingatan hidup Sang Buddha, melafalkan banyak khotbah Sang Buddha serta memeriksa keakuratannya. Namun, dalam sidang yang sama, ia mendapat kritik dari Mahākassapa (Sanskerta: महाकाश्यप, Mahākāśyapa) dan para saṅgha karena membiarkan kaum wanita ditahbiskan serta dianggap lalai menghormati Sang Buddha pada beberapa peristiwa penting. Pasca Sidang Pertama, Ānanda mengajar hingga akhir hayatnya dan mewariskan ajaran spiritualnya kepada murid-muridnya, antara lain Sāṇavāsī (Sanskerta: शाणकवासी, Śāṇakavāsī) dan Majjhantika (Sanskerta: मध्यान्तिक, Madhyāntika), yang kemudian berperan penting dalam Sidang Kedua dan Ketiga. Ānanda meninggal 20 tahun setelah kematian Sang Buddha, dan beberapa stūpa (monumen) dibangun di sungai tempat ia meninggal.
Ānanda adalah salah satu tokoh yang paling dicintai dalam Buddhisme. Dia dikenal karena ingatannya, pengetahuannya, dan welas asihnya, dan sering kali dipuji oleh Sang Buddha karena hal-hal tersebut. Dalam tradisi tekstual Sanskerta, Ānanda dianggap sebagai patriark Dhamma yang berdiri dalam garis silsilah spiritual, menerima ajaran dari Mahākassapa dan meneruskannya kepada murid-muridnya. Ānanda dihormati oleh para bikuni sejak awal abad pertengahan atas jasanya dalam mendirikan ordo biarawati dan mengizinkan wanita ditahbiskan. Konon, kisah hidupnya menginspirasi komposer Richard Wagner dan penyair India Rabindranath Tagore saat menciptakan karya-karya mereka.",2026-10-09T04:40:07.254211+00:00
Katedral Roma Katholik,"Kota Medan, Sumatera Utara",Situs,ChIJ9cxMfsoxMTARnnrHhUR7hfw,"Cathedral of the Immaculate Conception, Medan","Jl. Pemuda No.1, A U R, Kec. Medan Maimun, Kota Medan, Sumatera Utara 20212, Indonesia",4.8,772.0,https://maps.google.com/?cid=18196085403692792478&g_mp=CiVnb29nbGUubWFwcy5wbGFjZXMudjEuUGxhY2VzLkdldFBsYWNlEAIYBCAA,3.5841605,98.681284,SUCCESS,FIRST_RESULT,2026-09-27T17:36:28.798807+00:00,,,Gereja Katolik Roma,https://id.wikipedia.org/wiki/Gereja_Katolik_Roma,0.44660392036018814,SIMILARITY_MATCH,"Gereja Katolik (Latin: Ecclesia Catholica)
 adalah Gereja Kristen terbesar di dunia, dengan perkiraan 1,28 hingga 1,41 miliar anggota yang dibaptis di seluruh dunia pada tahun 2026. Sebagai lembaga internasional tertua dan terbesar di dunia hingga saat ini, Gereja Katolik telah memainkan peranan penting dalam sejarah dan perkembangan peradaban Dunia Barat. Gereja ini sejatinya merupakan suatu persekutuan penuh yang terdiri dari 24 gereja partikular sui iuris, yaitu Gereja Latin dan 23 Gereja Katolik Timur, dan tersusun atas lebih dari 5.200 keuskupan atau yurisdiksi gerejawi berjenis lainnya yang tersebar di seluruh dunia per tahun 2023. Paus, yang adalah Uskup Roma, merupakan pemimpin Gereja Katolik sekaligus kepala Dewan Uskup yang menjadi pemegang kekuasaan tertinggi Gereja universal, yang pada saat ini sedang dalam masa Leo XIV. Yurisdiksi Keuskupan Roma, yang juga disebut Takhta Suci, merupakan pusat otoritas pemerintahan Gereja. Sementara itu, suatu badan administratif Takhta Suci bentukan Paus, yang disebut Kuria Roma, berkantor pusat di Vatikan, yakni suatu negara kota teokrasi yang terukurung di dalam Kota Roma, dengan Sri Paus sebagai kepala negaranya. Umat beriman Katolik sendiri terdiri atas kaum awam yang tidak ditahbiskan, dan juga hierarki yang berisikan golongan klerus (rohaniwan), yakni uskup, imam, dan diakon.
Ajaran inti dari keyakinan Katolik adalah rumusan-rumusan dalam Syahadat Nikea-Konstantinopel, atau dalam Syahadat Para Rasul sebagai bentuk singkatnya, yaitu Allah Tritunggal, Gereja dan para kudus, pengampunan dosa, serta kebangkitan dan hidup kekal. Gereja Katolik mengajarkan bahwa Gereja yang satu, kudus, katolik, dan apostolik ini didirikan oleh Yesus Kristus sendiri melalui Amanat Agung, bahwa para uskup merupakan penerus dari para rasul bentukan Kristus, dan bahwa Paus merupakan penerus dari Simon Petrus yang diberi keutamaan untuk menjadi ""dasar Kristus mendirikan Gereja-Nya"". Gereja menyatakan bahwa Gereja Katolik menjalankan praktik iman Kristen yang asli yang diajarkan sendiri oleh para rasul dan memelihara keyakinan tersebut secara turun-temurun tanpa kemungkinan sesat (infalibilitas) melalui Kitab Suci dan Tradisi Suci, yang ditafsirkan secara autentik melalui pihak Magisterium Gereja. Gereja mempraktikkan ketujuh sakramen, dengan Ekaristi sebagai sakramen terutama yang selalu dirayakan secara liturgis dalam Misa (atau Liturgi Suci dalam beberapa gereja partikular), Gereja mengajarkan bahwa melalui konsekrasi oleh imam atau uskup dalam Ekaristi, kurban hosti dan anggur berubah secara transubstansial menjadi sungguh-sungguh Tubuh dan Darah Kristus. Dengan tetap berakar pada iman akan Kristus dan sekaligus menjelaskan tentang iman akan Kristus, Gereja memberi penghormatan khusus kepada Maria dalam dogma dan devosi Katolik sebagai Perawan Abadi, Bunda Allah, dan Ratu Surga. Gereja juga memberi perhatian khusus akan keberagaman ritus, liturgi, dan peribadatan dalam Gereja, seperti Ritus Romawi dan ritus-ritus Latin lainnya, dan juga ritus-ritus liturgi dalam Gereja-Gereja Katolik Timur, serta berbagai lembaga Katolik, seperti ordo-ordo mendikan, tarekat-tarekat tertutup, dan ordo-ordo ketiga (sekuler).
Gereja membentuk doktrin-doktrinnya melalui berbagai konsili dan sinode, mencontoh Konsili Yerusalem yang diadakan oleh para rasul, serta mengukuhkan dan mengundangkan doktrin-doktrin tersebut dengan kuasa Sri Paus. Gereja Katolik percaya bahwa Roh Kudus akan menuntun Gereja agar terhindar dari kesesatan (infalibilitas) ketika merumuskan doktrin-doktrinnya. Penjabaran mengenai ajaran iman dan moral Katolik dapat ditemukan dalam Katekismus Gereja Katolik (KGK), sedangkan kodifikasi hukum kanonik Katolik dapat ditemukan dalam Kitab Hukum Kanonik 1983 (KHK) atau Kitab Hukum Kanonik Gereja Timur.
Gereja juga mengeluarkan berbagai ajaran sosial Gereja Katolik yang menekankan bantuan dan dukungan secara sukarela bagi orang-orang yang sakit, miskin, dan menderita melalui karya belas kasih jasmaniah dan rohaniah. Sebagai karya nyata, Gereja juga menjalankan berbagai program kemanusiaan, lembaga sosial, badan amal, dan lembaga kemanusaan yang tersebar di seluruh dunia, serta mendirikan dan mengelola hampir jutaan fasilitas umum di seluruh dunia, termasuk di antaranya adalah gedung sekolah, universitas, rumah sakit, panti asuhan, dan panti wreda di seluruh dunia, sehingga menjadikan Gereja Katolik sebagai penyedia layanan pendidikan dan kemanusiaan terbesar di dunia.
Sepanjang sejarah, Gereja Katolik berpengaruh besar dan memilik peranan sangat penting dalam peradaban Dunia Barat, terutama dalam bidang filsafat, budaya, seni, musik, dan ilmu pengetahuan, sekurang-kurangnya sejak abad ke-4. Pada awalnya, Gereja berada dalam suatu persekutuan utuh, hingga terjadinya skisma (perpecahan) gereja yang utamanya akibat perbedaan teologi dan doktrin. Akibat perbedaan dalam teologi Kristologi, Gereja terpisah dengan Gereja Asiria setelah Konsili Efesus pada tahun 431 M dan dengan Gereja-Gereja Ortodoks Oriental setelah Konsili Kalsedon pada tahun 451. Lalu karena perbedaan pendapat mengenai otoritas Paus, Gereja terpisah dengan Gereja Ortodoks Timur dalam peristiwa Skisma Akbar pada tahun 1054. Akhirnya sewaktu terjadinya peristiwa Reformasi pada abad ke-16, gereja-gereja dan persekutuan-persekutuan Protestan memisahkan diri dari Gereja Katolik.
Gereja senantiasa menempatkan diri sebagai penerus takhta Petrus dan berada dalam satu-satunya ""Gereja Kristus"" yang satu, sementara perpecahan dalam tubuh ""Gereja yang satu"", yang terkadang akibat kesalahan kedua belah pihak, adalah bagian dari dosa manusia, tetapi orang-orang lahir dan dibesarkan dalam persekutuan yang telah terpisah tersebut tidak dapat dipersalahkan dan dianggap berdosa. Gereja memandang bahwa gereja-gereja dan persekutuan-persekutuan gerejawi yang terpisah dari Gereja Katolik, sepanjang umatnya ""beriman akan Kristus dan dibaptis secara sah dan baik"", tetap pantas menyandang nama ""Kristen"" dan masih berada dalam suatu persekutuan dengan Gereja Katolik, walaupun tidak secara sempurna. Gereja ini pun mengakui bahwa Roh Kudus dapat menggunakan persekutuan-persekutuan gerejawi tersebut sebagai sarana demi keselamatan, dengan premis bahwa ""kekuatan Roh Kudus berasal dari kepenuhan rahmat dan kebenaran, yang Kristus percayakan kepada Gereja Katolik"" dan hal tersebut ""mendorong ke arah kesatuan Katolik"". Dengan kepercayaan pada karya Roh Kudus, Gereja mengupayakan kesatuan antar segenap umat Kristiani melalui gerakan yang disebut oikumenisme.
Perkembangan dunia yang semakin modern dan sekuler, beberapa ajaran iman dan moral Katolik mendapat kritik dan bahkan pertentangan dari beberapa pihak, khususnya para penganut liberalisme dan egalitarianisme. Beberapa ajaran seksualitas tertentu, seperti penolakan kontrasepsi buatan, homoseksualitas, masturbasi, dan hubungan seks pranikah, penolakan terhadap perceraian, penolakan terhadap eutanasia dan aborsi, ketiadaan tahbisan bagi perempuan, serta langkah penanganan Gereja atas kasus pelecehan seksual oleh rohaniwan sangat umumnya menimbulkan perdebatan, bahkan di antara sesama umat Katolik.",2026-10-09T04:40:07.524064+00:00
Graha Bunda Maria Annai Velangkanni,"Kota Medan, Sumatera Utara",Situs,ChIJe43XdHEuMTAROd5xOFsTihY,Marian Shrine of Graha Maria Annai Velangkanni,"Jl. Sakura III No.7-10, Tj. Selamat, Kec. Medan Tuntungan, Kota Medan, Sumatera Utara 20135, Indonesia",4.8,4949.0,https://maps.google.com/?cid=1624131898130423353&g_mp=CiVnb29nbGUubWFwcy5wbGFjZXMudjEuUGxhY2VzLkdldFBsYWNlEAIYBCAA,3.5478969,98.6087293,SUCCESS,FIRST_RESULT,2026-09-27T17:36:29.275629+00:00,,,Graha Maria Annai Velangkanni,https://id.wikipedia.org/wiki/Graha_Maria_Annai_Velangkanni,0.8951039668192218,SIMILARITY_MATCH,"Graha Maria Annai Velangkanni adalah gereja Katolik bergaya India-Mughal yang dibuka pada tahun 2005 di Kota Medan, Sumatera Utara, Indonesia. Peresmian bangunan dilakukan oleh Gubernur Sumatera Utara Rudolf Pardede. Konsekrasi bangunan dan altar dilakukan oleh Uskup Agung Medan Mgr. Alfred Gonti Pius Datubara, OFM.Cap. Gereja ini dipersembahkan untuk Bunda Velangkanni atau Santa Maria Bunda Penyembuh yang Baik (bahasa Tamil: ஆரோக்கிய மாதா Ārōkkiya mātā). Gereja Velangkanni terletak di sebuah jalan kecil yang bernama Jl. Sakura III, dan masuk ke dalam wilayah Paroki Santa Maria, Medan. Pada bagian gerbang bangunan ini, terdapat miniatur rumah tradisional Batak Karo dan Batak Toba.
Konon Bunda Maria pernah muncul pada abad ke-17 di Kota Velankanni, Tamil Nadu, India, sehingga muncullah gelar Bunda Velangkanni Bunda Penyembuh.
Gereja ini merupakan bangunan dua tingkat yang terdiri dari tempat pertemuan di lantai dasar dan tempat ibadah di lantai pertama, sementara menara di atasnya terdiri dari tujuh lantai sebagai lambang bahwa di surga terdapat tempat untuk semua orang. Menara ini sendiri merupakan perwakilan Raja Gopuram (kubah raja) dalam arsitektur Hindu. Di atas bangunan gereja ini juga terdapat tiga kubah yang dibangun dengan gaya arsitektur Mughal dan merupakan lambang Tritunggal.",2026-10-09T04:40:07.785949+00:00
Titi Gantung,"Kota Medan, Sumatera Utara",Situs,ChIJmwK-_uYxMTARIzT-q0HFB90,Titi Gantung Satria buku,"Jl. Veteran, Gg. Buntu, Kec. Medan Tim., Kota Medan, Sumatera Utara 20236, Indonesia",4.5,185.0,https://maps.google.com/?cid=15926915493068157987&g_mp=CiVnb29nbGUubWFwcy5wbGFjZXMudjEuUGxhY2VzLkdldFBsYWNlEAIYBCAA,3.5898930999999994,98.680691,SUCCESS,FIRST_RESULT,2026-09-27T17:36:29.559733+00:00,,,Sastra Indonesia,https://id.wikipedia.org/wiki/Sastra_Indonesia,0.10037940708269252,SIMILARITY_MATCH,"Sastra Indonesia adalah sebuah istilah yang melingkupi berbagai macam karya sastra di Asia Tenggara. Istilah ""Indonesia"" sendiri mempunyai arti yang saling melengkapi terutama dalam cakupan geografi dan sejarah politik di wilayah tersebut.
Tatkala gagasan sastra di Indonesia sendiri merujuk pada seantero kesusastraan yang dibuat di wilayah Kepulauan Indonesia yang dapat menggunakan bahasa Indonesia, bahasa daerah dan bahasa asing, istilah sastra Indonesia merujuk hanya kepada kesusastraan dalam bahasa Indonesia yang bahasa akarnya berdasarkan bahasa Melayu (di mana bahasa Indonesia adalah satu turunannya). Dengan pengertian kedua maka sastra ini dapat juga diartikan sebagai sastra yang dibuat di wilayah Melayu (selain Indonesia, terdapat juga beberapa negara berbahasa Melayu seperti Malaysia dan Brunei), demikian pula bangsa Melayu yang tinggal di Singapura.",2026-10-09T04:40:08.060849+00:00
Restoran Tip Top,"Kota Medan, Sumatera Utara",Situs,ChIJS6U6gskxMTARct5fEo3hbbM,Tip Top Restaurant,"Jl. Jend. Ahmad Yani No.92 A-B No.92 A-B, Kesawan, Kec. Medan Bar., Kota Medan, Sumatera Utara 20212, Indonesia",4.4,5961.0,https://maps.google.com/?cid=12929238101265473138&g_mp=CiVnb29nbGUubWFwcy5wbGFjZXMudjEuUGxhY2VzLkdldFBsYWNlEAIYBCAA,3.5859036,98.6797125,SUCCESS,FIRST_RESULT,2026-09-27T17:36:30.011186+00:00,,,TikTok,https://id.wikipedia.org/wiki/TikTok,0.1288016326031129,SIMILARITY_MATCH,"TikTok, dan padanannya dalam bahasa Mandarin, Douyin (Hanzi: 抖音; Pinyin: Dǒuyīn; Arti: Getaran Suara), adalah layanan hosting video, biasanya Video clip berdurasi pendek yang dimiliki oleh perusahaan Tiongkok, ByteDance. Layanan ini menghosting video yang dikirimkan pengguna, yang dapat berdurasi mulai dari 3 detik hingga 10 menit.
Sejak peluncurannya, TikTok dan Douyin telah mendapatkan popularitas global. Pada bulan Oktober 2020, TikTok telah melampaui 2 miliar unduhan seluler di seluruh dunia. Morning Consult menobatkan TikTok sebagai merek dengan pertumbuhan tercepat ketiga pada tahun 2020, setelah Zoom dan Peacock. Cloudflare menempatkan TikTok sebagai situs web terpopuler di tahun 2021, melampaui google.com.
TikTok telah disorot dan bahkan diblokir di sejumlah negara terkait pelanggaran privasi data oleh badan intelijen Tiongkok melalui ByteDance, kelalaian filter algoritma konten-konten tak senonoh yang melampaui batas nilai moral atau norma masyarakat, banyaknya laporan kesehatan mental yang terganggu hingga riset ilmiah tentang pembusukan isi kepala, penyebaran berita palsu (hoaks) yang semakin diperparah dengan konten A.I. generatif, dan pembatasan sepihak pada topik-topik tertentu. Banyak negara telah mendenda, atau mencoba menghentikan akses aplikasi TikTok demi melindungi generasi anak-anak atau kedaulatan keamanan nasional.",2026-10-09T04:40:08.327347+00:00
Situs Purbakala Kokas,"Kabupaten Fakfak, Papua Barat",Situs,ChIJ6UI4-A-vSC0Rt0BD72Hr3Bw,Kokas,"Kokas, Fakfak Regency, West Papua, Indonesia",,,https://maps.google.com/?cid=2079795933796843703&g_mp=CiVnb29nbGUubWFwcy5wbGFjZXMudjEuUGxhY2VzLkdldFBsYWNlEAIYBCAA,-2.840682,132.7466993,SUCCESS,FIRST_RESULT,2026-09-27T17:36:30.578712+00:00,,,Situs Purbakala Kokas,https://id.wikipedia.org/wiki/Situs_Purbakala_Kokas,1.0000000000000002,EXACT_MATCH,"Situs Purbakala Kokas adalah situs purbakala yang terletak di Distrik Kokas, Kabupaten Fakfak, Papua Barat. Lebih tepatnya tersebar di Pulau Ugar berupa Kampung Ugar dan Tebing Sarfa dan Pulau Arguni berupa situs Tebing Mampoga, Gua Dudumunir dan Tebing Risato. Di sekitar Distrik Kokas, situs Tapurarang lain bisa dijumpai di beberapa tempat antara lain di Kampung Andamata, Fior, dan Furir di Distrik Arguni, lalu di Kampung Darembang dan Goras di Distrik Mbahamdandara.
Di tempat-tempat ini ditemukan berbagai seni cadas berupa cap tangan berwarna merah yang terlukis pada dinding-dinding batu di tebing dan gua yang terletak di pinggir laut. Objek arkeologi ini dikenal sebagai situs purbakala Kokas atau oleh masyarakat setempat biasa disebut dengan nama Tapurarang. Karena warna merah pada lukisan cap tangan di tebing tersebut menyerupai warna darah manusia, masyarakat setempat juga sering menyebut Tapurarang sebagai lukisan cap tangan darah.
Cap-cap tangan yang ditemukan di Kokas memiliki kemiripan dengan beberapa lukisan dinding seperti yang terdapat di berbagai kawasan di Kaimana, selain itu juga bisa ditemukan di Sangkulirang (Kutai Timur, Kalimantan Timur) atau di Gua Leangleang (Maros, Sulawesi Selatan).",2026-10-09T04:40:08.592089+00:00
Pekong Lima Medan Labuhan,"Kota Medan, Sumatera Utara",Situs,ChIJ3-WIBLcxMTARa1lY9wy7uLY,PEKONG LIMA,"Pusat Pasar, Medan Kota, Medan City, North Sumatra, Indonesia",5.0,2.0,https://maps.google.com/?cid=13166479174981409131&g_mp=CiVnb29nbGUubWFwcy5wbGFjZXMudjEuUGxhY2VzLkdldFBsYWNlEAIYBCAA,3.5882292,98.6853453,SUCCESS,FIRST_RESULT,2026-09-29T02:32:36.964950+00:00,,,"Medan Labuhan, Medan","https://id.wikipedia.org/wiki/Medan_Labuhan,_Medan",0.5772927031605558,SIMILARITY_MATCH,"Medan Labuhan adalah salah satu dari 21 kecamatan yang ada di Kota Medan, Provinsi Sumatera Utara, Indonesia.",2026-10-09T04:40:08.868953+00:00
Rumah Tjong A Fie,"Kota Medan, Sumatera Utara",Situs,ChIJZ4ThickxMTARvvjDDIvvrcw,Tjong A Fie Mansion,"Jl. Jend. Ahmad Yani No.105, Kesawan, Kec. Medan Bar., Kota Medan, Sumatera Utara 20111, Indonesia",4.6,3643.0,https://maps.google.com/?cid=14748707735201904830&g_mp=CiVnb29nbGUubWFwcy5wbGFjZXMudjEuUGxhY2VzLkdldFBsYWNlEAIYBCAA,3.5855184,98.6805521,SUCCESS,FIRST_RESULT,2026-09-29T02:32:37.366391+00:00,,,Rumah Tjong A Fie,https://id.wikipedia.org/wiki/Rumah_Tjong_A_Fie,0.9999999999999998,EXACT_MATCH,"Rumah Tjong A Fie (Hanzi tradisional: 張耀軒 故居; Hanzi sederhana: 张耀轩 故居; Pinyin: Zhāng Yàoxuān Gùjū) adalah rumah dua lantai di Jalan Ahmad Yani di Kesawan, Medan, Sumatera Utara, yang dibangun oleh Tjong A Fie (1860–1921), pedagang Hakka yang memiliki banyak tanah perkebunan di Medan. Namun, sejak tahun 2009 sebagian rumah ini dibuka untuk dikunjungi umum. Rumah ini selesai dibangun tahun 1900 dan dirancang dengan gaya arsitektur Tionghoa, Eropa, Melayu dan art-deco dan menjadi objek wisata bersejarah di Medan. Di rumah ini, pengunjung bisa mengetahui sejarah kehidupan Tjong A Fie lewat foto-foto, lukisan serta perabotan rumah yang digunakan oleh keluarganya serta mempelajari budaya Melayu-Tionghoa. Tjong A Fie berkerabat dengan Cheong Fatt Tze yang membangun Cheong Fatt Tze Mansion di Penang, Malaysia. Sekilas ada kemiripan antara Rumah Tjong A Fie dan Cheong Fatt Tze Mansion. Museum ini sudah masuk ke dalam salah satu cagar budaya yang dilindungi oleh Kementerian Pendidikan dan Kebudayaan Republik Indonesia. Oleh karena itu, banyak sumber informasi sejarah dan budaya kependudukan masyarakat Tiongkok di Medan, Sumatera Utara.",2026-10-09T04:40:09.135068+00:00
Menara Air Tirtanadi,"Kota Medan, Sumatera Utara",Situs,ChIJaQW847QxMTAROcEignaBrtI,PDAM Tirtanadi Provinsi Sumatera Utara,"Jl. Sisingamangaraja No.1, Ps. Baru, Kec. Medan Kota, Kota Medan, Sumatera Utara 20212, Indonesia",2.5,576.0,https://maps.google.com/?cid=15181213739901960505&g_mp=CiVnb29nbGUubWFwcy5wbGFjZXMudjEuUGxhY2VzLkdldFBsYWNlEAIYBCAA,3.5820126,98.6849114,SUCCESS,FIRST_RESULT,2026-09-27T17:36:31.874734+00:00,,,Menara Air Tirtanadi,https://id.wikipedia.org/wiki/Menara_Air_Tirtanadi,0.9999999999999978,EXACT_MATCH,"Menara Air Tirtanadi (Aksara Jawi : منارا اير تيرتاند) merupakan salah satu ikon kota Medan. Bangunan ini didirikan pada tahun 1908, oleh pemerintah Belanda, sebagai tempat penampungan air bagi masyarakat Medan. Namun tidak semua masyarakat medan dapat memanfaatkan menara air tersebut, hanya golongan menengah ke atas saja yang diperkenankan memanfaatkan menara air tersebut sebagai sumber penghasil air untuk kebutuhan sehari-hari. Masyarakat golongan menengah ke bawah masih menggunakan sumur-sumur untuk memenuhi kebutuhan air mereka sehari-hari.
Selain sebagai pemasok air bagi warga sekitar, menara ini juga sebagai Landmark kota medan di zamannya. Pembangunan menara ini juga tidak lepas dari pembangunan perusahaan air milik pemerintah kolonial Belanda, dengan nama NV. Water Leiding Maatschappij Ajer Beresih, yang berpusat di Amsterdam, Belanda.
Menara Air Tirtanadi sekarang dimiliki oleh PDAM Tirtanadi, letaknya di persimpangan Jl. Sisingamangaraja 1. Menara ini memiliki tinggi 42 meter dan berat mencapai 330 ton. PDAM Tirtanadi juga menyediakan air minum yang dapat langsung diminum oleh masyarakat yang sedang melintas di sekitar kawasan tersebut.
Selain gaya arsitek bangunannya yang unik, menara ini juga menyimpan sejarah dari zaman kolonial Belanda, hingga sekarang. Menara air ini telah mengalami beberapa renovasi dan pergantian kepemilikan.",2026-10-09T04:40:09.398592+00:00
Situs Cagar Budaya Pdri Kototinggi,"Kabupaten Lima Puluh Kota, Sumatera Barat",Situs,ChIJPWzE0TZZ1S8Rg3sJpyFRyWM,Monumen PDRI,"W9X5+J2C, Koto Tinggi, Gunuang Omeh, Lima Puluh Kota Regency, West Sumatra 26256, Indonesia",4.4,283.0,https://maps.google.com/?cid=7190367485051894659&g_mp=CiVnb29nbGUubWFwcy5wbGFjZXMudjEuUGxhY2VzLkdldFBsYWNlEAIYBCAA,-0.0509351,100.3575084,SUCCESS,FIRST_RESULT,2026-09-29T02:32:37.738942+00:00,,,Museum Nasional PDRI,https://id.wikipedia.org/wiki/Museum_Nasional_PDRI,0.28788712053908616,SIMILARITY_MATCH,"Museum Nasional PDRI (atau Museum Bela Negara) adalah museum nasional yang menampilkan kronik dan peninggalan sejarah perjuangan Pemerintahan Darurat Republik Indonesia (PDRI), penyelenggara pemerintahan Republik Indonesia ketika ibu kota Indonesia jatuh ke tangan Belanda pada Agresi Militer Belanda Kedua. Museum ini berada di area seluas 20 hektare di salah satu kawasan yang pernah menjadi basis PDRI, yaitu di Jorong Aie Angek, Nagari Koto Tinggi, Kecamatan Gunung Omeh, Kabupaten Lima Puluh Kota, Sumatera Barat.",2026-10-09T04:40:09.659303+00:00
Kawasan Megalit Maek,"Kabupaten Lima Puluh Kota, Sumatera Barat",Situs,ChIJD3jTzuKpKjAR-jvDEEOTz_0,Situs Menhir Megalit Balai Batu,"Unnamed Road, 2G85+CQX, Maek, Kec. Bukik Barisan, Kabupaten Lima Puluh Kota, Sumatera Barat 26255, Indonesia",4.6,14.0,https://maps.google.com/?cid=18288998528028195834&g_mp=CiVnb29nbGUubWFwcy5wbGFjZXMudjEuUGxhY2VzLkdldFBsYWNlEAIYBCAA,0.0161064,100.5094832,SUCCESS,FIRST_RESULT,2026-09-29T02:32:38.076157+00:00,,,Megalit,https://id.wikipedia.org/wiki/Megalit,0.4955673555942237,SIMILARITY_MATCH,"Megalit adalah batu besar (neologi dari bahasa Yunani: μέγας (megas) berarti besar, dan λίθος (lithos) berarti batu) yang digunakan untuk membangun struktur atau monumen. Megalit menjadi tanda utama keberadaan tradisi megalitik, tradisi yang muncul di beberapa tempat di bumi. Batu yang digunakan dapat berupa satu batu tunggal (monolit), tumpukan batu besar maupun kecil, atau susunan batu yang diatur dalam bentuk tertentu. Megalit sering kali dipotong atau dipahat terlebih dahulu dan dibuat terkait dengan ritual religius atau upacara-upacara tertentu, seperti kematian atau masa tanam.",2026-10-09T04:40:09.916676+00:00
Kawasan Megalit Belubus,"Kabupaten Lima Puluh Kota, Sumatera Barat",Situs,ChIJD3jTzuKpKjAR-jvDEEOTz_0,Situs Menhir Megalit Balai Batu,"Unnamed Road, 2G85+CQX, Maek, Kec. Bukik Barisan, Kabupaten Lima Puluh Kota, Sumatera Barat 26255, Indonesia",4.6,14.0,https://maps.google.com/?cid=18288998528028195834&g_mp=CiVnb29nbGUubWFwcy5wbGFjZXMudjEuUGxhY2VzLkdldFBsYWNlEAIYBCAA,0.0161064,100.5094832,SUCCESS,FIRST_RESULT,2026-09-27T17:36:32.755887+00:00,,,Megalit,https://id.wikipedia.org/wiki/Megalit,0.4937954628504035,SIMILARITY_MATCH,"Megalit adalah batu besar (neologi dari bahasa Yunani: μέγας (megas) berarti besar, dan λίθος (lithos) berarti batu) yang digunakan untuk membangun struktur atau monumen. Megalit menjadi tanda utama keberadaan tradisi megalitik, tradisi yang muncul di beberapa tempat di bumi. Batu yang digunakan dapat berupa satu batu tunggal (monolit), tumpukan batu besar maupun kecil, atau susunan batu yang diatur dalam bentuk tertentu. Megalit sering kali dipotong atau dipahat terlebih dahulu dan dibuat terkait dengan ritual religius atau upacara-upacara tertentu, seperti kematian atau masa tanam.",2026-10-09T04:40:10.179895+00:00
Situs Megalitik Sokoliman,"Kabupaten Gunungkidul, Yogyakarta",Situs,ChIJL7zcVRpLei4RMy4B3cYS7ZI,Situs Sokoliman 2 GK Indonesia,"Gelaran Sokoliman 2, Bejiharjo, Karangmojo, Gunungkidul Kabupaten Gunung Kidul, Sokoliman II, Bejiharjo, Kec. Karangmojo, Yogyakarta, Daerah Istimewa Yogyakarta 55891, Indonesia",4.2,88.0,https://maps.google.com/?cid=10587138944338570803&g_mp=CiVnb29nbGUubWFwcy5wbGFjZXMudjEuUGxhY2VzLkdldFBsYWNlEAIYBCAA,-7.917869599999999,110.6552441,SUCCESS,FIRST_RESULT,2026-09-29T02:32:38.435021+00:00,,,Situs Sokoliman,https://id.wikipedia.org/wiki/Situs_Sokoliman,0.7472253601910557,SIMILARITY_MATCH,"Situs Sokoliman merupakan situs kepurbakalaan yang terletak di Dusun Sokoliman II, Desa Bejiharjo, Karangmojo, Gunungkidul, DI Yogyakarta, tidak jauh (sekitar 5 km) dari objek wisata Gua Pindul. Situs ini berfungsi sama seperti situs Bleberan, di Kecamatan Playen, Gunungkidul, yaitu menampung dan mengamankan benda-benda cagar budaya, terutama yang bersifat megalitik, khususnya yang ditemukan di Desa Bejiharjo. Lokasinya berbatasan dengan lahan milik Perhutani yang ditanami kayu putih.
Di situs berukuran luas 2000 meter persegi ini dikumpulkan ratusan menhir (termasuk menhir arca), batu-batu penyusun kubur batu, serta punden yang sebelumnya terserak di kebun-kebun penduduk atau di lahan milik Perhutani. Sampai tahun 2014 terdapat 137 menhir, lima kubur batu (tidak lengkap), dan tujuh papan kubur batu. Selain itu terdapat satu punden yang dipindahkan dari sumber air di dusun tersebut, yang tiap tahun didatangi penduduk dalam rangka ""bersih desa"". Terdapat pula menhir arca ""Mbah Gandhok"" yang dipindahkan dari lahan milik penduduk untuk menghidari vandalisme.
Adanya peninggalan purbakala di kawasan ini diketahui setelah dilakukan penelitian awal oleh J.L. Moens dan van der Hoop pada tahun 1934. Mereka melaporkan adanya bekal kubur yang berbentuk manik-manik, alat-alat besi, fragmen gerabah, dan benda-benda perunggu di kawasan Dusun Gunungbang, Desa Bejiharjo, tempat ditemukannya beberapa kubur batu (sampai sekarang masih di lokasi).
Baik situs Sokoliman maupun situs Bleberan menunjukkan bahwa pada masa lalu, kawasan tepi Sungai Oya, yang membentuk Cekungan Wonosari (Wonosari Basin), telah menjadi tempat hunian manusia yang mengusung tradisi megalitik. Benda-benda yang terkumpul mengisyaratkan ritual yang terkait dengan kematian/penguburan. Hal ini diperkuat dengan ditemukannya beberapa kerangka manusia di dekat penemuan menhir serta batu kubur tersebut.",2026-10-09T04:40:10.451051+00:00
Masjid Raya Al Mashun,"Kota Medan, Sumatera Utara",Situs,ChIJ8Y0xVEkwMTAR5bo4vV26z9k,Masjid Raya Al-Mashun,"Jl. Sisingamangaraja No.74c, Mesjid, Kec. Medan Kota, Kota Medan, Sumatera Utara 20212, Indonesia",4.8,2216.0,https://maps.google.com/?cid=15694968138178804453&g_mp=CiVnb29nbGUubWFwcy5wbGFjZXMudjEuUGxhY2VzLkdldFBsYWNlEAIYBCAA,3.5751718,98.6872455,SUCCESS,FIRST_RESULT,2026-09-29T02:32:38.795090+00:00,,,Masjid Raya Al-Mashun,https://id.wikipedia.org/wiki/Masjid_Raya_Al-Mashun,0.9999999999999999,EXACT_MATCH,"Masjid Raya Al-Mashun (bahasa Arab: مسجد جامع المشون) atau yang lebih dikenal Masjid Raya Medan (abjad Jawi: مسجد رايا ميدان) (bahasa Arab: مسجد الجامع ميدان) adalah sebuah masjid yang berada di Kota Medan, Provinsi Sumatera Utara, Indonesia. Masjid ini dibangun pada tahun 1906 dan selesai pada tahun 1909. Pada awal pendiriannya, masjid ini merupakan bagian dari kompleks Istana Maimun. Gaya arsitekturnya memadukan unsur Timur Tengah, India, dan Spanyol. Masjid ini berbentuk segi delapan dan memiliki sayap di bagian selatan, timur, utara, dan barat.",2026-10-09T04:40:10.708908+00:00
Situs Kanjeng Sepuh Sedayu,"Kabupaten Gresik, Jawa Timur",Situs,ChIJ3T2mLKnjdy4RElARyowvk34,Makam Kanjeng Sepuh,"Jl. Kanjeng Sepuh No.#5, Pengulu, Gresik, Kabupaten Gresik, Jawa Timur 61153, Indonesia",4.5,19.0,https://maps.google.com/?cid=9120685952087445522&g_mp=CiVnb29nbGUubWFwcy5wbGFjZXMudjEuUGxhY2VzLkdldFBsYWNlEAIYBCAA,-6.989753,112.563638,SUCCESS,FIRST_RESULT,2026-09-27T17:36:33.460150+00:00,,,Museum Kanjeng Sepuh Sidayu,https://id.wikipedia.org/wiki/Museum_Kanjeng_Sepuh_Sidayu,0.6656102299672532,SIMILARITY_MATCH,"Museum Kanjeng Sepuh Sidayu Museum yang berada di Desa Mriyunan  Kecamatan Sidayu Kabupaten Gresik, Jawa Timur 61153. Museum ini menyimpan jejak sejarah panjang, terutama peradaban Kadipaten Sidayu yang kala itu menjadi pusat pemerintahan. Semua kenangan dan cerita sejarah itu bisa dilihat ketika mengunjungi Museum Kanjeng Sepuh Sidayu.",2026-10-09T04:40:10.975654+00:00
Situs Raja Balok,Kepulauan Bangka Belitung,Situs,ChIJVTjVucLQFi4R00tCzBDSjaM,Situs Makam Raja Balok,"XV4V+X73, Unnamed Road, Balok, Kec. Dendang, Kabupaten Belitung Timur, Kepulauan Bangka Belitung 33561, Indonesia",4.5,39.0,https://maps.google.com/?cid=11785306769486662611&g_mp=CiVnb29nbGUubWFwcy5wbGFjZXMudjEuUGxhY2VzLkdldFBsYWNlEAIYBCAA,-3.0426211,107.893185,SUCCESS,FIRST_RESULT,2026-09-29T02:32:39.116904+00:00,,,Situs Makam Leran,https://id.wikipedia.org/wiki/Situs_Makam_Leran,0.48374140014053973,SIMILARITY_MATCH,"Situs Makam Leran adalah situs yang ditetapkan sebagai Situs Cagar Budaya sebagaimana SK Menteri No SK PM. 56/PW.007/MKP/2007. Situs Makam Leran ini terletak di Dusun Leran, Desa Leran, Kecamatan Manyar, Kabupaten Gresik. Berdasarkan sejarahnya, situs makam ini memiliki nama ""Pasucian"" dengan asal-usul bahwa terdapat seorang puteri Raja Cermen yang berasal dari Kedah dengan nama Fatimah. Lokasi Kedah ini memiliki banyak sudut pandang, di antaranya mengatakan berlokasi di India dan di Semenanjung Malaysia. Menurut berita Pasucinan pada abad ke-12 sampai 13 masehi sebagaimana tertulis dalam karya Chu-Fan-Chi, tepatnya Chon-Ju-Hua menjelaskan bahwa Shefo (Jawa). 
Dikutip berdasarkan berita dari Ying-Yai-Shenglan menjelaskan bahwa keadaan Gresik pada wilayah ini menggambarkan Gresik pada sebelum Sunan Giri. Nama pasucinan atau Leran merupakan dalah satu pelabuhan Panjalu yang pada perkembangannya dilanjutkan menjadi Tse-Tsun atau Gresik. Catatan Tom Pires pada abad ke-16 M menceritakan bahwa Gresik diperintah untuk memeluk agama Islam dengan tempat tinggal Giri. Istilah Gresik berasal dari kata Ke-r-sih dalam bahasa Cina yang artinya tempat yang kotor. 
Dikutip berdasarkan berita dari Ying-Yai-Shenglan menjelaskan bahwa keadaan Gresik pada wilayah ini menggambarkan Gresik pada sebelum Sunan Giri. Nama pasucinan atau Leran merupakan dalah satu pelabuhan Panjalu yang pada perkembangannya dilanjutkan menjadi Tse-Tsun atau Gresik. Catatan Tom Pires pada abad ke-16 M menceritakan bahwa Gresik diperintah untuk memeluk agama Islam dengan tempat tinggal Giri.",2026-10-09T04:40:11.241794+00:00
Situs Peninggalan Era Megalitikum,"Kabupaten Temanggung, Jawa Tengah",Situs,ChIJq6qq6g90cC4RfemFyVoV-54,Situs Liyangan,"Dusun Liyangan, Area Sawah, Purbosari, Kec. Ngadirejo, Kabupaten Temanggung, Jawa Tengah 56255, Indonesia",4.5,841.0,https://maps.google.com/?cid=11455773556819224957&g_mp=CiVnb29nbGUubWFwcy5wbGFjZXMudjEuUGxhY2VzLkdldFBsYWNlEAIYBCAA,-7.2517496,110.0270019,SUCCESS,FIRST_RESULT,2026-09-27T17:36:34.258406+00:00,,,Situs Purbakala Liyangan,https://id.wikipedia.org/wiki/Situs_Purbakala_Liyangan,0.742500837409219,SIMILARITY_MATCH,"Situs Liyangan adalah kawasan pemukiman yang mencakup sisa-sisa bangunan  (candi, rumah), jalan, sawah/ladang, serta berbagai artefak yang berlokasi di Dusun Liyangan, Desa Purbasari, Ngadirejo, Temanggung, Jawa Tengah. Tapak ini hingga tahun 2020 memiliki luas l.k. 4 hektare dan terletak di lereng timur Gunung Sindoro
Meskipun laporan penemuan artefak di sini telah ada sebelumnya, secara resmi penemuan situs ini diumumkan pada tahun 2008. Penggalian arkeologi dilakukan setelah kegiatan penambangan pasir di tapak tersebut melaporkan penemuan struktur bangunan. Penemuan pertama berupa talud, yoni, arca, dan batu-batu candi. Penemuan selanjutnya sebuah bangunan candi yang tinggal bagian kaki dan di atasnya terdapat sebuah yoni yang unik (memiliki tiga lubang). Candi ini dinamakan Candi Liyangan.
Penelitian dan penggalian lebih lanjut dilakukan Balai Arkeologi Yogyakarta pada 2010 dan 2011 menyimpulkan bahwa situs tersebut bukan merupakan candi besar tetapi sebuah perdusunan dari masa Mataram Kuno. Berdasar gambaran hasil survei penjajakan, Balai Arkeologi Yogyakarta menyimpulkan bahwa Situs Liyangan merupakan situs dengan karakter kompleks; indikasi sebagai situs permukiman, situs ritual, sekaligus situs pertanian. Situs Liyangan memiliki kekhasan yang tidak ditemukan pada situs temuan lainnya dari masa Hindu di Jawa: di situs ini ditemukan sisa-sisa kayu dan bijian serealia (gabah) yang hangus.
Penggalian lanjutan menemukan struktur saluran kuno yang diduga telah dibangun pada masa pra-Hindu.",2026-10-09T04:40:11.503564+00:00
Situs Makam Tegal Mas,"Kabupaten Situbondo, Jawa Timur",Situs,ChIJ0Vvn7_sf1y0RCY1yvdQS5GY,Makam Raden Bagus Kosim Wirodipuro 1 (Kyai Pate Alos),"Jl. Jokotole No.Gg.1, Besuki, Kec. Besuki, Kabupaten Situbondo, Jawa Timur 68356, Indonesia",5.0,10.0,https://maps.google.com/?cid=7414071591479446793&g_mp=CiVnb29nbGUubWFwcy5wbGFjZXMudjEuUGxhY2VzLkdldFBsYWNlEAIYBCAA,-7.733319099999999,113.684965,SUCCESS,FIRST_RESULT,2026-09-27T17:36:34.671285+00:00,,,Kabupaten Tegal,https://id.wikipedia.org/wiki/Kabupaten_Tegal,0.21013258381626165,SIMILARITY_MATCH,"Kabupaten Tegal (bahasa Jawa: Hanacaraka: ꦠꦼꦒꦭ꧀, Pegon تٓڮل, translit. Tagal) adalah sebuah kabupaten yang berada di bagian barat laut Provinsi Jawa Tengah, Indonesia yang memiliki luas 878,79 km2. Pada pertengahan tahun 2024, jumlah penduduk kabupaten Tegal sebanyak 1.727.497 orang.
Ibu kota dari kabupaten ini adalah Kecamatan Slawi. Sebelum Kota Tegal terbentuk, ibu kota Kabupaten Tegal berada di Kota Tegal yang terletak di sudut barat laut kabupaten ini, tetapi kemudian Kota Tegal secara administratif terpisah dari Kabupaten Tegal dan membentuk wilayah sendiri. Kemudian digantikan oleh Kecamatan Slawi sebagai pusat pemerintahan Kabupaten Tegal hingga saat ini, yang merupakan pinggiran kota yang terletak sekitar 20 km dari selatan pusat Kota Tegal dan dalam batas kabupaten.
Bersama dengan Kabupaten Pekalongan yang merupakan daerah terdekat dari kabupaten ini, sekitar lima puluh kilometer ke timur, Kabupaten Tegal adalah tempat kelahiran industri gula kolonial Hindia Belanda, dan Kabupaten Tegal tetap menjadi pusat penghasil gula utama hingga pertengahan abad ke-20.  Kota ini berfungsi sebagai pelabuhan untuk mengekspor gula yang diproduksi di perkebunan terdekat. Kabupaten Tegal terkenal dengan warung makannya yang biasa disebut Warteg, yang merupakan akronim dari warung Tegal.",2026-10-09T04:40:11.754601+00:00
Situs Lawang Gede,"Kabupaten Cirebon, Jawa Barat",Situs,ChIJf1evttrjbi4RPbhh46dU_Ic,Situs Lawang Gede,"8GWM+24C, Jl. Sunan Gn. Jati Blok Lawang Gede, RT.03/RW.02, Mertasinga, Kec. Gunungjati, Kabupaten Cirebon, Jawa Barat 45151, Indonesia",4.8,37.0,https://maps.google.com/?cid=9798799969302460477&g_mp=CiVnb29nbGUubWFwcy5wbGFjZXMudjEuUGxhY2VzLkdldFBsYWNlEAIYBCAA,-6.6549348,108.53275,SUCCESS,FIRST_RESULT,2026-09-27T17:36:35.096998+00:00,,,Kabupaten Empat Lawang,https://id.wikipedia.org/wiki/Kabupaten_Empat_Lawang,0.27674042077214833,SIMILARITY_MATCH,"Empat Lawang (Jawi: امڤت لاوڠ; Surat Ulu: ꥆꥍꤸ꥓ꤶꤳ꥓ ꤾꥀꥏ) adalah sebuah wilayah kabupaten di Provinsi Sumatera Selatan, Indonesia. Ibu kotanya adalah Tebing Tinggi. Kabupaten Empat Lawang diresmikan pada 20 April 2007 setelah sebelumnya disetujui oleh Dewan Perwakilan Rakyat dengan disetujuinya Rancangan Undang-Undangnya pada 8 Desember 2006 tentang pembentukan kabupaten Empat Lawang bersama 15 kabupaten/kota baru lainnya. Kabupaten Empat Lawang merupakan pemekaran dari Kabupaten Lahat. Jumlah penduduk Empat Lawang pada akhir 2025 ialah sebanyak 338.444 jiwa.",2026-10-09T04:40:12.012214+00:00
Situs Pasanggrahan Balong Biru,"Kabupaten Cirebon, Jawa Barat",Situs,ChIJ63mgWqIfby4ROp-RS6jQgTs,Pemandian Balong biru,"6FCW+MR6, Jl. Lembah Cimandung, Kerandon, Kec. Talun, Kabupaten Cirebon, Jawa Barat 45171, Indonesia",4.3,12.0,https://maps.google.com/?cid=4287937741474340666&g_mp=CiVnb29nbGUubWFwcy5wbGFjZXMudjEuUGxhY2VzLkdldFBsYWNlEAIYBCAA,-6.778730599999999,108.496803,SUCCESS,FIRST_RESULT,2026-09-29T02:32:39.455570+00:00,,,Situs Trowulan,https://id.wikipedia.org/wiki/Situs_Trowulan,0.24590877323396082,SIMILARITY_MATCH,"Trowulan adalah situs arkeologi di Kecamatan Trowulan, Kabupaten Mojokerto, Jawa Timur, Indonesia. Situs ini mencakup area sekitar 100 kilometer persegi dan diyakini sebagai lokasi ibu kota Kerajaan Majapahit yang terkenal, yang dijelaskan oleh Mpu Prapanca dalam puisi Nagarakretagama abad ke-14 dan dalam sumber Tiongkok abad ke-15. Ketika menjadi ibu kota Kerajaan Majapahit, kota ini dikenal sebagai Majapahit atau Wilwatikta, yang menjadi asal nama kerajaan tersebut. Kota ini dihancurkan selama invasi Girindrawardhana untuk mengalahkan Kertabhumi pada tahun 1478. Setelah peristiwa tersebut, ibu kota Majapahit dipindahkan ke Daha (Kediri). Museum Trowulan menyimpan koleksi artefak.
Nagarakretagama berisi deskripsi puitis tentang istana Majapahit dan sekitarnya, tetapi terbatas pada sektor kerajaan dan keagamaan. Beberapa detailnya samar-samar, sehingga para ahli yang mencoba menyusun rencana ibu kota sampai pada kesimpulan yang berbeda-beda.
Penelitian sebelumnya di Trowulan berfokus pada peninggalan-peninggalan monumental: candi, makam, dan pemandian. Survei dan ekskavasi arkeologis baru-baru ini menemukan sisa-sisa aktivitas industri, komersial, dan keagamaan, permukiman, sistem penyediaan air, dan kanal air, yang semuanya merupakan bukti kepadatan penduduk selama abad ke-14 hingga ke-15. Pada bulan Oktober 2009, Kementerian Kebudayaan dan Pariwisata Indonesia mendaftarkan Trowulan ke dalam Daftar Situs Warisan Dunia UNESCO.
Saat ini, situs berada di bawah pengelolaan Museum dan Cagar Budaya, Kementerian Kebudayaan Republik Indonesia.",2026-10-09T04:40:12.274744+00:00
Situs Batu Tulis Huludayeuh,"Kabupaten Cirebon, Jawa Barat",Situs,ChIJuc9L-7chby4RzLjyPIr07QQ,Prasasti Huludayeuh,"6C83+997, Cikalahang, Dukupuntang, Cirebon, West Java 45652, Indonesia",4.7,16.0,https://maps.google.com/?cid=355208820197341388&g_mp=CiVnb29nbGUubWFwcy5wbGFjZXMudjEuUGxhY2VzLkdldFBsYWNlEAIYBCAA,-6.7840794,108.4034176,SUCCESS,FIRST_RESULT,2026-09-27T17:36:35.560597+00:00,,,Prasasti Huludayeuh,https://id.wikipedia.org/wiki/Prasasti_Huludayeuh,0.9999999999999986,EXACT_MATCH,"Prasasti Huludayeuh adalah salah satu prasasti peninggalan Kerajaan Sunda. Lokasi dari Prasasti Huludayeuh berada di tengah persawahan yang terletak di kampung Huludayeuh, Desa Cikalahang, Kecamatan Dukupuntang, Kabupaten Cirebon, Provinsi Jawa Barat.",2026-10-09T04:40:12.539298+00:00
Situs Bleberan,Yogyakarta,Situs,ChIJwzHBr6ayey4R0Qyogc-xGa8,Taman Purbakala & Cagar Budaya Desa Bleberan,"2GJG+XP4, Bleberan, Kec. Playen, Kabupaten Gunungkidul, Daerah Istimewa Yogyakarta 55861, Indonesia",4.2,25.0,https://maps.google.com/?cid=12617311335846776017&g_mp=CiVnb29nbGUubWFwcy5wbGFjZXMudjEuUGxhY2VzLkdldFBsYWNlEAIYBCAA,-7.967601600000001,110.5268383,SUCCESS,FIRST_RESULT,2026-09-27T17:36:35.959050+00:00,,,Situs Bleberan,https://id.wikipedia.org/wiki/Situs_Bleberan,1.0000000000000013,EXACT_MATCH,"Situs Bleberan merupakan situs tempat mengumpulkan (penampungan) objek-objek kepurbakalaan megalitik yang ditemukan di kawasan Playen, Gunungkidul, dan sekitarnya. Situs ini terletak di Dusun Bleberan, Desa Bleberan, Playen, Gunungkidul, tidak jauh dari jalan menuju objek wisata Air Terjun Sri Gethuk, menempati lahan seluas 1.146 meter persegi.
Di situs penampungan ini terdapat objek cagar budaya berupa berbagai megalit, seperti menhir (ada pula yang berupa menhir arca) yang diletakkan berbaring, serta bagian-bagian kubur batu, tutup sarkofagus, serta batu kenong. Ada 57 objek cagar budaya yang ditempatkan di sini (sampai tahun 2014), terdiri dari 23 menhir, satu kepala menhir, 26 bagian peti batu kubur, 2 patok kubur batu, dan tiga batu kenong.
Situs Bleberan mengumpulkan artefak-artefak peninggalan masyarakat tradisi megalitik yang sama dengan yang dikumpulkan di situs Sokoliman, Kecamatan Karangmojo, juga di Gunungkidul. Masyarakat ini dalam arkeologi Indonesia disebut sebagai pendukung kebudayaan Sungai Oya, sesuai dengan lokasi-lokasi penemuan yang sebagian besar berada di dekat aliran sungai ini.",2026-10-09T04:40:12.802294+00:00
Situs Gondangan,"Kabupaten Gunungkidul, Yogyakarta",Situs,ChIJtabSosNLei4RLOv6Tx_rsEY,Situs Gondang Ngawis,"3M66+CC, Gondang, Ngawis, Kec. Karangmojo, Kabupaten Gunungkidul, Daerah Istimewa Yogyakarta 55891, Indonesia",4.4,14.0,https://maps.google.com/?cid=5093829698274388780&g_mp=CiVnb29nbGUubWFwcy5wbGFjZXMudjEuUGxhY2VzLkdldFBsYWNlEAIYBCAA,-7.9389201,110.6611157,SUCCESS,FIRST_RESULT,2026-09-29T02:32:41.646613+00:00,,,Situs Karangkamulyan,https://id.wikipedia.org/wiki/Situs_Karangkamulyan,0.3213334785841447,SIMILARITY_MATCH,"Situs Karangkamulyan adalah situs arkeologi yang terletak di Desa Karangkamulyan, Cijeungjing, Ciamis, Jawa Barat. Situs ini merupakan peninggalan dari zaman Kerajaan Galuh. Lokasinya berada di jalan poros Ciamis-Banjar dengan luas 25,5 hektar. Situs ini bercorak Hindu-Sunda. Situs Karangkamulyan menerapkan pola kelipatan tiga dalam susunan bangunannya. Situs ini terletak di kawasan hutan lindung dan dikaitkan dengan pusat pemerintahan Kerajaan Galuh pada masa Prabu Permanadikusumah dan putranya, Ciung Wanara.",2026-10-09T04:40:13.061989+00:00
Situs Oluhuta,Gorontalo,Situs,ChIJw-5NargtfzIRA1iQiC613fk,Situs Kerangka Manusia Oluhuta,"Oluhuta, Kabila Bone, Bone Bolango Regency, Gorontalo, Indonesia",2.0,1.0,https://maps.google.com/?cid=18004746096761395203&g_mp=CiVnb29nbGUubWFwcy5wbGFjZXMudjEuUGxhY2VzLkdldFBsYWNlEAIYBCAA,0.4224562,123.1473174,SUCCESS,FIRST_RESULT,2026-09-29T02:32:40.113724+00:00,,,Daftar kecamatan dan kelurahan di Gorontalo,https://id.wikipedia.org/wiki/Daftar_kecamatan_dan_kelurahan_di_Gorontalo,0.10641188630493877,SIMILARITY_MATCH,"Berikut daftar kecamatan dan kelurahan di Provinsi Gorontalo, Indonesia. Provinsi Gorontalo terdiri dari 5 kabupaten, 1 kotamadya, 77 kecamatan, 72 kelurahan dan 657 desa. Pada tahun 2017, jumlah penduduknya diperkirakan mencapai 1.157.325 jiwa dengan total luas wilayah 11.257,07 km².",2026-10-09T04:40:13.320299+00:00
Situs Sokoliman,Yogyakarta,Situs,ChIJL7zcVRpLei4RMy4B3cYS7ZI,Situs Sokoliman 2 GK Indonesia,"Gelaran Sokoliman 2, Bejiharjo, Karangmojo, Gunungkidul Kabupaten Gunung Kidul, Sokoliman II, Bejiharjo, Kec. Karangmojo, Yogyakarta, Daerah Istimewa Yogyakarta 55891, Indonesia",4.2,88.0,https://maps.google.com/?cid=10587138944338570803&g_mp=CiVnb29nbGUubWFwcy5wbGFjZXMudjEuUGxhY2VzLkdldFBsYWNlEAIYBCAA,-7.917869599999999,110.6552441,SUCCESS,FIRST_RESULT,2026-09-27T17:36:37.250002+00:00,,,Situs Sokoliman,https://id.wikipedia.org/wiki/Situs_Sokoliman,0.9999999999999999,EXACT_MATCH,"Situs Sokoliman merupakan situs kepurbakalaan yang terletak di Dusun Sokoliman II, Desa Bejiharjo, Karangmojo, Gunungkidul, DI Yogyakarta, tidak jauh (sekitar 5 km) dari objek wisata Gua Pindul. Situs ini berfungsi sama seperti situs Bleberan, di Kecamatan Playen, Gunungkidul, yaitu menampung dan mengamankan benda-benda cagar budaya, terutama yang bersifat megalitik, khususnya yang ditemukan di Desa Bejiharjo. Lokasinya berbatasan dengan lahan milik Perhutani yang ditanami kayu putih.
Di situs berukuran luas 2000 meter persegi ini dikumpulkan ratusan menhir (termasuk menhir arca), batu-batu penyusun kubur batu, serta punden yang sebelumnya terserak di kebun-kebun penduduk atau di lahan milik Perhutani. Sampai tahun 2014 terdapat 137 menhir, lima kubur batu (tidak lengkap), dan tujuh papan kubur batu. Selain itu terdapat satu punden yang dipindahkan dari sumber air di dusun tersebut, yang tiap tahun didatangi penduduk dalam rangka ""bersih desa"". Terdapat pula menhir arca ""Mbah Gandhok"" yang dipindahkan dari lahan milik penduduk untuk menghidari vandalisme.
Adanya peninggalan purbakala di kawasan ini diketahui setelah dilakukan penelitian awal oleh J.L. Moens dan van der Hoop pada tahun 1934. Mereka melaporkan adanya bekal kubur yang berbentuk manik-manik, alat-alat besi, fragmen gerabah, dan benda-benda perunggu di kawasan Dusun Gunungbang, Desa Bejiharjo, tempat ditemukannya beberapa kubur batu (sampai sekarang masih di lokasi).
Baik situs Sokoliman maupun situs Bleberan menunjukkan bahwa pada masa lalu, kawasan tepi Sungai Oya, yang membentuk Cekungan Wonosari (Wonosari Basin), telah menjadi tempat hunian manusia yang mengusung tradisi megalitik. Benda-benda yang terkumpul mengisyaratkan ritual yang terkait dengan kematian/penguburan. Hal ini diperkuat dengan ditemukannya beberapa kerangka manusia di dekat penemuan menhir serta batu kubur tersebut.",2026-10-09T04:40:13.586258+00:00
Situs Arca Gupolo,Yogyakarta,Situs,ChIJfdJv3KFaei4RzIgSA3n04Vw,Gupolo Statue,"6F7X+M78, Warak Kidul, Sumberadi, Kec. Prambanan, Kabupaten Sleman, Daerah Istimewa Yogyakarta 55572, Indonesia",4.4,90.0,https://maps.google.com/?cid=6692899321829034188&g_mp=CiVnb29nbGUubWFwcy5wbGFjZXMudjEuUGxhY2VzLkdldFBsYWNlEAIYBCAA,-7.785837499999999,110.4982031,SUCCESS,FIRST_RESULT,2026-09-29T02:32:40.403711+00:00,,,Situs Arca Gupala,https://id.wikipedia.org/wiki/Situs_Arca_Gupala,0.6281705936027232,SIMILARITY_MATCH,"Situs Arca Gupala (bahasa Jawa: ꦱꦶꦠꦸꦱ꧀ꦩꦸꦂꦠꦶꦒꦸꦥꦭ) adalah kumpulan dari 7 buah arca berciri agama Hindu yang terletak di dekat Candi Ijo dan Candi Barong, tepatnya di wilayah Kelurahan Sambirejo, Kecamatan Prambanan, Kabupaten Sleman, Daerah Istimewa Yogyakarta.
Gupala adalah nama panggilan dari penduduk setempat terhadap patung Agastya yang ditemukan di area situs. Biasanya, gupala adalah sebutan untuk arca raksasa penjaga pintu. Walaupun bentuk arca Agastya setinggi dua meter ini sudah tidak begitu jelas, tetapi senjata trisula sebagai lambang dari dewa Siwa yang dipegangnya masih kelihatan jelas. Beberapa arca yang lain, kebanyakan adalah arca dewa Hindu dengan posisi duduk.
Di dekat arca gupala terdapat mata air jernih berupa sumur yang dipakai oleh penduduk setempat untuk mengambil air, dan meskipun di musim kemarau panjang sumur ini tidak pernah kering.",2026-10-09T04:40:13.859944+00:00
Situs Arca Bugisan,Yogyakarta,Situs,ChIJvRVqfABbei4Ry0F9GKy_auU,Situs Arca Buddha Kalasan,"6FRH+7PC, Kepatihan, Tamanmartani, Kec. Kalasan, Kabupaten Sleman, Daerah Istimewa Yogyakarta 55571, Indonesia",5.0,1.0,https://maps.google.com/?cid=16531236128082969035&g_mp=CiVnb29nbGUubWFwcy5wbGFjZXMudjEuUGxhY2VzLkdldFBsYWNlEAIYBCAA,-7.759300599999999,110.4792537,SUCCESS,FIRST_RESULT,2026-09-29T02:32:40.717625+00:00,,,Arca Bugisan,https://id.wikipedia.org/wiki/Arca_Bugisan,0.76269385115499,SIMILARITY_MATCH,"Arca Bugisan merupakan situs yang terdiri dari sejumlah arca dan sisa-sisa candi, terletak di Dusun Bugisan, Desa Purwomartani, Kecamatan Kalasan, Kabupaten Sleman, Daerah Istimewa Yogyakarta. Situs ini juga sering disebut sebagai Arca Proliman karena keberadaannya di kawasan Proliman. Untuk mencapainya, dari arah Prambanan menuju Kalasan, kemudian belok ke Proliman dan masuk ke gang pertama di sebelah kiri. Lokasi situs ini berada di tengah permukiman penduduk yang padat dan berbatasan dengan area pemakaman umum.
Arca Bugisan menyimpan sejumlah arca dalam kondisi rusak dan termutilasi, di antaranya diduga merupakan arca Buddha seperti Akshobya, Ratnasambhawa, serta dua Bodhisatwa, meski kerusakannya menyulitkan identifikasi lebih rinci. Selain arca, terdapat pula reruntuhan struktur batu candi yang tersebar di area tersebut. Catatan sejarah dari peneliti Eropa abad ke-19, termasuk Colin Mackenzie dan Thomas Stamford Raffles, menyebutkan bahwa kawasan Bugisan dahulu memiliki arca-arca besar dan sisa bangunan candi, yang kini sebagian telah hilang atau terkubur permukiman penduduk. Sejumlah arca dari situs ini sempat dipindahkan untuk diamankan oleh Balai Pelestarian Kebudayaan Wilayah X, meskipun banyak artefak yang masih tertinggal di lokasi dalam keadaan rusak.
Keberadaan situs ini mengindikasikan adanya komunitas Buddha yang berkembang di kawasan Kalasan pada masa lampau, dengan fungsi religius yang berkaitan erat dengan kompleks candi besar di sekitarnya seperti Candi Kalasan dan Candi Prambanan. Arca-arca serta reruntuhan yang tersisa berperan sebagai bukti sejarah penting yang merefleksikan perkembangan seni dan tradisi Buddha di wilayah utara Yogyakarta.",2026-10-09T04:40:14.123965+00:00
Situs Mangir,Yogyakarta,Situs,ChIJvW9I-uD-ei4RcFFgIOOqWUI,Situs Petilasan Ki Ageng Mangir,"37VH+MPQ, Mangir Tengah, Sendangsari, Kec. Pajangan, Kabupaten Bantul, Daerah Istimewa Yogyakarta 55751, Indonesia",4.5,221.0,https://maps.google.com/?cid=4781040371907973488&g_mp=CiVnb29nbGUubWFwcy5wbGFjZXMudjEuUGxhY2VzLkdldFBsYWNlEAIYBCAA,-7.905795899999999,110.2793587,SUCCESS,FIRST_RESULT,2026-09-29T02:32:41.071035+00:00,,,Petilasan Ki Ageng Mangir Wanabaya,https://id.wikipedia.org/wiki/Petilasan_Ki_Ageng_Mangir_Wanabaya,0.693396965007287,SIMILARITY_MATCH,"Petilasan Ki Ageng Mangir Wanabaya adalah adalah situs cagar budaya peninggalan dari Bagus Wanabaya atau Ki Ageng Mangir III yang terletak di Padukuhan Mangir Tengah, Kalurahan Sendangsari, Kapanewon Pajangan, Kabupaten Bantul, Provinsi Daerah Istimewa Yogyakarta. Kawasan petilasan ini dahulu pernah menjadi tanah perdikan yang dikelola sendiri dan bebas dari pajak, lantaran Ki Ageng Mangir hingga Mangir III enggan memberikannya kepada Kesultanan Mataram Islam. Berdasarkan penjelasan dari Juanita Retno Utari (pengelola dan keturunan Mangir III), Mangir dalam perjalanannya menjadi sebuah desa yang memberontak dan menolak tunduk kepada Mataram.
Tempat tersebut termasuk cagar budaya yang sebelumnya adalah tanah perdikan yang dipimpin oleh Ki Ageng Mangir. Di dalam area, terdapat beberapa tugu dan bangunan, seperti candi yang terbuat dari batu-batuan serta watu gilang yang dipercaya sebagai singgasana bekas Ki Ageng Mangir. Areanya dikelilingi dengan pepohonan yang masih kental dengan suasana pedesaan dan asri.",2026-10-09T04:40:14.386086+00:00
Situs Payak,Yogyakarta,Situs,ChIJ3Uw6kx1Rei4R-i9xkHFYJac,Payak Site,"Jl. Wonosari No.12, Bantaran Wetan, Srimulyo, Kec. Piyungan, Kabupaten Bantul, Daerah Istimewa Yogyakarta 55792, Indonesia",4.3,220.0,https://maps.google.com/?cid=12044130023250145274&g_mp=CiVnb29nbGUubWFwcy5wbGFjZXMudjEuUGxhY2VzLkdldFBsYWNlEAIYBCAA,-7.833438999999999,110.457802,SUCCESS,FIRST_RESULT,2026-09-29T02:32:41.388242+00:00,,,Situs Payak,https://id.wikipedia.org/wiki/Situs_Payak,1.0,EXACT_MATCH,"Situs Payak merupakan situs arkeologi diduga dibangun pada kurun waktu abad ke-9 yang terletak di Pedukuhan Payak, Desa Srimulyo, Kecamatan Piyungan, Kabupaten Bantul, Daerah Istimewa Yogyakarta. Lokasi situs ini kurang lebih 200 meter sisi Selatan dari Jalan Yogyakarta-Wonosari km 12.
Situs ini oleh para ahli arkeologi dikatakan sebagai pertitaan atau bangunan pemandian atau penempatan air suci pada masa lalu walaupun menurut ukuran pertitaan ini lebih besar dari bangunan candi yang terdapat tidak jauh dari lokasi seperti keberadaan Candi Mantup (kurang lebih 2 km dari lokasi ini), namun tempat ini tidak disebut candi melainkan disebut sebagai situs.
Pada situs ini terdapat bangunan pertitaan yang berbentuk huruf 'U' menghadap ke arah Barat Daya berukuran 3 x 1 meter, bangunan ini memiliki cerukan di bagian dasarnya dengan dua lubang air tempat keluar masuknya air, dan pada bangunan ini terdapat relung yang digunakan sebagai tempat patung Siwa. Diperkirakan situs ini merupakan tempat pengambilan air suci pada upacara keagamaan Hindu",2026-10-09T04:40:14.651762+00:00
Situs Mantup,Yogyakarta,Situs,ChIJNyVuSTZXei4R37IkOfsVQ9o,Situs Mantup,"Jln. Wonosari km.7 Sampangan RT.03, Mantup, Baturetno, Kec. Banguntapan, Kabupaten Bantul, Daerah Istimewa Yogyakarta 55197, Indonesia",4.4,69.0,https://maps.google.com/?cid=15727438492447584991&g_mp=CiVnb29nbGUubWFwcy5wbGFjZXMudjEuUGxhY2VzLkdldFBsYWNlEAIYBCAA,-7.8156157,110.4176348,SUCCESS,FIRST_RESULT,2026-09-27T17:36:38.240581+00:00,,,Situs Mantup,https://id.wikipedia.org/wiki/Situs_Mantup,1.0000000000000002,EXACT_MATCH,"Situs Mantup atau biasa juga disebut Candi Mantup adalah situs purbakala yang berada di Dusun Mantup, Desa Baturetno, Kecamatan Banguntapan, Kabupaten Bantul, Daerah Istimewa Yogyakarta, yaitu di sebelah timur Kota Yogyakarta.
Menurut perkiraan, situs ini dibangun pada sekitar abad ke-8 dan ke-9 zaman Kerajaan Mataram Kuno. Kompleks reruntuhan candi ini mempunyai tiga buah pondasi bangunan candi yang tidak utuh, dengan berukuran kira-kira 2x2 meter² dengan tinggi 0,5 meter. Sampai sekarang bangunan di situs ini belum dipugar, mengingat minimnya data bangunan asal.",2026-10-09T04:40:14.903856+00:00
Situs Gondangan,"Kabupaten Gunungkidul, Yogyakarta",Situs,ChIJtabSosNLei4RLOv6Tx_rsEY,Situs Gondang Ngawis,"3M66+CC, Gondang, Ngawis, Kec. Karangmojo, Kabupaten Gunungkidul, Daerah Istimewa Yogyakarta 55891, Indonesia",4.4,14.0,https://maps.google.com/?cid=5093829698274388780&g_mp=CiVnb29nbGUubWFwcy5wbGFjZXMudjEuUGxhY2VzLkdldFBsYWNlEAIYBCAA,-7.9389201,110.6611157,SUCCESS,FIRST_RESULT,2026-09-29T02:32:41.646613+00:00,,,Situs Karangkamulyan,https://id.wikipedia.org/wiki/Situs_Karangkamulyan,0.3213334785841447,SIMILARITY_MATCH,"Situs Karangkamulyan adalah situs arkeologi yang terletak di Desa Karangkamulyan, Cijeungjing, Ciamis, Jawa Barat. Situs ini merupakan peninggalan dari zaman Kerajaan Galuh. Lokasinya berada di jalan poros Ciamis-Banjar dengan luas 25,5 hektar. Situs ini bercorak Hindu-Sunda. Situs Karangkamulyan menerapkan pola kelipatan tiga dalam susunan bangunannya. Situs ini terletak di kawasan hutan lindung dan dikaitkan dengan pusat pemerintahan Kerajaan Galuh pada masa Prabu Permanadikusumah dan putranya, Ciung Wanara.",2026-10-09T04:40:15.157712+00:00
Situs Gua Sentono,Yogyakarta,Situs,ChIJPwICG_VQei4ROCrpKnj2CWM,Candi Sentono,"5FPC+RJ6, Blambangan, Karangan, Jogotirto, Berbah, Sleman Regency, Special Region of Yogyakarta 55573, Indonesia",4.2,222.0,https://maps.google.com/?cid=7136506080521693752&g_mp=CiVnb29nbGUubWFwcy5wbGFjZXMudjEuUGxhY2VzLkdldFBsYWNlEAIYBCAA,-7.812962499999999,110.4715156,SUCCESS,FIRST_RESULT,2026-09-29T02:32:41.946728+00:00,,,Situs Gua Sentono,https://id.wikipedia.org/wiki/Situs_Gua_Sentono,1.0,EXACT_MATCH,"Situs Gua Sentono (diduga merupakan tempat pertapaan Hindu, karena didinding gua terdapat gambar atau relief para dewa agama hindu) yang berada tidak jauh dari Candi Abang (kira-kira 100 m di bawah Candi Abang), yaitu di Kampung Dibang, Dusun Sentonorejo, Desa Jogotirto, Berbah, Sleman, Daerah Istimewa Yogyakarta. Gua ini dibangun pada sekitar abad ke-9 dan ke-10 pada zaman Kerajaan Mataram Kuno.
Gua Sentono terdiri dari 3 buah gua.

Gua I, mempunyai ukuran panjang 300 cm, lebar 127 cm, tinggi 146 cm. Di dalam gua ini terdapat Lingga dan Yoni yang dipahatkan menyatu dengan lantai gua. Pada dinding-dingnya terdapat relief arca. Relief-relief tersebut telah rusak terutama pada bagian wajah dan tangan.
Gua II, mempunyai ukuran panjang 60 cm, lebar 120 cm, tinggi 126 cm. Di dinding gua terdapat relief yang menggambarkan 3 arca.
Gua III, mempunyai ukuran panjang 180 cm, lebar 159 cm, tinggi 155 cm. Di dinding gua terdapat relief yang belum selesai, kemungkinan menggambarkan seekor kura-kura. Di tengah gua terdapat lubang yang kemungkinan berfungsi untuk menepatkan objek pemujaan.",2026-10-09T04:40:15.420763+00:00
Situs Trowulan,Jawa Timur,Situs,ChIJCVmTkOFseC4RcPaN-aIEQrM,Museum Majapahit Trowulan,"Jl. Pendopo Agung, Ngelinguk, Trowulan, Kec. Trowulan, Kabupaten Mojokerto, Jawa Timur 61362, Indonesia",4.5,3881.0,https://maps.google.com/?cid=12916891779270047344&g_mp=CiVnb29nbGUubWFwcy5wbGFjZXMudjEuUGxhY2VzLkdldFBsYWNlEAIYBCAA,-7.559931100000001,112.380624,SUCCESS,FIRST_RESULT,2026-09-29T02:32:42.290181+00:00,,,Situs Trowulan,https://id.wikipedia.org/wiki/Situs_Trowulan,1.0,EXACT_MATCH,"Trowulan adalah situs arkeologi di Kecamatan Trowulan, Kabupaten Mojokerto, Jawa Timur, Indonesia. Situs ini mencakup area sekitar 100 kilometer persegi dan diyakini sebagai lokasi ibu kota Kerajaan Majapahit yang terkenal, yang dijelaskan oleh Mpu Prapanca dalam puisi Nagarakretagama abad ke-14 dan dalam sumber Tiongkok abad ke-15. Ketika menjadi ibu kota Kerajaan Majapahit, kota ini dikenal sebagai Majapahit atau Wilwatikta, yang menjadi asal nama kerajaan tersebut. Kota ini dihancurkan selama invasi Girindrawardhana untuk mengalahkan Kertabhumi pada tahun 1478. Setelah peristiwa tersebut, ibu kota Majapahit dipindahkan ke Daha (Kediri). Museum Trowulan menyimpan koleksi artefak.
Nagarakretagama berisi deskripsi puitis tentang istana Majapahit dan sekitarnya, tetapi terbatas pada sektor kerajaan dan keagamaan. Beberapa detailnya samar-samar, sehingga para ahli yang mencoba menyusun rencana ibu kota sampai pada kesimpulan yang berbeda-beda.
Penelitian sebelumnya di Trowulan berfokus pada peninggalan-peninggalan monumental: candi, makam, dan pemandian. Survei dan ekskavasi arkeologis baru-baru ini menemukan sisa-sisa aktivitas industri, komersial, dan keagamaan, permukiman, sistem penyediaan air, dan kanal air, yang semuanya merupakan bukti kepadatan penduduk selama abad ke-14 hingga ke-15. Pada bulan Oktober 2009, Kementerian Kebudayaan dan Pariwisata Indonesia mendaftarkan Trowulan ke dalam Daftar Situs Warisan Dunia UNESCO.
Saat ini, situs berada di bawah pengelolaan Museum dan Cagar Budaya, Kementerian Kebudayaan Republik Indonesia.",2026-10-09T04:40:15.683212+00:00
Situs Kerajaan Kuala Batee,"Kabupaten Aceh Barat Daya, Aceh",Situs,ChIJw2id1mtgOTAR0R-iVha8lZM,Situs Madat Kuala Batu,"PQV9+243, Lama Tuha, Kuala Batee, Southwest Aceh Regency, Aceh 23765, Indonesia",4.2,6.0,https://maps.google.com/?cid=10634612899234062289&g_mp=CiVnb29nbGUubWFwcy5wbGFjZXMudjEuUGxhY2VzLkdldFBsYWNlEAIYBCAA,3.742063,96.7486186,SUCCESS,FIRST_RESULT,2026-09-29T02:32:42.619747+00:00,,,Kerajaan Kuala Batee,https://id.wikipedia.org/wiki/Kerajaan_Kuala_Batee,0.8134690144218112,SIMILARITY_MATCH,"Kerajaan Kuala Batee merupakan bagian dari salah satu kehulubalangan Kesultanan Aceh di daerah yang sekarang disebut Aceh Barat Daya.
Bangunan benteng Kuala Batee dan Pelabuhan Kuala Batu yang sempat diserang Amerika Serikat akibat politik dagang pada tahun 1832 dibangun ketika Kerajaan tersebut dipimpin atau di bawah pemerintahan Raja Cut Ampon Tuan pada tahun 1785. Dalam masa ini pula, Kuala Batee meraih kejayaannya hingga berhasil mencetak mata uang sendiri sebagai alat tukar yang sah.
Raja Cut mempunyai permaisuri Puteri Anjung Bulan yang menikah pada abad 16 yang merupakan anak dari Raja Kuala Batu, sehingga Raja Cut diangkat menjadi Raja Kuala Batu.
Lokasi kerajaan yang dikisahkan dalam cerita masyarakat Aceh Barat Daya berada di Kecamatan Kuala Batee berbatasan dengan Kecamatan Susoh, Kabupaten Aceh Barat Daya sekarang.
Kerajaan Kuala Batee sebenarnya pecahan dari Kerajaan Lama Muda yang merupakan lanjutan dari Kerajaan Lama Tuha, karena Kerajaan Lama Tuha Hancur diterjang banjir pada pertengahan abad 18 (1740 M). Kerajaan ini berakhir pada tahun 1832 disebabkan sebuah serangan oleh sebuah ekspedisi militer Amerika Serikat.",2026-10-09T04:40:15.944840+00:00
Situs Salakanagara,"Kabupaten Pandeglang, Banten",Situs,ChIJLZYgfFglQi4RDv-qwI62mKs,Salaka Nagara Cihunjuran,"Situs Benda Cagar Budya., MXPC+C4Q, Jalan Raya Mandalawangi, Pandat, Mandalawangi, Cikoneng, Kec. Mandalawangi, Kabupaten Pandeglang, Banten 42261, Indonesia",4.5,1343.0,https://maps.google.com/?cid=12364833501179739918&g_mp=CiVnb29nbGUubWFwcy5wbGFjZXMudjEuUGxhY2VzLkdldFBsYWNlEAIYBCAA,-6.3139249,105.9703586,SUCCESS,FIRST_RESULT,2026-09-29T02:32:42.928007+00:00,,,Universitas Salakanagara,https://id.wikipedia.org/wiki/Universitas_Salakanagara,0.5759135987791252,SIMILARITY_MATCH,"Universitas Salakanagara, atau disingkat UNSAKA, adalah sebuah Perguruan Tinggi Swasta  yang terletak di Kec Tangerang, Kota Tangerang, Provinsi Banten. Universitas ini berada di bawah naungan Yayasan Karya Bunda Husada.
Universitas Salakanagara (UNSAKA) merupakan hasil penggabungan Akademi Kebidanan Karya Bunda Husada (berdiri 2004) dengan Akademi Keperawatan Abdi Florensia (berdiri 2011). UNSAKA mendapatkan izin operasional dari Kemendikbud Ristek melalui SK Nomor: 229/E/O/2024.
Universitas Salakanagara memiliki 3 (tiga) Fakultas, yakni Fakultas Hukum dan Bisnis, Fakultas Sains dan Teknologi, Serta Fakultas Kesehatan, dengan menyelenggarakan 6 (enam) program studi yaitu 

Program Studi Strata 1 (S1) Ilmu Hukum
Program Studi Strata 1 (S1) Ilmu Manajemen
Program Studi Strata 1 (S1) Ilmu Informatika
Program Studi Strata 1 (S1) Ilmu Sistem Informasi
Program Studi Strata 1 (S1) Ilmu Gizi
Program Studi Diploma III (D3) Ilmu Keperawatan
Program Studi Diploma III (D3) Ilmu Kebidanan
Universitas Salakanagara menerapkan Sistem Perkuliahan dengan menggunakan sistem online, offline, dan hybride.
Lihat pula Kategori: [[:Kategori:Daftar perguruan tinggi swasta di Banten|Daftar perguruan tinggi swasta di Banten]]",2026-10-09T04:40:16.214090+00:00
Situs Manusia Purba Semedo,"Kabupaten Tegal, Jawa Tengah",Situs,ChIJ25BTsVjBby4RNio79AVz6Mw,Museum Semedo,"Semedo, Kec. Kedungbanteng, Kabupaten Tegal, Jawa Tengah 52472, Indonesia",4.5,1613.0,https://maps.google.com/?cid=14765177847743719990&g_mp=CiVnb29nbGUubWFwcy5wbGFjZXMudjEuUGxhY2VzLkdldFBsYWNlEAIYBCAA,-6.9577413,109.2860418,SUCCESS,FIRST_RESULT,2026-09-29T02:32:43.278658+00:00,,,Situs Purba Kala Semedo,https://id.wikipedia.org/wiki/Situs_Purba_Kala_Semedo,0.6987232971481304,SIMILARITY_MATCH,"Museum Semedo (bahasa Jawa: Semédho) adalah sebuah museum yang terletak di Desa Semedo, Kecamatan Kedungbanteng, Kabupaten Tegal, Jawa Tengah. Museum ini didirikan di kawasan Situs Purbakala Semedo, tempat ditemukannya berbagai fosil manusia purba, hewan, dan artefak lainnya yang penting bagi kajian prasejarah Indonesia. Saat ini, Museum Semedo berada dalam naungan Museum dan Cagar Budaya, Kementerian Kebudayaan Republik Indonesia.",2026-10-09T04:40:16.469416+00:00
Situs Kota Sejarah Lasem,"Kabupaten Rembang, Jawa Tengah",Situs,ChIJax3gcTwidy4RTC2Ls66Tjvo,Tiongkok Kecil Heritage Lasem,"Jl. Karangturi No.4/7, Mahbong, Karangturi, Kec. Lasem, Kabupaten Rembang, Jawa Tengah 59271, Indonesia",4.6,2131.0,https://maps.google.com/?cid=18054530334720732492&g_mp=CiVnb29nbGUubWFwcy5wbGFjZXMudjEuUGxhY2VzLkdldFBsYWNlEAIYBCAA,-6.700177099999999,111.4469115,SUCCESS,FIRST_RESULT,2026-09-29T02:32:43.617186+00:00,,,Oemah Batik Lasem,https://id.wikipedia.org/wiki/Oemah_Batik_Lasem,0.19228349171890025,SIMILARITY_MATCH,"Oemah Batik Lasem (juga dikenal sebagai Oemah Batik Tiga Negeri atau Rumah Merah Heritage Lasem, Museum Batik Tiga Negeri Lasem) adalah sebuah showroom, museum, dan ruang budaya batik tradisional yang terletak di Lasem, Kabupaten Rembang, Jawa Tengah, Indonesia. Tempat ini menjadi salah satu pusat penting dalam pelestarian dan promosi batik Lasem, khususnya Batik Tiga Negeri, serta menjadi ruang interaksi antara pengunjung dan warisan budaya batik pesisir Jawa.",2026-10-09T04:40:16.734880+00:00
Situs Pertapaan Pamulang,"Kabupaten Rembang, Jawa Tengah",Situs,ChIJ4Wvs7dshdy4RXjg8UXm8zBw,"Pasujudan Sunan Bonang, Makam Putri Champa","8FQ9+V3R Ex.Kadipaten, Bumi Jl. Binangun, Kebun, Bonang, Kec. Lasem, Kabupaten Rembang, Jawa Tengah 59271, Indonesia",4.6,1615.0,https://maps.google.com/?cid=2075240757550921822&g_mp=CiVnb29nbGUubWFwcy5wbGFjZXMudjEuUGxhY2VzLkdldFBsYWNlEAIYBCAA,-6.6602524,111.467635,SUCCESS,FIRST_RESULT,2026-09-29T02:32:43.933060+00:00,,,Putri Cempo,https://id.wikipedia.org/wiki/Putri_Cempo,0.21180378518268445,SIMILARITY_MATCH,"Ratna Suwari Cempo (atau lebih dikenal dengan nama Putri Cempo atau Putri Campa) merupakan tokoh yang dipercaya masyarakat Gresik sebagai putri yang berasal dari Negeri Campa (Vietnam) yang oleh sebagian orang menganggap sang Putri sebagai istri dari Sunan Giri. Karena kagum serta terpesona akan watak dan keluhuran budi pekerti Sunan Giri, maka Putri Cempo menikah dengan Sunan Giri. Akan tetapi bagi sebagian masyarakat memiliki cerita yang berbeda, yaitu Putri Cempo hanya menaruh hati kepada Sunan Giri tetapi Sunan Giri sendiri tidak menanggapi beliau. Putri Cempo merupakan seorang saudagar yang berasal dari Campa atau Vietnam. Putri Cempo mengikuti jejak perjuangan Sunan Giri dalam memperjuangkan Islam di pulau Jawa khususnya Gresik. Putri Campa yang disebut Putri Cempo oleh masyarakat Gresik.
Dalam sebuah jurnal disebutkan bahwa Putri Cempo memiliki nama lain yaitu Dewi retno Suwari. Namun tidak dapat dipastikan secara pasti karena tidak terdapat catatan sejarah yang tertulis mengenai Putri Cempo secara rinci. Bahkan tidak ada jurnal maupun website yang menceritakan kisah Putri Cempo secara jelas dan lengkap, informasi yang disajikan hanya sebatas info umum saja. Dan terdapat dua tokoh atau lebih yang memiliki nama yang sama di dua tempat berbeda, tetapi tidak diketahui apakah Putri Cempo yang sama dengan di Gresik ataukah berbeda.
Putri Cempo dimakamkan secara Islam di perbukitan yang ditumbuhi pohon-pohon rindang. Makam Putri Cempo terletak di Gunungsari kelurahan Sidomoro, Kecamatan Kebomas-Gresik, sekitar kurang lebih 2 km ke arah timur dari kompleks makam Sunan Giri. Sampai saat ini makam Putri Cempo masih dirawat oleh Pemerintah Daerah karena termasuk dalam situs sejarah. Selain makam Putri Cempo, juga terdapat tinggalan arkeologis lain di lokasi yang sama.",2026-10-09T04:40:17.000249+00:00
Situs Tulang Belulang Manusia Austronesia Dan Peninggalan Kebudayaannya,"Kabupaten Rembang, Jawa Tengah",Situs,ChIJ9buIyAMddy4RYvJttVexIuc,Gedung Artefak Plawangan,"Plawangan, Kec. Kragan, Kabupaten Rembang, Jawa Tengah 59273, Indonesia",5.0,5.0,https://maps.google.com/?cid=16655069362233668194&g_mp=CiVnb29nbGUubWFwcy5wbGFjZXMudjEuUGxhY2VzLkdldFBsYWNlEAIYBCAA,-6.6744135,111.5920212,SUCCESS,FIRST_RESULT,2026-09-29T02:32:44.249294+00:00,,,Kementerian Koordinator Bidang Pembangunan Manusia dan Kebudayaan Republik Indonesia,https://id.wikipedia.org/wiki/Kementerian_Koordinator_Bidang_Pembangunan_Manusia_dan_Kebudayaan_Republik_Indonesia,0.3954660335136027,SIMILARITY_MATCH,"Kementerian Koordinator Pembangunan Manusia dan Kebudayaan Republik Indonesia, disingkat Kemenko PMK RI, (sebelumnya Kementerian Koordinator Kesejahteraan Rakyat atau disingkat Kemenko Kesra) adalah kementerian dalam Pemerintah Indonesia yang membidangi koordinasi, sinkronisasi, dan pengendalian urusan Kementerian dalam penyelenggaraan pemerintahan di bidang pembangunan manusia dan kebudayaan. Kementerian Koordinator Bidang Pembangunan Manusia dan Kebudayaan berada di bawah dan bertanggung jawab kepada Presiden. Kemenko PMK dipimpin oleh seorang Menteri Koordinator Pembangunan Manusia dan Kebudayaan Indonesia (Menko PMK) yang sejak tanggal 1 Oktober 2026 dijabat oleh Sugiono.",2026-10-09T04:40:17.270665+00:00
Situs Tulang Belulang Manusia Austronesia,"Kabupaten Rembang, Jawa Tengah",Situs,ChIJ9buIyAMddy4RYvJttVexIuc,Gedung Artefak Plawangan,"Plawangan, Kec. Kragan, Kabupaten Rembang, Jawa Tengah 59273, Indonesia",5.0,5.0,https://maps.google.com/?cid=16655069362233668194&g_mp=CiVnb29nbGUubWFwcy5wbGFjZXMudjEuUGxhY2VzLkdldFBsYWNlEAIYBCAA,-6.6744135,111.5920212,SUCCESS,FIRST_RESULT,2026-09-29T02:32:44.514271+00:00,,,Sejarah manusia,https://id.wikipedia.org/wiki/Sejarah_manusia,0.32866199120810463,SIMILARITY_MATCH,"Sejarah manusia atau sejarah dunia adalah sejarah umat manusia di seluruh dunia―semua daerah di Bumi―dirunut dari era Paleolitikum (zaman batu tua). Berbeda dengan sejarah Bumi (yang mencakup sejarah geologis Bumi dan era sebelum keberadaan manusia), sejarah dunia terdiri dari kajian rekam arkeologi dan catatan tertulis, dari zaman kuno hingga saat ini. Pencatatan sejarah dimulai sejak aksara dan sistem tulisan diciptakan, tetapi asal mula peradaban bertolak dari periode sebelum penciptaan tulisan, atau zaman prasejarah. 
Prasejarah dimulai dari Paleolitikum (zaman batu tua), diikuti dengan Neolitikum (zaman batu muda) dan Revolusi Pertanian (antara 8000–5000 SM) di kawasan Hilal Subur. Revolusi tersebut merupakan titik perubahan besar dalam sejarah umat manusia karena sejak masa itu mereka telah mampu membudidayakan tumbuhan dan hewan. Seiring dengan perkembangan pertanian, gaya hidup nomad berubah menjadi gaya hidup menetap sebagai petani. Kemajuan pertanian mengakibatkan pembagian strata pekerja dalam usaha panen. Strata pekerja menyebabkan munculnya strata masyarakat dan perkembangan kota-kota. Banyak kota kuno berkembang di tepi-tepi kumpulan air (danau dan sungai) yang dapat menyokong kehidupan. Pada masa 3000 tahun sebelum Masehi, telah muncul peradaban di lembah Mesopotamia (dataran di antara sungai Tigris dan Efrat) di Timur Tengah, di tepi Sungai Nil, Mesir, dan di lembah Sungai Indus. Selain itu, peradaban juga muncul di lembah Sungai Kuning. Di tempat-tempat perkembangan peradaban kuno, pertumbuhan masyarakat yang semakin kompleks menyebabkan penciptaan aksara untuk mempermudah usaha administrasi dan niaga.
Sejarah Dunia Lama (khususnya Eropa dan Mediterania) umumnya terbagi menjadi Abad Kuno, yang terhitung dari zaman sebelum 476 Masehi; Abad Pertengahan, dari abad ke-5 hingga abad ke-15, meliputi Zaman Kejayaan Islam (sekitar 750 M hingga sekitar 1258 M) dan Zaman Renaisans Eropa Awal (bermula sekitar 1300 M); Abad Modern Awal, dari abad ke-15 sampai akhir abad ke-18, mencakup Abad Pencerahan; dan Abad Modern Akhir, dari masa Revolusi Industri hingga sekarang, termasuk sejarah kontemporer. Dalam sejarah Eropa Barat, ""Kejatuhan Roma"" tahun 476 M umumnya dipandang sebagai penanda akhir Zaman Kuno dan permulaan Abad Pertengahan. Sebaliknya, di Eropa Timur terjadi transisi dari Kekaisaran Romawi menjadi Kekaisaran Bizantium, yang tidak runtuh sampai berabad-abad kemudian. Pada pertengahan abad ke-15, teknik cetak modern yang ditemukan Johannes Gutenberg merevolusi metode komunikasi, dan berperan dalam mengakhiri Abad Pertengahan serta menjadi perintis dalam Revolusi Ilmiah. Pada abad ke-18, akumulasi pengetahuan dan teknologi—khususnya di Eropa—telah mencapai massa genting yang menuju kepada Revolusi Industri.
Di tempat lain, meliputi Timur Dekat Kuno, Tiongkok Kuno, dan India Kuno, terjadi rentang sejarah berbeda-beda. Pada abad ke-18, karena perdagangan internasional dan kolonisasi yang ekstensif, sejarah berbagai peradaban menjadi terjalin secara signifikan (lihat: globalisasi). Dalam waktu sekitar seperempat milenium, angka pertumbuhan jumlah penduduk, pengetahuan, teknologi, perekonomian, tingkat kerugian senjata, dan kerusakan lingkungan meningkat drastis, mendatangkan risiko bagi kelayakhunian Bumi.",2026-10-09T04:40:17.534266+00:00
Situs Cungkuk,"Kabupaten Sukabumi, Jawa Barat",Situs,ChIJl0wHYQBJaC4Ro97Ek-RYYMQ,Situs Tugu Gede (Cengkuk),"4WCW+8XV, Karawang, Sukabumi, Sukabumi Regency, West Java 43151, Indonesia",3.5,2.0,https://maps.google.com/?cid=14150407767953039011&g_mp=CiVnb29nbGUubWFwcy5wbGFjZXMudjEuUGxhY2VzLkdldFBsYWNlEAIYBCAA,-6.8961071,106.5093023,SUCCESS,FIRST_RESULT,2026-09-29T02:32:44.855706+00:00,,,Situs Tugu Gede,https://id.wikipedia.org/wiki/Situs_Tugu_Gede,0.6878133162461769,SIMILARITY_MATCH,"Situs Tugu Gede merupakan situs megalitikum peninggalan zaman prasejarah didirikan sekitar 3000 tahun SM yang terletak di Kampung Cengkuk, Desa Margalaksana, Kec. Cikakak, Kabupaten Sukabumi, Jawa Barat. Luas Situs Tugu Gede mencapai 2 Ha. Dahulu tempat ini berfungsi sebagai tempat beraktivitas masyarakat pada zaman prasejarah. Hal ini dibuktikan dengan adanya peninggalan berupa tembikar (cawan, periuk, tempayan, dupa, kendi, dan cobek), keramik (guci, botol, mangkuk, piring, vas, dan cepuk), alat batu (batu giling, batu lumping, pipisan, mata tombak, dan alat serut), dan benda logam (bandul, genta, dan kaki wadah). Selain itu, di Situs Tugu Gede juga terdapat monumen batu yang terdiri dari dolmen, batu altar, batu jambangan, batu umpak, dan tahta batu. Batu-batu ini terletak di atas kolam, dan keadaannya sudah tidak utuh lagi.
Para arkeolog membagi letak kompleks Tugu Gede menjadi kompleks megalitikum utara dan kompleks megalitikum selatan. Di kompleks megalitikum utara terdiri dari bangunan menhir besar yang tingginya mencapai 380 cm, lebarnya mencapai 110 cm, dan tebalnya mencapai 70 cm. Di kompleks megalitikum selatan terdiri dari tumpukan batu yang tidak beraturan yang dinamakan Gudang Batu. Selain itu di kompleks ini ditemukan beberapa Batu Jolang dan Batu Jambangan.",2026-10-09T04:40:17.794724+00:00
Situs Gunung Ageung,"Kabupaten Majalengka, Jawa Barat",Situs,ChIJm59iVAA3by4R1um_dhdILDw,Situs Gunung Ageung,"X52J+385, Cipasung, Lemahsugih, Majalengka Regency, West Java 45465, Indonesia",1.0,1.0,https://maps.google.com/?cid=4335919806864681430&g_mp=CiVnb29nbGUubWFwcy5wbGFjZXMudjEuUGxhY2VzLkdldFBsYWNlEAIYBCAA,-7.0498553,108.1808525,SUCCESS,FIRST_RESULT,2026-09-29T02:32:45.184393+00:00,,,Kerajaan Sunda,https://id.wikipedia.org/wiki/Kerajaan_Sunda,0.06313874294239158,SIMILARITY_MATCH,"Kerajaan Sunda (bahasa Sunda: ᮊ (ka)ᮛ (ra)ᮏ (ja)ᮃ (a)ᮔ᮪ (n) ᮞᮥ (su)ᮔ᮪ (n)ᮓ (da), translit. Karajaan Sunda, pengucapan bahasa Sunda: [sunˈda]) adalah kerajaan bercorak Hindu yang pernah ada antara tahun 932 dan 1579 Masehi di bagian barat Pulau Jawa, sekarang bagian dari Provinsi Banten, DKI Jakarta, Jawa Barat, sebagian wilayah barat Provinsi Jawa Tengah, serta meliputi sebagian wilayah selatan Pulau Sumatra. Kerajaan ini merupakan penerus dari Kerajaan Tarumanagara yang bercorak Hindu dan Buddha, kemudian sekitar abad ke-14 diketahui kerajaan ini telah beribu kota di Kawali serta memiliki dua kawasan pelabuhan utama di Sunda Kalapa dan Banten.
Kerajaan Sunda runtuh setelah ibu kota kerajaan ditaklukan oleh Maulana Yusuf pada tahun 1579. Sementara sebelumnya kedua pelabuhan utama Kerajaan Sunda itu juga telah dikuasai oleh Kesultanan Demak pada tahun 1527, Kalapa ditaklukan oleh Fatahillah dan Banten ditaklukan oleh Maulana Hasanuddin.",2026-10-09T04:40:18.046084+00:00
Situs Sanghyang Lingga,"Kabupaten Majalengka, Jawa Barat",Situs,ChIJJRVdeAA7by4RFCtVeJAulAU,Situs Sanghyang Lingga / Makam Dalem Pananjung,"28J5+6PF, Banjaran, Majalengka Regency, West Java 45468, Indonesia",,,https://maps.google.com/?cid=401997464771832596&g_mp=CiVnb29nbGUubWFwcy5wbGFjZXMudjEuUGxhY2VzLkdldFBsYWNlEAIYBCAA,-6.9694362,108.3092979,SUCCESS,FIRST_RESULT,2026-09-29T02:32:45.504007+00:00,,,Situs Wadu Pa'a,https://id.wikipedia.org/wiki/Situs_Wadu_Pa%27a,0.24315109576071364,SIMILARITY_MATCH,"Situs Wadu Pa'a atau Batu Pahat merupakan salah satu situs candi tebing yang berada di Kota Bima, Nusa Tenggara Barat. Situs Wadu Pa'a merupakan salah satu situs yang menjadi penanda keberadaan ajaran Hindu serta Buddha di Bima. Situs Wadu Pa'a memiliki berbagai arca, prasasti, serta relief yang menjadi bukti penyebaran ajaran Buddha sekaligus Hindu di Pulau Sumbawa.",2026-10-09T04:40:18.312259+00:00
Situs Sanghiang Sagarahiang,"Kabupaten Kuningan, Jawa Barat",Situs,ChIJP7Pe8Xs9by4RHUgvoOtTaMU,Pelestarian Situs Sanghyang,"Jl. Binuang No.511, Sagarahiang, Kec. Darma, Kabupaten Kuningan, Jawa Barat 45562, Indonesia",4.3,13.0,https://maps.google.com/?cid=14224711694519584797&g_mp=CiVnb29nbGUubWFwcy5wbGFjZXMudjEuUGxhY2VzLkdldFBsYWNlEAIYBCAA,-6.9632459,108.4160738,SUCCESS,FIRST_RESULT,2026-09-27T17:36:40.813555+00:00,,,"Sagarahiang, Darma, Kuningan","https://id.wikipedia.org/wiki/Sagarahiang,_Darma,_Kuningan",0.47611212605086,SIMILARITY_MATCH,"Sagarahiang adalah desa di kecamatan Darma, Kuningan, Jawa Barat, Indonesia. Desa ini berjarak sekitar 2 Km ke arah utara dari pusat kecamatan Darma atau 10 Km dari ibu kota Kabupaten Kuningan. Mayoritas penduduknya bermata pencaharian sebagai petani. Wilayahnya terketak di lereng tenggara Gunung Gegerhalang di kaki Gunung Ciremai sehingga desa ini masuk dalam kategori wilayah agrowisata.",2026-10-09T04:40:18.570930+00:00
Situs Megalitikum Gunung Kasur,"Kabupaten Cianjur, Jawa Barat",Situs,ChIJtVWqKLOzaS4RN61ljyO-z9k,Site Gn. Mattress,"Unnamed Road, 73C3+574, Gadog, Kec. Pacet, Kabupaten Cianjur, Jawa Barat 43253, Indonesia",4.3,262.0,https://maps.google.com/?cid=15694972286348406071&g_mp=CiVnb29nbGUubWFwcy5wbGFjZXMudjEuUGxhY2VzLkdldFBsYWNlEAIYBCAA,-6.7296222,107.0532157,SUCCESS,FIRST_RESULT,2026-09-29T02:32:45.848254+00:00,,,Megalit Bukit Kasur,https://id.wikipedia.org/wiki/Megalit_Bukit_Kasur,0.3715175912964811,SIMILARITY_MATCH,"Megalit Bukit Kasur adalah situs megalitik yang terletak di Kampung Sukamaju, Desa Gadog, Kecamatan Pacet, Kabupaten Cianjur, Jawa Barat, Indonesia. Situs ini berada di puncak sebuah bukit pada ketinggian sekitar 1.060 meter di atas permukaan laut dan merupakan salah satu peninggalan tradisi megalitik penting di Kabupaten Cianjur. Situs ini dikenal pula dengan nama Gunung Kasur, mengacu pada batu datar utama yang bentuknya menyerupai sebuah kasur.
Penelitian arkeologi yang dilakukan oleh Pusat Penelitian Arkeologi Nasional pada 1985 mengidentifikasi sejumlah tinggalan megalitik di Bukit Kasur, di antaranya batu datar (dolmen), susunan batu berundak, kursi batu, batu bergores, serta beberapa monolit. Batu datar utama diduga berfungsi sebagai tempat pemujaan yang berkaitan dengan tradisi penghormatan kepada leluhur. Orientasi situs yang menghadap ke arah pegunungan, seperti Gunung Gede dan Gunung Pangrango, memperkuat dugaan adanya hubungan antara aktivitas ritual dengan pemujaan terhadap gunung sebagai tempat bersemayam arwah nenek moyang.",2026-10-09T04:40:18.835072+00:00
Situs Megalitikum Gunung Padang,"Kabupaten Cianjur, Jawa Barat",Situs,ChIJf5vjffhEaC4RNAjRgYetPfM,Gunung Padang,"Jl. Bantar Panjang, Karyamukti, Kec. Campaka, Kabupaten Cianjur, Jawa Barat 43263, Indonesia",4.6,4904.0,https://maps.google.com/?cid=17527356122305988660&g_mp=CiVnb29nbGUubWFwcy5wbGFjZXMudjEuUGxhY2VzLkdldFBsYWNlEAIYBCAA,-6.99165,107.0559895,SUCCESS,FIRST_RESULT,2026-09-29T02:32:46.221776+00:00,,,Gunung Padang,https://id.wikipedia.org/wiki/Gunung_Padang,1.0,EXACT_MATCH,"Gunung Padang atau Bukit Sitti Nurbaya adalah bukit kecil dengan ketinggian puncak sekitar 80 mdpl yang terletak di muara Batang Arau dan termasuk dalam wilayah Kecamatan Padang Selatan, Kota Padang, Sumatera Barat. Masyarakat Kota Padang menamainya Gunung Padang karena bukit ini bisa dikatakan tempat tertinggi di sekitar pusat Kota Padang. 
Di Gunung Padang  terdapat Taman Siti Nurbaya dan peninggalan sejarah pendudukan Jepang.",2026-10-09T04:40:19.099720+00:00
Situs Gunung Padang,"Kabupaten Bandung, Jawa Barat",Situs,ChIJf5vjffhEaC4RNAjRgYetPfM,Gunung Padang,"Jl. Bantar Panjang, Karyamukti, Kec. Campaka, Kabupaten Cianjur, Jawa Barat 43263, Indonesia",4.6,4904.0,https://maps.google.com/?cid=17527356122305988660&g_mp=CiVnb29nbGUubWFwcy5wbGFjZXMudjEuUGxhY2VzLkdldFBsYWNlEAIYBCAA,-6.99165,107.0559895,SUCCESS,FIRST_RESULT,2026-09-29T02:32:46.564780+00:00,,,Situs Gunung Padang,https://id.wikipedia.org/wiki/Situs_Gunung_Padang,1.0000000000000002,EXACT_MATCH,"Gunung Padang adalah situs arkeologi yang terletak di Karyamukti, Jawa Barat, Indonesia, 50 kilometer (31 mi) barat daya Cianjur. Terletak pada ketinggian 885 meter (2.904 ft) di atas permukaan laut, situs ini meliputi sebuah bukit—sebuah gunung berapi yang sudah tidak aktif—dalam serangkaian lima teras yang dibatasi oleh dinding penahan batu yang dapat diakses melalui 370 anak tangga andesit yang berurutan dengan ketinggian sekitar 95 meter (312 ft). Situs ini ditutupi oleh kolom-kolom batu heksagonal besar yang berasal dari gunung berapi. Masyarakat Sunda menganggap situs ini suci dan percaya bahwa situs ini merupakan hasil upaya Prabu Siliwangi untuk membangun istana dalam satu malam.
Kompleks utama situs ini memiliki luas sekitar 900 m², terletak pada ketinggian 885 meter dpl, dengan areal situs sekitar 3 ha, menjadikannya sebagai kompleks punden berundak terbesar di Asia Tenggara.",2026-10-09T04:40:19.361303+00:00
Situs Makam Bosscha,"Kabupaten Bandung, Jawa Barat",Situs,ChIJqb3VetqWaC4RDjJDgYMIfxU,Bosscha Tomb,"Banjarsari, QHQQ+54H, Pangalengan, Banjarsari, Bandung, Kabupaten Bandung, Jawa Barat 40378, Indonesia",4.5,129.0,https://maps.google.com/?cid=1548966157741142542&g_mp=CiVnb29nbGUubWFwcy5wbGFjZXMudjEuUGxhY2VzLkdldFBsYWNlEAIYBCAA,-7.2120726999999984,107.5878738,SUCCESS,FIRST_RESULT,2026-09-29T02:32:46.899327+00:00,,,Cagar budaya Indonesia,https://id.wikipedia.org/wiki/Cagar_budaya_Indonesia,0.035555371153502754,SIMILARITY_MATCH,"Menurut UU nomor 11 tahun 2010, cagar budaya adalah warisan budaya bersifat kebendaan berupa Benda Cagar Budaya, Bangunan Cagar Budaya, Struktur Cagar Budaya, Situs Cagar Budaya, dan Kawasan Cagar Budaya di darat dan atau di air yang perlu dilestarikan keberadaannya karena memiliki nilai penting bagi sejarah, ilmu pengetahuan, pendidikan, agama, dan atau kebudayaan melalui proses penetapan. Dalam KBBI, definisi cagar budaya hanya mencakup 'daerah yang kelestarian hidup masyarakat dan peri kehidupannya dilindungi oleh undang-undang dari bahaya kepunahan'.",2026-10-09T04:40:19.627881+00:00
Situs Bumi Alit Kabuyutan,"Kabupaten Bandung, Jawa Barat",Situs,ChIJsWLQ7qPraC4RtYmurronJ_g,situs bumi alit kabuyutan,"Kamp lebakwangi no 99, XJ44+7MH, RT.03/RW.02, Kp kabuyutan, Lebakwangi, Kec. Arjasari, Kabupaten Bandung, Jawa Barat 40379, Indonesia",4.3,351.0,https://maps.google.com/?cid=17881304528245918133&g_mp=CiVnb29nbGUubWFwcy5wbGFjZXMudjEuUGxhY2VzLkdldFBsYWNlEAIYBCAA,-7.0463359,107.602627,SUCCESS,FIRST_RESULT,2026-09-29T02:32:47.234015+00:00,,,Silsilah Penguasa Kerajaan Panjalu Ciamis,https://id.wikipedia.org/wiki/Silsilah_Penguasa_Kerajaan_Panjalu_Ciamis,0.07667804040249453,SIMILARITY_MATCH,Panjalu adalah sebuah kerajaan bercorak Hindu-Buddha yang terletak di ketinggian 731 m dpl dan berada kaki Gunung Sawal Jawa Barat. Berikut ini adalah silsilah penguasa Kerajaan Panjalu Ciamis,2026-10-09T04:40:19.897522+00:00
Situs Rumah Hitam,"Kabupaten Bandung, Jawa Barat",Situs,ChIJibwApC-XaC4RwFr_uYbs0tk,Rumah Hitam Malabar,"Unnamed Road, QHFM+CMV, Banjarsari, Pangalengan, Bandung Regency, West Java 40378, Indonesia",4.3,62.0,https://maps.google.com/?cid=15695867714729892544&g_mp=CiVnb29nbGUubWFwcy5wbGFjZXMudjEuUGxhY2VzLkdldFBsYWNlEAIYBCAA,-7.2263945,107.584167,SUCCESS,FIRST_RESULT,2026-09-29T02:32:47.586839+00:00,,,Rumah Bosscha Malabar,https://id.wikipedia.org/wiki/Rumah_Bosscha_Malabar,0.5981777721986571,SIMILARITY_MATCH,"Rumah Bosscha Malabar merupakan rumah milik Karel Albert Rudolf Bosscha, salah seorang pendiri sekaligus pemilik Perkebunan Teh Malabar yang berlokasi di Kecamatan Pangalengan, Kabupaten Bandung, Jawa Barat",2026-10-09T04:40:20.158632+00:00
Situs Gosari,"Kabupaten Gresik, Jawa Timur",Situs,ChIJa50ZaMfmdy4RodxRHMgdttk,Wagos Wisata Alam Gosari,"Unnamed Road, Gosari, Kec. Ujungpangkah, Kabupaten Gresik, Jawa Timur 61154, Indonesia",4.4,1773.0,https://maps.google.com/?cid=15687759097297493153&g_mp=CiVnb29nbGUubWFwcy5wbGFjZXMudjEuUGxhY2VzLkdldFBsYWNlEAIYBCAA,-6.934531799999999,112.5070911,SUCCESS,FIRST_RESULT,2026-09-29T02:32:47.957210+00:00,,,Situs Wadu Pa'a,https://id.wikipedia.org/wiki/Situs_Wadu_Pa%27a,0.2772228130494779,SIMILARITY_MATCH,"Situs Wadu Pa'a atau Batu Pahat merupakan salah satu situs candi tebing yang berada di Kota Bima, Nusa Tenggara Barat. Situs Wadu Pa'a merupakan salah satu situs yang menjadi penanda keberadaan ajaran Hindu serta Buddha di Bima. Situs Wadu Pa'a memiliki berbagai arca, prasasti, serta relief yang menjadi bukti penyebaran ajaran Buddha sekaligus Hindu di Pulau Sumbawa.",2026-10-09T04:40:20.412033+00:00
Situs Desa Blebera,"Kabupaten Gunungkidul, Yogyakarta",Situs,ChIJwzHBr6ayey4R0Qyogc-xGa8,Taman Purbakala & Cagar Budaya Desa Bleberan,"2GJG+XP4, Bleberan, Kec. Playen, Kabupaten Gunungkidul, Daerah Istimewa Yogyakarta 55861, Indonesia",4.2,25.0,https://maps.google.com/?cid=12617311335846776017&g_mp=CiVnb29nbGUubWFwcy5wbGFjZXMudjEuUGxhY2VzLkdldFBsYWNlEAIYBCAA,-7.967601600000001,110.5268383,SUCCESS,FIRST_RESULT,2026-09-29T02:32:48.328395+00:00,,,,,,NO_CANDIDATE,,
