nama_wisata,alamat,kategori,google_place_id,google_name,google_address,google_rating,google_rating_count,google_maps_url,latitude,longitude,status,selection_method,data_retrieved_at,match_status,match_reason
Ratu Boko Temple,Yogyakarta,Ancient Ruins,ChIJRf5U05Jaei4RW_l2RPFEPxU,Keraton Ratu Boko,"Jl. Ratu Boko No.2, Gatak, Bokoharjo, Kec. Prambanan, Kabupaten Sleman, Daerah Istimewa Yogyakarta 55572, Indonesia",4.7,16110.0,https://maps.google.com/?cid=1531018201355712859&g_mp=CiVnb29nbGUubWFwcy5wbGFjZXMudjEuUGxhY2VzLkdldFBsYWNlEAIYBCAA,-7.770568300000001,110.4861422,SUCCESS,FIRST_RESULT,2026-09-25T07:33:20.121821+00:00,,
Sewu Temple,Yogyakarta,Ancient Ruins,ChIJg1Q_sR5bei4RrPrSoBsmnf4,Sewu Temple,"Dukuh, Bener, Bugisan, Kec. Prambanan, Kabupaten Klaten, Jawa Tengah 57454, Indonesia",4.7,4575.0,https://maps.google.com/?cid=18346862357081422508&g_mp=CiVnb29nbGUubWFwcy5wbGFjZXMudjEuUGxhY2VzLkdldFBsYWNlEAIYBCAA,-7.743987499999999,110.4928594,SUCCESS,FIRST_RESULT,2026-09-25T07:33:20.890116+00:00,,
Ramayana Ballet At Prambanan,Sleman,Ballets,ChIJgRAaCeNaei4RQs-4Enbl00I,Ramayana Ballet Prambanan,"Klurak, Tamanmartani, Kec. Kalasan, Kabupaten Sleman, Daerah Istimewa Yogyakarta 55571, Indonesia",4.8,2836.0,https://maps.google.com/?cid=4815444721872195394&g_mp=CiVnb29nbGUubWFwcy5wbGFjZXMudjEuUGxhY2VzLkdldFBsYWNlEAIYBCAA,-7.7530267,110.4884829,SUCCESS,FIRST_RESULT,2026-09-25T07:33:21.688882+00:00,,
Malioboro Road,Yogyakarta,Flea & Street Markets,ChIJxQZh-iVYei4RMxHtpSHFpD4,Jalan Malioboro,"Jl. Malioboro, Sosromenduran, Gedong Tengen, Kota Yogyakarta, Daerah Istimewa Yogyakarta, Indonesia",4.8,9225.0,https://maps.google.com/?cid=4513949474840449331&g_mp=CiVnb29nbGUubWFwcy5wbGFjZXMudjEuUGxhY2VzLkdldFBsYWNlEAIYBCAA,-7.7937525,110.3657077,SUCCESS,FIRST_RESULT,2026-09-25T07:33:22.415200+00:00,,
Yogyakarta Palace,Yogyakarta,Historic Sites,ChIJ78cG25ZXei4RbCcrBc9xUjk,Keraton Ngayogyakarta Hadiningrat,"Jl. Rotowijayan No.1, Panembahan, Kecamatan Kraton, Kota Yogyakarta, Daerah Istimewa Yogyakarta 55131, Indonesia",4.7,39588.0,https://maps.google.com/?cid=4130488942211049324&g_mp=CiVnb29nbGUubWFwcy5wbGFjZXMudjEuUGxhY2VzLkdldFBsYWNlEAIYBCAA,-7.805369799999999,110.3643518,SUCCESS,FIRST_RESULT,2026-09-25T07:33:23.234039+00:00,,
Ullen Sentalu Museum,"Jl. Boyong Taman Wisata, 55581 Indonesia",History Museums,ChIJuQp5_QJeei4RcSZ5sDVg_qM,Museum Ullen Sentalu,"Jl. Boyong No.KM 25, Kaliurang, Hargobinangun, Kec. Pakem, Kabupaten Sleman, Daerah Istimewa Yogyakarta 55582, Indonesia",4.7,11856.0,https://maps.google.com/?cid=11816988255977023089&g_mp=CiVnb29nbGUubWFwcy5wbGFjZXMudjEuUGxhY2VzLkdldFBsYWNlEAIYBCAA,-7.598228,110.422825,SUCCESS,FIRST_RESULT,2026-09-25T07:33:24.025749+00:00,,
Sacred Monkey Forest Sanctuary,"Jl. Monkey Forest, Ubud 80571 Indonesia",Nature & Wildlife Areas,ChIJZ5sY9kM90i0RVsPvSxZD7LY,Sacred Monkey Forest Sanctuary,"Jl. Monkey Forest, Ubud, Kecamatan Ubud, Kabupaten Gianyar, Bali 80571, Indonesia",4.5,59793.0,https://maps.google.com/?cid=13180983972448944982&g_mp=CiVnb29nbGUubWFwcy5wbGFjZXMudjEuUGxhY2VzLkdldFBsYWNlEAIYBCAA,-8.5193727,115.2606299,SUCCESS,FIRST_RESULT,2026-09-25T07:33:24.789804+00:00,,
Tegalalang Rice Terrace,"Jalan Raya Ceking, Tegalalang 80517 Indonesia",Points Of Interest & Landmarks,ChIJ4wD5Iwsi0i0R7QRsOGmJGo0,Tegallalang Rice Terrace,"Jl. Raya Tegallalang, Tegallalang, Kec. Tegallalang, Kabupaten Gianyar, Bali 80561, Indonesia",4.4,54934.0,https://maps.google.com/?cid=10167590193753490669&g_mp=CiVnb29nbGUubWFwcy5wbGFjZXMudjEuUGxhY2VzLkdldFBsYWNlEAIYBCAA,-8.431711199999999,115.279303,SUCCESS,FIRST_RESULT,2026-09-25T07:33:25.547785+00:00,,
Water Castle (Tamansari),"Jl. Taman, 55133 Indonesia",Points Of Interest & Landmarks,ChIJya-Z3pNXei4R-ceM3J_doVA,Water Castle of Royal Jogjakarta,"59R5+2P2, Patehan, Kraton, Yogyakarta City, Special Region of Yogyakarta 55133, Indonesia",4.1,332.0,https://maps.google.com/?cid=5810168672954402809&g_mp=CiVnb29nbGUubWFwcy5wbGFjZXMudjEuUGxhY2VzLkdldFBsYWNlEAIYBCAA,-7.809991200000001,110.3592666,SUCCESS,FIRST_RESULT,2026-09-25T07:33:26.260266+00:00,,
Tanah Lot Temple,"Kecamatan Kediri, Kabupaten Tabanan, Beraban 82121 Indonesia",Religious Sites,ChIJBa0pr-M30i0R3m4JVAOkFvA,Tanah Lot Temple Square,"93MP+8QC, Jl. Tanah Lot, Beraban, Kec. Kediri, Kabupaten Tabanan, Bali 82121, Indonesia",4.7,1404.0,https://maps.google.com/?cid=17300195352792100574&g_mp=CiVnb29nbGUubWFwcy5wbGFjZXMudjEuUGxhY2VzLkdldFBsYWNlEAIYBCAA,-8.6166989,115.0868991,SUCCESS,FIRST_RESULT,2026-09-25T07:33:27.009598+00:00,,
Uluwatu Temple,"Jl. Raya Uluwatu Southern Part Of Bali, Pecatu 80361 Indonesia",Religious Sites,ChIJkYHLIPxP0i0RlQTbpxuNuQw,Uluwatu Temple,"Pecatu, South Kuta, Badung Regency, Bali, Indonesia",4.6,53113.0,https://maps.google.com/?cid=916919149066388629&g_mp=CiVnb29nbGUubWFwcy5wbGFjZXMudjEuUGxhY2VzLkdldFBsYWNlEAIYBCAA,-8.829143199999999,115.0849069,SUCCESS,FIRST_RESULT,2026-09-25T07:33:27.848410+00:00,,
Museum Malang Tempo Doeloe,"Jl. Gajahmada No. 2, Malang 65119 Indonesia",Speciality Museums,ChIJj9GoVTwo1i0R-bO-haadNBg,Jl. Gajahmada No.2,"Jl. Gajahmada No.2, Kiduldalem, Kec. Klojen, Kota Malang, Jawa Timur 65119, Indonesia",,,https://maps.google.com/?cid=1744192294233224185&g_mp=CiVnb29nbGUubWFwcy5wbGFjZXMudjEuUGxhY2VzLkdldFBsYWNlEAIYBCAA,-7.978899599999999,112.6348961,SUCCESS,FIRST_RESULT,2026-09-25T07:33:28.662641+00:00,,
Benteng Marlborough,Bengkulu,Benteng,ChIJB3DwedevNi4RTX5KxvRDATw,Fort Marlborough,"Jl. Benteng, Kebun Keling, Kec. Tlk. Segara, Kota Bengkulu, Bengkulu 38116, Indonesia",4.6,10358.0,https://maps.google.com/?cid=4323811835830238797&g_mp=CiVnb29nbGUubWFwcy5wbGFjZXMudjEuUGxhY2VzLkdldFBsYWNlEAIYBCAA,-3.787323,102.2516757,SUCCESS,FIRST_RESULT,2026-09-25T07:33:29.373546+00:00,,
Benteng Talagame,"Kota Ternate, Maluku Utara",Benteng,ChIJxa4k4oOxnDIRiAENh5akZG8,Benteng Portugis Tolukko,"R97Q+J55, Jl. Pemuda, Sangaji Utara, Kec. Kota Ternate Utara, Kota Ternate, Maluku Utara, Indonesia",4.5,1149.0,https://maps.google.com/?cid=8026721402298892680&g_mp=CiVnb29nbGUubWFwcy5wbGFjZXMudjEuUGxhY2VzLkdldFBsYWNlEAIYBCAA,0.8140206999999999,127.387989,SUCCESS,FIRST_RESULT,2026-09-25T07:33:30.096706+00:00,,
Benteng Willyam Star,"Kota Ternate, Maluku Utara",Benteng,ChIJz4yQa8S0nDIRmN_JAPna_E8,"Forte Português em Ternaté Moluca , Kastéla","Q866+CV4, Kastela, Pulau Ternate, Ternate City, North Maluku, Indonesia",4.2,318.0,https://maps.google.com/?cid=5763722386122334104&g_mp=CiVnb29nbGUubWFwcy5wbGFjZXMudjEuUGxhY2VzLkdldFBsYWNlEAIYBCAA,0.7610034999999999,127.3121905,SUCCESS,FIRST_RESULT,2026-09-25T07:33:30.836914+00:00,,
Benteng Fort Concordia,"Kota Kupang, Nusa Tenggara Timur",Benteng,ChIJzdlC64qcViwRh-R2K1jbEmQ,Concordia Fortress,"RHPF+WP2, Fatufeto, Alak, Kupang City, East Nusa Tenggara, Indonesia",4.5,91.0,https://maps.google.com/?cid=7211067125106402439&g_mp=CiVnb29nbGUubWFwcy5wbGFjZXMudjEuUGxhY2VzLkdldFBsYWNlEAIYBCAA,-10.1627277,123.5742679,SUCCESS,FIRST_RESULT,2026-09-25T07:33:31.582282+00:00,,
Benteng Tujuh Lapis,"Kabupaten Rokan Hulu, Riau",Benteng,ChIJHwSXb3lnKzARBMWTdE2Pzro,Benteng Tujuh Lapis (Seven Layer Fortress),"37M3+82Q, Tambusai Tengah, Tambusai, Rokan Hulu Regency, Riau 28558, Indonesia",4.4,328.0,https://maps.google.com/?cid=13460853899088086276&g_mp=CiVnb29nbGUubWFwcy5wbGFjZXMudjEuUGxhY2VzLkdldFBsYWNlEAIYBCAA,1.0833434,100.2526122,SUCCESS,FIRST_RESULT,2026-09-25T07:33:32.292222+00:00,,
Benteng Tujuh Lapis Dalu-Dalu,"Kabupaten Rokan Hulu, Riau",Benteng,ChIJHwSXb3lnKzARBMWTdE2Pzro,Benteng Tujuh Lapis (Seven Layer Fortress),"37M3+82Q, Tambusai Tengah, Tambusai, Rokan Hulu Regency, Riau 28558, Indonesia",4.4,328.0,https://maps.google.com/?cid=13460853899088086276&g_mp=CiVnb29nbGUubWFwcy5wbGFjZXMudjEuUGxhY2VzLkdldFBsYWNlEAIYBCAA,1.0833434,100.2526122,SUCCESS,FIRST_RESULT,2026-09-25T07:33:32.992800+00:00,,
Benteng Somba Opu,"Kabupaten Gowa, Sulawesi Selatan",Benteng,ChIJpVexH3Tivi0R2gWAvWT_7HI,Fort Somba Opu,"Jl. Daeng Tata, Benteng Somba Opu, Kec. Barombong, Kota Makassar, Sulawesi Selatan 90224, Indonesia",4.3,1011.0,https://maps.google.com/?cid=8281274622968595930&g_mp=CiVnb29nbGUubWFwcy5wbGFjZXMudjEuUGxhY2VzLkdldFBsYWNlEAIYBCAA,-5.189921,119.4015934,SUCCESS,FIRST_RESULT,2026-09-25T07:33:33.599980+00:00,,
Benteng Pertahanan Pongtiku,"Kabupaten Toraja Utara, Sulawesi Selatan",Benteng,ChIJ0U87C-HBky0Rr9vh3y6xEbA,Puncak Mamullu Lolai,"Rindingalo, Saloso, Kec. Rantepao, Kabupaten Toraja Utara, Sulawesi Selatan 91862, Indonesia",4.0,13.0,https://maps.google.com/?cid=12687116440162130863&g_mp=CiVnb29nbGUubWFwcy5wbGFjZXMudjEuUGxhY2VzLkdldFBsYWNlEAIYBCAA,-2.963214,119.8626824,SUCCESS,FIRST_RESULT,2026-09-25T07:33:34.109905+00:00,,
Benteng Fort Rotterdam,"Kota Makassar, Sulawesi Selatan",Benteng,ChIJ7zfOEbACvy0RI8-2wSg57Sg,Fort Rotterdam,"No.Road, Jl. Ujung Pandang, Bulo Gading, Kec. Ujung Pandang, Kota Makassar, Sulawesi Selatan 90171, Indonesia",4.5,14473.0,https://maps.google.com/?cid=2949076178209001251&g_mp=CiVnb29nbGUubWFwcy5wbGFjZXMudjEuUGxhY2VzLkdldFBsYWNlEAIYBCAA,-5.1340004,119.4056311,SUCCESS,FIRST_RESULT,2026-09-25T07:33:34.835931+00:00,,
Benteng Panyua,"Kota Makassar, Sulawesi Selatan",Benteng,ChIJ7zfOEbACvy0RI8-2wSg57Sg,Fort Rotterdam,"No.Road, Jl. Ujung Pandang, Bulo Gading, Kec. Ujung Pandang, Kota Makassar, Sulawesi Selatan 90171, Indonesia",4.5,14473.0,https://maps.google.com/?cid=2949076178209001251&g_mp=CiVnb29nbGUubWFwcy5wbGFjZXMudjEuUGxhY2VzLkdldFBsYWNlEAIYBCAA,-5.1340004,119.4056311,SUCCESS,FIRST_RESULT,2026-09-25T07:33:35.539870+00:00,,
Benteng,"Kabupaten Buton Utara, Sulawesi Tenggara",Benteng,ChIJgwXQGst2pC0Rkb9zCImxYY8,Buton Sultanate Palace Fortress,"GJG2+4W6, Jl. Labuke, Melai, Kec. Murhum, Kota Bau-Bau, Sulawesi Tenggara 93713, Indonesia",4.7,1694.0,https://maps.google.com/?cid=10331734222275067793&g_mp=CiVnb29nbGUubWFwcy5wbGFjZXMudjEuUGxhY2VzLkdldFBsYWNlEAIYBCAA,-5.474714199999999,122.6022575,SUCCESS,FIRST_RESULT,2026-09-25T07:33:36.197810+00:00,,
Benteng Keraton Buton,"Kota Bau-Bau, Sulawesi Tenggara",Benteng,ChIJgwXQGst2pC0Rkb9zCImxYY8,Buton Sultanate Palace Fortress,"GJG2+4W6, Jl. Labuke, Melai, Kec. Murhum, Kota Bau-Bau, Sulawesi Tenggara 93713, Indonesia",4.7,1694.0,https://maps.google.com/?cid=10331734222275067793&g_mp=CiVnb29nbGUubWFwcy5wbGFjZXMudjEuUGxhY2VzLkdldFBsYWNlEAIYBCAA,-5.474714199999999,122.6022575,SUCCESS,FIRST_RESULT,2026-09-25T07:33:36.957114+00:00,,
Benteng Keraton Buton Dan Masjid Agung Keraton,"Kota Bau-Bau, Sulawesi Tenggara",Benteng,ChIJgwXQGst2pC0Rkb9zCImxYY8,Buton Sultanate Palace Fortress,"GJG2+4W6, Jl. Labuke, Melai, Kec. Murhum, Kota Bau-Bau, Sulawesi Tenggara 93713, Indonesia",4.7,1694.0,https://maps.google.com/?cid=10331734222275067793&g_mp=CiVnb29nbGUubWFwcy5wbGFjZXMudjEuUGxhY2VzLkdldFBsYWNlEAIYBCAA,-5.474714199999999,122.6022575,SUCCESS,FIRST_RESULT,2026-09-25T07:33:37.686853+00:00,,
Benteng Resort,"Kota Bitung, Sulawesi Utara",Benteng,ChIJfRZ1iEushzIRd76SLBgJyp8,Benteng Resort,"H5R3+FPV, Pinenek, Likupang Timur, North Minahasa Regency, North Sulawesi, Indonesia",4.2,130.0,https://maps.google.com/?cid=11514025396757773943&g_mp=CiVnb29nbGUubWFwcy5wbGFjZXMudjEuUGxhY2VzLkdldFBsYWNlEAIYBCAA,1.5912279,125.1542864,SUCCESS,FIRST_RESULT,2026-09-25T07:33:38.514832+00:00,,
Benteng Santo Pedro,"Kota Ternate, Maluku Utara",Benteng,ChIJxa4k4oOxnDIRiAENh5akZG8,Benteng Portugis Tolukko,"R97Q+J55, Jl. Pemuda, Sangaji Utara, Kec. Kota Ternate Utara, Kota Ternate, Maluku Utara, Indonesia",4.5,1149.0,https://maps.google.com/?cid=8026721402298892680&g_mp=CiVnb29nbGUubWFwcy5wbGFjZXMudjEuUGxhY2VzLkdldFBsYWNlEAIYBCAA,0.8140206999999999,127.387989,SUCCESS,FIRST_RESULT,2026-09-25T07:33:39.168333+00:00,,
Benteng Kuto Besak,"Kota Palembang, Sumatera Selatan",Benteng,ChIJqybWvgN2Oy4RsuP3QwCiJoI,Benteng Kuto Besak,"Jl. Sultan Mahmud Badarudin, 19 Ilir, Kec. Bukit Kecil, Kota Palembang, Sumatera Selatan 30113, Indonesia",4.5,15842.0,https://maps.google.com/?cid=9378361396069655474&g_mp=CiVnb29nbGUubWFwcy5wbGFjZXMudjEuUGxhY2VzLkdldFBsYWNlEAIYBCAA,-2.9912261,104.7591867,SUCCESS,FIRST_RESULT,2026-09-25T07:33:39.937325+00:00,,
Benteng Tatas,"Kota Banjarmasin, Kalimantan Selatan",Benteng,ChIJWwj-osMj5C0R8nFRa8gyHKE,Masjid Raya Sabilal Muhtadin - Banjarmasin,"Jl. Jend Sudirman No.1, Antasan Besar, Kec. Banjarmasin Tengah, Kota Banjarmasin, Kalimantan Selatan 70114, Indonesia",4.8,11329.0,https://maps.google.com/?cid=11609209775829643762&g_mp=CiVnb29nbGUubWFwcy5wbGFjZXMudjEuUGxhY2VzLkdldFBsYWNlEAIYBCAA,-3.3190271,114.5909985,SUCCESS,FIRST_RESULT,2026-09-25T07:33:40.677351+00:00,,
Benteng Nossa Senhora Da Anunciada,"Kota Ambon, Maluku",Benteng,ChIJNdyN8lDobC0RChMAiLU6N-I,Nieuw Victoria Fort,"855J+6VC Benteng New Victoria, Jl. Slamet Riyadi No.1, Uritetu, Kec. Sirimau, Kota Ambon, Maluku 97000, Indonesia",4.1,216.0,https://maps.google.com/?cid=16300561927635997450&g_mp=CiVnb29nbGUubWFwcy5wbGFjZXMudjEuUGxhY2VzLkdldFBsYWNlEAIYBCAA,-3.6927869,128.1824825,SUCCESS,FIRST_RESULT,2026-09-25T07:33:41.420805+00:00,,
Benteng Kota Bombonawulu,"Kabupaten Buton Tengah, Sulawesi Tenggara",Benteng,ChIJMfY6AACPoy0RThpL9mlnLBs,Benteng Bombonawulu,"PH58+93, Wongko Lakudo, Lakudo, Buton Regency, South East Sulawesi 93763, Indonesia",,,https://maps.google.com/?cid=1958053642800667214&g_mp=CiVnb29nbGUubWFwcy5wbGFjZXMudjEuUGxhY2VzLkdldFBsYWNlEAIYBCAA,-5.2915631,122.5652032,SUCCESS,FIRST_RESULT,2026-09-25T07:33:42.171752+00:00,,
Benteng Wasilomata,"Kabupaten Buton Tengah, Sulawesi Tenggara",Benteng,ChIJEWbydEp5oy0R5yLxIVx66-o,Benteng Wasilomata,"M8M6+GXX, Wasilomata II, Mawasangka, Buton Regency, South East Sulawesi 93762, Indonesia",,,https://maps.google.com/?cid=16927758160527172327&g_mp=CiVnb29nbGUubWFwcy5wbGFjZXMudjEuUGxhY2VzLkdldFBsYWNlEAIYBCAA,-5.3164072,122.3124966,SUCCESS,FIRST_RESULT,2026-09-25T07:33:42.914920+00:00,,
Benteng Gumanano,"Kabupaten Buton Tengah, Sulawesi Tenggara",Benteng,ChIJOze-uFZ-oy0RdlrKfFNzljs,Danau Gumanano,"J853+XFH, Gumamano, Mawasangka, Buton Regency, South East Sulawesi 93762, Indonesia",4.5,26.0,https://maps.google.com/?cid=4293746097157462646&g_mp=CiVnb29nbGUubWFwcy5wbGFjZXMudjEuUGxhY2VzLkdldFBsYWNlEAIYBCAA,-5.3900548,122.3037402,SUCCESS,FIRST_RESULT,2026-09-25T07:33:43.703854+00:00,,
Benteng Tindoi,"Kabupaten Wakatobi, Sulawesi Tenggara",Benteng,ChIJd0pgQyQyoS0R8X5uGP89YH4,Tindoi,"Tindoi, South Wangi-Wangi, Wakatobi Regency, South East Sulawesi, Indonesia",,,https://maps.google.com/?cid=9106346612378992369&g_mp=CiVnb29nbGUubWFwcy5wbGFjZXMudjEuUGxhY2VzLkdldFBsYWNlEAIYBCAA,-5.2802504,123.586797,SUCCESS,FIRST_RESULT,2026-09-25T07:33:44.244413+00:00,,
Benteng Liya,"Kabupaten Wakatobi, Sulawesi Tenggara",Benteng,ChIJxz6VowvNpi0RIQ679jIhNV4,Masjid Keraton Liya,"MG3V+4MH Liya Togo, Liya Mawi, Wangi-Wangi Sel., Kabupaten Wakatobi, Sulawesi Tenggara 93795, Indonesia",4.6,98.0,https://maps.google.com/?cid=6788368516102426145&g_mp=CiVnb29nbGUubWFwcy5wbGFjZXMudjEuUGxhY2VzLkdldFBsYWNlEAIYBCAA,-5.3471959,123.5442394,SUCCESS,FIRST_RESULT,2026-09-25T07:33:44.948728+00:00,,
Benteng Ollo,"Kabupaten Wakatobi, Sulawesi Tenggara",Benteng,ChIJz5afYJ8bpy0RVuHPy6pDX1c,Benteng Patua Tomia,"7W9H+Q8P, Patua, Tomia, Wakatobi Regency, South East Sulawesi 93793, Indonesia",4.8,6.0,https://maps.google.com/?cid=6295825204930142550&g_mp=CiVnb29nbGUubWFwcy5wbGFjZXMudjEuUGxhY2VzLkdldFBsYWNlEAIYBCAA,-5.7305433,123.92831729999996,SUCCESS,FIRST_RESULT,2026-09-25T07:33:45.694297+00:00,,
Benteng La Donda Benteng La Donda,"Kabupaten Wakatobi, Sulawesi Tenggara",Benteng,ChIJkftXuJIFpy0RGDxj3mYArCM,Benteng Suo-Suo,"6WWX+8MW, Jl. Encik Sulaiman, Kahiyanga, Kec. Tomia Tim., Kabupaten Wakatobi, Sulawesi Tenggara 93797, Indonesia",4.7,14.0,https://maps.google.com/?cid=2570429929139420184&g_mp=CiVnb29nbGUubWFwcy5wbGFjZXMudjEuUGxhY2VzLkdldFBsYWNlEAIYBCAA,-5.754139599999999,123.9491882,SUCCESS,FIRST_RESULT,2026-09-25T07:33:46.462024+00:00,,
Benteng Patua,"Kabupaten Wakatobi, Sulawesi Tenggara",Benteng,ChIJz5afYJ8bpy0RVuHPy6pDX1c,Benteng Patua Tomia,"7W9H+Q8P, Patua, Tomia, Wakatobi Regency, South East Sulawesi 93793, Indonesia",4.8,6.0,https://maps.google.com/?cid=6295825204930142550&g_mp=CiVnb29nbGUubWFwcy5wbGFjZXMudjEuUGxhY2VzLkdldFBsYWNlEAIYBCAA,-5.7305433,123.92831729999996,SUCCESS,FIRST_RESULT,2026-09-25T07:33:47.129958+00:00,,
Benteng Palahidu,"Kabupaten Wakatobi, Sulawesi Tenggara",Benteng,ChIJCUI9YKsJpy0R6ND0UsmVcWM,Pantai Palahidu,"4265+C3G, Palahidu, Binongko, Wakatobi Regency, South East Sulawesi 93794, Indonesia",5.0,11.0,https://maps.google.com/?cid=7165673174035910888&g_mp=CiVnb29nbGUubWFwcy5wbGFjZXMudjEuUGxhY2VzLkdldFBsYWNlEAIYBCAA,-5.8889281,124.0077174,SUCCESS,FIRST_RESULT,2026-09-25T07:33:47.885177+00:00,,
Benteng Wali,"Kabupaten Wakatobi, Sulawesi Tenggara",Benteng,ChIJz5afYJ8bpy0RVuHPy6pDX1c,Benteng Patua Tomia,"7W9H+Q8P, Patua, Tomia, Wakatobi Regency, South East Sulawesi 93793, Indonesia",4.8,6.0,https://maps.google.com/?cid=6295825204930142550&g_mp=CiVnb29nbGUubWFwcy5wbGFjZXMudjEuUGxhY2VzLkdldFBsYWNlEAIYBCAA,-5.7305433,123.92831729999996,SUCCESS,FIRST_RESULT,2026-09-25T07:33:48.562658+00:00,,
Benteng Fort De Kock,"Kota Bukittinggi, Sumatera Barat",Benteng,ChIJbYTOX6M41S8RzjoVbjRPNF0,Fort De Kock,"M9X9+944, Jl. Yos Sudarso, Benteng Ps. Atas, Kec. Guguk Panjang, Kota Bukittinggi, Sumatera Barat 26136, Indonesia",4.5,1783.0,https://maps.google.com/?cid=6716080030920030926&g_mp=CiVnb29nbGUubWFwcy5wbGFjZXMudjEuUGxhY2VzLkdldFBsYWNlEAIYBCAA,-0.3016205999999999,100.3678344,SUCCESS,FIRST_RESULT,2026-09-25T07:33:49.089708+00:00,,
Benteng Tundakan,"Kabupaten Balangan, Kalimantan Selatan",Benteng,ChIJJ3eTPQBZ5S0R8ajyPIlgtIs,Batu bagantung,"JHGM+23, Tundi, Awayan, Balangan Regency, South Kalimantan 71664, Indonesia",4.3,3.0,https://maps.google.com/?cid=10066777209629223153&g_mp=CiVnb29nbGUubWFwcy5wbGFjZXMudjEuUGxhY2VzLkdldFBsYWNlEAIYBCAA,-2.3749375,115.5826875,SUCCESS,FIRST_RESULT,2026-09-25T07:33:49.577713+00:00,,
Benteng Gam Lamo,"Kota Ternate, Maluku Utara",Benteng,ChIJz4yQa8S0nDIRmN_JAPna_E8,"Forte Português em Ternaté Moluca , Kastéla","Q866+CV4, Kastela, Pulau Ternate, Ternate City, North Maluku, Indonesia",4.2,318.0,https://maps.google.com/?cid=5763722386122334104&g_mp=CiVnb29nbGUubWFwcy5wbGFjZXMudjEuUGxhY2VzLkdldFBsYWNlEAIYBCAA,0.7610034999999999,127.3121905,SUCCESS,FIRST_RESULT,2026-09-25T07:33:50.285815+00:00,,
Benteng Portugis,"Kabupaten Pesisir Selatan, Sumatera Barat",Benteng,ChIJ5xjc6pFN0y8RE5BXKRUZFPM,Benteng portugis,"JHW5+GH9, Painan, Iv Jurai, South Pesisir Regency, West Sumatra, Indonesia",4.2,35.0,https://maps.google.com/?cid=17515652429429313555&g_mp=CiVnb29nbGUubWFwcy5wbGFjZXMudjEuUGxhY2VzLkdldFBsYWNlEAIYBCAA,-1.3537019,100.5589953,SUCCESS,FIRST_RESULT,2026-09-25T07:33:51.010282+00:00,,
Benteng Kalamata,"Kota Ternate, Maluku Utara",Benteng,ChIJDxBOQSO0nDIRmyWhzusdVAQ,Kalamata Fortress,"Q96F+V6W, Kayu Merah, Ternate Selatan, Ternate City, North Maluku, Indonesia",4.5,853.0,https://maps.google.com/?cid=311907172816594331&g_mp=CiVnb29nbGUubWFwcy5wbGFjZXMudjEuUGxhY2VzLkdldFBsYWNlEAIYBCAA,0.7622315,127.3730646,SUCCESS,FIRST_RESULT,2026-09-25T07:33:51.771309+00:00,,
Benteng Kota Naka,"Kota Ternate, Maluku Utara",Benteng,ChIJxa4k4oOxnDIRiAENh5akZG8,Benteng Portugis Tolukko,"R97Q+J55, Jl. Pemuda, Sangaji Utara, Kec. Kota Ternate Utara, Kota Ternate, Maluku Utara, Indonesia",4.5,1149.0,https://maps.google.com/?cid=8026721402298892680&g_mp=CiVnb29nbGUubWFwcy5wbGFjZXMudjEuUGxhY2VzLkdldFBsYWNlEAIYBCAA,0.8140206999999999,127.387989,SUCCESS,FIRST_RESULT,2026-09-25T07:33:52.502368+00:00,,
Benteng Oranye Kwandang,Gorontalo,Benteng,ChIJCfO2n3FPeTIRmBiGFPNMOKI,Benteng Orange,"VW27+6M5, Dambalo, Kwandang, North Gorontalo Regency, Gorontalo 96252, Indonesia",4.2,97.0,https://maps.google.com/?cid=11689177439745218712&g_mp=CiVnb29nbGUubWFwcy5wbGFjZXMudjEuUGxhY2VzLkdldFBsYWNlEAIYBCAA,0.8505125,122.9142344,SUCCESS,FIRST_RESULT,2026-09-25T07:33:53.199805+00:00,,
Benteng Amsterdam,Maluku,Benteng,ChIJx0qHxtT6bC0RVVzqKFlU7rI,Fort Amsterdam,"C38M+X84, Kaitetu, Leihitu, Central Maluku Regency, Maluku, Indonesia",4.5,999.0,https://maps.google.com/?cid=12893335525123578965&g_mp=CiVnb29nbGUubWFwcy5wbGFjZXMudjEuUGxhY2VzLkdldFBsYWNlEAIYBCAA,-3.5826135000000003,128.083343,SUCCESS,FIRST_RESULT,2026-09-25T07:33:53.911635+00:00,,
Benteng Victoria,Maluku,Benteng,ChIJNdyN8lDobC0RChMAiLU6N-I,Nieuw Victoria Fort,"855J+6VC Benteng New Victoria, Jl. Slamet Riyadi No.1, Uritetu, Kec. Sirimau, Kota Ambon, Maluku 97000, Indonesia",4.1,216.0,https://maps.google.com/?cid=16300561927635997450&g_mp=CiVnb29nbGUubWFwcy5wbGFjZXMudjEuUGxhY2VzLkdldFBsYWNlEAIYBCAA,-3.6927869,128.1824825,SUCCESS,FIRST_RESULT,2026-09-25T07:33:54.559554+00:00,,
Benteng Belgica,Maluku,Benteng,ChIJa_vkAwmGFS0Rp8ER23Plvfo,Fort Belgica,"FVFX+GHV, Nusantara, Kec. Banda, Kabupaten Maluku Tengah, Maluku, Indonesia",4.7,731.0,https://maps.google.com/?cid=18067849565839671719&g_mp=CiVnb29nbGUubWFwcy5wbGFjZXMudjEuUGxhY2VzLkdldFBsYWNlEAIYBCAA,-4.526129,129.8989078,SUCCESS,FIRST_RESULT,2026-09-25T07:33:55.274829+00:00,,
Benteng Titaley,Maluku,Benteng,ChIJmUcpXADjbC0Rxs9gCZ30QPg,Benteng Wawane,"92QX+78V, Seith, Leihitu, Central Maluku Regency, Maluku, Indonesia",5.0,1.0,https://maps.google.com/?cid=17888566675219992518&g_mp=CiVnb29nbGUubWFwcy5wbGFjZXMudjEuUGxhY2VzLkdldFBsYWNlEAIYBCAA,-3.6117646,128.04831099999998,SUCCESS,FIRST_RESULT,2026-09-25T07:33:55.757062+00:00,,
Benteng Kerajaan Kabaena,Sulawesi Tenggara,Benteng,ChIJs6xwXE9Foy0RSO4ndotrAkk,Matarapa,"PVHR+C2M, Tirongkotua, Kabaena, Bombana Regency, South East Sulawesi 93781, Indonesia",,,https://maps.google.com/?cid=5260885561449115208&g_mp=CiVnb29nbGUubWFwcy5wbGFjZXMudjEuUGxhY2VzLkdldFBsYWNlEAIYBCAA,-5.2714193,121.89005879999998,SUCCESS,FIRST_RESULT,2026-09-25T07:33:56.262077+00:00,,
Benteng Portugis,Sulawesi Utara,Benteng,ChIJu7neUfgNiTIRJuShlZnOTnQ,Benteng Portugis,"P9X6+2GV, Kanawong, West Siau, Sitaro Islands Regency, North Sulawesi, Indonesia",,,https://maps.google.com/?cid=8380863115618804774&g_mp=CiVnb29nbGUubWFwcy5wbGFjZXMudjEuUGxhY2VzLkdldFBsYWNlEAIYBCAA,2.7478679,125.3612348,SUCCESS,FIRST_RESULT,2026-09-25T07:33:57.005004+00:00,,
Benteng Kuta Reh,"Kabupaten Aceh Tenggara, Aceh",Benteng,ChIJdVfSGnJOQDAR5ijQtjMuqf8,Benteng Kuta Lubok,"JG5P+WCJ, Lamreh, Mesjid Raya, Aceh Besar Regency, Aceh, Indonesia",4.0,33.0,https://maps.google.com/?cid=18422306550381029606&g_mp=CiVnb29nbGUubWFwcy5wbGFjZXMudjEuUGxhY2VzLkdldFBsYWNlEAIYBCAA,5.6098289,95.5360066,SUCCESS,FIRST_RESULT,2026-09-25T07:33:57.739202+00:00,,
Benteng Otanaha,"Kota Gorontalo, Gorontalo",Benteng,ChIJ9wzSa8EreTIR0KtoqpUEzCM,Benteng Otanaha,"Dembe I, Kota Barat, Kota Gorontalo, Gorontalo 96181, Indonesia",4.5,2067.0,https://maps.google.com/?cid=2579441727432076240&g_mp=CiVnb29nbGUubWFwcy5wbGFjZXMudjEuUGxhY2VzLkdldFBsYWNlEAIYBCAA,0.5487601999999999,123.00820849999998,SUCCESS,FIRST_RESULT,2026-09-25T07:33:58.480120+00:00,,
Benteng Pendhem,"Kabupaten Cilacap, Jawa Tengah",Benteng,ChIJldpOw4QSZS4RvRj43qJTOm4,Benteng Pendem Cilacap,"7229+CHW, Jl. Benteng, Sentolokawat, Cilacap, Kec. Cilacap Sel., Kabupaten Cilacap, Jawa Tengah 53211, Indonesia",4.3,8425.0,https://maps.google.com/?cid=7942752851811899581&g_mp=CiVnb29nbGUubWFwcy5wbGFjZXMudjEuUGxhY2VzLkdldFBsYWNlEAIYBCAA,-7.7488894,109.0189604,SUCCESS,FIRST_RESULT,2026-09-25T07:33:59.241555+00:00,,
Benteng Portugis,"Kabupaten Jepara, Jawa Tengah",Benteng,ChIJW56p5LwwcS4RvsSX6EAckpA,Portuguese Fortress,"Donorejo, Banyumanis, Kec. Donorojo, Kabupaten Jepara, Jawa Tengah 59454, Indonesia",4.2,3446.0,https://maps.google.com/?cid=10417419953167123646&g_mp=CiVnb29nbGUubWFwcy5wbGFjZXMudjEuUGxhY2VzLkdldFBsYWNlEAIYBCAA,-6.4061075,110.9166981,SUCCESS,FIRST_RESULT,2026-09-25T07:33:59.984261+00:00,,
Benteng Voc,"Kabupaten Jepara, Jawa Tengah",Benteng,ChIJIQntpDQfcS4R7y46R-AXFRk,VOC Erfgoedpad-Oud Fort Japara,"CM78+MC7, Ujungbatu V, Ujungbatu, Kec. Jepara, Kabupaten Jepara, Jawa Tengah 59416, Indonesia",5.0,4.0,https://maps.google.com/?cid=1807377077494230767&g_mp=CiVnb29nbGUubWFwcy5wbGFjZXMudjEuUGxhY2VzLkdldFBsYWNlEAIYBCAA,-6.5858306,110.6660366,SUCCESS,FIRST_RESULT,2026-09-25T07:34:00.503205+00:00,,
Benteng Pendem Purworejo,"Kabupaten Purworejo, Jawa Tengah",Benteng,ChIJ4XVhqHnmei4RLwYXBN8gs94,Wisata Benteng Pendem,"Dusun Kalimaro, 523R+GPX, Dusun I, Bapangsari, Kec. Bagelen, Kabupaten Purworejo, Jawa Tengah 54174, Indonesia",4.3,84.0,https://maps.google.com/?cid=16047206039469622831&g_mp=CiVnb29nbGUubWFwcy5wbGFjZXMudjEuUGxhY2VzLkdldFBsYWNlEAIYBCAA,-7.8461402,110.0418614,SUCCESS,FIRST_RESULT,2026-09-25T07:34:01.280587+00:00,,
Benteng Williem Ii,"Kabupaten Semarang, Jawa Tengah",Benteng,ChIJ3W4nzqKIcC4R8GLSrj6g6B8,Benteng Williem II,"Benteng Williem II, Jl. Diponegoro, Dliwang, Ungaran, Kec. Ungaran Bar., Kabupaten Semarang, Jawa Tengah 50511, Indonesia",,,https://maps.google.com/?cid=2299263800854078192&g_mp=CiVnb29nbGUubWFwcy5wbGFjZXMudjEuUGxhY2VzLkdldFBsYWNlEAIYBCAA,-7.1291506,110.4045521,SUCCESS,FIRST_RESULT,2026-09-25T07:34:02.007595+00:00,,
Benteng Kuta Asan,"Kabupaten Pidie, Aceh",Benteng,ChIJk4ggLcXsQDARd4IWUpKU4CA,Stadion Kuta Asan,"9XH2+2JQ, Gampong Asan, Kota Sigli, Pidie Regency, Aceh 24112, Indonesia",4.0,95.0,https://maps.google.com/?cid=2369056760160223863&g_mp=CiVnb29nbGUubWFwcy5wbGFjZXMudjEuUGxhY2VzLkdldFBsYWNlEAIYBCAA,5.3775802,95.9516113,SUCCESS,FIRST_RESULT,2026-09-25T07:34:02.773142+00:00,,
Benteng Sisa Peninggalan Mataram Kuno,"Kabupaten Temanggung, Jawa Tengah",Benteng,ChIJiWFj3B5Xei4RZgVGv2_pJBE,"Oud Kotagêdé , Tjepoeri - Ruïnes van het Koninklijke Fort Mataram","599X+FHC, Jl. Masjid Besar, Purbayan, Kec. Kotagede, Kota Yogyakarta, Daerah Istimewa Yogyakarta 55192, Indonesia",4.5,50.0,https://maps.google.com/?cid=1235368863966037350&g_mp=CiVnb29nbGUubWFwcy5wbGFjZXMudjEuUGxhY2VzLkdldFBsYWNlEAIYBCAA,-7.8313104,110.3989003,SUCCESS,FIRST_RESULT,2026-09-25T07:34:03.276470+00:00,,
Benteng Tolukko,"Kota Ternate, Maluku Utara",Benteng,ChIJxa4k4oOxnDIRiAENh5akZG8,Benteng Portugis Tolukko,"R97Q+J55, Jl. Pemuda, Sangaji Utara, Kec. Kota Ternate Utara, Kota Ternate, Maluku Utara, Indonesia",4.5,1149.0,https://maps.google.com/?cid=8026721402298892680&g_mp=CiVnb29nbGUubWFwcy5wbGFjZXMudjEuUGxhY2VzLkdldFBsYWNlEAIYBCAA,0.8140206999999999,127.387989,SUCCESS,FIRST_RESULT,2026-09-25T07:34:03.937051+00:00,,
Benteng Bernaveld Amasing,"Kabupaten Halmahera Selatan, Maluku Utara",Benteng,ChIJL_1-1I46Yy0R7FFE3PXLAno,Benteng Barnaveld,"9FGJ+8PV Benteng Barnaveld, Labuha, Kec. Bacan, Kabupaten Halmahera Selatan, Maluku Utara, Indonesia",,,https://maps.google.com/?cid=8791813679403520492&g_mp=CiVnb29nbGUubWFwcy5wbGFjZXMudjEuUGxhY2VzLkdldFBsYWNlEAIYBCAA,-0.6241325999999999,127.4817266,SUCCESS,FIRST_RESULT,2026-09-25T07:34:04.678891+00:00,,
Benteng Kubu Parit,"Kabupaten Lingga, Kepulauan Riau",Benteng,ChIJSfDg6UpqJy4Rnp3DAAK2ado,Benteng Bukit Cening,"29872, Daik, Kecamatan Lingga, Merawang, Kec. Lingga, Kabupaten Lingga, Kepulauan Riau 29872, Indonesia",4.8,23.0,https://maps.google.com/?cid=15738310492541918622&g_mp=CiVnb29nbGUubWFwcy5wbGFjZXMudjEuUGxhY2VzLkdldFBsYWNlEAIYBCAA,-0.2368458,104.6136185,SUCCESS,FIRST_RESULT,2026-09-25T07:34:05.405684+00:00,,
Benteng Mepar Berbentuk Segi Empat,"Kabupaten Lingga, Kepulauan Riau",Benteng,ChIJ543AkAxrJy4R8Hh8-is1aMk,Benteng Lekok,"PHRR+G75, Mepar, Lingga, Lingga Regency, Riau Islands, Indonesia",4.4,33.0,https://maps.google.com/?cid=14512908262203750640&g_mp=CiVnb29nbGUubWFwcy5wbGFjZXMudjEuUGxhY2VzLkdldFBsYWNlEAIYBCAA,-0.2587405,104.5907339,SUCCESS,FIRST_RESULT,2026-09-25T07:34:06.133596+00:00,,
Benteng Kuala Daik,"Kabupaten Lingga, Kepulauan Riau",Benteng,ChIJC-S7VSNqJy4RXXUhK8I6Wrg,Benteng Kuala Daik,"QJFH+HWC, Daik, Lingga, Lingga Regency, Riau Islands 29872, Indonesia",4.1,7.0,https://maps.google.com/?cid=13283994656504378717&g_mp=CiVnb29nbGUubWFwcy5wbGFjZXMudjEuUGxhY2VzLkdldFBsYWNlEAIYBCAA,-0.2260717,104.6297517,SUCCESS,FIRST_RESULT,2026-09-25T07:34:06.849536+00:00,,
Benteng Tanjung Cengkeh,"Kabupaten Lingga, Kepulauan Riau",Benteng,ChIJ_dbvHMttJy4R3QGtyzNVd9s,Benteng Tanjung Cengkeh,"PGMQ+V23, Lingga Regency, Riau Islands 29872, Indonesia",,,https://maps.google.com/?cid=15814202297483592157&g_mp=CiVnb29nbGUubWFwcy5wbGFjZXMudjEuUGxhY2VzLkdldFBsYWNlEAIYBCAA,-0.2653596,104.5375331,SUCCESS,FIRST_RESULT,2026-09-25T07:34:07.533005+00:00,,
Benteng Oranje,"Kota Ternate, Maluku Utara",Benteng,ChIJ-d9shV6xnDIRp4CbXewWtv8,Fort Oranje,"Benteng oranje, Kec. Ternate Tengah, Kota Ternate, Maluku Utara, Indonesia",4.4,1283.0,https://maps.google.com/?cid=18425940129871528103&g_mp=CiVnb29nbGUubWFwcy5wbGFjZXMudjEuUGxhY2VzLkdldFBsYWNlEAIYBCAA,0.7928982,127.3874108,SUCCESS,FIRST_RESULT,2026-09-25T07:34:08.245207+00:00,,
Benteng Pertahanan Belanda,"Kabupaten Bengkayang, Kalimantan Barat",Benteng,ChIJaZe9I_U54zER-Rg-0oAPc54,BENTENG VANDERING BENGKAYANG,"Dekat, Q8VP+CW4, Jl. Raya Singkawang-Bengkayang, Suka Maju, Kec. Sungai Betung, Kabupaten Bengkayang, Kalimantan Barat 79211, Indonesia",4.9,16.0,https://maps.google.com/?cid=11417486526271854841&g_mp=CiVnb29nbGUubWFwcy5wbGFjZXMudjEuUGxhY2VzLkdldFBsYWNlEAIYBCAA,0.7935249,109.3373316,SUCCESS,FIRST_RESULT,2026-09-25T07:34:08.981967+00:00,,
Benteng Voc Kalimook,"Kabupaten Sumenep, Jawa Timur",Benteng,ChIJuQM77ofk2S0Rjm--ZQdT4jg,Benteng Kalimo'ok,"Jl. Bereklorong, Bereklorong, Kalimo'ok, Kec. Kalianget, Kabupaten Sumenep, Jawa Timur 69471, Indonesia",4.0,70.0,https://maps.google.com/?cid=4098929902097428366&g_mp=CiVnb29nbGUubWFwcy5wbGFjZXMudjEuUGxhY2VzLkdldFBsYWNlEAIYBCAA,-7.034858700000001,113.9069923,SUCCESS,FIRST_RESULT,2026-09-25T07:34:09.695844+00:00,,
Benteng Lodewijk Mengare,"Kabupaten Gresik, Jawa Timur",Benteng,ChIJ34-F5G0I2C0RXoey9rP44cQ,Fort Lodewijk Ruins,"Tajung Widoro, XJJX+3MX, Bungah, Tajung Widoro, Tj. Widoro, Gresik, Kabupaten Gresik, Jawa Timur 61152, Indonesia",4.1,104.0,https://maps.google.com/?cid=14186893753015502686&g_mp=CiVnb29nbGUubWFwcy5wbGFjZXMudjEuUGxhY2VzLkdldFBsYWNlEAIYBCAA,-7.0197512,112.6492458,SUCCESS,FIRST_RESULT,2026-09-25T07:34:10.417975+00:00,,
Benteng Tjakraningrat Iv Tanjoeng Piring,"Kabupaten Bangkalan, Jawa Timur",Benteng,ChIJk_MOr8EF2C0R1bXfCQGgLGk,Cakraningrat Museum,"Jl. Soekarno Hatta No.35, Wr 08, Mlajah, Kec. Bangkalan, Kabupaten Bangkalan, Jawa Timur 69116, Indonesia",4.1,80.0,https://maps.google.com/?cid=7578608199278769621&g_mp=CiVnb29nbGUubWFwcy5wbGFjZXMudjEuUGxhY2VzLkdldFBsYWNlEAIYBCAA,-7.0485531,112.7354412,SUCCESS,FIRST_RESULT,2026-09-25T07:34:11.129813+00:00,,
Benteng Erfprins,"Kabupaten Bangkalan, Jawa Timur",Benteng,ChIJ2Tw4S30P2C0RJdmm2iFukYU,Fort Bangkalan,"XQG2+7C6, Pejagan, Kec. Bangkalan, Kabupaten Bangkalan, Jawa Timur 69112, Indonesia",4.1,46.0,https://maps.google.com/?cid=9624594970348804389&g_mp=CiVnb29nbGUubWFwcy5wbGFjZXMudjEuUGxhY2VzLkdldFBsYWNlEAIYBCAA,-7.0243478,112.7510153,SUCCESS,FIRST_RESULT,2026-09-25T07:34:11.824057+00:00,,
Benteng Bukit Cening,"Kabupaten Lingga, Kepulauan Riau",Benteng,ChIJSfDg6UpqJy4Rnp3DAAK2ado,Benteng Bukit Cening,"29872, Daik, Kecamatan Lingga, Merawang, Kec. Lingga, Kabupaten Lingga, Kepulauan Riau 29872, Indonesia",4.8,23.0,https://maps.google.com/?cid=15738310492541918622&g_mp=CiVnb29nbGUubWFwcy5wbGFjZXMudjEuUGxhY2VzLkdldFBsYWNlEAIYBCAA,-0.2368458,104.6136185,SUCCESS,FIRST_RESULT,2026-09-25T07:34:12.470453+00:00,,
Keraton Matan Tanjungpura,"Kabupaten Ketapang, Kalimantan Barat",Istana,ChIJ347MbyQYBS4RAr1hKlBQIEU,Keraton Matan Kayong Ketapang,"4XQJ+89J, Mulia Kerta, Benua Kayong, Ketapang Regency, West Kalimantan 78821, Indonesia",4.5,638.0,https://maps.google.com/?cid=4981069493110422786&g_mp=CiVnb29nbGUubWFwcy5wbGFjZXMudjEuUGxhY2VzLkdldFBsYWNlEAIYBCAA,-1.8616618,109.9808834,SUCCESS,FIRST_RESULT,2026-09-25T07:34:13.209286+00:00,,
Istana Kuning Kesultanan Kutaringin,"Kabupaten Kotawaringin Barat, Kalimantan Tengah",Istana,ChIJU08Kj0LuCC4RDVkNOfMKCwM,Istana Kuning,"Raja, South Arut, West Kotawaringin Regency, Central Kalimantan 74112, Indonesia",4.4,2790.0,https://maps.google.com/?cid=219281046608107789&g_mp=CiVnb29nbGUubWFwcy5wbGFjZXMudjEuUGxhY2VzLkdldFBsYWNlEAIYBCAA,-2.6760267,111.6325632,SUCCESS,FIRST_RESULT,2026-09-25T07:34:13.962217+00:00,,
Keraton Kesultanan Sambaliung,"Kabupaten Berau, Kalimantan Timur",Istana,ChIJ-03ozaH1DTIRGnVEGkRKLx4,Keraton Sambaliung,"5G82+8GV, Jl. ST Aminuddin, Sambaliung, Kec. Sambaliung, Kabupaten Berau, Kalimantan Timur 77352, Indonesia",4.4,667.0,https://maps.google.com/?cid=2175038801402164506&g_mp=CiVnb29nbGUubWFwcy5wbGFjZXMudjEuUGxhY2VzLkdldFBsYWNlEAIYBCAA,2.1645396,117.4993949,SUCCESS,FIRST_RESULT,2026-09-25T07:34:14.274993+00:00,,
Keraton Kesultanan Ternate,"Kota Ternate, Maluku Utara",Istana,ChIJZVvaQGKxnDIRMHgFCLBLpb4,The Ternate Sultanate Museum and Palace,"Soa Sio, Kota Ternate Utara, Ternate City, North Maluku, Indonesia",4.5,994.0,https://maps.google.com/?cid=13737469457784469552&g_mp=CiVnb29nbGUubWFwcy5wbGFjZXMudjEuUGxhY2VzLkdldFBsYWNlEAIYBCAA,0.8004437,127.3840432,SUCCESS,FIRST_RESULT,2026-09-25T07:34:14.970195+00:00,,
Istana Kesultanan Pelalawan,"Kabupaten Pelalawan, Riau",Istana,ChIJMciFXAB51jERodIICvw0YEc,Istana Sayap Pelalawan,"C3WV+7XG, Pelalawan, Pelalawan Regency, Riau 28353, Indonesia",5.0,1.0,https://maps.google.com/?cid=5143169031561859745&g_mp=CiVnb29nbGUubWFwcy5wbGFjZXMudjEuUGxhY2VzLkdldFBsYWNlEAIYBCAA,0.4456767,102.0949495,SUCCESS,FIRST_RESULT,2026-09-25T07:34:15.695401+00:00,,
Istana Rokan,"Kabupaten Rokan Hulu, Riau",Istana,ChIJ2R4XwUTYKjARMLqkhcgys5g,Istana Raja Rokan قصر سلطنة ركان,"HC84+RR6, Rokan Koto Ruang, Rokan IV Koto, Rokan Hulu Regency, Riau 28555, Indonesia",4.4,156.0,https://maps.google.com/?cid=11003194151413266992&g_mp=CiVnb29nbGUubWFwcy5wbGFjZXMudjEuUGxhY2VzLkdldFBsYWNlEAIYBCAA,0.5670406,100.4070276,SUCCESS,FIRST_RESULT,2026-09-25T07:34:16.472407+00:00,,
Istana Maimun,"Kota Medan, Sumatera Utara",Istana,ChIJWdQggUkwMTAR5FfxVEYJD8g,Istana Maimun,"Istana Maimun, A U R, Kec. Medan Maimun, Kota Medan, Sumatera Utara 20212, Indonesia",,,https://maps.google.com/?cid=14415751129913710564&g_mp=CiVnb29nbGUubWFwcy5wbGFjZXMudjEuUGxhY2VzLkdldFBsYWNlEAIYBCAA,3.5751606,98.6845138,SUCCESS,FIRST_RESULT,2026-09-25T07:34:17.168385+00:00,,
Istana Mande Rubiah,"Kabupaten Pesisir Selatan, Sumatera Barat",Istana,ChIJkznEooVvLS4RHtPgEfJhaAw,Rumah Mande Rubiah,"Lunang, South Pesisir Regency, West Sumatra 25674, Indonesia",4.6,121.0,https://maps.google.com/?cid=894072218342970142&g_mp=CiVnb29nbGUubWFwcy5wbGFjZXMudjEuUGxhY2VzLkdldFBsYWNlEAIYBCAA,-2.252197,101.1264927,SUCCESS,FIRST_RESULT,2026-09-25T07:34:17.729159+00:00,,
Istana Cilegon,"Kota Cilegon, Banten",Istana,ChIJ6zst4oOPQS4R3dNj8BjeYo8,Istana Pasir Cilegon,"X279+8XX, Lebakdenok, Citangkil, Cilegon, Banten 42442, Indonesia",4.1,363.0,https://maps.google.com/?cid=10332064693834994653&g_mp=CiVnb29nbGUubWFwcy5wbGFjZXMudjEuUGxhY2VzLkdldFBsYWNlEAIYBCAA,-6.036633699999999,106.0199926,SUCCESS,FIRST_RESULT,2026-09-25T07:34:18.511638+00:00,,
Keraton Mataram,"Kabupaten Wonosobo, Jawa Tengah",Istana,ChIJlQhsmaBXei4R3603t_lF-yI,Kompleks Keraton Mataram Pleret,"Jl. Kauman No.34, Kauman, Pleret, Kec. Pleret, Kabupaten Bantul, Daerah Istimewa Yogyakarta 55791, Indonesia",4.4,5.0,https://maps.google.com/?cid=2520685355266977247&g_mp=CiVnb29nbGUubWFwcy5wbGFjZXMudjEuUGxhY2VzLkdldFBsYWNlEAIYBCAA,-7.8662208,110.4063232,SUCCESS,FIRST_RESULT,2026-09-25T07:34:19.221407+00:00,,
Istana Mataram,"Kabupaten Madiun, Jawa Timur",Istana,ChIJhSDOA-RKeC4RNGIReMc3N24,OYO 1984 Hotel Istana Family Syariah,"Jl. Raya Madiun - Surabaya No.Km.1, Sanggrahan, Kedondong, Kec. Bagor, Kabupaten Nganjuk, Jawa Timur 64461, Indonesia",3.5,584.0,https://maps.google.com/?cid=7941877797743583796&g_mp=CiVnb29nbGUubWFwcy5wbGFjZXMudjEuUGxhY2VzLkdldFBsYWNlEAIYBCAA,-7.5898381,111.8868846,SUCCESS,FIRST_RESULT,2026-09-25T07:34:19.968704+00:00,,
Keraton Bumi Kencana Martapura,"Kabupaten Banjar, Kalimantan Selatan",Istana,ChIJvdbTS5Aq5C0RlWl0KoNeWVo,Makam Pangeran MuhammadNur Bumi Kencana,"Tambak Anyar Ulu, Kec. Martapura Tim., Kabupaten Banjar, Kalimantan Selatan 70619, Indonesia",4.3,8.0,https://maps.google.com/?cid=6510338653786761621&g_mp=CiVnb29nbGUubWFwcy5wbGFjZXMudjEuUGxhY2VzLkdldFBsYWNlEAIYBCAA,-3.3859354,114.8703083,SUCCESS,FIRST_RESULT,2026-09-25T07:34:20.717140+00:00,,
Istana Gebang,"Kota Blitar, Jawa Timur",Istana,ChIJRRn0rW_seC4RIHuX6cm2HkA,Istana Gebang Blitar,"Jl. Sultan Agung No.59, Sananwetan, Kec. Sananwetan, Kota Blitar, Jawa Timur 66137, Indonesia",4.6,4993.0,https://maps.google.com/?cid=4620331246052408096&g_mp=CiVnb29nbGUubWFwcy5wbGFjZXMudjEuUGxhY2VzLkdldFBsYWNlEAIYBCAA,-8.0982156,112.1762678,SUCCESS,FIRST_RESULT,2026-09-25T07:34:21.226685+00:00,,
Kompleks Istana Balla Lompoa,"Kabupaten Gowa, Sulawesi Selatan",Istana,ChIJUyYblCXivi0R3hCr1lbjR1s,Balla Lompoa Museum,"Jl. K. H. Wahid Hasyim No.39, Sungguminasa, Kec. Somba Opu, Kabupaten Gowa, Sulawesi Selatan 92111, Indonesia",4.5,2295.0,https://maps.google.com/?cid=6577475742906126558&g_mp=CiVnb29nbGUubWFwcy5wbGFjZXMudjEuUGxhY2VzLkdldFBsYWNlEAIYBCAA,-5.207177,119.45246799999998,SUCCESS,FIRST_RESULT,2026-09-25T07:34:21.759015+00:00,,
Keraton Sumenep,"Kabupaten Sumenep, Jawa Timur",Istana,ChIJd8dwESvk2S0RzbOjIcZMLDk,Sumenep Palace Museum,"XVR8+32M, Jl. Dr. Sutomo No.6, Lingkungan Delama, Pajagalan, Kec. Kota Sumenep, Kabupaten Sumenep, Jawa Timur 69416, Indonesia",4.6,2301.0,https://maps.google.com/?cid=4119752172988773325&g_mp=CiVnb29nbGUubWFwcy5wbGFjZXMudjEuUGxhY2VzLkdldFBsYWNlEAIYBCAA,-7.008117599999999,113.8628659,SUCCESS,FIRST_RESULT,2026-09-25T07:34:22.317710+00:00,,
Keraton Ratu Boko,Yogyakarta,Istana,ChIJRf5U05Jaei4RW_l2RPFEPxU,Keraton Ratu Boko,"Jl. Ratu Boko No.2, Gatak, Bokoharjo, Kec. Prambanan, Kabupaten Sleman, Daerah Istimewa Yogyakarta 55572, Indonesia",4.7,16110.0,https://maps.google.com/?cid=1531018201355712859&g_mp=CiVnb29nbGUubWFwcy5wbGFjZXMudjEuUGxhY2VzLkdldFBsYWNlEAIYBCAA,-7.770568300000001,110.4861422,SUCCESS,FIRST_RESULT,2026-09-25T07:34:22.774863+00:00,,
Istana Bogor,"Kota Bogor, Jawa Barat",Istana,ChIJzZZxLcbFaS4RJms1A9iKcrk,Bogor Palace,"Istana Bogor, Jl. Ir. H. Juanda, RT.04/RW.01, Palédang, Bogor Tengah, Bogor, Kecamatan Bogor Tengah, Kota Bogor, Jawa Kulon 16122, Indonesia",,,https://maps.google.com/?cid=13362895704733084454&g_mp=CiVnb29nbGUubWFwcy5wbGFjZXMudjEuUGxhY2VzLkdldFBsYWNlEAIYBCAA,-6.5980046,106.7974666,SUCCESS,FIRST_RESULT,2026-09-25T07:34:23.490639+00:00,,
Istana Presiden Cipanas,"Kabupaten Cianjur, Jawa Barat",Istana,ChIJAQAAAIS0aS4RWw0YoGp-xHw,Cipanas Presidential Palace,"Jl. Raya Cipanas No.105, Cipanas, Kec. Cipanas, Kabupaten Cianjur, Jawa Barat 43253, Indonesia",4.7,4493.0,https://maps.google.com/?cid=8990449752555916635&g_mp=CiVnb29nbGUubWFwcy5wbGFjZXMudjEuUGxhY2VzLkdldFBsYWNlEAIYBCAA,-6.7335652,107.0410261,SUCCESS,FIRST_RESULT,2026-09-25T07:34:24.246332+00:00,,
Keraton Kaibon,"Kota Serang, Banten",Istana,ChIJax4cbC3zQS4RVX3NmpTk3o0,Kaibon Palace,"Kasunyatan, 42191 Kesemen, Serang, Indonesia, X546+H9C, Jl. Raya, Kasunyatan, Kasemen, Serang City, Banten 42191, Indonesia",4.5,2372.0,https://maps.google.com/?cid=10222859531081055573&g_mp=CiVnb29nbGUubWFwcy5wbGFjZXMudjEuUGxhY2VzLkdldFBsYWNlEAIYBCAA,-6.0430556,106.16,SUCCESS,FIRST_RESULT,2026-09-25T07:34:24.793718+00:00,,
Keraton Surosowan,"Kota Serang, Banten",Istana,ChIJY4wkT8aNQS4RyJue-S7hIiU,Keraton Surosowan,"X564+GRP, Jl. Masjid Agung Banten, Banten, Kec. Kasemen, Kota Serang, Banten 42191, Indonesia",4.7,1155.0,https://maps.google.com/?cid=2675948720484162504&g_mp=CiVnb29nbGUubWFwcy5wbGFjZXMudjEuUGxhY2VzLkdldFBsYWNlEAIYBCAA,-6.0386699,106.1570776,SUCCESS,FIRST_RESULT,2026-09-25T07:34:25.537820+00:00,,
Istana Air Taman Sari,Yogyakarta,Istana,ChIJ_wJqNvNXei4RwRPQcVxLFcs,Gedhong Gapura Hageng Istana Air Taman Sari - ꦒꦥꦸꦫꦠꦩꦤ꧀ꦱꦫꦶ,"59R5+2CF, Patehan, Kraton, Yogyakarta City, Special Region of Yogyakarta 55133, Indonesia",4.6,25.0,https://maps.google.com/?cid=14633685424628831169&g_mp=CiVnb29nbGUubWFwcy5wbGFjZXMudjEuUGxhY2VzLkdldFBsYWNlEAIYBCAA,-7.809939699999999,110.3585589,SUCCESS,FIRST_RESULT,2026-09-25T07:34:26.037695+00:00,,
Istana Kamali Bata,Sulawesi Tenggara,Istana,ChIJ0RhaLTRxpC0Rh1E2mle3cHs,"Museum Istana Kamali Baadia, Pusat Kebudayaan Wolio","GJ92+PWR, Baadia, Murhum, Bau-Bau City, South East Sulawesi 93711, Indonesia",4.5,26.0,https://maps.google.com/?cid=8894810850934018439&g_mp=CiVnb29nbGUubWFwcy5wbGFjZXMudjEuUGxhY2VzLkdldFBsYWNlEAIYBCAA,-5.480647299999999,122.6022593,SUCCESS,FIRST_RESULT,2026-09-25T07:34:26.746988+00:00,,
Istana Kamali Kara,Sulawesi Tenggara,Istana,ChIJ0RhaLTRxpC0Rh1E2mle3cHs,"Museum Istana Kamali Baadia, Pusat Kebudayaan Wolio","GJ92+PWR, Baadia, Murhum, Bau-Bau City, South East Sulawesi 93711, Indonesia",4.5,26.0,https://maps.google.com/?cid=8894810850934018439&g_mp=CiVnb29nbGUubWFwcy5wbGFjZXMudjEuUGxhY2VzLkdldFBsYWNlEAIYBCAA,-5.480647299999999,122.6022593,SUCCESS,FIRST_RESULT,2026-09-25T07:34:27.452413+00:00,,
Istana Malige,Sulawesi Tenggara,Istana,ChIJC3SYaJV2pC0RGZ7R4E9chhw,Istana Malige,"Jl. Jenderal Sudirman, Tomba, Kec. Wolio, Kota Bau-Bau, Sulawesi Tenggara 93717, Indonesia",4.5,97.0,https://maps.google.com/?cid=2055431778085215769&g_mp=CiVnb29nbGUubWFwcy5wbGFjZXMudjEuUGxhY2VzLkdldFBsYWNlEAIYBCAA,-5.457150599999999,122.6067859,SUCCESS,FIRST_RESULT,2026-09-26T17:13:16.902521+00:00,,
Istana Kamali Baadia,Sulawesi Tenggara,Istana,ChIJ0RhaLTRxpC0Rh1E2mle3cHs,"Museum Istana Kamali Baadia, Pusat Kebudayaan Wolio","GJ92+PWR, Baadia, Murhum, Bau-Bau City, South East Sulawesi 93711, Indonesia",4.5,26.0,https://maps.google.com/?cid=8894810850934018439&g_mp=CiVnb29nbGUubWFwcy5wbGFjZXMudjEuUGxhY2VzLkdldFBsYWNlEAIYBCAA,-5.480647299999999,122.6022593,SUCCESS,FIRST_RESULT,2026-09-25T07:34:28.176571+00:00,,
Keraton Kaprabonan,Jawa Barat,Istana,ChIJOYsb433ibi4RTyc1ct_TAHI,Kaprabonan Palace,"Jl. Lemahwungkuk, Lemahwungkuk, Kec. Lemahwungkuk, Kota Cirebon, Jawa Barat 45111, Indonesia",4.5,95.0,https://maps.google.com/?cid=8214798676971038543&g_mp=CiVnb29nbGUubWFwcy5wbGFjZXMudjEuUGxhY2VzLkdldFBsYWNlEAIYBCAA,-6.721337300000001,108.56926860000002,SUCCESS,FIRST_RESULT,2026-09-25T07:34:28.648921+00:00,,
Keraton Kacirebonan,Jawa Barat,Istana,ChIJq6qqam_ibi4RWtE2MmPxzd0,Kacirebonan Palace,"Jl. Pulasaren No.51 B, Pulasaren, Kec. Pekalipan, Kota Cirebon, Jawa Barat 45116, Indonesia",4.6,2297.0,https://maps.google.com/?cid=15982696060954267994&g_mp=CiVnb29nbGUubWFwcy5wbGFjZXMudjEuUGxhY2VzLkdldFBsYWNlEAIYBCAA,-6.725252299999999,108.5653714,SUCCESS,FIRST_RESULT,2026-09-26T17:13:17.157057+00:00,,
Keraton Kanoman,Jawa Barat,Istana,ChIJq6qq6l3ibi4Rhwn41cMUy7U,Keraton Kanoman,"Jl. Kanoman No.40, Lemahwungkuk, Kec. Lemahwungkuk, Kota Cirebon, Jawa Barat 45111, Indonesia",4.5,3682.0,https://maps.google.com/?cid=13099586772478200199&g_mp=CiVnb29nbGUubWFwcy5wbGFjZXMudjEuUGxhY2VzLkdldFBsYWNlEAIYBCAA,-6.7223931,108.567824,SUCCESS,FIRST_RESULT,2026-09-26T17:13:17.390439+00:00,,
Keraton Kasepuhan,Jawa Barat,Istana,ChIJq6qq6mPibi4RlfEd-8sY6iA,Keraton Kasepuhan,"Jl. Kasepuhan No.43, Kesepuhan, Kec. Lemahwungkuk, Kota Cirebon, Jawa Barat 45114, Indonesia",4.5,17557.0,https://maps.google.com/?cid=2371735418134458773&g_mp=CiVnb29nbGUubWFwcy5wbGFjZXMudjEuUGxhY2VzLkdldFBsYWNlEAIYBCAA,-6.7260285,108.5708692,SUCCESS,FIRST_RESULT,2026-09-25T07:34:29.941135+00:00,,
Keraton Ngayogyakarta,"Kota Yogyakarta, Yogyakarta",Istana,ChIJCZIzpZFXei4R0ABT43Z6AgQ,Kraton,"Kraton, Yogyakarta City, Special Region of Yogyakarta, Indonesia",,,https://maps.google.com/?cid=288927977143730384&g_mp=CiVnb29nbGUubWFwcy5wbGFjZXMudjEuUGxhY2VzLkdldFBsYWNlEAIYBCAA,-7.8090256,110.363649,SUCCESS,FIRST_RESULT,2026-09-26T17:13:17.595600+00:00,,
Keraton Kartasura,"Kabupaten Sukoharjo, Jawa Tengah",Istana,ChIJvcFCFOkUei4Rc4Mm4UNCP2o,Keraton Kartosuro,"CPRR+M43, Dusun II, Ngadirejo, Kec. Kartasura, Kabupaten Sukoharjo, Jawa Tengah 57163, Indonesia",4.5,1245.0,https://maps.google.com/?cid=7655910750860772211&g_mp=CiVnb29nbGUubWFwcy5wbGFjZXMudjEuUGxhY2VzLkdldFBsYWNlEAIYBCAA,-7.5583608,110.7403039,SUCCESS,FIRST_RESULT,2026-09-25T07:34:30.525696+00:00,,
Keraton Sultan Bacan Labuha,"Kabupaten Halmahera Selatan, Maluku Utara",Istana,ChIJg39NNIY6Yy0RQPNbvPI28h0,Bacan Sultanate Palace,"9FFH+J32, Amasing Kota, Bacan, South Halmahera Regency, North Maluku, Indonesia",4.7,18.0,https://maps.google.com/?cid=2157847587634017088&g_mp=CiVnb29nbGUubWFwcy5wbGFjZXMudjEuUGxhY2VzLkdldFBsYWNlEAIYBCAA,-0.6259977,127.4776496,SUCCESS,FIRST_RESULT,2026-09-26T17:13:17.844776+00:00,,
Kuil Shri Mariamman,"Kota Medan, Sumatera Utara",Kuil,ChIJaexxOdQxMTARt3BU1MPMyK0,Mariamman Temple,"Jl. Teuku Umar No.18, Petisah Tengah, Kec. Medan Petisah, Kota Medan, Sumatera Utara 20151, Indonesia",4.6,1004.0,https://maps.google.com/?cid=12522483905356656823&g_mp=CiVnb29nbGUubWFwcy5wbGFjZXMudjEuUGxhY2VzLkdldFBsYWNlEAIYBCAA,3.583902,98.671177,SUCCESS,FIRST_RESULT,2026-09-25T07:34:31.946157+00:00,,
Makam Para Ulama,"Kabupaten Pidie, Aceh",Makam,ChIJaTAZZwCTQDARraNRGJVLXpM,Makam Ulama,"9W7M+465, West Kampung, Pidie, Pidie Regency, Aceh 24151, Indonesia",,,https://maps.google.com/?cid=10619008075116422061&g_mp=CiVnb29nbGUubWFwcy5wbGFjZXMudjEuUGxhY2VzLkdldFBsYWNlEAIYBCAA,5.3628013,95.9321569,SUCCESS,FIRST_RESULT,2026-09-26T17:13:18.062622+00:00,,
Makam Mbah Raden,"Kabupaten Nganjuk, Jawa Timur",Makam,ChIJpfnHeFk1eC4RoXCKE45H6EI,Makam Mbah Raden,"FWF5+JVG, Talang, Kec. Rejoso, Kabupaten Nganjuk, Jawa Timur 64453, Indonesia",5.0,2.0,https://maps.google.com/?cid=4821182076638884001&g_mp=CiVnb29nbGUubWFwcy5wbGFjZXMudjEuUGxhY2VzLkdldFBsYWNlEAIYBCAA,-7.5259354,111.9096991,SUCCESS,FIRST_RESULT,2026-09-26T17:13:18.301184+00:00,,
Makam Kanjeng Jimat,"Kabupaten Nganjuk, Jawa Timur",Makam,ChIJeynvxYFNeC4Rj6SdGXBbXGk,Makam Kanjeng Djimat,"8VQ8+X3W, Gerekan, Kacangan, Kec. Berbek, Kabupaten Nganjuk, Jawa Timur 64473, Indonesia",4.9,25.0,https://maps.google.com/?cid=7592043608864040079&g_mp=CiVnb29nbGUubWFwcy5wbGFjZXMudjEuUGxhY2VzLkdldFBsYWNlEAIYBCAA,-7.660012999999999,111.8652056,SUCCESS,FIRST_RESULT,2026-09-26T17:13:18.529649+00:00,,
Makam Batuampar,"Kabupaten Pamekasan, Jawa Timur",Makam,ChIJZX2rVTEr2C0RDrCDp1sq5MA,Makam Wali Batu Ampar Barat,"Dusun Batu Ampar, Pangbatok, Kec. Proppo, Kabupaten Pamekasan, Jawa Timur 69363, Indonesia",4.4,153.0,https://maps.google.com/?cid=13899280923113009166&g_mp=CiVnb29nbGUubWFwcy5wbGFjZXMudjEuUGxhY2VzLkdldFBsYWNlEAIYBCAA,-7.098096699999999,113.3764845,SUCCESS,FIRST_RESULT,2026-09-25T07:34:33.988727+00:00,,
Makam Kyai Ratoh Sumber Anyar,"Kabupaten Pamekasan, Jawa Timur",Makam,ChIJ1VbC91J_1y0Rgt-IkTJizc8,Asta Kiai Zubair Sumber Anyar,"Berlancar, QFM8+2P3, Jl. Sumber Anyar, Taman Dua, Larangan Tokol, Kec. Tlanakan, Kabupaten Pamekasan, Jawa Timur 69371, Indonesia",5.0,1.0,https://maps.google.com/?cid=14973732305406320514&g_mp=CiVnb29nbGUubWFwcy5wbGFjZXMudjEuUGxhY2VzLkdldFBsYWNlEAIYBCAA,-7.2174828,113.4667855,SUCCESS,FIRST_RESULT,2026-09-26T17:13:18.802289+00:00,,
Kuburan Madegan,"Kabupaten Sampang, Jawa Timur",Makam,ChIJZbQ1IVGG1y0R0dXdVW_wAAU,MASJID JAMIK MADEGAN - POLAGAN - SAMPANG,"Q6RJ+QXF, Rw. II, Polagan, Kec. Sampang, Kabupaten Sampang, Jawa Timur 69216, Indonesia",4.6,64.0,https://maps.google.com/?cid=360552331162277329&g_mp=CiVnb29nbGUubWFwcy5wbGFjZXMudjEuUGxhY2VzLkdldFBsYWNlEAIYBCAA,-7.2080502,113.2324323,SUCCESS,FIRST_RESULT,2026-09-26T17:13:19.057975+00:00,,
Pasarean Syech Maulana Ishaq,"Kabupaten Situbondo, Jawa Timur",Makam,ChIJrwxIbjQp1y0RngtkOoq-dzM,Pesarean Syekh Maulana Ishaq,"72M6+QPH, Kotakan Utara, Kotakan, Kec. Situbondo, Kabupaten Situbondo, Jawa Timur 68351, Indonesia",4.9,8.0,https://maps.google.com/?cid=3708642319057292190&g_mp=CiVnb29nbGUubWFwcy5wbGFjZXMudjEuUGxhY2VzLkdldFBsYWNlEAIYBCAA,-7.715566099999998,114.0118515,SUCCESS,FIRST_RESULT,2026-09-26T17:13:19.287840+00:00,,
Pasarean Agung Saifudin,"Kabupaten Situbondo, Jawa Timur",Makam,ChIJAQBAWbcf1y0RAfvbYrteucs,Asta / Pesarian Aba Agung Sahwan,"6PXG+7W4, Jl. Bondowoso, Buduan, Kec. Suboh, Kabupaten Situbondo, Jawa Timur 68354, Indonesia",5.0,2.0,https://maps.google.com/?cid=14679868619301321473&g_mp=CiVnb29nbGUubWFwcy5wbGFjZXMudjEuUGxhY2VzLkdldFBsYWNlEAIYBCAA,-7.751852899999999,113.7273383,SUCCESS,FIRST_RESULT,2026-09-26T17:13:19.497275+00:00,,
Makam Raden Tjondrokusumo,"Kabupaten Situbondo, Jawa Timur",Makam,ChIJDwEgBgAr0S0RXYrSxU1k5SE,Makam Raden Condro Kusomo,"656R+FH5, Area Hutan, Mojosari, Kec. Asembagus, Kabupaten Situbondo, Jawa Timur 68373, Indonesia",,,https://maps.google.com/?cid=2442468658112531037&g_mp=CiVnb29nbGUubWFwcy5wbGFjZXMudjEuUGxhY2VzLkdldFBsYWNlEAIYBCAA,-7.7888522,114.1914951,SUCCESS,FIRST_RESULT,2026-09-25T07:34:36.235748+00:00,,
Petilasan Syekh Maulana Ishaq,"Kabupaten Situbondo, Jawa Timur",Makam,ChIJw95J9wQk1y0RJPzD8NygA6Y,Maqom Syeh Maulana Ishaq,"8V99+J56, Kembangsambi, Pasir Putih, Kec. Bungatan, Kabupaten Situbondo, Jawa Timur 68358, Indonesia",4.6,33.0,https://maps.google.com/?cid=11962581906018794532&g_mp=CiVnb29nbGUubWFwcy5wbGFjZXMudjEuUGxhY2VzLkdldFBsYWNlEAIYBCAA,-7.6809736,113.867878,SUCCESS,FIRST_RESULT,2026-09-26T17:13:19.713014+00:00,,
Makam Masjid Kuno Kuncen,"Kabupaten Madiun, Jawa Timur",Makam,ChIJq2Zxy9e9eS4RwIQ2mUGijPg,makam kuno Kuncen madiun,"8GV7+8JF, Kuncen, Madiun, Madiun City, East Java 63135, Indonesia",4.5,28.0,https://maps.google.com/?cid=17909868220772680896&g_mp=CiVnb29nbGUubWFwcy5wbGFjZXMudjEuUGxhY2VzLkdldFBsYWNlEAIYBCAA,-7.6566918,111.5140518,SUCCESS,FIRST_RESULT,2026-09-26T17:13:19.965310+00:00,,
Makam Ke Pate Alos,"Kabupaten Situbondo, Jawa Timur",Makam,ChIJ0Vvn7_sf1y0RCY1yvdQS5GY,Makam Raden Bagus Kosim Wirodipuro 1 (Kyai Pate Alos),"Jl. Jokotole No.Gg.1, Besuki, Kec. Besuki, Kabupaten Situbondo, Jawa Timur 68356, Indonesia",5.0,10.0,https://maps.google.com/?cid=7414071591479446793&g_mp=CiVnb29nbGUubWFwcy5wbGFjZXMudjEuUGxhY2VzLkdldFBsYWNlEAIYBCAA,-7.733319099999999,113.684965,SUCCESS,FIRST_RESULT,2026-09-26T17:13:20.202031+00:00,,
Makam Syeh Maulana Ibrahim Asmaraqandi,"Kabupaten Tuban, Jawa Timur",Makam,ChIJgWGDeRqWdy4Rtwn8qYSbu8o,Tomb of Syekh Ibrahim Asmoroqondi,"Jl. Raya Daendles, Rembes, Gesikharjo, Kec. Palang, Kabupaten Tuban, Jawa Timur 62391, Indonesia",4.6,922.0,https://maps.google.com/?cid=14608440810396191159&g_mp=CiVnb29nbGUubWFwcy5wbGFjZXMudjEuUGxhY2VzLkdldFBsYWNlEAIYBCAA,-6.9057226,112.1274048,SUCCESS,FIRST_RESULT,2026-09-26T17:13:20.464691+00:00,,
Makam Sunan Bejagung Lor,"Kabupaten Tuban, Jawa Timur",Makam,ChIJ9eRj1-2Xdy4RWpWZgvCW6aw,Makam Syaikh Abdulloh Asy'ari Sunan Bejagung Lor,"33P6+7PW, Krajan, Bejagung, Kec. Semanding, Kabupaten Tuban, Jawa Timur 62381, Indonesia",4.6,87.0,https://maps.google.com/?cid=12459655803824608602&g_mp=CiVnb29nbGUubWFwcy5wbGFjZXMudjEuUGxhY2VzLkdldFBsYWNlEAIYBCAA,-6.9142508,112.0618156,SUCCESS,FIRST_RESULT,2026-09-26T17:13:20.717551+00:00,,
Makam Sunan Bejagung Kidul,"Kabupaten Tuban, Jawa Timur",Makam,ChIJKZKF1tCXdy4RPY-tV3mkzi4,Makam Sunan Bejagung Kidul,"33J5+PMJ, Bejagung Kidul, Bejagung, Kec. Semanding, Kabupaten Tuban, Jawa Timur 62381, Indonesia",4.9,21.0,https://maps.google.com/?cid=3372814012016070461&g_mp=CiVnb29nbGUubWFwcy5wbGFjZXMudjEuUGxhY2VzLkdldFBsYWNlEAIYBCAA,-6.918172299999999,112.0591541,SUCCESS,FIRST_RESULT,2026-09-26T17:13:20.958025+00:00,,
Makam Syekh Achmad Cholil,"Kabupaten Tuban, Jawa Timur",Makam,ChIJLwMjrkekdy4R6bBTmEsl2J8,The Tomb of Sheikh Ahmad Kholil,"6X4H+7C7, Rawasan, Kec. Jenu, Kabupaten Tuban, Jawa Timur 62352, Indonesia",4.7,22.0,https://maps.google.com/?cid=11517997053608440041&g_mp=CiVnb29nbGUubWFwcy5wbGFjZXMudjEuUGxhY2VzLkdldFBsYWNlEAIYBCAA,-6.7943346,111.9785319,SUCCESS,FIRST_RESULT,2026-09-25T07:34:39.355607+00:00,,
Makam Sunan Gesing,"Kabupaten Tuban, Jawa Timur",Makam,ChIJ7w1-kLSWdy4RkM2Ow5eQj44,Sunan Geseng,"24GF+996, Krajan, Gesing, Kec. Semanding, Kabupaten Tuban, Jawa Timur 62381, Indonesia",4.7,83.0,https://maps.google.com/?cid=10272588256550768016&g_mp=CiVnb29nbGUubWFwcy5wbGFjZXMudjEuUGxhY2VzLkdldFBsYWNlEAIYBCAA,-6.9740899,112.1233924,SUCCESS,FIRST_RESULT,2026-09-26T17:13:21.223713+00:00,,
Makam Syekh Subakir,"Kabupaten Tuban, Jawa Timur",Makam,ChIJw2OFM2-mdy4R7lNKm5DP-YM,Shekh Subakir Tomb,"6WGM+VQ8, Awar Awar, Tasikharjo, Kec. Jenu, Kabupaten Tuban, Jawa Timur 62352, Indonesia",4.7,148.0,https://maps.google.com/?cid=9509860308157092846&g_mp=CiVnb29nbGUubWFwcy5wbGFjZXMudjEuUGxhY2VzLkdldFBsYWNlEAIYBCAA,-6.7728396,111.9344391,SUCCESS,FIRST_RESULT,2026-09-26T17:13:21.436083+00:00,,
Makam Kuno Mbah Wassil,"Kota Kediri, Jawa Timur",Makam,ChIJC1XqXxdXeC4RQ34cs70cyS0,"Tomb of Sheikh Al Washil Syamsudin, Mbah Wasil Setono Gedong","Jl. Angsa No.25, Setono Gedong, Kec. Kota, Kota Kediri, Jawa Timur 64129, Indonesia",4.8,387.0,https://maps.google.com/?cid=3299199803104984643&g_mp=CiVnb29nbGUubWFwcy5wbGFjZXMudjEuUGxhY2VzLkdldFBsYWNlEAIYBCAA,-7.8161502,112.0114816,SUCCESS,FIRST_RESULT,2026-09-26T17:13:21.672249+00:00,,
Makam Sunan Ampel,"Kota Surabaya, Jawa Timur",Makam,ChIJJ7Pwmoj51y0Rl_BGBeLXGlY,Tomb of Sunan Ampel,"Jl. Ampel Blumbang No.2 A, Ampel, Kec. Semampir, Surabaya, Jawa Timur 60151, Indonesia",4.8,2788.0,https://maps.google.com/?cid=6204508802407395479&g_mp=CiVnb29nbGUubWFwcy5wbGFjZXMudjEuUGxhY2VzLkdldFBsYWNlEAIYBCAA,-7.229851099999999,112.7425029,SUCCESS,FIRST_RESULT,2026-09-26T17:13:21.922141+00:00,,
Makam Datu Kayan,"Kabupaten Barito Kuala, Kalimantan Selatan",Makam,ChIJs76XlNci5C0RsbLqu5m4u_c,Makam Syekh Abdurrahman Siddiq,"PHMC+H3P, Berangas, Alalak, Barito Kuala Regency, South Kalimantan 70126, Indonesia",4.7,32.0,https://maps.google.com/?cid=17851064518435320497&g_mp=CiVnb29nbGUubWFwcy5wbGFjZXMudjEuUGxhY2VzLkdldFBsYWNlEAIYBCAA,-3.26604,114.5702051,SUCCESS,FIRST_RESULT,2026-09-26T17:13:22.136459+00:00,,
Makam Sunan Bonang,"Kabupaten Tuban, Jawa Timur",Makam,ChIJ-2owqN0hdy4Rc6JvrNQxJFY,Pilgrimage Site of Sunan Bonang’s Tomb,"Jl. Sunan Bonang No.Km.4, Bonang, Kec. Lasem, Kabupaten Rembang, Jawa Tengah 59271, Indonesia",4.7,1029.0,https://maps.google.com/?cid=6207140975919211123&g_mp=CiVnb29nbGUubWFwcy5wbGFjZXMudjEuUGxhY2VzLkdldFBsYWNlEAIYBCAA,-6.8947023,112.0633318,SUCCESS,FIRST_RESULT,2026-09-26T17:13:22.367230+00:00,,
Makam Datu Aminin,"Kabupaten Barito Kuala, Kalimantan Selatan",Makam,ChIJH_WXj4kj5C0Rl9Qa-cRnkn0,Makam Pahlawan Datu Gusti Aminin,"Jl. Desa Pulau Sugara No.15, Berangas, Kec. Alalak, Kabupaten Barito Kuala, Kalimantan Selatan 70582, Indonesia",3.7,6.0,https://maps.google.com/?cid=9048408697031283863&g_mp=CiVnb29nbGUubWFwcy5wbGFjZXMudjEuUGxhY2VzLkdldFBsYWNlEAIYBCAA,-3.2601234,114.5658947,SUCCESS,FIRST_RESULT,2026-09-25T07:34:42.131932+00:00,,
Makam Masjid Kuno Taman,"Kabupaten Madiun, Jawa Timur",Makam,ChIJn56f-GG-eS4REne52F3CtqU,Makam Kuno Taman Kota Madiun,"9G6F+32J, Taman, Madiun City, East Java 63131, Indonesia",4.9,17.0,https://maps.google.com/?cid=11940945170343229202&g_mp=CiVnb29nbGUubWFwcy5wbGFjZXMudjEuUGxhY2VzLkdldFBsYWNlEAIYBCAA,-7.639792,111.5225115,SUCCESS,FIRST_RESULT,2026-09-26T17:13:22.607008+00:00,,
Makam Dewi Sekardadu,"Kabupaten Lamongan, Jawa Timur",Makam,ChIJH12QXx_1dy4RQjZ9PWG4bdw,Makam Dewi Sekardadu,"Jl. Ronggo Hadi No.8, Jaledriasri, Gondang Lor, Kec. Sugio, Kabupaten Lamongan, Jawa Timur 62256, Indonesia",5.0,2.0,https://maps.google.com/?cid=15883554188588561986&g_mp=CiVnb29nbGUubWFwcy5wbGFjZXMudjEuUGxhY2VzLkdldFBsYWNlEAIYBCAA,-7.1999716000000005,112.2661191,SUCCESS,FIRST_RESULT,2026-09-26T17:13:22.821381+00:00,,
Makam Ki Ageng Trenggonokusumo,"Kabupaten Temanggung, Jawa Tengah",Makam,ChIJDyKuCLxxcC4R9NVx2yd1ZMM,Makam Raden Trenggono Kusumo Muneng,"R39F+XV7, Jl. Desa Muneng, Hutan, Muneng, Kec. Candiroto, Kabupaten Temanggung, Jawa Tengah 56193, Indonesia",4.7,57.0,https://maps.google.com/?cid=14079507149112858100&g_mp=CiVnb29nbGUubWFwcy5wbGFjZXMudjEuUGxhY2VzLkdldFBsYWNlEAIYBCAA,-7.180095000000001,110.0746772,SUCCESS,FIRST_RESULT,2026-09-26T17:13:23.072048+00:00,,
Makam Ssayyid,"Kabupaten Temanggung, Jawa Tengah",Makam,ChIJ2yEerkl3cC4Rw6lrdV7sCoA,Makam SAYYID MANSUR,"Q36X+3J2 Kali Bandung, Hutan & Sawah, Bandunggede, Kec. Kedu, Kabupaten Temanggung, Jawa Tengah 56252, Indonesia",,,https://maps.google.com/?cid=9226446677062953411&g_mp=CiVnb29nbGUubWFwcy5wbGFjZXMudjEuUGxhY2VzLkdldFBsYWNlEAIYBCAA,-7.239873800000001,110.0990235,SUCCESS,FIRST_RESULT,2026-09-26T17:13:23.281640+00:00,,
Makam Ki Ageng Makukuhan,"Kabupaten Temanggung, Jawa Tengah",Makam,ChIJYXoshzN4cC4RbB-aRPz20oI,"The tomb of ""Ki Ageng Makukuhan""","P5F5+QQ4, Jl. Makukuhan, RW.05, Tawangsari, Kedu, Kec. Kedu, Kabupaten Temanggung, Jawa Tengah 56252, Indonesia",4.6,616.0,https://maps.google.com/?cid=9426868533383012204&g_mp=CiVnb29nbGUubWFwcy5wbGFjZXMudjEuUGxhY2VzLkdldFBsYWNlEAIYBCAA,-7.2758827,110.1584659,SUCCESS,FIRST_RESULT,2026-09-26T17:13:23.518198+00:00,,
Makam Syaikhona Muhammad Kholil,"Kabupaten Bangkalan, Jawa Timur",Makam,ChIJE5I8g-YF2C0RRcBRpizteoI,MAKAM SYAIKHONA KHOLIL BANGKALAN,"XP5F+58P, Jl. Mertajasah, Tajasah, Mertajasah, Kec. Bangkalan, Kabupaten Bangkalan, Jawa Timur 69119, Indonesia",4.8,2879.0,https://maps.google.com/?cid=9402087948114051141&g_mp=CiVnb29nbGUubWFwcy5wbGFjZXMudjEuUGxhY2VzLkdldFBsYWNlEAIYBCAA,-7.0420311,112.7233234,SUCCESS,FIRST_RESULT,2026-09-26T17:13:23.734715+00:00,,
Makam Bujuk Cendana,"Kabupaten Bangkalan, Jawa Timur",Makam,ChIJiSFhDgsd2C0RG1puXn3HKnk,Makam Sunan Cendana,"RVR4+F2P, Ketetang, Kec. Kwanyar, Kabupaten Bangkalan, Jawa Timur 69163, Indonesia",4.6,49.0,https://maps.google.com/?cid=8731010168880257563&g_mp=CiVnb29nbGUubWFwcy5wbGFjZXMudjEuUGxhY2VzLkdldFBsYWNlEAIYBCAA,-7.158796,112.8550829,SUCCESS,FIRST_RESULT,2026-09-25T07:34:44.970555+00:00,,
Makam Raja-Raja Bangkalan,"Kabupaten Bangkalan, Jawa Timur",Makam,ChIJLbCu8M4F2C0RwGh4AMyIAQY,Makam KH. Abdussalam (Raja Sultan),"XQ2M+9Q2, Pancar, Burneh, Kec. Burneh, Kabupaten Bangkalan, Jawa Timur 69121, Indonesia",5.0,3.0,https://maps.google.com/?cid=432777448966875328&g_mp=CiVnb29nbGUubWFwcy5wbGFjZXMudjEuUGxhY2VzLkdldFBsYWNlEAIYBCAA,-7.0491712,112.7837375,SUCCESS,FIRST_RESULT,2026-09-26T17:13:23.959317+00:00,,
Makam Wali Kidangan,"Kabupaten Bojonegoro, Jawa Timur",Makam,ChIJVVVVFT96dy4Rk4k4eNs5wTs,Makam Wali Kidangan,"Sukorejo, WP5Q+2HG, Malo, Hutan, Perairan, Bojonegoro, Kabupaten Bojonegoro, Jawa Timur 62153, Indonesia",4.4,122.0,https://maps.google.com/?cid=4305786333520497043&g_mp=CiVnb29nbGUubWFwcy5wbGFjZXMudjEuUGxhY2VzLkdldFBsYWNlEAIYBCAA,-7.0924362,111.7389406,SUCCESS,FIRST_RESULT,2026-09-26T17:13:24.177398+00:00,,
Makam Buyut Dalem,"Kabupaten Bojonegoro, Jawa Timur",Makam,ChIJ____PyeCdy4R6s5CZGCL61E,Makam Buyut Dalem,"RVXP+P4R, Jl. Dewi Sartika, Bojonegoro, Kadipaten, Kec. Bojonegoro, Kabupaten Bojonegoro, Jawa Timur 62111, Indonesia",4.5,8.0,https://maps.google.com/?cid=5902964982714388202&g_mp=CiVnb29nbGUubWFwcy5wbGFjZXMudjEuUGxhY2VzLkdldFBsYWNlEAIYBCAA,-7.1506477,111.8852679,SUCCESS,FIRST_RESULT,2026-09-26T17:13:24.401788+00:00,,
Makam Mbah Malang Negoro,"Kabupaten Bojonegoro, Jawa Timur",Makam,ChIJrx5yz8tjdy4RknJm_jkHg3I,"Makam ;mbah malang negoro,hbb abu bakr al 'aidrus","Unnamed Road, RJ95+68C, Mberjo, Ngasinan, Kec. Padangan, Kabupaten Bojonegoro, Jawa Timur 62162, Indonesia",4.1,7.0,https://maps.google.com/?cid=8251446887935537810&g_mp=CiVnb29nbGUubWFwcy5wbGFjZXMudjEuUGxhY2VzLkdldFBsYWNlEAIYBCAA,-7.181946299999999,111.6082533,SUCCESS,FIRST_RESULT,2026-09-26T17:13:24.623785+00:00,,
Makam Dewi Andongsaroli,"Kabupaten Lamongan, Jawa Timur",Makam,ChIJAePXatgheC4RNGsm7xsFuDA,Nyai Dewi Andong Sari,"Jl. Masriah No.01, Area Sawah/ Hutan, Sekidang, Kec. Sambeng, Kabupaten Lamongan, Jawa Timur 62284, Indonesia",4.4,46.0,https://maps.google.com/?cid=3510561527069829940&g_mp=CiVnb29nbGUubWFwcy5wbGFjZXMudjEuUGxhY2VzLkdldFBsYWNlEAIYBCAA,-7.2645284,112.2368156,SUCCESS,FIRST_RESULT,2026-09-26T17:13:24.850920+00:00,,
Makam Maulana Malik Ibrahim,"Kabupaten Gresik, Jawa Timur",Makam,ChIJ_b6cGlAA2C0R3r6UnGsYQE4,Tomb of Sunan Gresik,"Jl. Malik Ibrahim No.52-62, Gapuro Sukolilo, Bedilan, Kec. Gresik, Kabupaten Gresik, Jawa Timur 61119, Indonesia",4.8,2775.0,https://maps.google.com/?cid=5638533583935422174&g_mp=CiVnb29nbGUubWFwcy5wbGFjZXMudjEuUGxhY2VzLkdldFBsYWNlEAIYBCAA,-7.160118799999999,112.6564735,SUCCESS,FIRST_RESULT,2026-09-26T17:13:25.084492+00:00,,
Makam Sunan Prapen,"Kabupaten Gresik, Jawa Timur",Makam,ChIJw9a733IA2C0Rp-zYEsAB_G0,Makam Sunan Prapen,"RJMH+2CH, Jl. Sunan Prapen, Pedukuhan, Kebomas, Kec. Kebomas, Kabupaten Gresik, Jawa Timur 61124, Indonesia",4.6,95.0,https://maps.google.com/?cid=7925211368726785191&g_mp=CiVnb29nbGUubWFwcy5wbGFjZXMudjEuUGxhY2VzLkdldFBsYWNlEAIYBCAA,-7.1674354,112.6285982,SUCCESS,FIRST_RESULT,2026-09-26T17:13:25.330746+00:00,,
Makam Fatimah Binti Maimun,"Kabupaten Gresik, Jawa Timur",Makam,ChIJXwhRnQz-dy4RVly6Ls9Jz1M,Tomb of Siti Fatimah Binti Maimun,"VHJW+25C, Jl. Raya Manyar, Pesantren, Peganden, Kec. Manyar, Kabupaten Gresik, Jawa Timur 61151, Indonesia",4.3,635.0,https://maps.google.com/?cid=6039126779518147670&g_mp=CiVnb29nbGUubWFwcy5wbGFjZXMudjEuUGxhY2VzLkdldFBsYWNlEAIYBCAA,-7.1199467,112.5953859,SUCCESS,FIRST_RESULT,2026-09-26T17:13:25.546314+00:00,,
Makam Kanjeng Sepuh,"Kabupaten Gresik, Jawa Timur",Makam,ChIJ3T2mLKnjdy4RElARyowvk34,Makam Kanjeng Sepuh,"Jl. Kanjeng Sepuh No.#5, Pengulu, Gresik, Kabupaten Gresik, Jawa Timur 61153, Indonesia",4.5,19.0,https://maps.google.com/?cid=9120685952087445522&g_mp=CiVnb29nbGUubWFwcy5wbGFjZXMudjEuUGxhY2VzLkdldFBsYWNlEAIYBCAA,-6.989753,112.563638,SUCCESS,FIRST_RESULT,2026-09-26T17:13:25.764511+00:00,,
Petilasan Sunan Kalijaga,"Kabupaten Gresik, Jawa Timur",Makam,ChIJm2jjPdHndy4Rpoq-DlcfeqM,Petilasan Sunan Kalijogo,"3F92+FQ7, Ketanen, Surowiti, Kec. Panceng, Kabupaten Gresik, Jawa Timur 61156, Indonesia",4.8,11.0,https://maps.google.com/?cid=11779762234110937766&g_mp=CiVnb29nbGUubWFwcy5wbGFjZXMudjEuUGxhY2VzLkdldFBsYWNlEAIYBCAA,-6.9313254,112.4519264,SUCCESS,FIRST_RESULT,2026-09-26T17:13:25.979728+00:00,,
Makam Tan Malaka,"Kabupaten Kediri, Jawa Timur",Makam,ChIJZ4n9NrpVeC4RbN0pQmJ4g5w,Makam Tan Malaka,"RT.03/RW.03, Ledok, Selopanggung, Kec. Semen, Kabupaten Kediri, Jawa Timur 64161, Indonesia",4.8,133.0,https://maps.google.com/?cid=11277990255278021996&g_mp=CiVnb29nbGUubWFwcy5wbGFjZXMudjEuUGxhY2VzLkdldFBsYWNlEAIYBCAA,-7.850316599999999,111.9211376,SUCCESS,FIRST_RESULT,2026-09-26T17:13:26.229254+00:00,,
Makam Gus Miek,"Kabupaten Kediri, Jawa Timur",Makam,ChIJs2RnGaL-eC4RixI1vbn1cW8,Makam KH.Chamim Djazuli (Gus Miek),"Jl. Makam Auliya, Tambak, Ngadi, Kec. Mojo, Kabupaten Kediri, Jawa Timur 64162, Indonesia",4.7,4893.0,https://maps.google.com/?cid=8030469788670431883&g_mp=CiVnb29nbGUubWFwcy5wbGFjZXMudjEuUGxhY2VzLkdldFBsYWNlEAIYBCAA,-7.955212399999999,111.9216215,SUCCESS,FIRST_RESULT,2026-09-26T17:13:26.449760+00:00,,
Makam Sunan Drajat,"Kabupaten Lamongan, Jawa Timur",Makam,ChIJ3cO4wSnody4R3Jg22YK4z1E,Tomb of Sunan Drajat,"Drajat, Kec. Paciran, Kabupaten Lamongan, Jawa Timur 62264, Indonesia",4.7,1542.0,https://maps.google.com/?cid=5895133309380761820&g_mp=CiVnb29nbGUubWFwcy5wbGFjZXMudjEuUGxhY2VzLkdldFBsYWNlEAIYBCAA,-6.884392999999999,112.3892405,SUCCESS,FIRST_RESULT,2026-09-26T17:13:26.679249+00:00,,
Makam Sunan Sendang Duwur,"Kabupaten Lamongan, Jawa Timur",Makam,ChIJd-UI9-_pdy4RlgBp3UgkqdY,Makam Sunan Sendang,"Sendangduwur, Kranji, Kec. Paciran, Kabupaten Lamongan, Jawa Timur 62264, Indonesia",4.6,224.0,https://maps.google.com/?cid=15467934290551570582&g_mp=CiVnb29nbGUubWFwcy5wbGFjZXMudjEuUGxhY2VzLkdldFBsYWNlEAIYBCAA,-6.8954178,112.34659,SUCCESS,FIRST_RESULT,2026-09-26T17:13:26.920346+00:00,,
Makam Sunan Lamongan,"Kabupaten Lamongan, Jawa Timur",Makam,ChIJ3cO4wSnody4R3Jg22YK4z1E,Tomb of Sunan Drajat,"Drajat, Kec. Paciran, Kabupaten Lamongan, Jawa Timur 62264, Indonesia",4.7,1542.0,https://maps.google.com/?cid=5895133309380761820&g_mp=CiVnb29nbGUubWFwcy5wbGFjZXMudjEuUGxhY2VzLkdldFBsYWNlEAIYBCAA,-6.884392999999999,112.3892405,SUCCESS,FIRST_RESULT,2026-09-26T17:13:27.179015+00:00,,
Makam Sunan Giri,"Kabupaten Gresik, Jawa Timur",Makam,ChIJ_____-P_dy4RtL6JcJlc_go,Tomb of Sunan Giri,"Jl. Sunan Giri, Pedukuhan, Kebomas, Kec. Kebomas, Kabupaten Gresik, Jawa Timur 61124, Indonesia",4.6,1688.0,https://maps.google.com/?cid=792172398551613108&g_mp=CiVnb29nbGUubWFwcy5wbGFjZXMudjEuUGxhY2VzLkdldFBsYWNlEAIYBCAA,-7.1689001,112.6310195,SUCCESS,FIRST_RESULT,2026-09-26T17:13:27.431129+00:00,,
Makam Pangeran Agung Alias Adji Pati,"Kabupaten Tanah Bumbu, Kalimantan Selatan",Makam,ChIJlY1GracN7y0RlwiPZ_zMlBs,Makam pangeran agung,"33H2+5HM, Bangkalan Melayu, Kelumpang Hulu, Kotabaru Regency, South Kalimantan 72162, Indonesia",5.0,5.0,https://maps.google.com/?cid=1987438720018483351&g_mp=CiVnb29nbGUubWFwcy5wbGFjZXMudjEuUGxhY2VzLkdldFBsYWNlEAIYBCAA,-2.9220269,116.0514308,SUCCESS,FIRST_RESULT,2026-09-26T17:13:27.640661+00:00,,
Komplek Makam Sultan Suriansyah,"Kota Banjarmasin, Kalimantan Selatan",Makam,ChIJ0S6qIgAj5C0RjYpl8Z1C_Jg,Makam Sultan Suriansyah,"Jl. Kuin Utara No.220, Kuin Utara, Kec. Banjarmasin Utara, Kota Banjarmasin, Kalimantan Selatan 70124, Indonesia",4.6,430.0,https://maps.google.com/?cid=11023759234023393933&g_mp=CiVnb29nbGUubWFwcy5wbGFjZXMudjEuUGxhY2VzLkdldFBsYWNlEAIYBCAA,-3.2933575,114.572573,SUCCESS,FIRST_RESULT,2026-09-26T17:13:27.847192+00:00,,
Komplek Makam Pangeran Antasari,"Kota Banjarmasin, Kalimantan Selatan",Makam,ChIJs6oxSJYj5C0R5gAiZwcKKF4,Makam Pangeran Antasari,"MHVW+JRP, Jl. Malkon Temon, Surgi Mufti, Kec. Banjarmasin Utara, Kota Banjarmasin, Kalimantan Selatan 70123, Indonesia",4.3,46.0,https://maps.google.com/?cid=6784683865544982758&g_mp=CiVnb29nbGUubWFwcy5wbGFjZXMudjEuUGxhY2VzLkdldFBsYWNlEAIYBCAA,-3.3059169,114.5970828,SUCCESS,FIRST_RESULT,2026-09-26T17:13:28.063581+00:00,,
Makam Keramat Tanjung Lilin,"Kota Payakumbuh, Sumatera Barat",Makam,ChIJLW_Rtym1Ki4RvGYfE2F_qDk,Kuburan Cina Padang Karambia,"PJRG+FXR, Padang Karambia, Payakumbuh Selatan, Payakumbuh City, West Sumatra 26229, Indonesia",4.6,5.0,https://maps.google.com/?cid=4154710711158662844&g_mp=CiVnb29nbGUubWFwcy5wbGFjZXMudjEuUGxhY2VzLkdldFBsYWNlEAIYBCAA,-0.2587531999999999,100.6273912,SUCCESS,FIRST_RESULT,2026-09-26T17:13:28.320494+00:00,,
Makam Pangeran Peranpati,"Kabupaten Ogan Komering Ulu Timur, Sumatera Selatan",Makam,,,,,,,,,,,,NOT_FOUND,NO_GOOGLE_RESULT
Makam Ratu Bagus Baginda Ali,"Kabupaten Ogan Komering Ulu Timur, Sumatera Selatan",Makam,ChIJuTaqg3Z3Oy4RIX5-IkVZS_4,Makam Ratu Bagus kuning,"2R62+34P, Jl. D.I. Panjaitan, Tangga Takat, Kec. Seberang Ulu II, Kota Palembang, Sumatera Selatan 30111, Indonesia",4.9,20.0,https://maps.google.com/?cid=18323837662353325601&g_mp=CiVnb29nbGUubWFwcy5wbGFjZXMudjEuUGxhY2VzLkdldFBsYWNlEAIYBCAA,-2.989787,104.8003324,SUCCESS,FIRST_RESULT,2026-09-26T17:13:28.715912+00:00,,
Makam Abdullah Gelar Raden Bebas Abdul Malik Gelar Mas Purba,"Kabupaten Ogan Komering Ulu Timur, Sumatera Selatan",Makam,,,,,,,,,,,,NOT_FOUND,NO_GOOGLE_RESULT
Makam Mangku Yuda,"Kabupaten Ogan Komering Ulu Timur, Sumatera Selatan",Makam,ChIJX1mpNwA5OC4RV_rJcVln7Lg,Makam pangeran mangkuyudha,"HV43+8F7, Sura, Runjung Agung, South Ogan Komering Ulu Regency, South Sumatra 32272, Indonesia",5.0,1.0,https://maps.google.com/?cid=13325139031341267543&g_mp=CiVnb29nbGUubWFwcy5wbGFjZXMudjEuUGxhY2VzLkdldFBsYWNlEAIYBCAA,-4.4444595,103.8542389,SUCCESS,FIRST_RESULT,2026-09-25T07:34:51.002147+00:00,,
Makam Muyang Tuan Raja Benar,"Kabupaten Ogan Komering Ulu Timur, Sumatera Selatan",Makam,ChIJg0hG0gpnOS4RVUA7XJvYWJ4,MAKAM PUYANG TUAN DI PULAU (Said Hamimul Hamim),"7J2Q+6RQ, Negeri Sakti, Cempaka, East Ogan Komering Ulu Regency, South Sumatra 32361, Indonesia",5.0,26.0,https://maps.google.com/?cid=11410107817722069077&g_mp=CiVnb29nbGUubWFwcy5wbGFjZXMudjEuUGxhY2VzLkdldFBsYWNlEAIYBCAA,-3.7494029,104.639594,SUCCESS,FIRST_RESULT,2026-09-26T17:13:29.091916+00:00,,
Makam Muyang Putih,"Kabupaten Ogan Komering Ulu Timur, Sumatera Selatan",Makam,ChIJ9X0viBprOS4RBQSwkQ4SF18,Makam Puyang Putih,"4J6F+GGF, Betung, Semendawai Barat, East Ogan Komering Ulu Regency, South Sumatra 32184, Indonesia",,,https://maps.google.com/?cid=6851965211850572805&g_mp=CiVnb29nbGUubWFwcy5wbGFjZXMudjEuUGxhY2VzLkdldFBsYWNlEAIYBCAA,-3.8886914,104.6238048,SUCCESS,FIRST_RESULT,2026-09-25T07:34:51.796220+00:00,,
Makam Muyang Maulana Sakti,"Kabupaten Ogan Komering Ulu Timur, Sumatera Selatan",Makam,ChIJg0hG0gpnOS4RVUA7XJvYWJ4,MAKAM PUYANG TUAN DI PULAU (Said Hamimul Hamim),"7J2Q+6RQ, Negeri Sakti, Cempaka, East Ogan Komering Ulu Regency, South Sumatra 32361, Indonesia",5.0,26.0,https://maps.google.com/?cid=11410107817722069077&g_mp=CiVnb29nbGUubWFwcy5wbGFjZXMudjEuUGxhY2VzLkdldFBsYWNlEAIYBCAA,-3.7494029,104.639594,SUCCESS,FIRST_RESULT,2026-09-26T17:13:29.275044+00:00,,
Makam Oppu Parmata Sapihak,"Kabupaten Padang Lawas, Sumatera Utara",Makam,ChIJ34CX6niPKzAROX94o2dIc3g,Makam Ompung Parmata Sapihak,"3PJ8+XGJ, Limbong, Barumun, Padang Lawas Regency, North Sumatra 22742, Indonesia",4.4,27.0,https://maps.google.com/?cid=8679360516834492217&g_mp=CiVnb29nbGUubWFwcy5wbGFjZXMudjEuUGxhY2VzLkdldFBsYWNlEAIYBCAA,1.0824721,99.7162562,SUCCESS,FIRST_RESULT,2026-09-26T17:13:29.507236+00:00,,
Makam Pahlawan Nasional Ibu Maria Walanda Maramis,"Kabupaten Minahasa Utara, Sulawesi Utara",Makam,ChIJQbbMNPYKhzIRdNmTYmPcJHI,The National Heroine Cemetery of Maria Walanda Maramis,"FWJ4+55J, Maumbi, Kalawat, North Minahasa Regency, North Sulawesi, Indonesia",4.4,7.0,https://maps.google.com/?cid=8224941138899097972&g_mp=CiVnb29nbGUubWFwcy5wbGFjZXMudjEuUGxhY2VzLkdldFBsYWNlEAIYBCAA,1.4804562,124.9054041,SUCCESS,FIRST_RESULT,2026-09-26T17:13:29.746921+00:00,,
Pekuburan Brahrang,"Kota Binjai, Sumatera Utara",Makam,ChIJgxZDBkrWMDARA787rLNosSs,Krematorium Brahrang,"HFP6+QRM, Tanah Merah, South Binjai, Binjai City, North Sumatra 20714, Indonesia",4.4,35.0,https://maps.google.com/?cid=3148412735406718723&g_mp=CiVnb29nbGUubWFwcy5wbGFjZXMudjEuUGxhY2VzLkdldFBsYWNlEAIYBCAA,3.5869519,98.4620563,SUCCESS,FIRST_RESULT,2026-09-26T17:13:29.982656+00:00,,
Pekuburan Marcapada,"Kota Binjai, Sumatera Utara",Makam,ChIJi4q9S7zXMDARxffn6FwMAXI,Pemakaman Kristen Marcapada,"HFP7+JV6, Jl. Gn. Sibayak, Tanah Merah, Kec. Binjai Sel., Kota Binjai, Sumatera Utara 20723, Indonesia",,,https://maps.google.com/?cid=8214860788484536261&g_mp=CiVnb29nbGUubWFwcy5wbGFjZXMudjEuUGxhY2VzLkdldFBsYWNlEAIYBCAA,3.5865437000000004,98.464645,SUCCESS,FIRST_RESULT,2026-09-26T17:13:30.235799+00:00,,
Makam Tionghoa,"Kota Tangerang, Banten",Makam,ChIJH9DAC0z_aS4R8JJJ3giPZLI,Kuburan Makam Kapitein Oey Kiat Tjin,"Jl. Cinda No.22, RT.001/RW.003, Nusa Jaya, Kec. Karawaci, Kota Tangerang, Banten 15116, Indonesia",4.6,13.0,https://maps.google.com/?cid=12854556504674112240&g_mp=CiVnb29nbGUubWFwcy5wbGFjZXMudjEuUGxhY2VzLkdldFBsYWNlEAIYBCAA,-6.207103099999999,106.6168157,SUCCESS,FIRST_RESULT,2026-09-26T17:13:30.447497+00:00,,
Makam Panglima Ratu Samban,"Kabupaten Bengkulu Utara, Bengkulu",Makam,ChIJX5Hqa_zjMy4RFr06WB329Kw,Makam Palawan Ratu Samban,"HX5V+6PJ, Pagar Ruyung, Batik Nau, North Bengkulu Regency, Bengkulu 38656, Indonesia",3.7,3.0,https://maps.google.com/?cid=12462856674735734038&g_mp=CiVnb29nbGUubWFwcy5wbGFjZXMudjEuUGxhY2VzLkdldFBsYWNlEAIYBCAA,-3.4419095,101.9942744,SUCCESS,FIRST_RESULT,2026-09-26T17:13:30.648697+00:00,,
Makam Syekh Tubagus Ahmad Bakri As,"Kabupaten Purwakarta, Jawa Barat",Makam,ChIJzT1t2BgHaS4RKuAhg_vMSoE,Makom karomah Tubagus seda/ tempat maulid mama sempur,"994G+469, Citeko, Plered, Purwakarta Regency, West Java 41162, Indonesia",4.9,23.0,https://maps.google.com/?cid=9316484159778185258&g_mp=CiVnb29nbGUubWFwcy5wbGFjZXMudjEuUGxhY2VzLkdldFBsYWNlEAIYBCAA,-6.644711999999999,107.3756075,SUCCESS,FIRST_RESULT,2026-09-26T17:13:30.872704+00:00,,
Makam Gedong Ageng,"Kabupaten Blora, Jawa Tengah",Makam,ChIJiXts7Hhhdy4RbDVH7i2KrdQ,MAKAM GEDONG AGENG Jipang,"QHW7+74M, Jipang, Kec. Cepu, Kabupaten Blora, Jawa Tengah 58315, Indonesia",4.5,47.0,https://maps.google.com/?cid=15325057036887471468&g_mp=CiVnb29nbGUubWFwcy5wbGFjZXMudjEuUGxhY2VzLkdldFBsYWNlEAIYBCAA,-7.204285599999999,111.5627854,SUCCESS,FIRST_RESULT,2026-09-26T17:13:31.093099+00:00,,
Makam Islam,"Kabupaten Bangkalan, Jawa Timur",Makam,ChIJE5I8g-YF2C0RRcBRpizteoI,MAKAM SYAIKHONA KHOLIL BANGKALAN,"XP5F+58P, Jl. Mertajasah, Tajasah, Mertajasah, Kec. Bangkalan, Kabupaten Bangkalan, Jawa Timur 69119, Indonesia",4.8,2879.0,https://maps.google.com/?cid=9402087948114051141&g_mp=CiVnb29nbGUubWFwcy5wbGFjZXMudjEuUGxhY2VzLkdldFBsYWNlEAIYBCAA,-7.0420311,112.7233234,SUCCESS,FIRST_RESULT,2026-09-26T17:13:31.347843+00:00,,
Makam Syech Husen,"Kabupaten Bangkalan, Jawa Timur",Makam,ChIJ9ZvWQcg_2C0RhHgWfDkSpg0,Pangeran Azimat (Sayyid Husein) Tomb,"jln: Makam Zimat No: 99 Barat-Sungai,, Barat Sungai, Banyu Sangkah, Kec. Tj. Bumi, Kabupaten Bangkalan, Jawa Timur 69156, Indonesia",4.6,78.0,https://maps.google.com/?cid=983493606731315332&g_mp=CiVnb29nbGUubWFwcy5wbGFjZXMudjEuUGxhY2VzLkdldFBsYWNlEAIYBCAA,-6.8827389,113.0233267,SUCCESS,FIRST_RESULT,2026-09-26T17:13:31.561983+00:00,,
Makam Anusapati,"Kabupaten Malang, Jawa Timur",Makam,ChIJVf41RCQn1i0R3kK9e-Svh8I,Makam Mbah Jago Pati,"WMJ5+HR6, Kertowinangun, Jatisari, Kec. Tajinan, Kabupaten Malang, Jawa Timur 65172, Indonesia",4.6,97.0,https://maps.google.com/?cid=14017365761077363422&g_mp=CiVnb29nbGUubWFwcy5wbGFjZXMudjEuUGxhY2VzLkdldFBsYWNlEAIYBCAA,-8.068538799999999,112.6595096,SUCCESS,FIRST_RESULT,2026-09-26T17:13:31.789163+00:00,,
Kuburan Panglima Ali,"Kabupaten Bangka Selatan, Kepulauan Bangka Belitung",Makam,ChIJI6krYgAxPS4RgnnXxGIvFwM,Makam Panglima Tuan Syarah,"F2P7+6F, Bangka Kota, Simpang Rimba, South Bangka Regency, Bangka Belitung Islands 33777, Indonesia",,,https://maps.google.com/?cid=222698807833885058&g_mp=CiVnb29nbGUubWFwcy5wbGFjZXMudjEuUGxhY2VzLkdldFBsYWNlEAIYBCAA,-2.5144146,106.0136615,SUCCESS,FIRST_RESULT,2026-09-26T17:13:32.015214+00:00,,
Pekuburan Rambung,"Kota Binjai, Sumatera Utara",Makam,ChIJzdNJ3dspMTARK30EluNDFAY,Kuburan Muslim Rambung Barat Binjai,"HFVR+256, Jl. Letjend Jamin Ginting, Rambung Bar., Kec. Binjai Sel., Kota Binjai, Sumatera Utara 20734, Indonesia",4.5,6.0,https://maps.google.com/?cid=438049708515294507&g_mp=CiVnb29nbGUubWFwcy5wbGFjZXMudjEuUGxhY2VzLkdldFBsYWNlEAIYBCAA,3.5925263000000003,98.4903818,SUCCESS,FIRST_RESULT,2026-09-26T17:13:32.254346+00:00,,
Makam Raja-Raja Tallo,"Kota Makassar, Sulawesi Selatan",Makam,ChIJtfYT6aD9vi0RJ7fHIgAeyw4,Kings of Tallo Cemetery,"Jl. Sultan Abdullah Raya No.6, Tallo, Kec. Tallo, Kota Makassar, Sulawesi Selatan 90212, Indonesia",4.5,348.0,https://maps.google.com/?cid=1065978722735601447&g_mp=CiVnb29nbGUubWFwcy5wbGFjZXMudjEuUGxhY2VzLkdldFBsYWNlEAIYBCAA,-5.1028762,119.4455574,SUCCESS,FIRST_RESULT,2026-09-26T17:13:32.484392+00:00,,
Makam Pongtiku,"Kabupaten Toraja Utara, Sulawesi Selatan",Makam,ChIJW2nVNLbAky0R__UdrAMFlbg,Makam Pahlawan Pongtiku,"3RW6+68G, Pangala' Utara, Rindingalo, North Toraja Regency, South Sulawesi 91862, Indonesia",4.1,18.0,https://maps.google.com/?cid=13300542587839313407&g_mp=CiVnb29nbGUubWFwcy5wbGFjZXMudjEuUGxhY2VzLkdldFBsYWNlEAIYBCAA,-2.9044287,119.81081749999998,SUCCESS,FIRST_RESULT,2026-09-26T17:13:32.702667+00:00,,
Makam Syech Yusuf,"Kabupaten Gowa, Sulawesi Selatan",Makam,ChIJQ0Y4Rjrivi0RlMpvumKT240,Masjid Agung Syekh Yusuf,"Jl. Mesjid Raya, Sungguminasa, Kec. Somba Opu, Kabupaten Gowa, Sulawesi Selatan 92111, Indonesia",4.8,1772.0,https://maps.google.com/?cid=10221925831491439252&g_mp=CiVnb29nbGUubWFwcy5wbGFjZXMudjEuUGxhY2VzLkdldFBsYWNlEAIYBCAA,-5.2024125,119.4509336,SUCCESS,FIRST_RESULT,2026-09-26T17:13:32.936564+00:00,,
Makam Raja-Raja Kesultanan Gunung Tabur,"Kabupaten Berau, Kalimantan Timur",Makam,ChIJy7h72nD1DTIRguKUujDs7U0,Komplek Makam Kesultanan Gunung Tabur,"5F5R+WPW, Gunung Tabur, Berau Regency, East Kalimantan 77352, Indonesia",5.0,3.0,https://maps.google.com/?cid=5615404004433781378&g_mp=CiVnb29nbGUubWFwcy5wbGFjZXMudjEuUGxhY2VzLkdldFBsYWNlEAIYBCAA,2.159435,117.4914562,SUCCESS,FIRST_RESULT,2026-09-26T17:13:33.149304+00:00,,
Kompleks Makam Raja-Raja,"Kabupaten Paser, Kalimantan Timur",Makam,ChIJ7RsPazY48C0RZ2UZuX8Z93g,Makam Raja Raja Tana Paser,"26W5+3MQ, Pasir Belengkong, Paser Regency, East Kalimantan 76271, Indonesia",4.2,93.0,https://maps.google.com/?cid=8716463640155874663&g_mp=CiVnb29nbGUubWFwcy5wbGFjZXMudjEuUGxhY2VzLkdldFBsYWNlEAIYBCAA,-1.9547867,116.2092335,SUCCESS,FIRST_RESULT,2026-09-26T17:13:33.363706+00:00,,
Makam Tentara Jepang,"Kota Tarakan, Kalimantan Utara",Makam,ChIJpfTQnWaKEzIRZp8iFZSqUww,MAKAM JEPANG,"8J33+XRW, Pamusian, Tarakan Tengah, Tarakan City, North Kalimantan, Indonesia",4.4,43.0,https://maps.google.com/?cid=888241104508591974&g_mp=CiVnb29nbGUubWFwcy5wbGFjZXMudjEuUGxhY2VzLkdldFBsYWNlEAIYBCAA,3.3049944000000004,117.6045703,SUCCESS,FIRST_RESULT,2026-09-26T17:13:33.622477+00:00,,
Makam Belanda,"Kota Pangkal Pinang, Kepulauan Bangka Belitung",Makam,ChIJD5fHTirBIi4RmpBYdjWjr6g,Makam belanda kerkhof Pangkalpinang,"V485+PC4, Jl. Hormen Maddati, Melintang, Kec. Rangkui, Kota Pangkal Pinang, Kepulauan Bangka Belitung 33684, Indonesia",4.0,6.0,https://maps.google.com/?cid=12155113369310367898&g_mp=CiVnb29nbGUubWFwcy5wbGFjZXMudjEuUGxhY2VzLkdldFBsYWNlEAIYBCAA,-2.1332368,106.1085745,SUCCESS,FIRST_RESULT,2026-09-26T17:13:33.839767+00:00,,
Kompleks Makam Temenggung Jamaludin,"Kabupaten Lingga, Kepulauan Riau",Makam,ChIJMeVYL2Xt2TERgzDYjbZ4WnE,Makam Temenggung Abdul Jamal,"2VCJ+544, Bulang Lintang, Bulang, Batam City, Riau Islands, Indonesia",3.7,7.0,https://maps.google.com/?cid=8167973599648952451&g_mp=CiVnb29nbGUubWFwcy5wbGFjZXMudjEuUGxhY2VzLkdldFBsYWNlEAIYBCAA,1.0203966,103.8803177,SUCCESS,FIRST_RESULT,2026-09-25T07:34:56.537316+00:00,,
Datuk Kaya Montel,"Kabupaten Lingga, Kepulauan Riau",Makam,ChIJm0rFk7huJy4RLK3ParTYpXs,Daik Mountain,"Daik Mountain, Merawang, Lingga, Lingga Regency, Riau Islands, Indonesia",4.7,46.0,https://maps.google.com/?cid=8909765707220102444&g_mp=CiVnb29nbGUubWFwcy5wbGFjZXMudjEuUGxhY2VzLkdldFBsYWNlEAIYBCAA,-0.1999999999999999,104.55,SUCCESS,FIRST_RESULT,2026-09-26T17:13:34.034500+00:00,,
Kompleks Makam Temenggung Jamaludin Dan Datuk Kaya Montel,"Kabupaten Lingga, Kepulauan Riau",Makam,ChIJ7TLtKYJpJy4RgvcxXRuTRAs,Makam Sultan Mahmud Riayat Syah,"QJP7+XV6, Daik, Lingga, Lingga Regency, Riau Islands 29872, Indonesia",5.0,1.0,https://maps.google.com/?cid=811935578570487682&g_mp=CiVnb29nbGUubWFwcy5wbGFjZXMudjEuUGxhY2VzLkdldFBsYWNlEAIYBCAA,-0.2125950999999999,104.6146438,SUCCESS,FIRST_RESULT,2026-09-26T17:13:34.240138+00:00,,
Makam Megat Kuning,"Kabupaten Lingga, Kepulauan Riau",Makam,ChIJi76UPn9pJy4RWSCjiRAh2T0,Makam megad kuning,"RH4W+2P, Daik, Lingga, Lingga Regency, Riau Islands 29872, Indonesia",,,https://maps.google.com/?cid=4456629661172179033&g_mp=CiVnb29nbGUubWFwcy5wbGFjZXMudjEuUGxhY2VzLkdldFBsYWNlEAIYBCAA,-0.1949749999999999,104.5968617,SUCCESS,FIRST_RESULT,2026-09-26T17:13:34.417790+00:00,,
Makam Kh Ghalib Pringsewu Barat Pringsewu,"Kabupaten Pringsewu, Lampung",Makam,ChIJNZJVQkQyRy4RlBAAGfjpDRY,Makam KH Ghalib,"Jl. Makam KH. Ghalib, Pringsewu Utara, Kec. Pringsewu, Kabupaten Pringsewu, Lampung 35373, Indonesia",4.6,46.0,https://maps.google.com/?cid=1589183495312248980&g_mp=CiVnb29nbGUubWFwcy5wbGFjZXMudjEuUGxhY2VzLkdldFBsYWNlEAIYBCAA,-5.347508899999999,104.9722863,SUCCESS,FIRST_RESULT,2026-09-26T17:13:34.644603+00:00,,
Makam Raja-Raja Taebenu,"Kota Kupang, Nusa Tenggara Timur",Makam,ChIJm9ZfHYWcViwRClyKaNaYDjs,Kompleks pemakaman Raja Taebenu,"RHHJ+2QH, Manutapen, Alak, Kupang City, East Nusa Tenggara, Indonesia",5.0,3.0,https://maps.google.com/?cid=4255506744556018698&g_mp=CiVnb29nbGUubWFwcy5wbGFjZXMudjEuUGxhY2VzLkdldFBsYWNlEAIYBCAA,-10.1724478,123.5819858,SUCCESS,FIRST_RESULT,2026-09-25T07:34:58.296894+00:00,,
Makam Mahmud Syah,"Kabupaten Pelalawan, Riau",Makam,ChIJPSsCMgBx1jER_acyiej7BhE,MAKAM SULTAN MAHMUDSYAH 1,"95HP+HF4, Kuala Tolam, Pelalawan, Pelalawan Regency, Riau, Indonesia",,,https://maps.google.com/?cid=1226944924657821693&g_mp=CiVnb29nbGUubWFwcy5wbGFjZXMudjEuUGxhY2VzLkdldFBsYWNlEAIYBCAA,0.3788841,102.1861825,SUCCESS,FIRST_RESULT,2026-09-26T17:13:34.834225+00:00,,
Komplek Makam Raja-Raja Pelalawan,"Kabupaten Pelalawan, Riau",Makam,ChIJXY-rUVV51jERl1Xjpc9_o1U,Makam raja Pelalawan,"F32M+54Q, Pelalawan, Pelalawan Regency, Riau 28353, Indonesia",4.0,6.0,https://maps.google.com/?cid=6170916444245808535&g_mp=CiVnb29nbGUubWFwcy5wbGFjZXMudjEuUGxhY2VzLkdldFBsYWNlEAIYBCAA,0.4504717,102.0828655,SUCCESS,FIRST_RESULT,2026-09-26T17:13:35.047797+00:00,,
Makam Panglima Kudin,"Kabupaten Pelalawan, Riau",Makam,ChIJXY-rUVV51jERl1Xjpc9_o1U,Makam raja Pelalawan,"F32M+54Q, Pelalawan, Pelalawan Regency, Riau 28353, Indonesia",4.0,6.0,https://maps.google.com/?cid=6170916444245808535&g_mp=CiVnb29nbGUubWFwcy5wbGFjZXMudjEuUGxhY2VzLkdldFBsYWNlEAIYBCAA,0.4504717,102.0828655,SUCCESS,FIRST_RESULT,2026-09-26T17:13:35.220930+00:00,,
Makam Raja-Raja Rambah,"Kabupaten Rokan Hulu, Riau",Makam,ChIJQUunydBAKzARrxaC7P7oMLE,Makam Raja Rambah,"W8FR+93C, Rambah, Rambah Hilir, Rokan Hulu Regency, Riau 28558, Indonesia",4.3,14.0,https://maps.google.com/?cid=12767961125182641839&g_mp=CiVnb29nbGUubWFwcy5wbGFjZXMudjEuUGxhY2VzLkdldFBsYWNlEAIYBCAA,0.9234379,100.3401367,SUCCESS,FIRST_RESULT,2026-09-26T17:13:35.455120+00:00,,
Makam Wae Tenri Leleang,"Kabupaten Barru, Sulawesi Selatan",Makam,ChIJURn3Q1Qlvi0RGm9JBIa2plI,Kompleks Makam We Tenrileleag,"FJG4+RG5, Lalabata, Tanete Rilau, Barru Regency, South Sulawesi 90761, Indonesia",4.0,1.0,https://maps.google.com/?cid=5955648243957853978&g_mp=CiVnb29nbGUubWFwcy5wbGFjZXMudjEuUGxhY2VzLkdldFBsYWNlEAIYBCAA,-4.5229872,119.6063505,SUCCESS,FIRST_RESULT,2026-09-26T17:13:35.671421+00:00,,
Makam Petta Pallaselasee,"Kabupaten Barru, Sulawesi Selatan",Makam,ChIJs9ZdX1Alvi0Rwych-nNaEHI,Makam Petta Pallase LaseE,"FJF5+R48, Jl. H. Ranreng, Lalabata, Kec. Tanete Rilau, Kabupaten Barru, Sulawesi Selatan 90761, Indonesia",4.3,4.0,https://maps.google.com/?cid=8219168774115370947&g_mp=CiVnb29nbGUubWFwcy5wbGFjZXMudjEuUGxhY2VzLkdldFBsYWNlEAIYBCAA,-4.5254659,119.6078391,SUCCESS,FIRST_RESULT,2026-09-26T17:13:35.898482+00:00,,
Makam We Pancai Tana,"Kabupaten Barru, Sulawesi Selatan",Makam,ChIJoWiSCqAvvi0RK8JiHcvLi0Y,Kompleks Makam We Tenri Ole,"FHFM+79R, Pancana, Tanete Rilau, Barru Regency, South Sulawesi 90761, Indonesia",,,https://maps.google.com/?cid=5083380677649547819&g_mp=CiVnb29nbGUubWFwcy5wbGFjZXMudjEuUGxhY2VzLkdldFBsYWNlEAIYBCAA,-4.5268125,119.5829462,SUCCESS,FIRST_RESULT,2026-09-26T17:13:36.123119+00:00,,
Makam Lamaddusila,"Kabupaten Barru, Sulawesi Selatan",Makam,ChIJDalydf4vvi0RvcXRmYfK4Uc,Kompleks Makam La Maddusila,"FH8R+HG8, Pancana, Tanete Rilau, Barru Regency, South Sulawesi 90761, Indonesia",5.0,2.0,https://maps.google.com/?cid=5179643730202838461&g_mp=CiVnb29nbGUubWFwcy5wbGFjZXMudjEuUGxhY2VzLkdldFBsYWNlEAIYBCAA,-4.5335763,119.5913197,SUCCESS,FIRST_RESULT,2026-09-26T17:13:36.352751+00:00,,
Makam Karaeng Lipukasi,"Kabupaten Barru, Sulawesi Selatan",Makam,ChIJd6-nT0GRlS0REy12I1ShjhM,Kompleks Makam Arung Nepo,"Dusun Pallae, Desa, QMV5+3QC, Manuba, Kec. Mallusetasi, Kabupaten Barru, Sulawesi Selatan 90753, Indonesia",3.0,1.0,https://maps.google.com/?cid=1409241116157816083&g_mp=CiVnb29nbGUubWFwcy5wbGFjZXMudjEuUGxhY2VzLkdldFBsYWNlEAIYBCAA,-4.2073031,119.6594049,SUCCESS,FIRST_RESULT,2026-09-26T17:13:36.557799+00:00,,
Makam Sultan Hasanuddin,"Kabupaten Gowa, Sulawesi Selatan",Makam,ChIJiXb8NADjvi0R3aeoeY16BDo,Makam Sultan Hasanuddin,"RF52+3QP, Katangka, Somba Opu, Gowa Regency, South Sulawesi 92114, Indonesia",4.5,8.0,https://maps.google.com/?cid=4180601102156736477&g_mp=CiVnb29nbGUubWFwcy5wbGFjZXMudjEuUGxhY2VzLkdldFBsYWNlEAIYBCAA,-5.1922817,119.4519648,SUCCESS,FIRST_RESULT,2026-09-26T17:13:36.773543+00:00,,
Makam Arung Palakka,"Kabupaten Gowa, Sulawesi Selatan",Makam,ChIJyZWqawDjvi0RGOFkt6q9TJI,Makam Sultan Saaduddin Arung Palakka,"RC4W+M6M, Katangka, Somba Opu, Gowa Regency, South Sulawesi 90221, Indonesia",5.0,1.0,https://maps.google.com/?cid=10542009368686420248&g_mp=CiVnb29nbGUubWFwcy5wbGFjZXMudjEuUGxhY2VzLkdldFBsYWNlEAIYBCAA,-5.1935131,119.4457154,SUCCESS,FIRST_RESULT,2026-09-26T17:13:36.984281+00:00,,
Makam Ki Ageng Purwoto Sidik,"Kabupaten Sukoharjo, Jawa Tengah",Makam,ChIJW556SWQ3ei4RIYpbydduzmE,Makam Ki Ageng Banyu Biru (Ki Ageng Purwoto Sidik),"5QQH+HCH, Jl. Kelir - Manyaran Jl. Sarehan, Watukelir, Jatingarang, Kec. Weru, Kabupaten Sukoharjo, Jawa Tengah 57562, Indonesia",5.0,9.0,https://maps.google.com/?cid=7047692339956648481&g_mp=CiVnb29nbGUubWFwcy5wbGFjZXMudjEuUGxhY2VzLkdldFBsYWNlEAIYBCAA,-7.8108717,110.7785757,SUCCESS,FIRST_RESULT,2026-09-26T17:13:37.210359+00:00,,
Makam Ki Ageng Sutowijoyo,"Kabupaten Sukoharjo, Jawa Tengah",Makam,ChIJWcgj1zo5ei4RNUKGSAlf8Ak,Makam Ki Ageng Sutawijaya,"Majasto Tawangsari, Gg. 2, Dua, Majasto, Kec. Sukoharjo, Kabupaten Sukoharjo, Jawa Tengah 57561, Indonesia",4.5,144.0,https://maps.google.com/?cid=716176834228011573&g_mp=CiVnb29nbGUubWFwcy5wbGFjZXMudjEuUGxhY2VzLkdldFBsYWNlEAIYBCAA,-7.7060667999999986,110.7724341,SUCCESS,FIRST_RESULT,2026-09-26T17:13:37.436374+00:00,,
Makam Syeh Ahmad Mutamakkin,"Kabupaten Pati, Jawa Tengah",Makam,ChIJI8HpmkMrcS4RfRYdzQjRgcY,MAKAM MBAH AHMAD MUTAMAKKIN,"93W5+G24, Kajen, Kec. Margoyoso, Kabupaten Pati, Jawa Tengah 59154, Indonesia",4.8,273.0,https://maps.google.com/?cid=14303943727236585085&g_mp=CiVnb29nbGUubWFwcy5wbGFjZXMudjEuUGxhY2VzLkdldFBsYWNlEAIYBCAA,-6.607092000000001,111.0576002,SUCCESS,FIRST_RESULT,2026-09-26T17:13:37.651179+00:00,,
Makam Mahapatih Batik Madrim,"Kabupaten Pati, Jawa Tengah",Makam,ChIJV3gFf5rHcC4RvIKF8wgWLOs,Makam Patih Batik Madrim,"Krajan, RT.09/RW.01, Krajan, Kedungwinong, Kec. Sukolilo, Kabupaten Pati, Jawa Tengah 59712, Indonesia",4.6,30.0,https://maps.google.com/?cid=16945943725589496508&g_mp=CiVnb29nbGUubWFwcy5wbGFjZXMudjEuUGxhY2VzLkdldFBsYWNlEAIYBCAA,-6.9370337,110.8950724,SUCCESS,FIRST_RESULT,2026-09-26T17:13:37.869312+00:00,,
Makam Syekh Magelung Sakti,"Kabupaten Cirebon, Jawa Barat",Makam,ChIJcWibLhfmbi4RmQXvMdi9NiY,Situs Syekh Magelung Sakti,"CGC3+8QM, Karangkendal, Kapetakan, Cirebon, West Java 45152, Indonesia",4.6,89.0,https://maps.google.com/?cid=2753596958431970713&g_mp=CiVnb29nbGUubWFwcy5wbGFjZXMudjEuUGxhY2VzLkdldFBsYWNlEAIYBCAA,-6.5791733,108.5044105,SUCCESS,FIRST_RESULT,2026-09-26T17:13:38.068656+00:00,,
Makam Talun,"Kabupaten Cirebon, Jawa Barat",Makam,ChIJVVVVFWMeby4RFKW5_CVImtY,Keramat Talun,"6GG3+PVP, Cirebon Girang, Talun, Cirebon, West Java 45171, Indonesia",4.6,494.0,https://maps.google.com/?cid=15463751598521034004&g_mp=CiVnb29nbGUubWFwcy5wbGFjZXMudjEuUGxhY2VzLkdldFBsYWNlEAIYBCAA,-6.7731561,108.5046993,SUCCESS,FIRST_RESULT,2026-09-26T17:13:38.319627+00:00,,
Makam Buyut Trusmi,"Kabupaten Cirebon, Jawa Barat",Makam,ChIJty0J09Phbi4RTRG-QXKlBGU,Buyut Trusmi,"7GX7+R5F, Blok desa, Trusmi Wetan, Kec. Plered, Kabupaten Cirebon, Jawa Barat 45154, Indonesia",4.6,659.0,https://maps.google.com/?cid=7279124807885394253&g_mp=CiVnb29nbGUubWFwcy5wbGFjZXMudjEuUGxhY2VzLkdldFBsYWNlEAIYBCAA,-6.7004347,108.5129317,SUCCESS,FIRST_RESULT,2026-09-26T17:13:38.551376+00:00,,
Makam Godog,"Kabupaten Garut, Jawa Barat",Makam,ChIJr0RvQv6taC4RlWEtFXhXDqU,Makam Godog,"Godog, Karangpawitan, Garut Regency, West Java 44182, Indonesia",4.2,421.0,https://maps.google.com/?cid=11893539839195046293&g_mp=CiVnb29nbGUubWFwcy5wbGFjZXMudjEuUGxhY2VzLkdldFBsYWNlEAIYBCAA,-7.251604899999999,107.9555832,SUCCESS,FIRST_RESULT,2026-09-26T17:13:38.780639+00:00,,
Makam Cinunuk Hilir,"Kabupaten Garut, Jawa Barat",Makam,ChIJXd1Ywe-zaC4RV3uobTCu49Y,Cinunuk tomb (Tomb of Prince Papak),"Makam Keramat Pangeran Papak Cinunuk, Cinunuk, Kec. Wanaraja, Kabupaten Garut, Jawa Barat 44183, Indonesia",4.5,87.0,https://maps.google.com/?cid=15484411466851318615&g_mp=CiVnb29nbGUubWFwcy5wbGFjZXMudjEuUGxhY2VzLkdldFBsYWNlEAIYBCAA,-7.172767199999999,107.9663315,SUCCESS,FIRST_RESULT,2026-09-26T17:13:39.008375+00:00,,
Makam Pangeran Muhammad,"Kabupaten Majalengka, Jawa Barat",Makam,ChIJT6O6alsvby4RVEnSRbCOEEc,Makam Pangeran Muhammad,"46WJ+X9G, Majalengka Kulon, Kec. Majalengka, Kabupaten Majalengka, Jawa Barat 45418, Indonesia",4.8,48.0,https://maps.google.com/?cid=5120749664057051476&g_mp=CiVnb29nbGUubWFwcy5wbGFjZXMudjEuUGxhY2VzLkdldFBsYWNlEAIYBCAA,-6.852561,108.2309596,SUCCESS,FIRST_RESULT,2026-09-26T17:13:39.213363+00:00,,
Makam Siti Armilah,"Kabupaten Majalengka, Jawa Barat",Makam,ChIJT6O6alsvby4RVEnSRbCOEEc,Makam Pangeran Muhammad,"46WJ+X9G, Majalengka Kulon, Kec. Majalengka, Kabupaten Majalengka, Jawa Barat 45418, Indonesia",4.8,48.0,https://maps.google.com/?cid=5120749664057051476&g_mp=CiVnb29nbGUubWFwcy5wbGFjZXMudjEuUGxhY2VzLkdldFBsYWNlEAIYBCAA,-6.852561,108.2309596,SUCCESS,FIRST_RESULT,2026-09-26T17:13:39.417181+00:00,,
Makam Sunan Parung,"Kabupaten Majalengka, Jawa Barat",Makam,ChIJReuD55s5by4RmX1or2mAiV0,Makam sunan parung telaga manggung,"2876+WFV, manggung, Kec. Talaga, Kabupaten Majalengka, Jawa Barat 45463, Indonesia",4.8,25.0,https://maps.google.com/?cid=6740059508739440025&g_mp=CiVnb29nbGUubWFwcy5wbGFjZXMudjEuUGxhY2VzLkdldFBsYWNlEAIYBCAA,-6.985140899999999,108.3111701,SUCCESS,FIRST_RESULT,2026-09-26T17:13:39.613283+00:00,,
Makam Baing Yusuf,"Kabupaten Purwakarta, Jawa Barat",Makam,ChIJx37iWFAOaS4ReVVFA1IdSDU,Tomb of Baing Yusuf,"CCVR+HF9, Jl. Mr. Dr. Kusumahatmaja, Cipaisan, Kec. Purwakarta, Kabupaten Purwakarta, Jawa Barat 41113, Indonesia",4.7,84.0,https://maps.google.com/?cid=3839350920412747129&g_mp=CiVnb29nbGUubWFwcy5wbGFjZXMudjEuUGxhY2VzLkdldFBsYWNlEAIYBCAA,-6.5560995,107.4412475,SUCCESS,FIRST_RESULT,2026-09-26T17:13:39.813070+00:00,,
Makam Nyi Mas Gandasari,"Kabupaten Cirebon, Jawa Barat",Makam,ChIJd7aULZghby4RxCQ8boTej8E,Makam Keramat Nyimas Gandasari,"7C39+69V, Gunung Giwur, Kepuh, Kec. Palimanan, Kabupaten Cirebon, Jawa Barat 45161, Indonesia",5.0,20.0,https://maps.google.com/?cid=13947611231356200132&g_mp=CiVnb29nbGUubWFwcy5wbGFjZXMudjEuUGxhY2VzLkdldFBsYWNlEAIYBCAA,-6.7468898,108.4184116,SUCCESS,FIRST_RESULT,2026-09-26T17:13:40.054058+00:00,,
Makam Mama Sempur,"Kabupaten Purwakarta, Jawa Barat",Makam,ChIJwda0oDwEaS4RBALQorbAkOc,Makam Mama Sempur,"Jl. Raya Sempur No.18, Sempur, Kec. Plered, Kabupaten Purwakarta, Jawa Barat 41162, Indonesia",4.4,177.0,https://maps.google.com/?cid=16686048510055809540&g_mp=CiVnb29nbGUubWFwcy5wbGFjZXMudjEuUGxhY2VzLkdldFBsYWNlEAIYBCAA,-6.6638986,107.3988857,SUCCESS,FIRST_RESULT,2026-09-26T17:13:40.257861+00:00,,
Makam Embah Tumpang,"Kota Cimahi, Jawa Barat",Makam,ChIJ0QQ03UTkaC4R2HWFTk9paUc,Makam Mbah Tumpang,"4GFR+672, Setiamanah, Cimahi Tengah, Cimahi City, West Java 40524, Indonesia",5.0,3.0,https://maps.google.com/?cid=5145759838588204504&g_mp=CiVnb29nbGUubWFwcy5wbGFjZXMudjEuUGxhY2VzLkdldFBsYWNlEAIYBCAA,-6.8769977,107.5406397,SUCCESS,FIRST_RESULT,2026-09-26T17:13:40.506692+00:00,,
Makam Sunan Kalijaga,"Kabupaten Demak, Jawa Tengah",Makam,ChIJr83Qj8TrcC4Rqwnyz3lDyiI,Tomb of Sunan Kalijaga,"Jl. Raden Sahid, Kadilangu, Kec. Demak, Kabupaten Demak, Jawa Tengah 59517, Indonesia",4.7,7491.0,https://maps.google.com/?cid=2506890333043952043&g_mp=CiVnb29nbGUubWFwcy5wbGFjZXMudjEuUGxhY2VzLkdldFBsYWNlEAIYBCAA,-6.8964563,110.6477436,SUCCESS,FIRST_RESULT,2026-09-26T17:13:40.736124+00:00,,
Makam Raden Patah,"Kabupaten Demak, Jawa Tengah",Makam,ChIJYay1KObrcC4R2YE4DY-hmgk,Tomb of Raden Patah,"Jl. Kauman I No.1, Kauman, Bintoro, Kec. Demak, Kabupaten Demak, Jawa Tengah 59511, Indonesia",4.6,206.0,https://maps.google.com/?cid=692043128528994777&g_mp=CiVnb29nbGUubWFwcy5wbGFjZXMudjEuUGxhY2VzLkdldFBsYWNlEAIYBCAA,-6.8943976,110.6371555,SUCCESS,FIRST_RESULT,2026-09-26T17:13:40.947027+00:00,,
Makam Ki Ageng Selo,"Kabupaten Grobogan, Jawa Tengah",Makam,ChIJpzbSCFWzcC4R_ua5w_NA23U,Makam Ki Ageng Selo Tawangharjo Grobogan,"Jl. Kyai Ageng Selo, Kebondalem, Selo, Kec. Tawangharjo, Kabupaten Grobogan, Jawa Tengah 58191, Indonesia",4.7,371.0,https://maps.google.com/?cid=8492452938042173182&g_mp=CiVnb29nbGUubWFwcy5wbGFjZXMudjEuUGxhY2VzLkdldFBsYWNlEAIYBCAA,-7.097624199999999,111.0004085,SUCCESS,FIRST_RESULT,2026-09-26T17:13:41.177792+00:00,,
Makam Ki Ageng Tarub,"Kabupaten Grobogan, Jawa Tengah",Makam,ChIJhWPe2s6zcC4RJMtuGuvkqME,Makam Ki Ageng Tarub,"Komplek makam KI AGENG RT.03/RW.03 Beji Beji, Beji, Tarub, Kec. Tawangharjo, Kabupaten Grobogan, Jawa Tengah 58191, Indonesia",4.6,131.0,https://maps.google.com/?cid=13954655143819397924&g_mp=CiVnb29nbGUubWFwcy5wbGFjZXMudjEuUGxhY2VzLkdldFBsYWNlEAIYBCAA,-7.0641589,111.0155164,SUCCESS,FIRST_RESULT,2026-09-26T17:13:41.421235+00:00,,
Makam Ki Ageng Getas Pendowo,"Kabupaten Grobogan, Jawa Tengah",Makam,ChIJ53QVGH66cC4RuD7hTkVPN5o,Makam Ki Ageng Getas Pendowo Purwodadi,"Jl. Ki Ageng Getas Pendowo, Kuripan Timur, Kuripan, Kec. Purwodadi, Kabupaten Grobogan, Jawa Tengah 58153, Indonesia",4.7,61.0,https://maps.google.com/?cid=11112437764654710456&g_mp=CiVnb29nbGUubWFwcy5wbGFjZXMudjEuUGxhY2VzLkdldFBsYWNlEAIYBCAA,-7.0748764,110.8983125,SUCCESS,FIRST_RESULT,2026-09-26T17:13:41.649351+00:00,,
Makam Syekh Siti Jenar,"Kabupaten Jepara, Jawa Tengah",Makam,ChIJBXGEwMU9cS4R9wCQkYRsaEw,Makam Syekh Siti Jenar (Wali Syech Lemah Bang),"HR53+JM4, Sidorejo, Balong, Kec. Kembang, Kabupaten Jepara, Jawa Tengah 59453, Indonesia",4.3,53.0,https://maps.google.com/?cid=5505769861094047991&g_mp=CiVnb29nbGUubWFwcy5wbGFjZXMudjEuUGxhY2VzLkdldFBsYWNlEAIYBCAA,-6.4409905,110.8042152,SUCCESS,FIRST_RESULT,2026-09-26T17:13:41.862846+00:00,,
Makam Mbah Roboyo,"Kabupaten Jepara, Jawa Tengah",Makam,ChIJ7ySnV43dcC4R8QI5lqw4Exw,Makam Mbah Robaya,"7P6F+4H4, Jl. Mangga 5, Rw. III, Robayan, Kec. Kalinyamatan, Kabupaten Jepara, Jawa Tengah 59467, Indonesia",5.0,2.0,https://maps.google.com/?cid=2023022971525333745&g_mp=CiVnb29nbGUubWFwcy5wbGFjZXMudjEuUGxhY2VzLkdldFBsYWNlEAIYBCAA,-6.739747299999999,110.7239602,SUCCESS,FIRST_RESULT,2026-09-26T17:13:42.062853+00:00,,
Makam Datuk Gunardi,"Kabupaten Jepara, Jawa Tengah",Makam,ChIJiaK6mUnccC4Rqr9MKHLooMg,Makam Mbah Datuk Singorojo,"Rw. 03, Singorojo, Kec. Mayong, Kabupaten Jepara, Jawa Tengah 59465, Indonesia",4.6,19.0,https://maps.google.com/?cid=14456810380859326378&g_mp=CiVnb29nbGUubWFwcy5wbGFjZXMudjEuUGxhY2VzLkdldFBsYWNlEAIYBCAA,-6.7393014,110.7672903,SUCCESS,FIRST_RESULT,2026-09-26T17:13:42.302477+00:00,,
Makam Raden Aria Wangsa Goparana,"Kabupaten Subang, Jawa Barat",Makam,ChIJx0vtYgAZaS4ReO-vzJxd2rw,Makam Raden aria wangsa goparana,"8MM2+9H, Dayeuhkolot, Sagalaherang, Subang Regency, West Java 41282, Indonesia",4.8,24.0,https://maps.google.com/?cid=13608292152083738488&g_mp=CiVnb29nbGUubWFwcy5wbGFjZXMudjEuUGxhY2VzLkdldFBsYWNlEAIYBCAA,-6.6665625,107.6514375,SUCCESS,FIRST_RESULT,2026-09-26T18:10:36.811927+00:00,,
Makam Keramat Megu,"Kabupaten Cirebon, Jawa Barat",Makam,ChIJcwxpOenhbi4RMdxaVr8svsk,MASJID KRAMAT MEGU,"7GM3+MF6 Masjid Kramat Megu, Jl. Fatahillah RT. 22, Megu Gede, Kec. Weru, Kabupaten Cirebon, Jawa Barat 45154, Indonesia",4.7,247.0,https://maps.google.com/?cid=14537105847497710641&g_mp=CiVnb29nbGUubWFwcy5wbGFjZXMudjEuUGxhY2VzLkdldFBsYWNlEAIYBCAA,-6.7160806,108.5038846,SUCCESS,FIRST_RESULT,2026-09-26T18:10:37.040567+00:00,,
Balong Keramat Tuk,"Kabupaten Cirebon, Jawa Barat",Makam,ChIJnRfI3Objbi4RDj1G2Tca1To,Balong Tuk,"7GGH+RW5, Tuk, Kedawung, Cirebon, West Java 45153, Indonesia",4.4,123.0,https://maps.google.com/?cid=4239323451409972494&g_mp=CiVnb29nbGUubWFwcy5wbGFjZXMudjEuUGxhY2VzLkdldFBsYWNlEAIYBCAA,-6.7229965,108.5298552,SUCCESS,FIRST_RESULT,2026-09-26T18:10:37.229247+00:00,,
Petilasan Cimandung,"Kabupaten Cirebon, Jawa Barat",Makam,ChIJl55zc1gfby4RLCyRY7GZyJc,PETILASAN KERAMAT CIMANDUNG,"6FCX+CQ2, Jl. Lembah Cimandung, Kerandon, Kec. Talun, Kabupaten Cirebon, Jawa Barat 45171, Indonesia",4.7,26.0,https://maps.google.com/?cid=10937160682227969068&g_mp=CiVnb29nbGUubWFwcy5wbGFjZXMudjEuUGxhY2VzLkdldFBsYWNlEAIYBCAA,-6.7789896,108.4993783,SUCCESS,FIRST_RESULT,2026-09-26T18:10:37.438383+00:00,,
Kuburan Kerkhoff,Aceh,Makam,ChIJL9isI1I3QDARpzy1dGn9-6I,Kerkhoff Poetjoet,"Peucut, G8W7+PQ5, Sukaramai, Kec. Baiturrahman, Kota Banda Aceh, Aceh 23116, Indonesia",4.5,34.0,https://maps.google.com/?cid=11744259082670128295&g_mp=CiVnb29nbGUubWFwcy5wbGFjZXMudjEuUGxhY2VzLkdldFBsYWNlEAIYBCAA,5.5467599,95.314488,SUCCESS,FIRST_RESULT,2026-09-26T17:13:43.368074+00:00,,
Makam Sentot Alibasyah,Bengkulu,Makam,ChIJJVdlCiWwNi4Rz725fRf2kR8,Makam Sentot Alibasyah,"6767+C97, Bajak, Teluk Segara, Bengkulu City, Bengkulu 38115, Indonesia",4.2,45.0,https://maps.google.com/?cid=2274869867552816591&g_mp=CiVnb29nbGUubWFwcy5wbGFjZXMudjEuUGxhY2VzLkdldFBsYWNlEAIYBCAA,-3.788971300000001,102.2634227,SUCCESS,FIRST_RESULT,2026-09-26T17:13:43.554345+00:00,,
Makam Auliya Male Ta Illayabe,Gorontalo,Makam,ChIJTZ-2W6QqeTIRIwI9ZOFJMfU,Makam Aulia Male Ta Ilayabe,"Kota Tim., Kota Dombo Raya, Gorontalo, G357+VHM, Talumolo, Kec. Kota Tim., Kota Gorontalo, Gorontalo 96133, Indonesia",4.3,7.0,https://maps.google.com/?cid=17667984045549355555&g_mp=CiVnb29nbGUubWFwcy5wbGFjZXMudjEuUGxhY2VzLkdldFBsYWNlEAIYBCAA,0.5097079,123.0639305,SUCCESS,FIRST_RESULT,2026-09-26T18:10:37.665000+00:00,,
Makam Akik Ning,Kepulauan Bangka Belitung,Makam,ChIJwfYSzsDDIi4R9Uf1uHoWjwQ,"Makam Akek Ning, Asnawi Bin Sultan Sulaiman","W268+5M6, Air Duren, Mendo Barat, Bangka Regency, Bangka Belitung Islands 33173, Indonesia",5.0,2.0,https://maps.google.com/?cid=328506014166239221&g_mp=CiVnb29nbGUubWFwcy5wbGFjZXMudjEuUGxhY2VzLkdldFBsYWNlEAIYBCAA,-2.0906612,106.0167706,SUCCESS,FIRST_RESULT,2026-09-26T18:10:37.871169+00:00,,
Makam Atok Banjar,Kepulauan Bangka Belitung,Makam,ChIJhw39H6_DIi4RoGuJe4B_Ack,Makam Atok Banjar K.H. Mansyur Al-Banjari,"V2Q2+5V3, Petaling, Mendo Barat, Kabupaten Belitung, Bangka Belitung Islands 33173, Indonesia",,,https://maps.google.com/?cid=14483998066405370784&g_mp=CiVnb29nbGUubWFwcy5wbGFjZXMudjEuUGxhY2VzLkdldFBsYWNlEAIYBCAA,-2.1121201,106.0021588,SUCCESS,FIRST_RESULT,2026-09-26T18:10:38.088221+00:00,,
Kuburan Borgo,Sulawesi Utara,Makam,ChIJ8_cmKz1lhzIRf2f_HnL27WU,Kuburan Umum,"9M2F+8MJ, Senduk, Tombariri, Minahasa Regency, North Sulawesi, Indonesia",5.0,1.0,https://maps.google.com/?cid=7344797537317906303&g_mp=CiVnb29nbGUubWFwcy5wbGFjZXMudjEuUGxhY2VzLkdldFBsYWNlEAIYBCAA,1.3508268,124.6741406,SUCCESS,FIRST_RESULT,2026-09-26T18:10:38.303376+00:00,,
Kuburan Kerkhoff Kuburan Belanda,Sulawesi Utara,Makam,ChIJL9isI1I3QDARpzy1dGn9-6I,Kerkhoff Poetjoet,"Peucut, G8W7+PQ5, Sukaramai, Kec. Baiturrahman, Kota Banda Aceh, Aceh 23116, Indonesia",4.5,34.0,https://maps.google.com/?cid=11744259082670128295&g_mp=CiVnb29nbGUubWFwcy5wbGFjZXMudjEuUGxhY2VzLkdldFBsYWNlEAIYBCAA,5.5467599,95.314488,SUCCESS,FIRST_RESULT,2026-09-26T18:10:38.521825+00:00,,
Pemakaman Imogiri,Yogyakarta,Makam,ChIJD3bvUflUei4RMHRQThlIzZk,Makam Raja-Raja Mataram Imogiri,"Imogiri - Dodogan, Karang Kulon, Wukirsari, Kec. Imogiri, Kabupaten Bantul, Daerah Istimewa Yogyakarta 55782, Indonesia",4.8,1183.0,https://maps.google.com/?cid=11082593531553936432&g_mp=CiVnb29nbGUubWFwcy5wbGFjZXMudjEuUGxhY2VzLkdldFBsYWNlEAIYBCAA,-7.9205289,110.3957694,SUCCESS,FIRST_RESULT,2026-09-26T18:10:38.757107+00:00,,
Makam Ki Ageng Balak,"Kabupaten Sukoharjo, Jawa Tengah",Makam,ChIJoyy2Xro8ei4RjOE8u-eG8ks,Makam Ki Ageng Balak,"Mertan, Kec. Bendosari, Kabupaten Sukoharjo, Jawa Tengah 57528, Indonesia",4.3,73.0,https://maps.google.com/?cid=5472584827045470604&g_mp=CiVnb29nbGUubWFwcy5wbGFjZXMudjEuUGxhY2VzLkdldFBsYWNlEAIYBCAA,-7.6746292999999985,110.8892208,SUCCESS,FIRST_RESULT,2026-09-26T18:10:38.975006+00:00,,
Makam Raja Haji,Kepulauan Riau,Makam,ChIJJYh0S7tz2TER37fsnFAhTF8,Tomb of Raja Ali Haji,"WCHC+3J6, Jl. Pendidikan, Penyengat, Kec. Tj. Pinang Kota, Kota Tanjung Pinang, Kepulauan Riau 29114, Indonesia",4.8,56.0,https://maps.google.com/?cid=6866900161947023327&g_mp=CiVnb29nbGUubWFwcy5wbGFjZXMudjEuUGxhY2VzLkdldFBsYWNlEAIYBCAA,0.9276728,104.421514,SUCCESS,FIRST_RESULT,2026-09-26T18:10:39.195641+00:00,,
Kuburan Batee Meuculek,"Kabupaten Aceh Barat Daya, Aceh",Makam,ChIJYfxP2MTZOzAR9atSMRK81SQ,Situs Makam Batee Meuculek,"MV7P+7J6, Unnamed Road, Blang Padang, Kec. Tangan-Tangan, Kabupaten Aceh Barat Daya, Aceh 23762, Indonesia",,,https://maps.google.com/?cid=2654234341727710197&g_mp=CiVnb29nbGUubWFwcy5wbGFjZXMudjEuUGxhY2VzLkdldFBsYWNlEAIYBCAA,3.6631538999999993,96.8865274,SUCCESS,FIRST_RESULT,2026-09-26T18:10:39.450120+00:00,,
Makam Syeh Mahmud,"Kabupaten Aceh Barat Daya, Aceh",Makam,ChIJ4YE3TABhOTARm_vjUnNOXt0,Makam Syekh Mahmud Blangpidie,"PRQM+3QC, Jl. Kesehatan, Kepala Bandar, Susoh, Kabupaten Aceh Barat Daya, Aceh 23763, Indonesia",,,https://maps.google.com/?cid=15951273187411753883&g_mp=CiVnb29nbGUubWFwcy5wbGFjZXMudjEuUGxhY2VzLkdldFBsYWNlEAIYBCAA,3.7377539,96.8345613,SUCCESS,FIRST_RESULT,2026-09-26T18:10:39.660975+00:00,,
Makam Laksamana Malahayati,"Kabupaten Aceh Besar, Aceh",Makam,ChIJZdgtAltOQDARu0K2Z60UYd8,Makam Laksamana Keumala Hayati,"HGRH+C5H, Lamreh, Mesjid Raya, Aceh Besar Regency, Aceh, Indonesia",4.7,15.0,https://maps.google.com/?cid=16096169278200758971&g_mp=CiVnb29nbGUubWFwcy5wbGFjZXMudjEuUGxhY2VzLkdldFBsYWNlEAIYBCAA,5.5910701,95.5279718,SUCCESS,FIRST_RESULT,2026-09-26T18:10:39.888234+00:00,,
Makam Kramat Du Panggola,"Kota Gorontalo, Gorontalo",Makam,ChIJOWaWjN0reTIRiYYDDY4Tx08,Makam Aulia Raja Ilato (Ju Panggola),"HX2W+M6V, Jl. Usman Isa, Iluta, Kec. Batudaa, Kabupaten Gorontalo, Gorontalo 96271, Indonesia",4.2,14.0,https://maps.google.com/?cid=5748584950186346121&g_mp=CiVnb29nbGUubWFwcy5wbGFjZXMudjEuUGxhY2VzLkdldFBsYWNlEAIYBCAA,0.5517369999999999,122.9955403,SUCCESS,FIRST_RESULT,2026-09-26T18:10:40.109856+00:00,,
Makam Kramat Tajailoyibuo,"Kota Gorontalo, Gorontalo",Makam,ChIJz0ohRB0reTIRf8zS7Un1Bos,Makam Aulia Ta Diya'a Oyibuo,"G3M2+P6R, Donggala, Hulonthalangi, Gorontalo Regency, Gorontalo 96133, Indonesia",5.0,2.0,https://maps.google.com/?cid=10017964119003679871&g_mp=CiVnb29nbGUubWFwcy5wbGFjZXMudjEuUGxhY2VzLkdldFBsYWNlEAIYBCAA,0.5343523,123.0505252,SUCCESS,FIRST_RESULT,2026-09-26T18:10:40.367693+00:00,,
Makam Aulia Raja Ilato,"Kota Gorontalo, Gorontalo",Makam,ChIJOWaWjN0reTIRiYYDDY4Tx08,Makam Aulia Raja Ilato (Ju Panggola),"HX2W+M6V, Jl. Usman Isa, Iluta, Kec. Batudaa, Kabupaten Gorontalo, Gorontalo 96271, Indonesia",4.2,14.0,https://maps.google.com/?cid=5748584950186346121&g_mp=CiVnb29nbGUubWFwcy5wbGFjZXMudjEuUGxhY2VzLkdldFBsYWNlEAIYBCAA,0.5517369999999999,122.9955403,SUCCESS,FIRST_RESULT,2026-09-26T18:10:40.545266+00:00,,
Makam Aulia Male Tailayabe,"Kota Gorontalo, Gorontalo",Makam,ChIJTZ-2W6QqeTIRIwI9ZOFJMfU,Makam Aulia Male Ta Ilayabe,"Kota Tim., Kota Dombo Raya, Gorontalo, G357+VHM, Talumolo, Kec. Kota Tim., Kota Gorontalo, Gorontalo 96133, Indonesia",4.3,7.0,https://maps.google.com/?cid=17667984045549355555&g_mp=CiVnb29nbGUubWFwcy5wbGFjZXMudjEuUGxhY2VzLkdldFBsYWNlEAIYBCAA,0.5097079,123.0639305,SUCCESS,FIRST_RESULT,2026-09-26T18:10:40.746587+00:00,,
Makam Pangeran Jayakarta,"Jakarta Timur, Jakarta",Makam,ChIJoTQhfLD0aS4RPwTpU2oC4_A,Makam Pangeran Jayakarta,"Jl. Jatinegara Kaum No.49, RT.6/RW.3, Jatinegara Kaum, Kec. Pulo Gadung, Kota Jakarta Timur, Daerah Khusus Ibukota Jakarta 13250, Indonesia",4.7,318.0,https://maps.google.com/?cid=17357720044513592383&g_mp=CiVnb29nbGUubWFwcy5wbGFjZXMudjEuUGxhY2VzLkdldFBsYWNlEAIYBCAA,-6.2020054,106.901001,SUCCESS,FIRST_RESULT,2026-09-26T18:10:41.025782+00:00,,
Makam Sultan Thaha,"Kabupaten Tebo, Jambi",Makam,ChIJDT1TBKzqLi4RhwBTxHgwLRg,Makam Sultan Thaha Syaifuddin,"GC5V+QG6, Kelurahan Muara Tebo, Tebo Tengah, Tebo Regency, Jambi 37573, Indonesia",4.5,27.0,https://maps.google.com/?cid=1742101926110232711&g_mp=CiVnb29nbGUubWFwcy5wbGFjZXMudjEuUGxhY2VzLkdldFBsYWNlEAIYBCAA,-1.4905828,102.4437564,SUCCESS,FIRST_RESULT,2026-09-26T18:10:41.228083+00:00,,
Makam Karl Adolf Bosscha,"Kabupaten Bandung Barat, Jawa Barat",Makam,ChIJqb3VetqWaC4RDjJDgYMIfxU,Bosscha Tomb,"Banjarsari, QHQQ+54H, Pangalengan, Banjarsari, Bandung, Kabupaten Bandung, Jawa Barat 40378, Indonesia",4.5,129.0,https://maps.google.com/?cid=1548966157741142542&g_mp=CiVnb29nbGUubWFwcy5wbGFjZXMudjEuUGxhY2VzLkdldFBsYWNlEAIYBCAA,-7.2120726999999984,107.5878738,SUCCESS,FIRST_RESULT,2026-09-26T18:10:41.451841+00:00,,
Makam Sunan Gunung Jati,"Kabupaten Cirebon, Jawa Barat",Makam,ChIJM3IZNfUdby4RQoqFvuloyEQ,Tomb of Sunan Gunung Jati,"Jl. Makam Jl. Sunan Gn. Jati, Astana, Kec. Gunungjati, Kabupaten Cirebon, Jawa Barat 45151, Indonesia",4.1,1789.0,https://maps.google.com/?cid=4956326743054322242&g_mp=CiVnb29nbGUubWFwcy5wbGFjZXMudjEuUGxhY2VzLkdldFBsYWNlEAIYBCAA,-6.671216800000001,108.5400396,SUCCESS,FIRST_RESULT,2026-09-26T18:10:41.733841+00:00,,
Makam Habib Ali,"Kabupaten Jepara, Jawa Tengah",Makam,ChIJmXNNGaMfcS4RyUPJ5JCwc8E,Makam Syekh Ali Muhammad,"Jl. Jenderal Ahmad Yani No.64, Mulyoharjo III, Mulyoharjo, Kec. Jepara, Kabupaten Jepara, Jawa Tengah 59415, Indonesia",5.0,2.0,https://maps.google.com/?cid=13939679408001991625&g_mp=CiVnb29nbGUubWFwcy5wbGFjZXMudjEuUGxhY2VzLkdldFBsYWNlEAIYBCAA,-6.5848831,110.6787935,SUCCESS,FIRST_RESULT,2026-09-26T18:10:41.957282+00:00,,
Makam Syeh Abu Bakar,"Kabupaten Jepara, Jawa Tengah",Makam,ChIJR9ERq7wecS4Rgwt42JIL1Gk,"Makam Syeikh Abu Bakar Jepara, Mbah Jogo Laut, dan Mbah Griji atau Mbah Jasad","CJFH+6HG, Ujungbatu I, Ujungbatu, Kec. Jepara, Kabupaten Jepara, Jawa Tengah, Indonesia",4.4,71.0,https://maps.google.com/?cid=7625732794369969027&g_mp=CiVnb29nbGUubWFwcy5wbGFjZXMudjEuUGxhY2VzLkdldFBsYWNlEAIYBCAA,-6.5769484,110.628949,SUCCESS,FIRST_RESULT,2026-09-26T18:10:42.173553+00:00,,
Pemakaman Girigondo,Yogyakarta,Makam,ChIJrX7ptV_kei4Rc8Iwb9XNNMg,Astana Girigondo,"43HQ+WX3, Balong, Kaligintung, Kec. Temon, Kabupaten Kulon Progo, Daerah Istimewa Yogyakarta 55654, Indonesia",4.8,44.0,https://maps.google.com/?cid=14426381822951735923&g_mp=CiVnb29nbGUubWFwcy5wbGFjZXMudjEuUGxhY2VzLkdldFBsYWNlEAIYBCAA,-7.8702485,110.0899371,SUCCESS,FIRST_RESULT,2026-09-26T18:10:42.375689+00:00,,
Makam Syeh Amir Hasan,"Kabupaten Jepara, Jawa Tengah",Makam,ChIJtRR5fScfcS4R_ImQ8WpcQ1E,Makam Syeh Hasan bin Ibrohim Al-Hasni,"Rw. III, Bandengan, Kec. Jepara, Kabupaten Jepara, Jawa Tengah 59431, Indonesia",4.7,23.0,https://maps.google.com/?cid=5855625554900847100&g_mp=CiVnb29nbGUubWFwcy5wbGFjZXMudjEuUGxhY2VzLkdldFBsYWNlEAIYBCAA,-6.573218,110.6645986,SUCCESS,FIRST_RESULT,2026-09-26T18:10:42.601360+00:00,,
Makam Petilasan Krapyak,"Kabupaten Kendal, Jawa Tengah",Makam,ChIJPct42AOHcC4R1HHf6MVnw2g,Makam Waliyullah Jabbal Krapyak & Petilasan Kanjeng Sunan Benowo,"RCVC+PW9, Jl. Polonia Bejiungaran, Beji, Kec. Ungaran Tim., Kabupaten Semarang, Jawa Tengah 50519, Indonesia",5.0,3.0,https://maps.google.com/?cid=7548991500116259284&g_mp=CiVnb29nbGUubWFwcy5wbGFjZXMudjEuUGxhY2VzLkdldFBsYWNlEAIYBCAA,-7.155722399999999,110.4223505,SUCCESS,FIRST_RESULT,2026-09-26T18:10:42.815357+00:00,,
Makam Pengeran Benowo,"Kabupaten Kendal, Jawa Tengah",Makam,ChIJN_HLtAxpcC4RadNHWVF6tAM,Makam Pangeran Benowo,"X4WQ+6QX, Praan, Pekuncen, Kec. Pegandon, Kabupaten Kendal, Jawa Tengah 51357, Indonesia",4.4,12.0,https://maps.google.com/?cid=266972767730520937&g_mp=CiVnb29nbGUubWFwcy5wbGFjZXMudjEuUGxhY2VzLkdldFBsYWNlEAIYBCAA,-7.0043979,110.1394837,SUCCESS,FIRST_RESULT,2026-09-26T18:10:43.044070+00:00,,
Makam Sunan Kudus,"Kabupaten Kudus, Jawa Tengah",Makam,ChIJD9DOrCDFcC4R8kh2j62quIs,Tomb of Kanjeng Sunan Kudus,"Jl. Menara, Pejaten, Langgardalem, Kec. Kota Kudus, Kabupaten Kudus, Jawa Tengah 59315, Indonesia",4.8,949.0,https://maps.google.com/?cid=10067984629399701746&g_mp=CiVnb29nbGUubWFwcy5wbGFjZXMudjEuUGxhY2VzLkdldFBsYWNlEAIYBCAA,-6.8039365,110.8322242,SUCCESS,FIRST_RESULT,2026-09-26T18:10:43.289607+00:00,,
Makam Sunan Muria,"Kabupaten Kudus, Jawa Tengah",Makam,ChIJkZDtT6vZcC4R8mKVw1isJsE,Tomb of Sunan Muria,"Colo, Dawe, Kudus Regency, Central Java, Indonesia",4.7,1232.0,https://maps.google.com/?cid=13918001195673543410&g_mp=CiVnb29nbGUubWFwcy5wbGFjZXMudjEuUGxhY2VzLkdldFBsYWNlEAIYBCAA,-6.6684189,110.9029323,SUCCESS,FIRST_RESULT,2026-09-26T18:10:43.522080+00:00,,
Makam Sunan Kedu,"Kabupaten Kudus, Jawa Tengah",Makam,ChIJ9eaBcu7bcC4R0cdgHYO2Q_s,Makam Sunan Kedu,"Krajan, Sukoharjo, Gribig, Kec. Gebog, Kabupaten Kudus, Jawa Tengah 59333, Indonesia",4.9,13.0,https://maps.google.com/?cid=18105515601209378769&g_mp=CiVnb29nbGUubWFwcy5wbGFjZXMudjEuUGxhY2VzLkdldFBsYWNlEAIYBCAA,-6.7853948,110.830799,SUCCESS,FIRST_RESULT,2026-09-26T18:10:43.734435+00:00,,
Makam Syeh Syadzili,"Kabupaten Kudus, Jawa Tengah",Makam,ChIJyUS-ByDYcC4RzOKNQENe7jA,Makam Syekh Abu Hasan Syadzali,"8WX3+H5C, Area Gn., Colo, Kec. Dawe, Kabupaten Kudus, Jawa Tengah 59353, Indonesia",4.5,54.0,https://maps.google.com/?cid=3525859201216537292&g_mp=CiVnb29nbGUubWFwcy5wbGFjZXMudjEuUGxhY2VzLkdldFBsYWNlEAIYBCAA,-6.6510582,110.9028753,SUCCESS,FIRST_RESULT,2026-09-26T18:10:43.948748+00:00,,
Makam Kyai Telingsing,"Kabupaten Kudus, Jawa Tengah",Makam,ChIJIcsV0cDEcC4RJFabl2g1fWQ,Makam Mbah Kyai Telingsing,"Sunggingan, Kec. Kota Kudus, Kabupaten Kudus, Jawa Tengah 59317, Indonesia",4.6,30.0,https://maps.google.com/?cid=7241002499218036260&g_mp=CiVnb29nbGUubWFwcy5wbGFjZXMudjEuUGxhY2VzLkdldFBsYWNlEAIYBCAA,-6.8104077,110.8339532,SUCCESS,FIRST_RESULT,2026-09-26T18:10:44.172725+00:00,,
Makam Keluarga Trah Tjondronegoro Iii,"Kabupaten Kudus, Jawa Tengah",Makam,ChIJZ61mN2fFcC4RdRH2oVYbflc,Makam Keluarga Sasono Palereman,"6V3F+2J9, Jl. Conge Ngembalrejo, Ngembal Rejo, Ngembalrejo, Kec. Bae, Kabupaten Kudus, Jawa Tengah 59322, Indonesia",5.0,1.0,https://maps.google.com/?cid=6304506587263668597&g_mp=CiVnb29nbGUubWFwcy5wbGFjZXMudjEuUGxhY2VzLkdldFBsYWNlEAIYBCAA,-6.797224,110.874195,SUCCESS,FIRST_RESULT,2026-09-26T18:10:44.376738+00:00,,
Makam Mbah Tanggulangin,"Kabupaten Kudus, Jawa Tengah",Makam,ChIJ__ORKO3h1y0RVx7mjhBw_lk,Makam Wali Mbah Sanggar Keturunan Sunan Ampel,"Wates, Kedensari, Kec. Tanggulangin, Kabupaten Sidoarjo, Jawa Timur 61272, Indonesia",5.0,11.0,https://maps.google.com/?cid=6484743729879326295&g_mp=CiVnb29nbGUubWFwcy5wbGFjZXMudjEuUGxhY2VzLkdldFBsYWNlEAIYBCAA,-7.4969742,112.6903468,SUCCESS,FIRST_RESULT,2026-09-26T18:10:44.592188+00:00,,
Makam Kyai Asyari,"Kabupaten Kendal, Jawa Tengah",Makam,ChIJPcMETBFecC4RtfACSedMkjI,Makam Kyai Guru Kaliwungu,"27J3+H65, Mranggen, Protomulyo, Kec. Kaliwungu Sel., Kabupaten Kendal, Jawa Tengah 51372, Indonesia",4.8,58.0,https://maps.google.com/?cid=3644059604742238389&g_mp=CiVnb29nbGUubWFwcy5wbGFjZXMudjEuUGxhY2VzLkdldFBsYWNlEAIYBCAA,-6.9686094,110.2530951,SUCCESS,FIRST_RESULT,2026-09-26T18:10:44.816009+00:00,,
Makam Sedo Mukti,"Kabupaten Kudus, Jawa Tengah",Makam,ChIJpYcrUtPEcC4RI7gUao-1dc4,Pesarean Sedo Mukti,"6R3X+XHP, Kudus, Kaliputu, Kec. Kota Kudus, Kabupaten Kudus, Jawa Tengah 59312, Indonesia",4.9,12.0,https://maps.google.com/?cid=14876996571652995107&g_mp=CiVnb29nbGUubWFwcy5wbGFjZXMudjEuUGxhY2VzLkdldFBsYWNlEAIYBCAA,-6.795031799999999,110.8489423,SUCCESS,FIRST_RESULT,2026-09-26T18:10:45.013366+00:00,,
Makam Nyai Ageng Ngerang,"Kabupaten Pati, Jawa Tengah",Makam,ChIJp1dXiQrLcC4RZf0S1HvnujQ,Makam Nyai Ageng Ngerang,"426W+HQ2, Ngarang, Tambakromo, Kec. Tambakromo, Kabupaten Pati, Jawa Tengah 59174, Indonesia",4.6,140.0,https://maps.google.com/?cid=3799603754665442661&g_mp=CiVnb29nbGUubWFwcy5wbGFjZXMudjEuUGxhY2VzLkdldFBsYWNlEAIYBCAA,-6.8886113,111.0468908,SUCCESS,FIRST_RESULT,2026-09-26T18:10:45.226251+00:00,,
Makam Syeh Jangkung,"Kabupaten Pati, Jawa Tengah",Makam,ChIJaydY2TrJcC4REv6yz9lvtC8,MAKAM SYEH DJANGKUNG,"Rw. 6, Landoh, Kec. Kayen, Kabupaten Pati, Jawa Tengah 59171, Indonesia",4.8,345.0,https://maps.google.com/?cid=3437495396873731602&g_mp=CiVnb29nbGUubWFwcy5wbGFjZXMudjEuUGxhY2VzLkdldFBsYWNlEAIYBCAA,-6.8998762,110.9802151,SUCCESS,FIRST_RESULT,2026-09-26T18:10:45.443997+00:00,,
Makam Mbah Tabek Merto,"Kabupaten Pati, Jawa Tengah",Makam,ChIJHSVipry4cC4R3d0xVIZI_cg,Tomb of Sunan Raden Kanjeng Haryo Bagus Mu'min,"Jalan Bukit Kamdowo No.1, Demasan, Prawoto, Kec. Sukolilo, Kabupaten Pati, Jawa Tengah 59172, Indonesia",4.7,65.0,https://maps.google.com/?cid=14482811718468754909&g_mp=CiVnb29nbGUubWFwcy5wbGFjZXMudjEuUGxhY2VzLkdldFBsYWNlEAIYBCAA,-6.968011499999999,110.8257727,SUCCESS,FIRST_RESULT,2026-09-26T18:10:45.653884+00:00,,
Makam Sunan Ngerang,"Kabupaten Pati, Jawa Tengah",Makam,ChIJN1jUJ5stdy4R6kx9ZXYO5H4,Makam Sunan Ngerang,"75G7+J6R, Unnamed Road, Pekuwon, Kec. Juwana, Kabupaten Pati, Jawa Tengah 59185, Indonesia",4.5,52.0,https://maps.google.com/?cid=9143449045140589802&g_mp=CiVnb29nbGUubWFwcy5wbGFjZXMudjEuUGxhY2VzLkdldFBsYWNlEAIYBCAA,-6.723395699999999,111.1630066,SUCCESS,FIRST_RESULT,2026-09-26T18:10:45.872679+00:00,,
Makam Syeh Ronggo Kusumo,"Kabupaten Pati, Jawa Tengah",Makam,ChIJI0srT4wqcS4Rltqi_KAs4ao,Makam Waliyullah Syeh Ronggo Kusumo,"Jl. Ronggo Kusumo No.115, Kembangarum, Ngemplak Kidul, Kec. Margoyoso, Kabupaten Pati, Jawa Tengah 59154, Indonesia",4.7,20.0,https://maps.google.com/?cid=12313171926152567446&g_mp=CiVnb29nbGUubWFwcy5wbGFjZXMudjEuUGxhY2VzLkdldFBsYWNlEAIYBCAA,-6.6077621,111.0544636,SUCCESS,FIRST_RESULT,2026-09-26T18:10:46.110302+00:00,,
Makam Sunan Prawoto,"Kabupaten Pati, Jawa Tengah",Makam,ChIJ5Yz0oqG4cC4RR4DYT5EximY,Makam Sunan Prawoto,"Brentolo, 2RQH+PJM, Sewunagaran, Prawoto, Kec. Sukolilo, Kabupaten Pati, Jawa Tengah 59172, Indonesia",4.4,116.0,https://maps.google.com/?cid=7388772638834327623&g_mp=CiVnb29nbGUubWFwcy5wbGFjZXMudjEuUGxhY2VzLkdldFBsYWNlEAIYBCAA,-6.960659799999999,110.8290465,SUCCESS,FIRST_RESULT,2026-09-26T18:10:46.332409+00:00,,
Makam Bandung Bondowoso Ratu Pengging,"Kabupaten Pati, Jawa Tengah",Makam,ChIJofAYOaNrei4Rp0S80vsAFOw,Makam Pengging,"CMXF+VP4, Dukuh Ireng, Bendan, Kec. Banyudono, Kabupaten Boyolali, Jawa Tengah 57373, Indonesia",4.7,3.0,https://maps.google.com/?cid=17011222774057551015&g_mp=CiVnb29nbGUubWFwcy5wbGFjZXMudjEuUGxhY2VzLkdldFBsYWNlEAIYBCAA,-7.550364099999999,110.6743226,SUCCESS,FIRST_RESULT,2026-09-26T18:10:46.554219+00:00,,
Makam Prabu Angling Dharma,"Kabupaten Pati, Jawa Tengah",Makam,ChIJ-SMj2pLHcC4RYG3Ct_tnjYw,Tomb of Prabu Anglingdarmo,"Jl. Sukolilo - Babalan, Mlawat, Baleadi, Kec. Sukolilo, Kabupaten Pati, Jawa Tengah 59172, Indonesia",4.3,249.0,https://maps.google.com/?cid=10127865467843538272&g_mp=CiVnb29nbGUubWFwcy5wbGFjZXMudjEuUGxhY2VzLkdldFBsYWNlEAIYBCAA,-6.9423624,110.878318,SUCCESS,FIRST_RESULT,2026-09-26T18:10:46.755125+00:00,,
Makam Ki Gede,"Kabupaten Jepara, Jawa Tengah",Makam,ChIJ-1FBwPwjcS4R-MKXLEdmNRc,Makam ki gede bangsri,"FQJF+28W, Jl. Tengger, Kedungleper III, Wedelan, Kec. Bangsri, Kabupaten Jepara, Jawa Tengah 59453, Indonesia",,,https://maps.google.com/?cid=1672355292514861816&g_mp=CiVnb29nbGUubWFwcy5wbGFjZXMudjEuUGxhY2VzLkdldFBsYWNlEAIYBCAA,-6.5198953,110.773337,SUCCESS,FIRST_RESULT,2026-09-26T18:10:46.954683+00:00,,
Makam Sosro Kartono Para Bupati,"Kabupaten Kudus, Jawa Tengah",Makam,ChIJ45kr1GrbcC4Rv0ge-ZVmw4g,Makam Sosrokartono,"6R4X+PJC, Jl. Sosrokartono, Kudus, Kaliputu, Kec. Kota Kudus, Kabupaten Kudus, Jawa Tengah 59312, Indonesia",5.0,10.0,https://maps.google.com/?cid=9854833203932448959&g_mp=CiVnb29nbGUubWFwcy5wbGFjZXMudjEuUGxhY2VzLkdldFBsYWNlEAIYBCAA,-6.7949734,110.8488643,SUCCESS,FIRST_RESULT,2026-09-26T18:10:47.199806+00:00,,
Makam Sunan Abinowo,"Kabupaten Kendal, Jawa Tengah",Makam,ChIJ35RcDQpocC4RP2rEB4BH2rI,Sunan Abinawa,"Praan, Pekuncen, Kec. Pegandon, Kabupaten Kendal, Jawa Tengah 51357, Indonesia",4.8,45.0,https://maps.google.com/?cid=12887691898885794367&g_mp=CiVnb29nbGUubWFwcy5wbGFjZXMudjEuUGxhY2VzLkdldFBsYWNlEAIYBCAA,-7.0044578,110.1395548,SUCCESS,FIRST_RESULT,2026-09-26T18:10:47.441843+00:00,,
Makam Sunan Makhdum Pimpinan Walisongo I,"Kabupaten Pati, Jawa Tengah",Makam,ChIJ8TqU-VTScC4RV6AjpBo7fK0,Sunan Makdum,"723R+6X3, Jl. Dr. Susanto, Parenggan, Kec. Pati, Kabupaten Pati, Jawa Tengah 59119, Indonesia",4.8,32.0,https://maps.google.com/?cid=12500931651282640983&g_mp=CiVnb29nbGUubWFwcy5wbGFjZXMudjEuUGxhY2VzLkdldFBsYWNlEAIYBCAA,-6.7469885,111.0424266,SUCCESS,FIRST_RESULT,2026-09-26T18:10:47.679017+00:00,,
Makam Pangeran Djoeminah,"Kabupaten Kendal, Jawa Tengah",Makam,ChIJZWN_34lfcC4RuwP_uGc9omc,Makam Pangeran Juminah,"26JX+MMG, Proto Lor, Protomulyo, Kec. Kaliwungu Sel., Kabupaten Kendal, Jawa Tengah 51372, Indonesia",4.5,13.0,https://maps.google.com/?cid=7467598647828349883&g_mp=CiVnb29nbGUubWFwcy5wbGFjZXMudjEuUGxhY2VzLkdldFBsYWNlEAIYBCAA,-6.9683205,110.2492032,SUCCESS,FIRST_RESULT,2026-09-26T18:10:47.874185+00:00,,
Makam Tumenggung Mertowijoyo,"Kabupaten Kendal, Jawa Tengah",Makam,ChIJh8pyzmFdcC4RgWa-av4RQH4,Makam R. Mertowijoyo Kendil Wesi,"35RH+FCQ, Desa Wonosari, Sukolilan Satu, Sukolilan, Kec. Patebon, Kabupaten Kendal, Jawa Tengah 51351, Indonesia",4.8,4.0,https://maps.google.com/?cid=9097291031698630273&g_mp=CiVnb29nbGUubWFwcy5wbGFjZXMudjEuUGxhY2VzLkdldFBsYWNlEAIYBCAA,-6.9087789,110.1785991,SUCCESS,FIRST_RESULT,2026-09-26T18:10:48.059734+00:00,,
Makam Ronggo Kusumo,"Kabupaten Jepara, Jawa Tengah",Makam,ChIJYfFI58rdcC4R6AwN87IZJWE,Makam Mbah Ronggo Kusumo,"7P76+WW9, Rw. 01, Manyargading, Kec. Kalinyamatan, Kabupaten Jepara, Jawa Tengah 59462, Indonesia",5.0,6.0,https://maps.google.com/?cid=7000029452189895912&g_mp=CiVnb29nbGUubWFwcy5wbGFjZXMudjEuUGxhY2VzLkdldFBsYWNlEAIYBCAA,-6.7352173,110.7123744,SUCCESS,FIRST_RESULT,2026-09-26T18:10:48.276657+00:00,,
Makam Mbah Datuk Subuh,"Kabupaten Jepara, Jawa Tengah",Makam,ChIJbcYiAvLncC4RyWdXAtJJm4w,Sidigede jln mbah datuk subuh,"6PV6+X66, Jl. Mbah Datuk Subuh No.rt12, Area Sawah, Sidigede, Kec. Welahan, Kabupaten Jepara, Jawa Tengah 59464, Indonesia",5.0,2.0,https://maps.google.com/?cid=10131772953031305161&g_mp=CiVnb29nbGUubWFwcy5wbGFjZXMudjEuUGxhY2VzLkdldFBsYWNlEAIYBCAA,-6.7549772,110.700289,SUCCESS,FIRST_RESULT,2026-09-26T18:10:48.504782+00:00,,
Makam Mbah Pakisaji,"Kabupaten Jepara, Jawa Tengah",Makam,ChIJf1T1oZchcS4RdAB9TyC6e4g,makam pakis aji,"CPGW+5HM, Rw. 02, Suwawal Tim., Kec. Pakis Aji, Kabupaten Jepara, Jawa Tengah 59452, Indonesia",,,https://maps.google.com/?cid=9834658859228921972&g_mp=CiVnb29nbGUubWFwcy5wbGFjZXMudjEuUGxhY2VzLkdldFBsYWNlEAIYBCAA,-6.5745263,110.746424,SUCCESS,FIRST_RESULT,2026-09-26T18:10:48.716426+00:00,,
Kh Noor Ahmad Ss,"Kabupaten Jepara, Jawa Tengah",Makam,ChIJEacqpZIfcS4RO3DyeKr3ABY,PCNU Kabupaten Jepara,"NU Building, Jl. Pemuda Jepara No.51, Potroyudan IX, Potroyudan, Kec. Jepara, Kabupaten Jepara, Jawa Tengah 59412, Indonesia",5.0,12.0,https://maps.google.com/?cid=1585539380380069947&g_mp=CiVnb29nbGUubWFwcy5wbGFjZXMudjEuUGxhY2VzLkdldFBsYWNlEAIYBCAA,-6.5969165,110.6717088,SUCCESS,FIRST_RESULT,2026-09-26T18:10:48.899038+00:00,,
Makam Habib Sodiq Dan Kh Noor Ahmad Ss,"Kabupaten Jepara, Jawa Tengah",Makam,ChIJZ_MwZDLdcC4RBfEmPPhot9Q,Makam KH Noor Ahmad al-Falaky,"7P9C+22V, Jl. Raden Kusuma Abdul Jalil, Rw. IV, Kriyan, Kec. Kalinyamatan, Kabupaten Jepara, Jawa Tengah 59462, Indonesia",5.0,1.0,https://maps.google.com/?cid=15327835272149135621&g_mp=CiVnb29nbGUubWFwcy5wbGFjZXMudjEuUGxhY2VzLkdldFBsYWNlEAIYBCAA,-6.7321674,110.7202879,SUCCESS,FIRST_RESULT,2026-09-26T18:10:49.101825+00:00,,
Makam Assayyid Thoyyib Thohir,"Kabupaten Jepara, Jawa Tengah",Makam,ChIJR9ERq7wecS4Rgwt42JIL1Gk,"Makam Syeikh Abu Bakar Jepara, Mbah Jogo Laut, dan Mbah Griji atau Mbah Jasad","CJFH+6HG, Ujungbatu I, Ujungbatu, Kec. Jepara, Kabupaten Jepara, Jawa Tengah, Indonesia",4.4,71.0,https://maps.google.com/?cid=7625732794369969027&g_mp=CiVnb29nbGUubWFwcy5wbGFjZXMudjEuUGxhY2VzLkdldFBsYWNlEAIYBCAA,-6.5769484,110.628949,SUCCESS,FIRST_RESULT,2026-09-26T18:10:49.303461+00:00,,
Syaikh Syamsuri,"Kabupaten Jepara, Jawa Tengah",Makam,,,,,,,,,,,,NOT_FOUND,NO_GOOGLE_RESULT
Makam Assayyid Thoyyib Thohir Dan Syaikh Syamsuri,"Kabupaten Jepara, Jawa Tengah",Makam,ChIJ3zQf9GsfcS4RiA7KoUkJPMM,Makam Saayid Hasan bin Ibrohim Al Husni,"CMP6+WJ4, Rw. IV, Bandengan, Kec. Jepara, Kabupaten Jepara, Jawa Tengah 59432, Indonesia",5.0,2.0,https://maps.google.com/?cid=14068129547850223240&g_mp=CiVnb29nbGUubWFwcy5wbGFjZXMudjEuUGxhY2VzLkdldFBsYWNlEAIYBCAA,-6.5627453,110.6615885,SUCCESS,FIRST_RESULT,2026-09-26T18:10:49.628663+00:00,,
Makam Pangeran Syarif,"Kabupaten Jepara, Jawa Tengah",Makam,ChIJKS8LxggfcS4RuJR7V2y0gns,Makam Pangeran Syarif dan Mbah Ujung Para,"CM3H+R84, Rw. I, Saripan, Kec. Jepara, Kabupaten Jepara, Jawa Tengah 59414, Indonesia",4.1,41.0,https://maps.google.com/?cid=8899874191054705848&g_mp=CiVnb29nbGUubWFwcy5wbGFjZXMudjEuUGxhY2VzLkdldFBsYWNlEAIYBCAA,-6.595485699999999,110.6783368,SUCCESS,FIRST_RESULT,2026-09-26T18:10:49.831906+00:00,,
Makam Habib Sodiq,"Kabupaten Jepara, Jawa Tengah",Makam,ChIJAQBAa_DdcC4Rnf1m1W0EcFQ,Makam Islam Yek Sodiq,"7P9F+X28, Jl. Gua Kencana, Rw. I, Kriyan, Kec. Kalinyamatan, Kabupaten Jepara, Jawa Tengah 59462, Indonesia",5.0,2.0,https://maps.google.com/?cid=6084367966355783069&g_mp=CiVnb29nbGUubWFwcy5wbGFjZXMudjEuUGxhY2VzLkdldFBsYWNlEAIYBCAA,-6.730092,110.7225833,SUCCESS,FIRST_RESULT,2026-09-26T18:10:50.045051+00:00,,
Makam Pangeran Syarif Dan Mbah Jenggolo,"Kabupaten Jepara, Jawa Tengah",Makam,ChIJKS8LxggfcS4RuJR7V2y0gns,Makam Pangeran Syarif dan Mbah Ujung Para,"CM3H+R84, Rw. I, Saripan, Kec. Jepara, Kabupaten Jepara, Jawa Tengah 59414, Indonesia",4.1,41.0,https://maps.google.com/?cid=8899874191054705848&g_mp=CiVnb29nbGUubWFwcy5wbGFjZXMudjEuUGxhY2VzLkdldFBsYWNlEAIYBCAA,-6.595485699999999,110.6783368,SUCCESS,FIRST_RESULT,2026-09-26T18:10:50.221304+00:00,,
Mbah Jenggolo,"Kabupaten Jepara, Jawa Tengah",Makam,ChIJqbvSkLUfcS4RnjSupWpBe40,Makam Mbah Abdul Jalil (Wali Sunan Jepara),"9MJ9+774, Mantingan, Kec. Tahunan, Kabupaten Jepara, Jawa Tengah 59421, Indonesia",4.6,37.0,https://maps.google.com/?cid=10194814107785245854&g_mp=CiVnb29nbGUubWFwcy5wbGFjZXMudjEuUGxhY2VzLkdldFBsYWNlEAIYBCAA,-6.619367899999999,110.6681923,SUCCESS,FIRST_RESULT,2026-09-26T18:10:50.413327+00:00,,
Makam Wali Joko,"Kabupaten Kendal, Jawa Tengah",Makam,ChIJYZWhHWlccC4RoDxyPXDKIjI,Makam Wali Joko,"Jl. Raya Soekarno-Hatta No.235, Pekauman, Pegulon, Kec. Kendal, Kabupaten Kendal, Jawa Tengah 51313, Indonesia",4.6,31.0,https://maps.google.com/?cid=3612672434520603808&g_mp=CiVnb29nbGUubWFwcy5wbGFjZXMudjEuUGxhY2VzLkdldFBsYWNlEAIYBCAA,-6.9208466,110.2029026,SUCCESS,FIRST_RESULT,2026-09-26T18:10:50.616990+00:00,,
Makam Kyai Mandurorejo Protomulyo Kaliwungu Selatan Kabupaten Kendal,"Kabupaten Kendal, Jawa Tengah",Makam,ChIJ74JAJ9lfcC4RhgbsLzGQo4w,Makam Kyai Adipati Mandurorejo,"27J3+H65, Mranggen, Protomulyo, Kec. Kaliwungu Sel., Kabupaten Kendal, Jawa Tengah 51372, Indonesia",5.0,2.0,https://maps.google.com/?cid=10134102127445542534&g_mp=CiVnb29nbGUubWFwcy5wbGFjZXMudjEuUGxhY2VzLkdldFBsYWNlEAIYBCAA,-6.9686125,110.2531094,SUCCESS,FIRST_RESULT,2026-09-26T18:10:50.867095+00:00,,
Makam Sunan Bromo,"Kabupaten Kendal, Jawa Tengah",Makam,ChIJAQAAAAtjcC4RcReykkhzOQY,Makam Sunan Bromo,"V7Q4+5XP, Simbang, Bebengan, Kec. Boja, Kabupaten Kendal, Jawa Tengah 51381, Indonesia",4.6,28.0,https://maps.google.com/?cid=448516393436059505&g_mp=CiVnb29nbGUubWFwcy5wbGFjZXMudjEuUGxhY2VzLkdldFBsYWNlEAIYBCAA,-7.112042199999999,110.2574536,SUCCESS,FIRST_RESULT,2026-09-26T18:10:51.076068+00:00,,
Makam Wali Gembyang,"Kabupaten Kendal, Jawa Tengah",Makam,ChIJ1eDEMQBdcC4RQqzKnUGa0Ac,Makam Wali Gembyang,"36H4+V65, Patukangan, Kec. Kendal, Kabupaten Kendal, Jawa Tengah 51311, Indonesia",,,https://maps.google.com/?cid=563119560032169026&g_mp=CiVnb29nbGUubWFwcy5wbGFjZXMudjEuUGxhY2VzLkdldFBsYWNlEAIYBCAA,-6.9202965,110.2055065,SUCCESS,FIRST_RESULT,2026-09-26T18:10:51.271956+00:00,,
Makam Sunan Hadirin Dan Ratu Kalinyamat Serta Raden Abdul Jalil,"Kabupaten Jepara, Jawa Tengah",Makam,ChIJ3WfxkLUfcS4RrfuyHJVUptk,Makam Sultan Hadlirin Wali Mantingan,"9MJ9+68P, Mantingan, Kec. Tahunan, Kabupaten Jepara, Jawa Tengah 59421, Indonesia",4.6,70.0,https://maps.google.com/?cid=15683315751772683181&g_mp=CiVnb29nbGUubWFwcy5wbGFjZXMudjEuUGxhY2VzLkdldFBsYWNlEAIYBCAA,-6.6194223,110.6683252,SUCCESS,FIRST_RESULT,2026-09-26T18:10:51.507346+00:00,,
Ratu Kalinyamat Serta Raden Abdul Jalil,"Kabupaten Jepara, Jawa Tengah",Makam,ChIJv09kl7UfcS4RaUdupEmmYTQ,Tomb of Queen Kalinyamat,"9MJ9+784, Mantingan, Kec. Tahunan, Kabupaten Jepara, Jawa Tengah 59421, Indonesia",4.6,1309.0,https://maps.google.com/?cid=3774480797934700393&g_mp=CiVnb29nbGUubWFwcy5wbGFjZXMudjEuUGxhY2VzLkdldFBsYWNlEAIYBCAA,-6.6193657,110.6683255,SUCCESS,FIRST_RESULT,2026-09-26T18:10:51.703904+00:00,,
Makam Sunan Hadirin,"Kabupaten Jepara, Jawa Tengah",Makam,ChIJ3WfxkLUfcS4RrfuyHJVUptk,Makam Sultan Hadlirin Wali Mantingan,"9MJ9+68P, Mantingan, Kec. Tahunan, Kabupaten Jepara, Jawa Tengah 59421, Indonesia",4.6,70.0,https://maps.google.com/?cid=15683315751772683181&g_mp=CiVnb29nbGUubWFwcy5wbGFjZXMudjEuUGxhY2VzLkdldFBsYWNlEAIYBCAA,-6.6194223,110.6683252,SUCCESS,FIRST_RESULT,2026-09-26T18:10:51.908026+00:00,,
Makam Wali Hadi,"Kabupaten Kendal, Jawa Tengah",Makam,ChIJCWk63vVdcC4RRHgwWWXCFrw,MAKAM WALI HADI,"36H3+R2Q, Pekauman, Pakauman, Kec. Kendal, Kabupaten Kendal, Jawa Tengah 51319, Indonesia",5.0,2.0,https://maps.google.com/?cid=13553233869161920580&g_mp=CiVnb29nbGUubWFwcy5wbGFjZXMudjEuUGxhY2VzLkdldFBsYWNlEAIYBCAA,-6.9204056,110.2026179,SUCCESS,FIRST_RESULT,2026-09-26T18:10:52.137869+00:00,,
Masjid,"Kabupaten Halmahera Selatan, Maluku Utara",Masjid,ChIJ6YeSnXo7Yy0RePFrvkw3Zp4,Masjid Agung Kabupaten Halmahera Selatan,"8GW4+QC9, Labuha, Bacan, South Halmahera Regency, North Maluku, Indonesia",5.0,4.0,https://maps.google.com/?cid=11413871108368888184&g_mp=CiVnb29nbGUubWFwcy5wbGFjZXMudjEuUGxhY2VzLkdldFBsYWNlEAIYBCAA,-0.6530954,127.5060981,SUCCESS,FIRST_RESULT,2026-09-26T18:10:52.400216+00:00,,
Masjid Ridwanul Bahri,"Kabupaten Manokwari, Papua Barat",Masjid,ChIJI7Hacb4KVC0RpxeyRjSvSD4,Ridwanul Bahri Mosque,"43J8+QC8, JL.Toba Sanggeng, Sanggeng, Kec. Manokwari Bar., Kabupaten Manokwari, Papua Bar. 98312, Indonesia",4.7,215.0,https://maps.google.com/?cid=4488029667733936039&g_mp=CiVnb29nbGUubWFwcy5wbGFjZXMudjEuUGxhY2VzLkdldFBsYWNlEAIYBCAA,-0.8680871,134.0660805,SUCCESS,FIRST_RESULT,2026-09-26T18:10:52.616296+00:00,,
Masjid Al Munawwaroh Ternate,"Kota Ternate, Maluku Utara",Masjid,ChIJ_Sp9WFqxnDIRn6YPAwQwSw4,Masjid Raya Al Munawwar Ternate,"Q9QR+Q56, Gamalama, Ternate City, North Maluku, Indonesia",4.7,1773.0,https://maps.google.com/?cid=1029969733573650079&g_mp=CiVnb29nbGUubWFwcy5wbGFjZXMudjEuUGxhY2VzLkdldFBsYWNlEAIYBCAA,0.7894075,127.3904007,SUCCESS,FIRST_RESULT,2026-09-26T18:10:52.839679+00:00,,
Masjid Tua Patimburak Masjid Tertua,"Kabupaten Fakfak, Papua Barat",Masjid,ChIJ1W6sipn9RS0RabFKNo9b0WQ,Situs Masjid Tua Wertuar Patimburak,"7CGH+R2M, Patimburak, Kokas, Fakfak Regency, West Papua, Indonesia",4.8,9.0,https://maps.google.com/?cid=7264688344574636393&g_mp=CiVnb29nbGUubWFwcy5wbGFjZXMudjEuUGxhY2VzLkdldFBsYWNlEAIYBCAA,-2.7229079,132.427554,SUCCESS,FIRST_RESULT,2026-09-26T18:10:53.067439+00:00,,
Masjid Jami Merdeka,"Kabupaten Manokwari, Papua Barat",Masjid,ChIJBfBOc6UKVC0RzNskJRmIrmo,Jami' Merdeka Mosque,"43PF+W2Q, Jl. Bandung, Ayambori, Kec. Manokwari Tim., Kabupaten Manokwari, Papua Bar. 98311, Indonesia",4.7,89.0,https://maps.google.com/?cid=7687231255546747852&g_mp=CiVnb29nbGUubWFwcy5wbGFjZXMudjEuUGxhY2VzLkdldFBsYWNlEAIYBCAA,-0.8626613999999999,134.0726249,SUCCESS,FIRST_RESULT,2026-09-26T18:10:53.299351+00:00,,
Masjid Al Ishlah,"Kabupaten Manokwari, Papua Barat",Masjid,ChIJYzn1dlELVC0RY1B_6folVgE,Al-Ishlah Mosque,"43P7+7MH, Sanggeng, Manokwari Barat, Manokwari Regency, West Papua 98312, Indonesia",4.7,21.0,https://maps.google.com/?cid=96306201624531043&g_mp=CiVnb29nbGUubWFwcy5wbGFjZXMudjEuUGxhY2VzLkdldFBsYWNlEAIYBCAA,-0.8643147999999999,134.0641676,SUCCESS,FIRST_RESULT,2026-09-26T18:10:53.504095+00:00,,
Masjid Al Ikhlas Korem,"Kabupaten Manokwari, Papua Barat",Masjid,ChIJZzBcTb0KVC0RWkfcV9F6qBQ,Al-Ikhlash Mosque,"43PH+F38, Manokwari Timur, Manokwari Regency, West Papua 98312, Indonesia",4.8,25.0,https://maps.google.com/?cid=1488574716386756442&g_mp=CiVnb29nbGUubWFwcy5wbGFjZXMudjEuUGxhY2VzLkdldFBsYWNlEAIYBCAA,-0.8638277,134.0776926,SUCCESS,FIRST_RESULT,2026-09-26T18:10:53.694788+00:00,,
Masjid Dan Keraton Sultan Bacan Labuha,"Kabupaten Halmahera Selatan, Maluku Utara",Masjid,ChIJgR12d4Y6Yy0R_vtyRLWQjLs,Sultan Bacan Mosque,"9FGG+6QP, Amasing Kota, Bacan, South Halmahera Regency, North Maluku, Indonesia",4.5,59.0,https://maps.google.com/?cid=13514335690043882494&g_mp=CiVnb29nbGUubWFwcy5wbGFjZXMudjEuUGxhY2VzLkdldFBsYWNlEAIYBCAA,-0.6244810000000001,127.4769854,SUCCESS,FIRST_RESULT,2026-09-26T18:10:53.942389+00:00,,
Masjid At Taqwa,"Kota Balikpapan, Kalimantan Timur",Masjid,ChIJ0_PkBztH8S0Re_oUh4Ux4GM,Masjid Agung At-Taqwa Balikpapan,"Jl. Jenderal Sudirman No.RT 4, gang aktwaKlandasan Ulu, Kec. Balikpapan Kota, Kota Balikpapan, Kalimantan Timur, Indonesia",4.8,3949.0,https://maps.google.com/?cid=7196806654104763003&g_mp=CiVnb29nbGUubWFwcy5wbGFjZXMudjEuUGxhY2VzLkdldFBsYWNlEAIYBCAA,-1.2768585,116.8292537,SUCCESS,FIRST_RESULT,2026-09-27T17:25:25.345554+00:00,,
Masjid Al,"Kabupaten Manokwari, Papua Barat",Masjid,ChIJr29v7XAKVC0Rh0HaLz_AuGI,Al-Falah Mosque,"42MW+WW8 Bar, Wosi, Kec. Manokwari Bar., Kabupaten Manokwari, Papua Bar. 98312, Indonesia",4.7,229.0,https://maps.google.com/?cid=7113646989050003847&g_mp=CiVnb29nbGUubWFwcy5wbGFjZXMudjEuUGxhY2VzLkdldFBsYWNlEAIYBCAA,-0.8652179,134.0473166,SUCCESS,FIRST_RESULT,2026-09-26T18:10:54.353718+00:00,,
Masjid Madinah,"Kabupaten Manokwari, Papua Barat",Masjid,ChIJ0WIV_bMLVC0RDmv8NgDWOyM,Madinah Mosque,"42JX+Q82, Wosi, Manokwari Barat, Manokwari Regency, West Papua 98312, Indonesia",4.7,9.0,https://maps.google.com/?cid=2538858111364262670&g_mp=CiVnb29nbGUubWFwcy5wbGFjZXMudjEuUGxhY2VzLkdldFBsYWNlEAIYBCAA,-0.8681076999999999,134.0482537,SUCCESS,FIRST_RESULT,2026-09-26T18:10:54.572891+00:00,,
Masjid Istiqlal,"Kabupaten Manokwari, Papua Barat",Masjid,ChIJr29v7XAKVC0Rh0HaLz_AuGI,Al-Falah Mosque,"42MW+WW8 Bar, Wosi, Kec. Manokwari Bar., Kabupaten Manokwari, Papua Bar. 98312, Indonesia",4.7,229.0,https://maps.google.com/?cid=7113646989050003847&g_mp=CiVnb29nbGUubWFwcy5wbGFjZXMudjEuUGxhY2VzLkdldFBsYWNlEAIYBCAA,-0.8652179,134.0473166,SUCCESS,FIRST_RESULT,2026-09-26T18:10:54.758200+00:00,,
Masjid As Sakinah,"Kabupaten Manokwari, Papua Barat",Masjid,ChIJ2ayjKisLVC0R-CyZYjJmGeY,Assakinah Mosque,"43P8+2HP, Manokwari Barat, Manokwari Regency, West Papua 98312, Indonesia",4.9,8.0,https://maps.google.com/?cid=16580395869729795320&g_mp=CiVnb29nbGUubWFwcy5wbGFjZXMudjEuUGxhY2VzLkdldFBsYWNlEAIYBCAA,-0.8649034,134.06645509999998,SUCCESS,FIRST_RESULT,2026-09-26T18:10:54.958404+00:00,,
Masjid Darussalam,"Kabupaten Manokwari, Papua Barat",Masjid,ChIJGU1RTYoKVC0RSMgEfafTNOk,Masjid Darussalam Palapa Reremi,"43R6+725, Manokwari Barat, Manokwari Regency, West Papua 98312, Indonesia",4.6,55.0,https://maps.google.com/?cid=16804288825936627784&g_mp=CiVnb29nbGUubWFwcy5wbGFjZXMudjEuUGxhY2VzLkdldFBsYWNlEAIYBCAA,-0.8593522,134.0600953,SUCCESS,FIRST_RESULT,2026-09-26T18:10:55.151768+00:00,,
Masjid Al Falah,"Kota Balikpapan, Kalimantan Timur",Masjid,ChIJewF-8MZH8S0R1-wUD6XgySM,Masjid Al Falah,"QR8H+F68, Jl. Alfalah, RT.33/RW.60, Baru Ilir, Kec. Balikpapan Bar., Kota Balikpapan, Kalimantan Timur 76123, Indonesia",4.7,41.0,https://maps.google.com/?cid=2578839261173574871&g_mp=CiVnb29nbGUubWFwcy5wbGFjZXMudjEuUGxhY2VzLkdldFBsYWNlEAIYBCAA,-1.2338368,116.828074,SUCCESS,FIRST_RESULT,2026-09-27T17:25:18.039275+00:00,,
Masjid Nurul Fatah,"Kabupaten Manokwari, Papua Barat",Masjid,ChIJD8YlAFMKVC0RWuo_4QDwFK8,Nurul Fatah Mosque,"5332+WC8, Amban, Manokwari Barat, Manokwari Regency, West Papua 98312, Indonesia",4.6,78.0,https://maps.google.com/?cid=12615972342741330522&g_mp=CiVnb29nbGUubWFwcy5wbGFjZXMudjEuUGxhY2VzLkdldFBsYWNlEAIYBCAA,-0.8452125,134.05107809999998,SUCCESS,FIRST_RESULT,2026-09-26T18:10:55.528942+00:00,,
Masjid Darul Ulum,"Kabupaten Manokwari, Papua Barat",Masjid,ChIJffrzcAULVC0RPcW1_ic1x9s,Masjid Darul Ulum Amban,"5378+759, Amban, Manokwari Barat, Manokwari Regency, West Papua 98314, Indonesia",4.8,121.0,https://maps.google.com/?cid=15836685060564960573&g_mp=CiVnb29nbGUubWFwcy5wbGFjZXMudjEuUGxhY2VzLkdldFBsYWNlEAIYBCAA,-0.8368252,134.0654735,SUCCESS,FIRST_RESULT,2026-09-26T18:10:55.731037+00:00,,
Masjid Agung Taqwa,"Kota Metro, Lampung",Masjid,ChIJyRr4Jfq7QC4Rao7cmTuNPgM,Taqwa Great Mosque Metro,"Jl. Letjend Alamsyah Ratu Prawira Negara No.1, Imopuro, Kec. Metro Pusat, Kota Metro, Lampung 34124, Indonesia",4.8,4823.0,https://maps.google.com/?cid=233779517793799786&g_mp=CiVnb29nbGUubWFwcy5wbGFjZXMudjEuUGxhY2VzLkdldFBsYWNlEAIYBCAA,-5.113913999999999,105.3074341,SUCCESS,FIRST_RESULT,2026-09-26T18:10:55.925068+00:00,,
Masjid Sultan Lingga,"Kabupaten Lingga, Kepulauan Riau",Masjid,ChIJ85SXgYFpJy4Rf0SAYgAZCFE,Masjid Jami' Sultan Lingga,"QJP7+RXV, Daik, Lingga, Lingga Regency, Riau Islands 29872, Indonesia",4.8,206.0,https://maps.google.com/?cid=5838944406329115775&g_mp=CiVnb29nbGUubWFwcy5wbGFjZXMudjEuUGxhY2VzLkdldFBsYWNlEAIYBCAA,-0.2128828999999999,104.6149298,SUCCESS,FIRST_RESULT,2026-09-26T18:10:56.155171+00:00,,
Masjid Taqwa Kota Metro,"Kota Metro, Lampung",Masjid,ChIJyRr4Jfq7QC4Rao7cmTuNPgM,Taqwa Great Mosque Metro,"Jl. Letjend Alamsyah Ratu Prawira Negara No.1, Imopuro, Kec. Metro Pusat, Kota Metro, Lampung 34124, Indonesia",4.8,4823.0,https://maps.google.com/?cid=233779517793799786&g_mp=CiVnb29nbGUubWFwcy5wbGFjZXMudjEuUGxhY2VzLkdldFBsYWNlEAIYBCAA,-5.113913999999999,105.3074341,SUCCESS,FIRST_RESULT,2026-09-26T18:10:56.341847+00:00,,
Masjid Istiqomah,"Kota Balikpapan, Kalimantan Timur",Masjid,ChIJXxt54EVH8S0RoGKWXNj44aY,Pertamina Istiqomah Mosque,"PRC7+FVG Smpn Koperasi Kps, Jl. Sport No.1, Prapatan, Kec. Balikpapan Kota, Kota Balikpapan, Kalimantan Timur 76111, Indonesia",4.8,1299.0,https://maps.google.com/?cid=12025166088205918880&g_mp=CiVnb29nbGUubWFwcy5wbGFjZXMudjEuUGxhY2VzLkdldFBsYWNlEAIYBCAA,-1.2787198,116.8144163,SUCCESS,FIRST_RESULT,2026-09-26T18:10:56.590909+00:00,,
Masjid Al Mutaqin,"Kabupaten Manokwari, Papua Barat",Masjid,ChIJzaAQUF_1Uy0R4xJd6Rg77as,Masjid Al Muttaqin,"Jl. Sabang No.24 Pasir Putih Manokwari Tim, Pasir Putih, Kec. Manokwari Tim., Kabupaten Manokwari, Papua Bar. 98311, Indonesia",4.4,41.0,https://maps.google.com/?cid=12388623128146547427&g_mp=CiVnb29nbGUubWFwcy5wbGFjZXMudjEuUGxhY2VzLkdldFBsYWNlEAIYBCAA,-0.8711937999999999,134.08122939999998,SUCCESS,FIRST_RESULT,2026-09-26T18:10:56.819629+00:00,,
Masjid Nurul Iman,"Kota Balikpapan, Kalimantan Timur",Masjid,ChIJrUuMnSNH8S0RQut7uo2iBFQ,Masjid Nurul Iman,"PRGP+643, Jl. Cendrawasih, Klandasan Ulu, Kecamatan Balikpapan Selatan, Kota Balikpapan, Kalimantan Timur, Indonesia",4.9,25.0,https://maps.google.com/?cid=6054142528695561026&g_mp=CiVnb29nbGUubWFwcy5wbGFjZXMudjEuUGxhY2VzLkdldFBsYWNlEAIYBCAA,-1.2744840000000002,116.8352843,SUCCESS,FIRST_RESULT,2026-09-26T18:10:57.049120+00:00,,
Masjid Jabalussuada,"Kota Balikpapan, Kalimantan Timur",Masjid,ChIJN9nEboxG8S0RIkGo2OtbX5Q,Masjid Jabalussu'ada,"PVRC+PG4, Gunung Bahagia, Balikpapan Selatan, Balikpapan City, East Kalimantan 76114, Indonesia",4.9,400.0,https://maps.google.com/?cid=10691365108911194402&g_mp=CiVnb29nbGUubWFwcy5wbGFjZXMudjEuUGxhY2VzLkdldFBsYWNlEAIYBCAA,-1.2582262,116.87131439999996,SUCCESS,FIRST_RESULT,2026-09-26T18:10:57.262005+00:00,,
Masjid Jami Darussalam,"Kota Balikpapan, Kalimantan Timur",Masjid,ChIJwzYhTMpH8S0RNeUv4Eaysdg,Masjid Jami Darussalam,"QR8R+R65 Masjid Darussalam (Muara Rapak), Jl. Soekarno Hatta No.53, Muara Rapak, Kec. Balikpapan Utara, Kota Balikpapan, Kalimantan Timur 76125, Indonesia",4.7,142.0,https://maps.google.com/?cid=15614457400548910389&g_mp=CiVnb29nbGUubWFwcy5wbGFjZXMudjEuUGxhY2VzLkdldFBsYWNlEAIYBCAA,-1.2345246,116.8398506,SUCCESS,FIRST_RESULT,2026-09-26T18:10:57.470078+00:00,,
Masjid Al Munawwar,"Kota Balikpapan, Kalimantan Timur",Masjid,ChIJf5Kr_bBH8S0R84aDazauIfU,Masjid Al-Munawwar,"QR5M+2W3, Jl. Ahmad Yani, Mekar Sari, Kec. Balikpapan Tengah, Kota Balikpapan, Kalimantan Timur 76122, Indonesia",4.7,355.0,https://maps.google.com/?cid=17663590762279044851&g_mp=CiVnb29nbGUubWFwcy5wbGFjZXMudjEuUGxhY2VzLkdldFBsYWNlEAIYBCAA,-1.2424785,116.8347881,SUCCESS,FIRST_RESULT,2026-09-26T18:10:57.680168+00:00,,
Masjid Al Hidayah,"Kota Balikpapan, Kalimantan Timur",Masjid,ChIJ71E5rOZH8S0RzWcOVmg9gJc,Masjid Al Hidayah,"Jl. Wolter Monginsidi No.Rt. 26, Baru Ulu, Kec. Balikpapan Bar., Kota Balikpapan, Kalimantan Timur 76133, Indonesia",4.6,79.0,https://maps.google.com/?cid=10916793015075760077&g_mp=CiVnb29nbGUubWFwcy5wbGFjZXMudjEuUGxhY2VzLkdldFBsYWNlEAIYBCAA,-1.2235148999999998,116.8145082,SUCCESS,FIRST_RESULT,2026-09-26T18:10:57.899341+00:00,,
Masjid Agung Nurul Huda,"Kota Metro, Lampung",Masjid,ChIJLbq5u2W5QC4R_5pBHaEEOus,Masjid Nurul Huda,"V79J+5VF, Ganjaragung, Metro Barat, Metro City, Lampung 34121, Indonesia",4.8,670.0,https://maps.google.com/?cid=16949865237589367551&g_mp=CiVnb29nbGUubWFwcy5wbGFjZXMudjEuUGxhY2VzLkdldFBsYWNlEAIYBCAA,-5.1320619,105.2821742,SUCCESS,FIRST_RESULT,2026-09-26T18:10:58.114745+00:00,,
Masjid Jabalussalam,"Kota Balikpapan, Kalimantan Timur",Masjid,ChIJseQJD5JG8S0RrYAI7Ixs2Kg,masjid JaballusSalam,"PVQF+42C, Jl. Manunggal Perum Bukit Damai Sentosa 1, Gn. Bahagia, Kecamatan Balikpapan Selatan, Kota Balikpapan, Kalimantan Timur 76114, Indonesia",4.8,34.0,https://maps.google.com/?cid=12166593745852596397&g_mp=CiVnb29nbGUubWFwcy5wbGFjZXMudjEuUGxhY2VzLkdldFBsYWNlEAIYBCAA,-1.2621941,116.8725113,SUCCESS,FIRST_RESULT,2026-09-26T18:10:58.304475+00:00,,
Masjid Agung Al-Furqon Bandar Lampung,"Kota Bandar Lampung, Lampung",Masjid,ChIJu9d-cTbaQC4R6VSR4HnNLUs,Al-Furqon Great Mosque,"Jl. Diponegoro, Gulak Galik, Kec. Tlk. Betung Utara, Kota Bandar Lampung, Lampung 35212, Indonesia",4.8,5564.0,https://maps.google.com/?cid=5417211850138932457&g_mp=CiVnb29nbGUubWFwcy5wbGFjZXMudjEuUGxhY2VzLkdldFBsYWNlEAIYBCAA,-5.4293076,105.2599995,SUCCESS,FIRST_RESULT,2026-09-26T18:10:58.549509+00:00,,
Masjid Al-Anwar,"Kota Bandar Lampung, Lampung",Masjid,ChIJk2UlJIDZQC4RfvWOGIC-0pc,Al-Anwar Mosque,"Jalan Laksamana Malahayati No. 100, Kangkung, Teluk Betung Selatan, Pesawahan, Kec. Telukbetung Selatan, Kota Bandar Lampung, Lampung, Indonesia",4.7,148.0,https://maps.google.com/?cid=10940015902213469566&g_mp=CiVnb29nbGUubWFwcy5wbGFjZXMudjEuUGxhY2VzLkdldFBsYWNlEAIYBCAA,-5.450347,105.2631439,SUCCESS,FIRST_RESULT,2026-09-26T18:10:58.766340+00:00,,
Masjid Taqwa,"Kota Bandar Lampung, Lampung",Masjid,ChIJT2JNP1baQC4RKt-YYhXrP5Q,Masjid Taqwa Tanjung Karang,"Jl. Raden Intan No.61, Gn. Sari, Engal, Kota Bandar Lampung, Lampung 35213, Indonesia",4.8,724.0,https://maps.google.com/?cid=10682515318227132202&g_mp=CiVnb29nbGUubWFwcy5wbGFjZXMudjEuUGxhY2VzLkdldFBsYWNlEAIYBCAA,-5.4088091,105.2586509,SUCCESS,FIRST_RESULT,2026-09-26T18:10:58.994810+00:00,,
Masjid Al-Abror,"Kota Bandar Lampung, Lampung",Masjid,ChIJq6qqhlXaQC4R3SsYYiWSF3Y,Masjid Al Abror,"Jl. Pemuda No.60, Tj. Karang, Kec. Tanjungkarang Timur, Kota Bandar Lampung, Lampung 35127, Indonesia",4.7,206.0,https://maps.google.com/?cid=8509430710197038045&g_mp=CiVnb29nbGUubWFwcy5wbGFjZXMudjEuUGxhY2VzLkdldFBsYWNlEAIYBCAA,-5.411556399999999,105.2600567,SUCCESS,FIRST_RESULT,2026-09-26T18:10:59.232723+00:00,,
Masjid Nurul Ulum,"Kota Bandar Lampung, Lampung",Masjid,ChIJd_c6m5PbQC4RHDOzHJr5_oo,Masjid Nurul Ulum,"Desa Lebak Haur, Campang Raya, Kec. Tanjungkarang Timur, Kota Bandar Lampung, Lampung 35245, Indonesia",5.0,8.0,https://maps.google.com/?cid=10015717061620347676&g_mp=CiVnb29nbGUubWFwcy5wbGFjZXMudjEuUGxhY2VzLkdldFBsYWNlEAIYBCAA,-5.423788399999999,105.29642280000002,SUCCESS,FIRST_RESULT,2026-09-26T18:10:59.449371+00:00,,
Masjid Al-Muhajirin,"Kota Bandar Lampung, Lampung",Masjid,ChIJXdA-myXbQC4RFVG_qLxJMBk,Masjid Al Muhajirin,"JL. Gunung Rajabasa Raya, No. T.21, Way Halim, 35361, Perumnas Way Halim, Kec. Way Halim, Kota Bandar Lampung, Lampung 35132, Indonesia",4.8,388.0,https://maps.google.com/?cid=1815031724464099605&g_mp=CiVnb29nbGUubWFwcy5wbGFjZXMudjEuUGxhY2VzLkdldFBsYWNlEAIYBCAA,-5.3773201,105.2744567,SUCCESS,FIRST_RESULT,2026-09-26T18:10:59.690674+00:00,,
Masjid Babusalam,"Kota Bandar Lampung, Lampung",Masjid,ChIJ135FdfzaQC4R5uyl2fxz02c,Masjid Babussalam,"Jl. Teuku Umar No.130, Penengahan, Kec. Kedaton, Kota Bandar Lampung, Lampung 35121, Indonesia",4.7,217.0,https://maps.google.com/?cid=7481450935813008614&g_mp=CiVnb29nbGUubWFwcy5wbGFjZXMudjEuUGxhY2VzLkdldFBsYWNlEAIYBCAA,-5.4010185,105.2605673,SUCCESS,FIRST_RESULT,2026-09-26T18:10:59.918564+00:00,,
Masjid Jami,"Kabupaten Purworejo, Jawa Tengah",Masjid,ChIJab5Iab7rei4Ro6c-mz4uSJI,MASJID JAMI' AN-NUUR Menara Dua,"72V9+JM5, Gg. Brengkelan, Tegalmalang, Purworejo, Kec. Purworejo, Kabupaten Purworejo, Jawa Tengah 54151, Indonesia",4.6,49.0,https://maps.google.com/?cid=10540725774288070563&g_mp=CiVnb29nbGUubWFwcy5wbGFjZXMudjEuUGxhY2VzLkdldFBsYWNlEAIYBCAA,-7.7059755,110.019222,SUCCESS,FIRST_RESULT,2026-09-26T18:11:01.113596+00:00,,
Masjid Nurul Qolbi,"Kabupaten Manokwari, Papua Barat",Masjid,ChIJJbQUIAwLVC0RcMMD1FS7pxs,Nurul Qolbi Mosque,"5387+QHX, Amban, Manokwari Barat, Manokwari Regency, West Papua 98314, Indonesia",3.9,28.0,https://maps.google.com/?cid=1992767333143397232&g_mp=CiVnb29nbGUubWFwcy5wbGFjZXMudjEuUGxhY2VzLkdldFBsYWNlEAIYBCAA,-0.8330124999999999,134.06398439999998,SUCCESS,FIRST_RESULT,2026-09-27T17:25:03.887773+00:00,,
Masjid Al Abrar Titipapan,"Kota Medan, Sumatera Utara",Masjid,ChIJgaIIsaUyMTARNJTjEkEWEx0,Masjid Al-Abraar,"Jl. KL. Yos Sudarso No.12,5, Titi Papan, Kec. Medan Deli, Kota Medan, Sumatera Utara 20244, Indonesia",4.7,231.0,https://maps.google.com/?cid=2095042720403002420&g_mp=CiVnb29nbGUubWFwcy5wbGFjZXMudjEuUGxhY2VzLkdldFBsYWNlEAIYBCAA,3.6885363999999994,98.6677852,SUCCESS,FIRST_RESULT,2026-09-27T17:25:04.300685+00:00,,
Masjid Agung Nasional Madani Islamic Centre,"Kabupaten Rokan Hulu, Riau",Masjid,ChIJyQQsbX5AKzARJktkURvU_fQ,Masjid Agung Islamic Centre Pasir Pengaraian Rohul,"Jl. Tuanku Tambusai KM.4, Pematang Berangan, Kec. Rambah, Kabupaten Rokan Hulu, Riau 28558, Indonesia",4.7,3165.0,https://maps.google.com/?cid=17653499328156945190&g_mp=CiVnb29nbGUubWFwcy5wbGFjZXMudjEuUGxhY2VzLkdldFBsYWNlEAIYBCAA,0.8958907,100.3084491,SUCCESS,FIRST_RESULT,2026-09-26T18:11:00.406445+00:00,,
Masjid Baitul Amal Martubung,"Kota Medan, Sumatera Utara",Masjid,ChIJl7SHBEfNNjARQ9LBz-an7ac,Masjid Baitul Amal,"PM7H+HVF, Jl. KL. Yos Sudarso, Martubung, Kec. Medan Labuhan, Kota Medan, Sumatera Utara 20252, Indonesia",4.8,44.0,https://maps.google.com/?cid=12100512383584293443&g_mp=CiVnb29nbGUubWFwcy5wbGFjZXMudjEuUGxhY2VzLkdldFBsYWNlEAIYBCAA,3.713927199999999,98.6796636,SUCCESS,FIRST_RESULT,2026-09-26T18:11:00.619111+00:00,,
Masjid Al Iman Marelan Pasar Ii,"Kota Medan, Sumatera Utara",Masjid,ChIJL82QvVYtMTARKqJbgsKuot4,MASJID AL-IMAN,"MMV3+WV5, Jl. Marelan Raya Ps. II, Rengas Pulau, Kec. Medan Marelan, Kota Medan, Sumatera Utara 20255, Indonesia",4.7,257.0,https://maps.google.com/?cid=16042576973081059882&g_mp=CiVnb29nbGUubWFwcy5wbGFjZXMudjEuUGxhY2VzLkdldFBsYWNlEAIYBCAA,3.6947691,98.6547334,SUCCESS,FIRST_RESULT,2026-09-26T18:11:00.849920+00:00,,
Masjid Jami Al Qanitin Sei Sikambing,"Kota Medan, Sumatera Utara",Masjid,ChIJ147ncN4xMTARpFDB5SHEWr4,Masjid Jamik Al Qanitin,"Jalan Sei kambing No.46, Sekip, Kec. Medan Petisah, Kota Medan, Sumatera Utara 20113, Indonesia",4.8,246.0,https://maps.google.com/?cid=13716491264977883300&g_mp=CiVnb29nbGUubWFwcy5wbGFjZXMudjEuUGxhY2VzLkdldFBsYWNlEAIYBCAA,3.5988817,98.6651607,SUCCESS,FIRST_RESULT,2026-09-27T17:25:04.693330+00:00,,
Masjid Cipto Mulyo,"Kabupaten Boyolali, Jawa Tengah",Masjid,ChIJbax64Lhuei4RsoMjZM9uRQ0,Masjid Cipto Mulyo Pengging,"Bendan II, Bendan, Kec. Banyudono, Kabupaten Boyolali, Jawa Tengah 57373, Indonesia",4.8,377.0,https://maps.google.com/?cid=956292332903433138&g_mp=CiVnb29nbGUubWFwcy5wbGFjZXMudjEuUGxhY2VzLkdldFBsYWNlEAIYBCAA,-7.5507786,110.67536059999999,SUCCESS,FIRST_RESULT,2026-09-27T17:25:05.078372+00:00,,
Masjid Jami,"Kabupaten Purworejo, Jawa Tengah",Masjid,ChIJab5Iab7rei4Ro6c-mz4uSJI,MASJID JAMI' AN-NUUR Menara Dua,"72V9+JM5, Gg. Brengkelan, Tegalmalang, Purworejo, Kec. Purworejo, Kabupaten Purworejo, Jawa Tengah 54151, Indonesia",4.6,49.0,https://maps.google.com/?cid=10540725774288070563&g_mp=CiVnb29nbGUubWFwcy5wbGFjZXMudjEuUGxhY2VzLkdldFBsYWNlEAIYBCAA,-7.7059755,110.019222,SUCCESS,FIRST_RESULT,2026-09-26T18:11:01.113596+00:00,,
Masjid Agung Surakarta,"Kota Surakarta, Jawa Tengah",Masjid,ChIJW9yD5WYWei4RNnF5JDPvIhY,Masjid Agung Keraton Surakarta,"Jalan Masjid Besar No.1, Kauman, Kec. Ps. Kliwon, Kota Surakarta, Jawa Tengah 57122, Indonesia",4.8,8592.0,https://maps.google.com/?cid=1595100220976886070&g_mp=CiVnb29nbGUubWFwcy5wbGFjZXMudjEuUGxhY2VzLkdldFBsYWNlEAIYBCAA,-7.574403299999999,110.82659360000001,SUCCESS,FIRST_RESULT,2026-09-27T17:25:05.486189+00:00,,
Masjid Al Wustho Mangkunegaran,"Kota Surakarta, Jawa Tengah",Masjid,ChIJFyD3sIkWei4RIDV4OzpKh3o,Masjid Al Wustho Mangkunegaran,"Jl. Kartini No.3, Ketelan, Kec. Banjarsari, Kota Surakarta, Jawa Tengah 57132, Indonesia",4.8,3155.0,https://maps.google.com/?cid=8829107208449439008&g_mp=CiVnb29nbGUubWFwcy5wbGFjZXMudjEuUGxhY2VzLkdldFBsYWNlEAIYBCAA,-7.5654454,110.8214387,SUCCESS,FIRST_RESULT,2026-09-27T17:25:05.919818+00:00,,
Masjid Jami Al Hidayah Paya Pasir Marelan,"Kota Medan, Sumatera Utara",Masjid,ChIJZz62Wl3NNjARUILTzzsQBuI,Masjid Al Hidayah Medan Marelan,"Jl. Titi Pahlawan No.99, Labuhan Deli, Kec. Medan Marelan, Kota Medan, Sumatera Utara 20252, Indonesia",4.7,44.0,https://maps.google.com/?cid=16286722951507837520&g_mp=CiVnb29nbGUubWFwcy5wbGFjZXMudjEuUGxhY2VzLkdldFBsYWNlEAIYBCAA,3.7189512,98.6657141,SUCCESS,FIRST_RESULT,2026-09-26T18:11:01.580705+00:00,,
Masjid Laweyan,"Kota Surakarta, Jawa Tengah",Masjid,ChIJp8sY48wVei4RnGIEcAR3-e8,Masjid Laweyan,"Jl. Liris No.1, Belukan, Pajang, Kec. Laweyan, Kota Surakarta, Jawa Tengah 57146, Indonesia",4.8,1108.0,https://maps.google.com/?cid=17291983105208640156&g_mp=CiVnb29nbGUubWFwcy5wbGFjZXMudjEuUGxhY2VzLkdldFBsYWNlEAIYBCAA,-7.571462,110.792558,SUCCESS,FIRST_RESULT,2026-09-27T17:25:06.317556+00:00,,
Masjid Raya Batam,"Kota Batam, Kepulauan Riau",Masjid,ChIJB16rhR2J2TER_zzeuoHQVN0,Masjid Agung Raja Hamidah Kota Batam,"Jl. Engku Putri, Tlk. Tering, Kecamatan Batam, Kota Batam, Kepulauan Riau 29444, Indonesia",4.8,3827.0,https://maps.google.com/?cid=15948601436030254335&g_mp=CiVnb29nbGUubWFwcy5wbGFjZXMudjEuUGxhY2VzLkdldFBsYWNlEAIYBCAA,1.1264934,104.05305899999999,SUCCESS,FIRST_RESULT,2026-09-27T17:25:06.744936+00:00,,
Masjid Raya Al,"Kota Ambon, Maluku",Masjid,ChIJOzksY4HpbC0RCM3dMK96Ybk,Masjid Raya Al-Fatah Ambon,"Jl. Sultan Babullah, Kel Honipopu, Kec. Sirimau, Kota Ambon, Maluku, Indonesia",4.8,325.0,https://maps.google.com/?cid=13358092862615309576&g_mp=CiVnb29nbGUubWFwcy5wbGFjZXMudjEuUGxhY2VzLkdldFBsYWNlEAIYBCAA,-3.6967652999999996,128.1775697,SUCCESS,FIRST_RESULT,2026-09-27T17:25:07.137962+00:00,,
Masjid Raya Pekanbaru,"Kota Pekanbaru, Riau",Masjid,ChIJPSk42HOs1TER3ATxhK3EREU,Masjid Raya Pekanbaru,"Jl. Senapelan No.128, Kp. Dalam, Senapelan, Kota Pekanbaru, Riau 28155, Indonesia",4.7,1361.0,https://maps.google.com/?cid=4991330536572126428&g_mp=CiVnb29nbGUubWFwcy5wbGFjZXMudjEuUGxhY2VzLkdldFBsYWNlEAIYBCAA,0.5379121,101.44215349999999,SUCCESS,FIRST_RESULT,2026-09-27T17:25:07.562538+00:00,,
Masjid Raya Ganting,"Kota Padang, Sumatera Barat",Masjid,ChIJpVGZznG51C8RAwR8yFvZFu0,Gantiang Grand Mosque,"Jl. Ganting No.1, Ganting Parak Gadang, Kec. Padang Tim., Kota Padang, Sumatera Barat 25133, Indonesia",4.6,260.0,https://maps.google.com/?cid=17084081224705377283&g_mp=CiVnb29nbGUubWFwcy5wbGFjZXMudjEuUGxhY2VzLkdldFBsYWNlEAIYBCAA,-0.954324,100.36968920000001,SUCCESS,FIRST_RESULT,2026-09-27T17:25:07.937981+00:00,,
Masjid Muhammadan,"Kota Padang, Sumatera Barat",Masjid,ChIJzRoc11u51C8R6ZxMAgDu-nQ,Masjid Muhammadan,"29Q7+9MP, Jl. Ps. Batipuh, Pasa Gadang, Kec. Padang Sel., Kota Padang, Sumatera Barat 25134, Indonesia",4.8,338.0,https://maps.google.com/?cid=8429311336383290601&g_mp=CiVnb29nbGUubWFwcy5wbGFjZXMudjEuUGxhY2VzLkdldFBsYWNlEAIYBCAA,-0.9615332,100.3641928,SUCCESS,FIRST_RESULT,2026-09-27T17:25:08.305074+00:00,,
Masjid Agung As Salam,"Kota Lubuklinggau, Sumatera Selatan",Masjid,ChIJU7cIbP3gMC4RDTMgsZR_F8c,Masjid Agung As-Salam Lubuklinggau,"Jl. Garuda, Ps. Permiri, Kec. Lubuk Linggau Bar. II, Kota Lubuklinggau, Sumatera Selatan 31613, Indonesia",4.8,3065.0,https://maps.google.com/?cid=14346075414615569165&g_mp=CiVnb29nbGUubWFwcy5wbGFjZXMudjEuUGxhY2VzLkdldFBsYWNlEAIYBCAA,-3.2968881999999997,102.8601649,SUCCESS,FIRST_RESULT,2026-09-27T17:25:08.682040+00:00,,
Masjid Dwima As Salam,"Kota Balikpapan, Kalimantan Timur",Masjid,ChIJVaIXAKpJ8S0R7AlPfdCOmLc,Masjid Dwima Assalam,"Perum GDA / DMR , RT 10, Kariangau, Kec. Balikpapan Bar., Kota Balikpapan, Kalimantan Timur 76127, Indonesia",4.5,76.0,https://maps.google.com/?cid=13229480931507505644&g_mp=CiVnb29nbGUubWFwcy5wbGFjZXMudjEuUGxhY2VzLkdldFBsYWNlEAIYBCAA,-1.1803523,116.8438686,SUCCESS,FIRST_RESULT,2026-09-27T17:25:09.040457+00:00,,
Masjid Islamic Center Samarinda,"Kota Samarinda, Kalimantan Timur",Masjid,ChIJg3WA9SV_9i0RB8CUktuqZnY,East Kalimantan Islamic Center: Baitul Muttaqien Mosque,"Jl. Slamet Riyadi No.1, Tlk. Lerong Ulu, Kec. Sungai Kunjang, Kota Samarinda, Kalimantan Timur 75243, Indonesia",4.8,5070.0,https://maps.google.com/?cid=8531694404133765127&g_mp=CiVnb29nbGUubWFwcy5wbGFjZXMudjEuUGxhY2VzLkdldFBsYWNlEAIYBCAA,-0.5025423,117.120568,SUCCESS,FIRST_RESULT,2026-09-27T17:25:09.460526+00:00,,
Masjid Nurul Iman Komplek Mtsn Medan Perumnas Helvetia,"Kota Medan, Sumatera Utara",Masjid,ChIJR3KWvF4vMTAR0ty-htsLy04,Masjid Nurul Iman,"JJ7M+MV9, Jl. Melati XIII, Helvetia Tengah, Kec. Medan Helvetia, Kota Medan, Sumatera Utara 20124, Indonesia",4.5,15.0,https://maps.google.com/?cid=5677644792717040850&g_mp=CiVnb29nbGUubWFwcy5wbGFjZXMudjEuUGxhY2VzLkdldFBsYWNlEAIYBCAA,3.6141714,98.63472949999999,SUCCESS,FIRST_RESULT,2026-09-27T17:25:09.899069+00:00,,
Masjid Al Amin,"Kota Balikpapan, Kalimantan Timur",Masjid,ChIJ_xNkUUhE8S0RLOGCz2yu1Ik,Masjid Al - Amin,"Jalan Marsma R. Iswahyudi No. 10, RT. 31 Sepinggan, Raya, Kecamatan Balikpapan Selatan, Kota Balikpapan, Kalimantan Timur 76115, Indonesia",4.7,373.0,https://maps.google.com/?cid=9931754860619948332&g_mp=CiVnb29nbGUubWFwcy5wbGFjZXMudjEuUGxhY2VzLkdldFBsYWNlEAIYBCAA,-1.2592796,116.9170391,SUCCESS,FIRST_RESULT,2026-09-27T17:25:34.459959+00:00,,
Masjid Nurul Hidayah,"Kota Medan, Sumatera Utara",Masjid,ChIJu7Fnf9svMTARtVrsF8NrMHw,Nurul Hidayah Mosque,"HM82+9MH, Padang Bulan Selayang I, Medan Selayang, Medan City, North Sumatra 20153, Indonesia",4.8,65.0,https://maps.google.com/?cid=8948770945249335989&g_mp=CiVnb29nbGUubWFwcy5wbGFjZXMudjEuUGxhY2VzLkdldFBsYWNlEAIYBCAA,3.5659384999999997,98.65172369999999,SUCCESS,FIRST_RESULT,2026-09-27T17:25:10.671119+00:00,,
Masjid Tua Lalabata,"Kabupaten Barru, Sulawesi Selatan",Masjid,ChIJSZ5p84gvvi0RgmZDNVfaN24,Masjid Syuhada Lalabata,"FHHX+CWQ, Lalabata, Tanete Rilau, Barru Regency, South Sulawesi 90761, Indonesia",4.6,92.0,https://maps.google.com/?cid=7942056535981778562&g_mp=CiVnb29nbGUubWFwcy5wbGFjZXMudjEuUGxhY2VzLkdldFBsYWNlEAIYBCAA,-4.521408399999999,119.5998706,SUCCESS,FIRST_RESULT,2026-09-27T17:25:11.021905+00:00,,
Masjid Katangka,"Kabupaten Gowa, Sulawesi Selatan",Masjid,ChIJ_ab0wUXivi0RHJOu2ATg7i4,Masjid Tua Al-Hilal Katangka,"Jl. Syech Yusuf No.57, Katangka, Kec. Somba Opu, Kabupaten Gowa, Sulawesi Selatan 92114, Indonesia",4.8,715.0,https://maps.google.com/?cid=3381886681621631772&g_mp=CiVnb29nbGUubWFwcy5wbGFjZXMudjEuUGxhY2VzLkdldFBsYWNlEAIYBCAA,-5.190729999999999,119.4513001,SUCCESS,FIRST_RESULT,2026-09-26T18:11:02.393161+00:00,,
Masjid Al-Markaz Al-Islami,"Kota Makassar, Sulawesi Selatan",Masjid,ChIJ4-wtX1r9vi0RSY7z9DkJSXo,Al-Markaz Al-Islami Mosque,"Jl. Al Markaz Al Islami No.57, Timungan Lompoa, Kec. Bontoala, Kota Makassar, Sulawesi Selatan 90151, Indonesia",4.8,3281.0,https://maps.google.com/?cid=8811584290454474313&g_mp=CiVnb29nbGUubWFwcy5wbGFjZXMudjEuUGxhY2VzLkdldFBsYWNlEAIYBCAA,-5.1305675,119.42664519999998,SUCCESS,FIRST_RESULT,2026-09-27T17:25:11.414419+00:00,,
Masjid Raya Makassar,"Kota Makassar, Sulawesi Selatan",Masjid,ChIJaaT-uKcCvy0RBBNAZ-7QN_Q,Masjid Raya Makassar,"Jl. Bulu Saraung, Bontoala, Kec. Bontoala, Kota Makassar, Sulawesi Selatan 90156, Indonesia",4.8,5936.0,https://maps.google.com/?cid=17597763791326548740&g_mp=CiVnb29nbGUubWFwcy5wbGFjZXMudjEuUGxhY2VzLkdldFBsYWNlEAIYBCAA,-5.1305705999999995,119.4197459,SUCCESS,FIRST_RESULT,2026-09-27T17:25:11.785562+00:00,,
Masjid Kuba,"Kota Bau-Bau, Sulawesi Tenggara",Masjid,ChIJQVi8fwFxpC0R5hG0oy5Cpdc,Masjid Quba,"GJ92+7GQ, JL. La Balawo, Baadia, Kec. Murhum, Kota Bau-Bau, Sulawesi Tenggara 93724, Indonesia",4.8,59.0,https://maps.google.com/?cid=15538898857394180582&g_mp=CiVnb29nbGUubWFwcy5wbGFjZXMudjEuUGxhY2VzLkdldFBsYWNlEAIYBCAA,-5.481795399999999,122.60134629999997,SUCCESS,FIRST_RESULT,2026-09-27T17:25:12.142625+00:00,,
Masjid Kuba Dan Tiang Bendera,"Kota Bau-Bau, Sulawesi Tenggara",Masjid,ChIJQVi8fwFxpC0R5hG0oy5Cpdc,Masjid Quba,"GJ92+7GQ, JL. La Balawo, Baadia, Kec. Murhum, Kota Bau-Bau, Sulawesi Tenggara 93724, Indonesia",4.8,59.0,https://maps.google.com/?cid=15538898857394180582&g_mp=CiVnb29nbGUubWFwcy5wbGFjZXMudjEuUGxhY2VzLkdldFBsYWNlEAIYBCAA,-5.481795399999999,122.60134629999997,SUCCESS,FIRST_RESULT,2026-09-27T17:25:12.514464+00:00,,
Masjid Tuo Koto Nan Ompek,"Kota Payakumbuh, Sumatera Barat",Masjid,ChIJTYvLoLO0Ki4R6kb863iwsnc,Great Mosque Balai Nan Duo,"QJ8F+Q24, Balai Nan Duo, Payakumbuh Barat, Payakumbuh City, West Sumatra 26223, Indonesia",4.8,241.0,https://maps.google.com/?cid=8625150269769664234&g_mp=CiVnb29nbGUubWFwcy5wbGFjZXMudjEuUGxhY2VzLkdldFBsYWNlEAIYBCAA,-0.2331177,100.6225765,SUCCESS,FIRST_RESULT,2026-09-27T17:25:12.883424+00:00,,
Masjid Gadang Balai Nan Duo Koto Nan Ompek,"Kota Payakumbuh, Sumatera Barat",Masjid,ChIJTYvLoLO0Ki4R6kb863iwsnc,Great Mosque Balai Nan Duo,"QJ8F+Q24, Balai Nan Duo, Payakumbuh Barat, Payakumbuh City, West Sumatra 26223, Indonesia",4.8,241.0,https://maps.google.com/?cid=8625150269769664234&g_mp=CiVnb29nbGUubWFwcy5wbGFjZXMudjEuUGxhY2VzLkdldFBsYWNlEAIYBCAA,-0.2331177,100.6225765,SUCCESS,FIRST_RESULT,2026-09-27T17:25:13.209174+00:00,,
Masjid Agung Sultan Mahmud Badaruddin I Palembang,"Kota Palembang, Sumatera Selatan",Masjid,ChIJ_____z92Oy4R9UeEDyg1TIo,Sultan Mahmud Badaruddin I Jayo Wikramo Great Mosque,"Jl. Jend. Sudirman, 19 Ilir, Kec. Bukit Kecil, Kota Palembang, Sumatera Selatan 30111, Indonesia",4.8,16696.0,https://maps.google.com/?cid=9965398521639356405&g_mp=CiVnb29nbGUubWFwcy5wbGFjZXMudjEuUGxhY2VzLkdldFBsYWNlEAIYBCAA,-2.9879170999999998,104.76020299999999,SUCCESS,FIRST_RESULT,2026-09-27T17:25:13.640776+00:00,,
Masjid Cheng Ho Palembang,"Kota Palembang, Sumatera Selatan",Masjid,ChIJ12Gf4rmdOy4Rw3zI_3upDbE,Al-Islam Muhammad Cheng Hoo Sriwijaya Palembang Mosque,"XQGJ+J6P, Jl. Cheng Ho 1, 15 Ulu, Kecamatan Seberang Ulu I, Kota Palembang, Sumatera Selatan 30267, Indonesia",4.8,4802.0,https://maps.google.com/?cid=12758039669447883971&g_mp=CiVnb29nbGUubWFwcy5wbGFjZXMudjEuUGxhY2VzLkdldFBsYWNlEAIYBCAA,-3.0245241999999997,104.7800279,SUCCESS,FIRST_RESULT,2026-09-27T17:25:14.000719+00:00,,
Masjid Azizi,"Kabupaten Langkat, Sumatera Utara",Masjid,ChIJXz4MpmEmNzARkEwaDXWhy84,Azizi Mosque,"VCRG+Q4W, Jl. Masjid No.1, Pekan Tj. Pura, Kec. Tj. Pura, Kabupaten Langkat, Sumatera Utara 20853, Indonesia",4.8,2108.0,https://maps.google.com/?cid=14901181316188490896&g_mp=CiVnb29nbGUubWFwcy5wbGFjZXMudjEuUGxhY2VzLkdldFBsYWNlEAIYBCAA,3.8919428000000003,98.42415749999999,SUCCESS,FIRST_RESULT,2026-09-27T17:25:14.364679+00:00,,
Masjid Al Osmani,"Kota Medan, Sumatera Utara",Masjid,ChIJR_Z-FnbNNjAR1xTb6X8xWMc,Al-Osmani Mosque,"Jl. KL. Yos Sudarso No.Km. 19 5, RW.Labuhan, Pekan Labuhan, Kec. Medan Labuhan, Kota Medan, Sumatera Utara 20252, Indonesia",4.8,1138.0,https://maps.google.com/?cid=14364285436952253655&g_mp=CiVnb29nbGUubWFwcy5wbGFjZXMudjEuUGxhY2VzLkdldFBsYWNlEAIYBCAA,3.7322319999999993,98.6761362,SUCCESS,FIRST_RESULT,2026-09-27T17:25:14.738646+00:00,,
Masjid Al Osmani Medan Labuhan,"Kota Medan, Sumatera Utara",Masjid,ChIJR_Z-FnbNNjAR1xTb6X8xWMc,Al-Osmani Mosque,"Jl. KL. Yos Sudarso No.Km. 19 5, RW.Labuhan, Pekan Labuhan, Kec. Medan Labuhan, Kota Medan, Sumatera Utara 20252, Indonesia",4.8,1138.0,https://maps.google.com/?cid=14364285436952253655&g_mp=CiVnb29nbGUubWFwcy5wbGFjZXMudjEuUGxhY2VzLkdldFBsYWNlEAIYBCAA,3.7322319999999993,98.6761362,SUCCESS,FIRST_RESULT,2026-09-27T17:25:15.055645+00:00,,
Masjid Agung Medan,"Kota Medan, Sumatera Utara",Masjid,ChIJi5MuR80xMTARc3lHD5sl7rw,Masjid Agung Kota Medan Sumatera Utara,"Jl. Pangeran Diponegoro, Madras Hulu, Kec. Medan Polonia, Kota Medan, Sumatera Utara, Indonesia",4.8,4513.0,https://maps.google.com/?cid=13613860071494089075&g_mp=CiVnb29nbGUubWFwcy5wbGFjZXMudjEuUGxhY2VzLkdldFBsYWNlEAIYBCAA,3.5818366,98.672491,SUCCESS,FIRST_RESULT,2026-09-27T17:25:15.421595+00:00,,
Masjid Amaliyah Panglima Denai Amplas,"Kota Medan, Sumatera Utara",Masjid,ChIJN4MTVgAxMTAR8Nhe-f52_OM,MASJID AMALIYAH,"Jl. Panglima Denai No.63, A M P L A S, Kec. Medan Amplas, Kota Medan, Sumatera Utara 20229, Indonesia",5.0,11.0,https://maps.google.com/?cid=16428136378218240240&g_mp=CiVnb29nbGUubWFwcy5wbGFjZXMudjEuUGxhY2VzLkdldFBsYWNlEAIYBCAA,3.5475841,98.7166093,SUCCESS,FIRST_RESULT,2026-09-27T17:25:15.827791+00:00,,
Masjid Al-Musabbihin Tasbi Blok C,"Kota Medan, Sumatera Utara",Masjid,ChIJZTc_gccvMTARtEvu1jYFJhQ,Masjid Al Musabbihin,"HJ9Q+9FF, Tanjung Rejo, Medan Sunggal, Medan City, North Sumatra 20154, Indonesia",4.9,971.0,https://maps.google.com/?cid=1451853662965877684&g_mp=CiVnb29nbGUubWFwcy5wbGFjZXMudjEuUGxhY2VzLkdldFBsYWNlEAIYBCAA,3.568447,98.63868699999999,SUCCESS,FIRST_RESULT,2026-09-27T17:25:16.189135+00:00,,
Masjid Al-Huda,"Kota Medan, Sumatera Utara",Masjid,ChIJPWBCsGYwMTARLtMQlnIGR88,Masjid Al-Huda,"Jl. Kemiri 3 No.28, Sudirejo II, Kec. Medan Kota, Kota Medan, Sumatera Utara 20218, Indonesia",4.9,61.0,https://maps.google.com/?cid=14935913778411262766&g_mp=CiVnb29nbGUubWFwcy5wbGFjZXMudjEuUGxhY2VzLkdldFBsYWNlEAIYBCAA,3.5560348,98.6980493,SUCCESS,FIRST_RESULT,2026-09-27T17:25:16.590620+00:00,,
Masjid Al Hijrah,"Kabupaten Manokwari, Papua Barat",Masjid,ChIJx_hTEHMLVC0RV_Wr4tAl8gI,Masjid Al - Hijrah Borobudur I,"Jl. Jend. Sudirman No.35, Padarni, Kec. Manokwari Bar., Kabupaten Manokwari, Papua Bar. 98312, Indonesia",4.4,10.0,https://maps.google.com/?cid=212273711526180183&g_mp=CiVnb29nbGUubWFwcy5wbGFjZXMudjEuUGxhY2VzLkdldFBsYWNlEAIYBCAA,-0.859313,134.0704235,SUCCESS,FIRST_RESULT,2026-09-27T17:25:16.957730+00:00,,
Masjid Baiturrahman,"Kota Balikpapan, Kalimantan Timur",Masjid,ChIJl9Z5EfxF8S0RS_5c8xw3SlY,Masjid Baiturrahman Balikpapan Regency,"QVGV+GXX, Jl. Besakih IX, Sepinggan, Kecamatan Balikpapan Selatan, Kota Balikpapan, Kalimantan Timur 76116, Indonesia",4.6,114.0,https://maps.google.com/?cid=6217842833019960907&g_mp=CiVnb29nbGUubWFwcy5wbGFjZXMudjEuUGxhY2VzLkdldFBsYWNlEAIYBCAA,-1.2236353,116.894971,SUCCESS,FIRST_RESULT,2026-09-27T17:25:17.317952+00:00,,
Masjid Raya Manado,Sulawesi Utara,Masjid,ChIJ20MXh0B1hzIRZwipL2cdj1Y,Masjid Raya Ahmad Yani Manado,"FRQV+46Q, Jl. W.R. Supratman, Lawangirung, Kec. Wenang, Kota Manado, Sulawesi Utara, Indonesia",4.8,733.0,https://maps.google.com/?cid=6237236337949870183&g_mp=CiVnb29nbGUubWFwcy5wbGFjZXMudjEuUGxhY2VzLkdldFBsYWNlEAIYBCAA,1.4878482,124.84312489999999,SUCCESS,FIRST_RESULT,2026-09-27T17:25:17.690964+00:00,,
Masjid Al Falah,"Kota Balikpapan, Kalimantan Timur",Masjid,ChIJewF-8MZH8S0R1-wUD6XgySM,Masjid Al Falah,"QR8H+F68, Jl. Alfalah, RT.33/RW.60, Baru Ilir, Kec. Balikpapan Bar., Kota Balikpapan, Kalimantan Timur 76123, Indonesia",4.7,41.0,https://maps.google.com/?cid=2578839261173574871&g_mp=CiVnb29nbGUubWFwcy5wbGFjZXMudjEuUGxhY2VzLkdldFBsYWNlEAIYBCAA,-1.2338368,116.828074,SUCCESS,FIRST_RESULT,2026-09-27T17:25:18.039275+00:00,,
Masjid Tertua,"Kota Langsa, Aceh",Masjid,ChIJvQk7qS6bNzARS5zUXUoL-M0,Masjid Raya Langsa Kota,"Mesjid Agung Darul Fallah, Jl. Rel Kereta Api No.samping, Gampong Teungoh, Kec. Langsa Kota, Kota Langsa, Aceh 24412, Indonesia",4.7,993.0,https://maps.google.com/?cid=14841624986029169739&g_mp=CiVnb29nbGUubWFwcy5wbGFjZXMudjEuUGxhY2VzLkdldFBsYWNlEAIYBCAA,4.4696238,97.97152919999999,SUCCESS,FIRST_RESULT,2026-09-27T17:25:18.378952+00:00,,
Masjid Agung Banten,"Kota Serang, Banten",Masjid,ChIJlXVxvNWMQS4Ragn7trCS0_w,Masjid Agung Banten,"Jl. Komp. Masjid Agung Banten, Banten, Kec. Kasemen, Kota Serang, Banten 42191, Indonesia",4.6,18092.0,https://maps.google.com/?cid=18218066205325592938&g_mp=CiVnb29nbGUubWFwcy5wbGFjZXMudjEuUGxhY2VzLkdldFBsYWNlEAIYBCAA,-6.0360236,106.1540182,SUCCESS,FIRST_RESULT,2026-09-27T17:25:18.772679+00:00,,
Masjid Raya Al-Azhom,"Kota Tangerang, Banten",Masjid,ChIJP_j2FSn5aS4RLpp5EJZhtBc,Masjid Raya Al A'zhom Tangerang,"Jl. Satria - Sudirman, RT.001/RW.001, Sukaasih, Kec. Tangerang, Kota Tangerang, Banten 15111, Indonesia",4.8,23003.0,https://maps.google.com/?cid=1708097455829654062&g_mp=CiVnb29nbGUubWFwcy5wbGFjZXMudjEuUGxhY2VzLkdldFBsYWNlEAIYBCAA,-6.1698132,106.6390162,SUCCESS,FIRST_RESULT,2026-09-27T17:25:19.126658+00:00,,
Masjid Berjumlah Buah,"Kabupaten Rejang Lebong, Bengkulu",Masjid,ChIJUZBGX_Q5MS4RWwP562-Eazw,Masjid Agung Baitul Makmur,"GGCG+98V, Jl. S. Sukowati, Air Putih Lama, Kec. Curup, Kabupaten Rejang Lebong, Bengkulu 39119, Indonesia",4.8,284.0,https://maps.google.com/?cid=4353719081018917723&g_mp=CiVnb29nbGUubWFwcy5wbGFjZXMudjEuUGxhY2VzLkdldFBsYWNlEAIYBCAA,-3.4790094,102.52579980000002,SUCCESS,FIRST_RESULT,2026-09-27T17:25:19.450081+00:00,,
Masjid Agung Curup,"Kabupaten Rejang Lebong, Bengkulu",Masjid,ChIJUZBGX_Q5MS4RWwP562-Eazw,Masjid Agung Baitul Makmur,"GGCG+98V, Jl. S. Sukowati, Air Putih Lama, Kec. Curup, Kabupaten Rejang Lebong, Bengkulu 39119, Indonesia",4.8,284.0,https://maps.google.com/?cid=4353719081018917723&g_mp=CiVnb29nbGUubWFwcy5wbGFjZXMudjEuUGxhY2VzLkdldFBsYWNlEAIYBCAA,-3.4790094,102.52579980000002,SUCCESS,FIRST_RESULT,2026-09-27T17:25:19.739757+00:00,,
Masjid Jami Baiturrahim,"Kota Gorontalo, Gorontalo",Masjid,ChIJE8ll5iAreTIReO_8uq1fdB4,Masjid Agung Baiturrahim - Gorontalo,"Jl. Raja Eyato No.1, Limba B, Kota Sel., Kota Gorontalo, Gorontalo 96133, Indonesia",4.8,1793.0,https://maps.google.com/?cid=2194484118207393656&g_mp=CiVnb29nbGUubWFwcy5wbGFjZXMudjEuUGxhY2VzLkdldFBsYWNlEAIYBCAA,0.5376111,123.06036619999999,SUCCESS,FIRST_RESULT,2026-09-27T17:25:20.072336+00:00,,
Masjid Keramat Desa Pulau Tengah,"Kabupaten Kerinci, Jambi",Masjid,ChIJDTWlNgCZLS4R_ysi3Opipww,Masjid Keramat Pulau Tengah Kerinci,"RFJ8+2Q4, Desa Jl. Pulau Tengah, Kt Tuo P. Tengah, Kec. Keliling Danau, Kabupaten Kerinci, Jambi 37173, Indonesia",5.0,1.0,https://maps.google.com/?cid=911806210420911103&g_mp=CiVnb29nbGUubWFwcy5wbGFjZXMudjEuUGxhY2VzLkdldFBsYWNlEAIYBCAA,-2.169997,101.46696689999999,SUCCESS,FIRST_RESULT,2026-09-27T17:25:20.432563+00:00,,
Masjid Raya Darul Falah Kota Langsa,"Kota Langsa, Aceh",Masjid,ChIJvQk7qS6bNzARS5zUXUoL-M0,Masjid Raya Langsa Kota,"Mesjid Agung Darul Fallah, Jl. Rel Kereta Api No.samping, Gampong Teungoh, Kec. Langsa Kota, Kota Langsa, Aceh 24412, Indonesia",4.7,993.0,https://maps.google.com/?cid=14841624986029169739&g_mp=CiVnb29nbGUubWFwcy5wbGFjZXMudjEuUGxhY2VzLkdldFBsYWNlEAIYBCAA,4.4696238,97.97152919999999,SUCCESS,FIRST_RESULT,2026-09-27T17:25:20.731684+00:00,,
Masjid Agung Al-Falah,"Kota Jambi, Jambi",Masjid,ChIJ7zzyVCCJJS4Rf-F1-hk7frE,Masjid Agung Al Falah Kota Jambi,"Jl. Sultan Thaha No.60, RT.01/RW, Legok, Kec. Telanaipura, Kota Jambi, Jambi 36124, Indonesia",4.8,3737.0,https://maps.google.com/?cid=12789724974541037951&g_mp=CiVnb29nbGUubWFwcy5wbGFjZXMudjEuUGxhY2VzLkdldFBsYWNlEAIYBCAA,-1.5941489,103.6082448,SUCCESS,FIRST_RESULT,2026-09-27T17:25:21.166784+00:00,,
Masjid Agung,"Kabupaten Tegal, Jawa Tengah",Masjid,,,,,,,,,,,,API_ERROR,SEARCH_API_ERROR
Masjid Agung Al-Musabaqoh Subang,"Kabupaten Subang, Jawa Barat",Masjid,ChIJv-D7Vp48aS4RSLEkaON22EA,Al-Musabaqoh Grand Mosque,"Karanganyar, Subang, Subang Regency, West Java 41215, Indonesia",4.7,618.0,https://maps.google.com/?cid=4672615332473778504&g_mp=CiVnb29nbGUubWFwcy5wbGFjZXMudjEuUGxhY2VzLkdldFBsYWNlEAIYBCAA,-6.5705851,107.7609186,SUCCESS,FIRST_RESULT,2026-09-27T17:25:21.901667+00:00,,
Masjid Raya Kota Bogor,"Kota Bogor, Jawa Barat",Masjid,ChIJGzmGgOfFaS4R0T1iHUa8c98,Masjid Raya Kota Bogor,"Masjid Raya Kota Bogor, Jl. Raya Pajajaran, RT.01/RW.03, Baranangsiang, Kec. Bogor Tim., Kota Bogor, Jawa Barat 16143, Indonesia",,,https://maps.google.com/?cid=16101420102106365393&g_mp=CiVnb29nbGUubWFwcy5wbGFjZXMudjEuUGxhY2VzLkdldFBsYWNlEAIYBCAA,-6.6073265999999995,106.8087739,SUCCESS,FIRST_RESULT,2026-09-27T17:25:22.293892+00:00,,
Masjid Jami Al-Juman Bogor,"Kota Bogor, Jawa Barat",Masjid,ChIJu3VhJOnFaS4RAVgOOvHzjBw,Jami' Al-Juman Mosque,"9RQ2+7XX, RT.05/RW.07, Bondongan, Kec. Bogor Sel., Kota Bogor, Jawa Barat 16131, Indonesia",4.8,445.0,https://maps.google.com/?cid=2057287347188160513&g_mp=CiVnb29nbGUubWFwcy5wbGFjZXMudjEuUGxhY2VzLkdldFBsYWNlEAIYBCAA,-6.611762499999999,106.8024844,SUCCESS,FIRST_RESULT,2026-09-27T17:25:22.656619+00:00,,
Masjid Agung Bogor,"Kota Bogor, Jawa Barat",Masjid,ChIJa4iPY7bFaS4Rrqh8T3APeaA,Great Mosque Bogor,"Jl. Nyi Raja Permas No.1, RT.04/RW.06, Cibogor, Kecamatan Bogor Tengah, Kota Bogor, Jawa Barat 16124, Indonesia",4.5,1389.0,https://maps.google.com/?cid=11563290493294782638&g_mp=CiVnb29nbGUubWFwcy5wbGFjZXMudjEuUGxhY2VzLkdldFBsYWNlEAIYBCAA,-6.593346800000001,106.79164569999999,SUCCESS,FIRST_RESULT,2026-09-27T17:25:23.012330+00:00,,
Masjid Istiqom Budi Agung,"Kota Bogor, Jawa Barat",Masjid,ChIJLcbgVWLEaS4Rww0LaAYAzSI,Masjid Al Istiqomah Taman Yasmin Kota Bogor,"Jl. Seroja Raya No.10, RT.06/RW.08, Curugmekar, Kec. Bogor Bar., Kota Bogor, Jawa Barat 16113, Indonesia",4.9,484.0,https://maps.google.com/?cid=2507660595030592963&g_mp=CiVnb29nbGUubWFwcy5wbGFjZXMudjEuUGxhY2VzLkdldFBsYWNlEAIYBCAA,-6.5598816,106.77337209999999,SUCCESS,FIRST_RESULT,2026-09-27T17:25:23.389054+00:00,,
Masjid Almuhajirin,"Kota Bogor, Jawa Barat",Masjid,ChIJbePZ_V7PaS4RLy9EQontf7U,Masjid Al-Muhaajirin BNR,"Jl. Bukit Nirwana Raya No.17, RT.03/RW.12, Mulyaharja, Kec. Bogor Sel., Kota Bogor, Jawa Barat 16135, Indonesia",4.8,210.0,https://maps.google.com/?cid=13078433016685276975&g_mp=CiVnb29nbGUubWFwcy5wbGFjZXMudjEuUGxhY2VzLkdldFBsYWNlEAIYBCAA,-6.6311369000000004,106.79754690000001,SUCCESS,FIRST_RESULT,2026-09-27T17:25:23.752857+00:00,,
Masjid Asyuro Cipari Pangatikan Garut,"Kabupaten Garut, Jawa Barat",Masjid,ChIJGYuwrX20aC4RMHuEOIAhzKk,Mesjid Asy Syuro Cipari,"RXWX+P49, Sukarasa, Pangatikan, Garut Regency, West Java 44183, Indonesia",4.9,19.0,https://maps.google.com/?cid=12235191122246531888&g_mp=CiVnb29nbGUubWFwcy5wbGFjZXMudjEuUGxhY2VzLkdldFBsYWNlEAIYBCAA,-7.1532244,107.9978739,SUCCESS,FIRST_RESULT,2026-09-27T17:25:24.076090+00:00,,
Masjid Nahwa Nur Pura,"Kota Bogor, Jawa Barat",Masjid,ChIJQyDlmUPCaS4RVhWhK-tQjzQ,Masjid Al Rohman - Yayasan Nahwa Nur,"GQ6P+C87, Jl. Cagak, Cimanggis, Kecamatan Bojonggede, Kabupaten Bogor, Jawa Barat 16920, Indonesia",5.0,8.0,https://maps.google.com/?cid=3787334782621390166&g_mp=CiVnb29nbGUubWFwcy5wbGFjZXMudjEuUGxhY2VzLkdldFBsYWNlEAIYBCAA,-6.4889589999999995,106.7858122,SUCCESS,FIRST_RESULT,2026-09-27T17:25:24.376294+00:00,,
Masjid Po Teumeureuhom,"Kabupaten Pidie, Aceh",Masjid,ChIJycrk79SSQDARm2nLmtayMgY,Masjid Raya Pidie - Labui,"9W7Q+832, Labui, Pidie, Pidie Regency, Aceh 24164, Indonesia",4.7,112.0,https://maps.google.com/?cid=446615947852867995&g_mp=CiVnb29nbGUubWFwcy5wbGFjZXMudjEuUGxhY2VzLkdldFBsYWNlEAIYBCAA,5.3632593,95.9376272,SUCCESS,FIRST_RESULT,2026-09-27T17:25:24.735426+00:00,,
Masjid Kuno Desa Kaitetu,Maluku,Masjid,ChIJRyiHNSL7bC0RROhTi7vOJd8,Wapauwe Kaitetu Old Mosque,"C37M+WMG, Kaitetu, Leihitu, Central Maluku Regency, Maluku, Indonesia",4.9,83.0,https://maps.google.com/?cid=16079485349487962180&g_mp=CiVnb29nbGUubWFwcy5wbGFjZXMudjEuUGxhY2VzLkdldFBsYWNlEAIYBCAA,-3.5851895,128.08419229999998,SUCCESS,FIRST_RESULT,2026-09-27T17:25:25.061881+00:00,,
Masjid At Taqwa,"Kota Balikpapan, Kalimantan Timur",Masjid,ChIJ0_PkBztH8S0Re_oUh4Ux4GM,Masjid Agung At-Taqwa Balikpapan,"Jl. Jenderal Sudirman No.RT 4, gang aktwaKlandasan Ulu, Kec. Balikpapan Kota, Kota Balikpapan, Kalimantan Timur, Indonesia",4.8,3949.0,https://maps.google.com/?cid=7196806654104763003&g_mp=CiVnb29nbGUubWFwcy5wbGFjZXMudjEuUGxhY2VzLkdldFBsYWNlEAIYBCAA,-1.2768585,116.8292537,SUCCESS,FIRST_RESULT,2026-09-27T17:25:25.345554+00:00,,
Masjid Agung Keraton,"Kota Bau-Bau, Sulawesi Tenggara",Masjid,ChIJiTElsst2pC0RmstwxFNoIoI,"Masigi Ogéna , Grand Mosque of the Sultanate of Buton","GJG2+FRM, Jl. Sultan Labuke, Melai, Kec. Murhum, Kota Bau-Bau, Sulawesi Tenggara 93713, Indonesia",4.7,250.0,https://maps.google.com/?cid=9377172083126094746&g_mp=CiVnb29nbGUubWFwcy5wbGFjZXMudjEuUGxhY2VzLkdldFBsYWNlEAIYBCAA,-5.4737925,122.60203729999999,SUCCESS,FIRST_RESULT,2026-09-27T17:25:25.674919+00:00,,
Masjid Raya Baiturrahman,Aceh,Masjid,ChIJq0OpNEk3QDARLx6-pGyBvro,Masjid Raya Baiturrahman,"Jl. Moh. Jam No.1, Kp. Baru, Kec. Baiturrahman, Kota Banda Aceh, Aceh 23127, Indonesia",4.9,29721.0,https://maps.google.com/?cid=13456335040249994799&g_mp=CiVnb29nbGUubWFwcy5wbGFjZXMudjEuUGxhY2VzLkdldFBsYWNlEAIYBCAA,5.5532604,95.3178867,SUCCESS,FIRST_RESULT,2026-09-27T17:25:26.017468+00:00,,
Masjid Dian Al-Mahri,Jawa Barat,Masjid,ChIJPeADKyjvaS4R0ikypE5lPHo,Dian Al-Mahri Mosque,"Jl. Meruyung Raya, Meruyung, Kec. Limo, Kota Depok, Jawa Barat 16515, Indonesia",4.7,14488.0,https://maps.google.com/?cid=8808026359666452946&g_mp=CiVnb29nbGUubWFwcy5wbGFjZXMudjEuUGxhY2VzLkdldFBsYWNlEAIYBCAA,-6.3838181,106.77189949999999,SUCCESS,FIRST_RESULT,2026-09-27T17:25:26.324174+00:00,,
Masjid Raya Sabilal Muhtadin,Kalimantan Selatan,Masjid,ChIJWwj-osMj5C0R8nFRa8gyHKE,Masjid Raya Sabilal Muhtadin - Banjarmasin,"Jl. Jend Sudirman No.1, Antasan Besar, Kec. Banjarmasin Tengah, Kota Banjarmasin, Kalimantan Selatan 70114, Indonesia",4.8,11328.0,https://maps.google.com/?cid=11609209775829643762&g_mp=CiVnb29nbGUubWFwcy5wbGFjZXMudjEuUGxhY2VzLkdldFBsYWNlEAIYBCAA,-3.3190271,114.5909985,SUCCESS,FIRST_RESULT,2026-09-27T17:25:26.640416+00:00,,
Masjid Jami Banjarmasin,Kalimantan Selatan,Masjid,ChIJ_ZdAApYj5C0RO0kg28y2OCI,Masjid Jami' Banjarmasin,"Jl. Mesjid Jami No.40, RT.1, Sungai Jingah, Kec. Banjarmasin Utara, Kota Banjarmasin, Kalimantan Selatan 70122, Indonesia",4.8,4989.0,https://maps.google.com/?cid=2465921786951256379&g_mp=CiVnb29nbGUubWFwcy5wbGFjZXMudjEuUGxhY2VzLkdldFBsYWNlEAIYBCAA,-3.3066366,114.59538660000001,SUCCESS,FIRST_RESULT,2026-09-27T17:25:26.987956+00:00,,
Masjid Jami Tuhfaturroghibin,Kalimantan Selatan,Masjid,ChIJ68EaQ9gi5C0RHAytyO0OWaM,Masjid Jami' Tuhfaturroghibin (Masjid Kanas),"PHJC+G2V, Jl. Alalak Tengah, Alalak Tengah, Kec. Banjarmasin Utara, Kota Banjarmasin, Kalimantan Selatan 70126, Indonesia",4.6,157.0,https://maps.google.com/?cid=11770455515546323996&g_mp=CiVnb29nbGUubWFwcy5wbGFjZXMudjEuUGxhY2VzLkdldFBsYWNlEAIYBCAA,-3.2686447,114.5700555,SUCCESS,FIRST_RESULT,2026-09-27T17:25:27.355044+00:00,,
Masjid Agung At-Taqwa,"Kabupaten Aceh Tenggara, Aceh",Masjid,ChIJteoU7T6nMDAR3Ilg5FGsDUA,Masjid Agung At-Taqwa,"FRM6+V89, Pulo Sanggar, Babussalam, Southeast Aceh, Aceh 24651, Indonesia",4.8,658.0,https://maps.google.com/?cid=4615534660848486876&g_mp=CiVnb29nbGUubWFwcy5wbGFjZXMudjEuUGxhY2VzLkdldFBsYWNlEAIYBCAA,3.4846531,97.8108649,SUCCESS,FIRST_RESULT,2026-09-27T17:25:27.707241+00:00,,
Masjid Muhammadiyah Kelayan,Kalimantan Selatan,Masjid,ChIJZcLUDOAj5C0RYoJyVFeM-lE,Masjid Muhammadiyah Kelayan,"MHCW+498, Jl. Kelayan B, Kelayan Bar., Kec. Banjarmasin Sel., Kota Banjarmasin, Kalimantan Selatan 70234, Indonesia",4.6,207.0,https://maps.google.com/?cid=5907188167956660834&g_mp=CiVnb29nbGUubWFwcy5wbGFjZXMudjEuUGxhY2VzLkdldFBsYWNlEAIYBCAA,-3.3297013,114.5959507,SUCCESS,FIRST_RESULT,2026-09-27T17:25:28.050915+00:00,,
Masjid Baangkat,Kalimantan Selatan,Masjid,ChIJz9XTg5mg5S0R8qrUulDBPhs,Masjid As Su'ada (Masjid Baangkat),"56R9+26H, Jl. Bukhari, Wasah Hilir, Kec. Simpur, Kabupaten Hulu Sungai Selatan, Kalimantan Selatan 71213, Indonesia",4.8,348.0,https://maps.google.com/?cid=1963219040056158962&g_mp=CiVnb29nbGUubWFwcy5wbGFjZXMudjEuUGxhY2VzLkdldFBsYWNlEAIYBCAA,-2.8099376,115.21811469999999,SUCCESS,FIRST_RESULT,2026-09-27T17:25:28.332155+00:00,,
Masjid Jami Sungai Banar,Kalimantan Selatan,Masjid,ChIJxTAfl9Q45S0RCtJOQ0I5zUQ,Masjid Jami' SUNGAI BANAR,"Mesjid jami' sungai banar, Jl.Tepi kali Negara, Ujung Murung, Kec. Amuntai Sel., Kabupaten Hulu Sungai Utara, Kalimantan Selatan 71419, Indonesia",4.7,159.0,https://maps.google.com/?cid=4957681721564647946&g_mp=CiVnb29nbGUubWFwcy5wbGFjZXMudjEuUGxhY2VzLkdldFBsYWNlEAIYBCAA,-2.4396298,115.24132619999997,SUCCESS,FIRST_RESULT,2026-09-27T17:25:28.623986+00:00,,
Masjid Keramat Banua Halat,Kalimantan Selatan,Masjid,ChIJjQmq-Fek5S0RcHFB7a7d0xE,Masjid Keramat Al Mukarramah - Banua Halat,"35P3+M8W, Banua Halat Kiri, Tapin Utara, Tapin Regency, South Kalimantan 71152, Indonesia",4.8,134.0,https://maps.google.com/?cid=1284614062105260400&g_mp=CiVnb29nbGUubWFwcy5wbGFjZXMudjEuUGxhY2VzLkdldFBsYWNlEAIYBCAA,-2.9132587,115.15331390000001,SUCCESS,FIRST_RESULT,2026-09-27T17:25:28.966345+00:00,,
Masjid Pusaka Tabalong,Kalimantan Selatan,Masjid,ChIJ0SvSpCM25S0RoSFeOBHZ-20,Heritage Mosque of Banua Lawas,"M7JG+W5X, Banua Lawas, Tabalong Regency, South Kalimantan 71552, Indonesia",4.7,139.0,https://maps.google.com/?cid=7925166637271884193&g_mp=CiVnb29nbGUubWFwcy5wbGFjZXMudjEuUGxhY2VzLkdldFBsYWNlEAIYBCAA,-2.3176362999999998,115.2754764,SUCCESS,FIRST_RESULT,2026-09-27T17:25:29.296370+00:00,,
Masjid Jami Pangkalpinang,Kepulauan Bangka Belitung,Masjid,ChIJFQAhMdbAIi4R29_D27ertZk,Jami' Pangkal Pinang Mosque,"Jl. Masjid Jamik, Masjid Jamik, Kec. Rangkui, Kota Pangkal Pinang, Kepulauan Bangka Belitung 33684, Indonesia",4.8,2435.0,https://maps.google.com/?cid=11075947664742014939&g_mp=CiVnb29nbGUubWFwcy5wbGFjZXMudjEuUGxhY2VzLkdldFBsYWNlEAIYBCAA,-2.1295957999999997,106.1120084,SUCCESS,FIRST_RESULT,2026-09-27T17:25:29.651351+00:00,,
Masjid Sebanyak Hampir Ribu Buah,Maluku,Masjid,ChIJ96VUr0XobC0RTDxya82Ohms,Jami Mosque,"853H+22M, Kel Honipopu, Sirimau, Kota Ambon, Maluku, Indonesia",5.0,57.0,https://maps.google.com/?cid=7748037221859605580&g_mp=CiVnb29nbGUubWFwcy5wbGFjZXMudjEuUGxhY2VzLkdldFBsYWNlEAIYBCAA,-3.697418399999999,128.17756,SUCCESS,FIRST_RESULT,2026-09-27T17:25:29.954970+00:00,,
Masjid Agung Keraton Buton,Sulawesi Tenggara,Masjid,ChIJzcZIiheCoS0R--_h2bDzo6Q,Masjid Agung Keraton,"658J+84R, Jl. Keraton, Desa Wasalabose, Kec. Kulisusu, Kabupaten Buton Utara, Sulawesi Tenggara 93672, Indonesia",4.6,16.0,https://maps.google.com/?cid=11863593784319275003&g_mp=CiVnb29nbGUubWFwcy5wbGFjZXMudjEuUGxhY2VzLkdldFBsYWNlEAIYBCAA,-4.7841328999999995,123.180269,SUCCESS,FIRST_RESULT,2026-09-27T17:25:30.295443+00:00,,
Masjid Agung Al-Karomah,Kalimantan Selatan,Masjid,ChIJ-8PcecWB5i0Rm5xTmYutcdM,Masjid Agung Al Karomah Martapura,"Jl. A. Yani, Cindai Alus, Kec. Martapura, Kabupaten Banjar, Kalimantan Selatan 70611, Indonesia",4.8,8433.0,https://maps.google.com/?cid=15236149829455551643&g_mp=CiVnb29nbGUubWFwcy5wbGFjZXMudjEuUGxhY2VzLkdldFBsYWNlEAIYBCAA,-3.4052137,114.84807830000001,SUCCESS,FIRST_RESULT,2026-09-27T17:25:30.664858+00:00,,
Masjid As-Sholihin,"Kota Bogor, Jawa Barat",Masjid,ChIJMd2fsX3PaS4RA4EumIJbq6U,Masjid As Sholihin,"Jl. Raya Ciapus No.190, Kota Batu, Kec. Ciomas, Kabupaten Bogor, Jawa Barat 16610, Indonesia",4.9,109.0,https://maps.google.com/?cid=11937735853732692227&g_mp=CiVnb29nbGUubWFwcy5wbGFjZXMudjEuUGxhY2VzLkdldFBsYWNlEAIYBCAA,-6.6310537,106.77846720000001,SUCCESS,FIRST_RESULT,2026-09-27T17:25:30.985436+00:00,,
Masjid Agung Pasir Pengaraian,Riau,Masjid,ChIJyQQsbX5AKzARJktkURvU_fQ,Masjid Agung Islamic Centre Pasir Pengaraian Rohul,"Jl. Tuanku Tambusai KM.4, Pematang Berangan, Kec. Rambah, Kabupaten Rokan Hulu, Riau 28558, Indonesia",4.7,3165.0,https://maps.google.com/?cid=17653499328156945190&g_mp=CiVnb29nbGUubWFwcy5wbGFjZXMudjEuUGxhY2VzLkdldFBsYWNlEAIYBCAA,0.8958907,100.30844909999999,SUCCESS,FIRST_RESULT,2026-09-27T17:25:31.312193+00:00,,
Masjid Al-Munawwar,"Kota Bogor, Jawa Barat",Masjid,ChIJ6e5B1TjEaS4R_tzgFbJNZgI,Jami' Al-Munawwar Mosque,"CQHX+63V, RT.02/RW.06, Tanah Sareal, Kota Bogor, Jawa Barat 16161, Indonesia",4.8,201.0,https://maps.google.com/?cid=172911062966918398&g_mp=CiVnb29nbGUubWFwcy5wbGFjZXMudjEuUGxhY2VzLkdldFBsYWNlEAIYBCAA,-6.5718875,106.7976719,SUCCESS,FIRST_RESULT,2026-09-27T17:25:31.663186+00:00,,
Masjid Kuno Sewulan,"Kabupaten Madiun, Jawa Timur",Masjid,ChIJ015HJIu8eS4Ri1zmjIGWrz8,Masjid Al Basyariyah,"Sewulan Wetan, Sewulan, Kec. Dagangan, Kabupaten Madiun, Jawa Timur 63172, Indonesia",4.8,404.0,https://maps.google.com/?cid=4589052028472679563&g_mp=CiVnb29nbGUubWFwcy5wbGFjZXMudjEuUGxhY2VzLkdldFBsYWNlEAIYBCAA,-7.7007584,111.5517965,SUCCESS,FIRST_RESULT,2026-09-27T17:25:32.021680+00:00,,
Masjid Ajaib,"Kabupaten Malang, Jawa Timur",Masjid,ChIJ42U27Pch1i0R5mEBqUCudXs,Masjid Tiban,"Jl. KH. Wachid Hasyim Jl. Anggur No.17, Sananrejo, Kec. Turen, Kabupaten Malang, Jawa Timur 65175, Indonesia",4.6,9360.0,https://maps.google.com/?cid=8896208231676862950&g_mp=CiVnb29nbGUubWFwcy5wbGFjZXMudjEuUGxhY2VzLkdldFBsYWNlEAIYBCAA,-8.150828500000001,112.7131124,SUCCESS,FIRST_RESULT,2026-09-27T17:25:32.370101+00:00,,
Masjid Yoni Al-Mubarok,"Kabupaten Nganjuk, Jawa Timur",Masjid,ChIJXUvKAMlMeC4RIrGwXCQS4aQ,"Masjid Al-Mubarok (Kanjeng Jimat, Adipati Pertama Nganjuk)","8VQ8+R4W, Jl. May Jend. Supeno No.76, Gerekan, Kacangan, Kec. Berbek, Kabupaten Nganjuk, Jawa Timur 64473, Indonesia",4.8,345.0,https://maps.google.com/?cid=11880797239363285282&g_mp=CiVnb29nbGUubWFwcy5wbGFjZXMudjEuUGxhY2VzLkdldFBsYWNlEAIYBCAA,-7.660673999999998,111.8654995,SUCCESS,FIRST_RESULT,2026-09-27T17:25:32.729048+00:00,,
Masjid Agung Sidoarjo,"Kabupaten Sidoarjo, Jawa Timur",Masjid,ChIJWSdYxMv61y0RlMaKlgdp5wM,Masjid Agung Sidoarjo,"Jl. Sultan Agung No.36, Gajah Timur, Magersari, Kec. Sidoarjo, Kabupaten Sidoarjo, Jawa Timur 60294, Indonesia",4.8,6111.0,https://maps.google.com/?cid=281308983045310100&g_mp=CiVnb29nbGUubWFwcy5wbGFjZXMudjEuUGxhY2VzLkdldFBsYWNlEAIYBCAA,-7.4459395,112.71676690000001,SUCCESS,FIRST_RESULT,2026-09-27T17:25:33.084648+00:00,,
Masjid Jamik Sumenep,"Kabupaten Sumenep, Jawa Timur",Masjid,ChIJE23DqCrk2S0RdotOfCtcmjU,Masjid Agung Jamik Sumenep,"Jl. Trunojoyo No.6, Dalem Anyar, Bangselok, Kec. Kota Sumenep, Kabupaten Sumenep, Jawa Timur 69416, Indonesia",4.8,1702.0,https://maps.google.com/?cid=3862500972262493046&g_mp=CiVnb29nbGUubWFwcy5wbGFjZXMudjEuUGxhY2VzLkdldFBsYWNlEAIYBCAA,-7.0080268,113.8586988,SUCCESS,FIRST_RESULT,2026-09-27T17:25:33.425992+00:00,,
Masjid Agung Tuban,"Kabupaten Tuban, Jawa Timur",Masjid,ChIJAQAAEFm9dy4R203ttyfODe0,The Great Mosque Of Tuban,"4347+2G4, Jl. Bonang, Kutorejo, Kec. Tuban, Kabupaten Tuban, Jawa Timur 62311, Indonesia",4.8,3459.0,https://maps.google.com/?cid=17081535631670988251&g_mp=CiVnb29nbGUubWFwcy5wbGFjZXMudjEuUGxhY2VzLkdldFBsYWNlEAIYBCAA,-6.8949798,112.06384360000001,SUCCESS,FIRST_RESULT,2026-09-27T17:25:33.792864+00:00,,
Masjid Banjar Mlati,"Kota Kediri, Jawa Timur",Masjid,ChIJo6zFSQdXeC4RBdxM_OSXoIw,Masjid Banjar Melati,"5294+5H2, Bandar Kidul, Mojoroto, Kediri Regency, East Java 64119, Indonesia",4.9,44.0,https://maps.google.com/?cid=10133266171324849157&g_mp=CiVnb29nbGUubWFwcy5wbGFjZXMudjEuUGxhY2VzLkdldFBsYWNlEAIYBCAA,-7.832113499999999,112.0064062,SUCCESS,FIRST_RESULT,2026-09-27T17:25:34.189971+00:00,,
Masjid Al Amin,"Kota Balikpapan, Kalimantan Timur",Masjid,ChIJ_xNkUUhE8S0RLOGCz2yu1Ik,Masjid Al - Amin,"Jalan Marsma R. Iswahyudi No. 10, RT. 31 Sepinggan, Raya, Kecamatan Balikpapan Selatan, Kota Balikpapan, Kalimantan Timur 76115, Indonesia",4.7,373.0,https://maps.google.com/?cid=9931754860619948332&g_mp=CiVnb29nbGUubWFwcy5wbGFjZXMudjEuUGxhY2VzLkdldFBsYWNlEAIYBCAA,-1.2592796,116.9170391,SUCCESS,FIRST_RESULT,2026-09-27T17:25:34.459959+00:00,,
Masjid Auliyya Setono Gedong,"Kota Kediri, Jawa Timur",Masjid,ChIJb-0pSBdXeC4RlPmS75vA80w,Masjid Auliya' Setono Gedong,"Jl. Dhoho No.82, Setono Gedong, Kec. Kota, Kota Kediri, Jawa Timur 64129, Indonesia",4.8,253.0,https://maps.google.com/?cid=5544987342195063188&g_mp=CiVnb29nbGUubWFwcy5wbGFjZXMudjEuUGxhY2VzLkdldFBsYWNlEAIYBCAA,-7.816584,112.0119067,SUCCESS,FIRST_RESULT,2026-09-27T17:25:34.829227+00:00,,
Masjid Cheng Ho Surabaya,"Kota Surabaya, Jawa Timur",Masjid,ChIJd288Zbf51y0ROVlc8QPEMkw,Muhammad Cheng Hoo Mosque,"Jl. Gading No.2, Ketabang, Kec. Genteng, Surabaya, Jawa Timur 60272, Indonesia",4.7,7757.0,https://maps.google.com/?cid=5490666416931363129&g_mp=CiVnb29nbGUubWFwcy5wbGFjZXMudjEuUGxhY2VzLkdldFBsYWNlEAIYBCAA,-7.252005,112.74702740000001,SUCCESS,FIRST_RESULT,2026-09-27T17:25:35.204871+00:00,,
Masjid Nasional Al Akbar,"Kota Surabaya, Jawa Timur",Masjid,ChIJq9-2z6n71y0RBhIk7xBy_gY,al-Akbar National Mosque Surabaya,"Jl. Masjid Al-AkbarTimur No.1, Pagesangan, Kec. Jambangan, Surabaya, Jawa Timur 60233, Indonesia",4.9,8570.0,https://maps.google.com/?cid=503965625369235974&g_mp=CiVnb29nbGUubWFwcy5wbGFjZXMudjEuUGxhY2VzLkdldFBsYWNlEAIYBCAA,-7.336776599999999,112.715308,SUCCESS,FIRST_RESULT,2026-09-27T17:25:35.573653+00:00,,
Masjid Sultan Suriansyah Terletak,"Kota Banjarmasin, Kalimantan Selatan",Masjid,ChIJh6wTdaoj5C0R-eTOGeDp8eo,Sultan Suriansyah Mosque,"Jl. Kuin Utara, Kuin Utara, Kec. Banjarmasin Utara, Kota Banjarmasin, Kalimantan Selatan 70127, Indonesia",4.8,1592.0,https://maps.google.com/?cid=16929569622977340665&g_mp=CiVnb29nbGUubWFwcy5wbGFjZXMudjEuUGxhY2VzLkdldFBsYWNlEAIYBCAA,-3.294339,114.57611659999999,SUCCESS,FIRST_RESULT,2026-09-27T17:25:35.875261+00:00,,
Masjid Kyai Gede,"Kabupaten Kotawaringin Barat, Kalimantan Tengah",Masjid,ChIJDXcAcru9CC4RHwNjz_vTVBU,Masjid Kiai Gede,"GC7V+JPC, Kotawaringin Hulu, Kotawaringin Lama, West Kotawaringin Regency, Central Kalimantan 74161, Indonesia",4.7,102.0,https://maps.google.com/?cid=1537086451309806367&g_mp=CiVnb29nbGUubWFwcy5wbGFjZXMudjEuUGxhY2VzLkdldFBsYWNlEAIYBCAA,-2.4859268,111.44426279999999,SUCCESS,FIRST_RESULT,2026-09-27T17:25:36.214350+00:00,,
Masjid Agung Baitul Hikmah,"Kabupaten Berau, Kalimantan Timur",Masjid,ChIJn_bKxwD1DTIRc6oa1iX2gBo,Masjid Agung Baitul Hikmah - Tj. Redeb,"Karang Ambun, Tanjung Redeb, Berau Regency, East Kalimantan 77315, Indonesia",4.8,698.0,https://maps.google.com/?cid=1909796884371384947&g_mp=CiVnb29nbGUubWFwcy5wbGFjZXMudjEuUGxhY2VzLkdldFBsYWNlEAIYBCAA,2.1508683,117.5039439,SUCCESS,FIRST_RESULT,2026-09-27T17:25:36.565828+00:00,,
Masjid Al-Aman,"Kota Balikpapan, Kalimantan Timur",Masjid,ChIJq-aeRu5G8S0RdtJ4PXHZfHc,Masjid Jami Al-Aman,"Jl. MT Haryono No.85, Damai, Kec. Balikpapan Kota, Kota Balikpapan, Kalimantan Timur 76114, Indonesia",4.8,256.0,https://maps.google.com/?cid=8609995668011405942&g_mp=CiVnb29nbGUubWFwcy5wbGFjZXMudjEuUGxhY2VzLkdldFBsYWNlEAIYBCAA,-1.2628831999999999,116.8593219,SUCCESS,FIRST_RESULT,2026-09-27T17:25:36.920796+00:00,,
Masjid Al-Hidayah,"Kota Bogor, Jawa Barat",Masjid,ChIJWzqqgYjDaS4RZTeM6D0g_WM,Masjid Al-Hidayah BCC,"Jl. Bukit Cimanggu City Raya No.918, RT.01/RW.10, Cibadak, Tanah Sareal, Kota Bogor, Jawa Barat 16168, Indonesia",4.8,1342.0,https://maps.google.com/?cid=7204950429129258853&g_mp=CiVnb29nbGUubWFwcy5wbGFjZXMudjEuUGxhY2VzLkdldFBsYWNlEAIYBCAA,-6.543964099999999,106.78259990000001,SUCCESS,FIRST_RESULT,2026-09-27T17:25:37.305812+00:00,,
Masjid Agung Kota Kediri,"Kota Kediri, Jawa Timur",Masjid,ChIJd79G6gVXeC4RX21t2g3Vt_8,Masjid Agung Kota Kediri,"Jl. Panglima Sudirman No.160, Kp. Dalem, Kec. Kota, Kota Kediri, Jawa Timur 64126, Indonesia",4.8,5679.0,https://maps.google.com/?cid=18426430655885569375&g_mp=CiVnb29nbGUubWFwcy5wbGFjZXMudjEuUGxhY2VzLkdldFBsYWNlEAIYBCAA,-7.82683,112.0100684,SUCCESS,FIRST_RESULT,2026-09-27T17:25:37.663552+00:00,,
Masjid Agung Bojonegoro,"Kabupaten Bojonegoro, Jawa Timur",Masjid,ChIJR3_35x-Cdy4RmGdikc7pGeA,Masjid Agung Darussalam Bojonegoro,"VV2H+6M2, Jl. Hasyim Asyari, Kauman, Kec. Bojonegoro, Kabupaten Bojonegoro, Jawa Timur 62113, Indonesia",4.8,1203.0,https://maps.google.com/?cid=16148195012325304216&g_mp=CiVnb29nbGUubWFwcy5wbGFjZXMudjEuUGxhY2VzLkdldFBsYWNlEAIYBCAA,-7.1494966,111.8791548,SUCCESS,FIRST_RESULT,2026-09-27T17:25:38.011565+00:00,,
Masjid An-Nur Pare,"Kabupaten Kediri, Jawa Timur",Masjid,ChIJv5LGLzdceC4R-HHKQoxOTek,Masjid Agung An-Nur Pare Kediri,"Jl. Matahari No.2, Puhrejo, Tulungrejo, Kec. Pare, Kabupaten Kediri, Jawa Timur 64212, Indonesia",4.5,3380.0,https://maps.google.com/?cid=16811179348366881272&g_mp=CiVnb29nbGUubWFwcy5wbGFjZXMudjEuUGxhY2VzLkdldFBsYWNlEAIYBCAA,-7.7642158,112.18280159999999,SUCCESS,FIRST_RESULT,2026-09-27T17:25:38.355744+00:00,,
Masjid Kauman Semarang,"Kota Semarang, Jawa Tengah",Masjid,ChIJ0alIqav0cC4RhCshP-aMvd0,Semarang Central Mosque,"Jl. Aloon-Aloon Bar. No.11, Bangunharjo, Kec. Semarang Tengah, Kota Semarang, Jawa Tengah 50138, Indonesia",4.8,9607.0,https://maps.google.com/?cid=15978081973509892996&g_mp=CiVnb29nbGUubWFwcy5wbGFjZXMudjEuUGxhY2VzLkdldFBsYWNlEAIYBCAA,-6.9725547,110.42276860000001,SUCCESS,FIRST_RESULT,2026-09-27T17:25:38.674154+00:00,,
Masjid Al-Mai,"Kota Bogor, Jawa Barat",Masjid,ChIJ-cSWkoTEaS4RLGJIKVcNUbU,Jami' Al-Maidah Mosque,"Jl. Raya Semplak No.291 15 5, RT.04/RW.06, Semplak, Kec. Bogor Bar., Kota Bogor, Jawa Barat 16114, Indonesia",4.8,231.0,https://maps.google.com/?cid=13065238661984444972&g_mp=CiVnb29nbGUubWFwcy5wbGFjZXMudjEuUGxhY2VzLkdldFBsYWNlEAIYBCAA,-6.553667600000001,106.7611225,SUCCESS,FIRST_RESULT,2026-09-27T17:25:39.017256+00:00,,
Masjid Saka Tunggal,"Kabupaten Banyumas, Jawa Tengah",Masjid,ChIJcfsQIFtkZS4Ry8FS0uK0YjM,Saka Tunggal Baitussalam Mosque,"RT.02/RW.4, Cikakak, Kec. Wangon, Kabupaten Banyumas, Jawa Tengah 53176, Indonesia",4.5,645.0,https://maps.google.com/?cid=3702720729936216523&g_mp=CiVnb29nbGUubWFwcy5wbGFjZXMudjEuUGxhY2VzLkdldFBsYWNlEAIYBCAA,-7.473862199999999,109.05565030000001,SUCCESS,FIRST_RESULT,2026-09-27T17:25:39.353881+00:00,,
Masjid Agung Brebes,"Kabupaten Brebes, Jawa Tengah",Masjid,ChIJt5xNZ3iwby4RXgraY5Nriuw,Great Mosque of Brebes,"Wa: O&2I5OOO2&I, Jl. Ustad Abas No.7, Kauman, Brebes, Kec. Brebes, Kabupaten Brebes, Jawa Tengah 52212, Indonesia",4.7,1614.0,https://maps.google.com/?cid=17044554020516661854&g_mp=CiVnb29nbGUubWFwcy5wbGFjZXMudjEuUGxhY2VzLkdldFBsYWNlEAIYBCAA,-6.8707012999999995,109.0361236,SUCCESS,FIRST_RESULT,2026-09-27T17:25:39.701440+00:00,,
Masjid Al Kurdi Didesa Karangmalang,"Kabupaten Brebes, Jawa Tengah",Masjid,ChIJt9CUDb-mby4RY5Hj2CiSi1g,Masjid Al Kurdi,"3V4J+V6V, Karangmalang Satu, Karangmalang, Kec. Ketanggungan, Kabupaten Brebes, Jawa Tengah 52263, Indonesia",4.5,167.0,https://maps.google.com/?cid=6380354001235579235&g_mp=CiVnb29nbGUubWFwcy5wbGFjZXMudjEuUGxhY2VzLkdldFBsYWNlEAIYBCAA,-6.9427525999999995,108.8805411,SUCCESS,FIRST_RESULT,2026-09-27T17:25:40.053888+00:00,,
Masjid Agung Demak,"Kabupaten Demak, Jawa Tengah",Masjid,ChIJTfkkeenrcC4Rl4ceG5pUJBc,Masjid Agung Demak,"Jl. Kauman No.57, Kauman, Bintoro, Kec. Demak, Kabupaten Demak, Jawa Tengah 59511, Indonesia",4.7,22247.0,https://maps.google.com/?cid=1667550782890608535&g_mp=CiVnb29nbGUubWFwcy5wbGFjZXMudjEuUGxhY2VzLkdldFBsYWNlEAIYBCAA,-6.8947311,110.63750119999999,SUCCESS,FIRST_RESULT,2026-09-27T17:25:40.411523+00:00,,
Masjid Astana Mantingan,"Kabupaten Jepara, Jawa Tengah",Masjid,ChIJA9tclLUfcS4RCkRs_xRFfOM,Masjid Astana Sultan Hadlirin Mantingan,"9MJ9+7F4, Mantingan, Kec. Tahunan, Kabupaten Jepara, Jawa Tengah 59421, Indonesia",4.7,74.0,https://maps.google.com/?cid=16392052700208710666&g_mp=CiVnb29nbGUubWFwcy5wbGFjZXMudjEuUGxhY2VzLkdldFBsYWNlEAIYBCAA,-6.619364699999999,110.66871069999999,SUCCESS,FIRST_RESULT,2026-09-27T17:25:40.746523+00:00,,
Masjid Agung Baitul Makmur Jepara,"Kabupaten Jepara, Jawa Tengah",Masjid,ChIJAY4kYgIfcS4RIngZQrSqTQU,Baitul Makmur Grand Mosque,"Jl. Kartini No.1, Kauman, Kec. Jepara, Kabupaten Jepara, Jawa Tengah 59417, Indonesia",4.8,1995.0,https://maps.google.com/?cid=382149234576160802&g_mp=CiVnb29nbGUubWFwcy5wbGFjZXMudjEuUGxhY2VzLkdldFBsYWNlEAIYBCAA,-6.5911352999999995,110.66681039999999,SUCCESS,FIRST_RESULT,2026-09-27T17:25:41.110832+00:00,,
Masjid Al Birru Pertiwi,"Kabupaten Bojonegoro, Jawa Timur",Masjid,ChIJRa1sYFPVeS4RuB-CqCZ2Nsg,Al Birru Pertiwi Mosque,"Jl. Raya Dander KM No.10, Nemon, Dander, Bojonegoro, Kabupaten Bojonegoro, Jawa Timur 62171, Indonesia",4.7,1183.0,https://maps.google.com/?cid=14426848364735897528&g_mp=CiVnb29nbGUubWFwcy5wbGFjZXMudjEuUGxhY2VzLkdldFBsYWNlEAIYBCAA,-7.236825100000001,111.8554293,SUCCESS,FIRST_RESULT,2026-09-27T17:25:41.470770+00:00,,
Masjid Bubrah,"Kabupaten Kudus, Jawa Tengah",Masjid,ChIJk8tNt8fEcC4RcXVGUFOy-t8,Langgar Bubrah,"Jl. Sunan Kudus No.137, Demangan, Kec. Kota Kudus, Kabupaten Kudus, Jawa Tengah 59313, Indonesia",4.5,159.0,https://maps.google.com/?cid=16139408285534418289&g_mp=CiVnb29nbGUubWFwcy5wbGFjZXMudjEuUGxhY2VzLkdldFBsYWNlEAIYBCAA,-6.8070531999999995,110.83358539999999,SUCCESS,FIRST_RESULT,2026-09-27T17:25:41.825896+00:00,,
Masjid Menara Kudus,"Kabupaten Kudus, Jawa Tengah",Masjid,ChIJnckhGLLEcC4R35psvWyQ1Cs,Masjid Al-Aqsha Menara Kudus,"Jl. Menara No.25b, Pejaten, Langgardalem, Kec. Kota Kudus, Kabupaten Kudus, Jawa Tengah 59315",,,,,,,,,API_ERROR,DETAILS_API_ERROR
Masjid Agung Rembang,"Kabupaten Rembang, Jawa Tengah",Masjid,ChIJcfDpNv4ldy4Rd4_5HkE3tjc,MASJID AGUNG REMBANG,"78VX+M66, Kutoharjo, Kec. Rembang, Kabupaten Rembang, Jawa Tengah 59219, Indonesia",4.8,323.0,https://maps.google.com/?cid=4014456870679449463&g_mp=CiVnb29nbGUubWFwcy5wbGFjZXMudjEuUGxhY2VzLkdldFBsYWNlEAIYBCAA,-6.7058452,111.3480268,SUCCESS,FIRST_RESULT,2026-09-27T17:25:42.544735+00:00,,
Masjid Jami Lasem,"Kabupaten Rembang, Jawa Tengah",Masjid,,,,,,,,,,,,API_ERROR,SEARCH_API_ERROR
Masjid Agung,"Kabupaten Tegal, Jawa Tengah",Masjid,,,,,,,,,,,,API_ERROR,SEARCH_API_ERROR
Masjid Wali Limbung,"Kabupaten Temanggung, Jawa Tengah",Masjid,,,,,,,,,,,,API_ERROR,SEARCH_API_ERROR
Masjid Damarjati,"Kota Salatiga, Jawa Tengah",Masjid,,,,,,,,,,,,API_ERROR,SEARCH_API_ERROR
Masjid Agung Jawa Tengah,"Kota Semarang, Jawa Tengah",Masjid,ChIJHySYbLeMcC4R-RvUJK9z-2o,Masjid Agung Jawa Tengah (MAJT),"Jl. Gajah Raya, Sambirejo, Kec. Gayamsari, Kota Semarang, Jawa Tengah 50166",,,,,,,,,API_ERROR,DETAILS_API_ERROR
Masjid Baiturrahman Semarang,"Kota Semarang, Jawa Tengah",Masjid,,,,,,,,,,,,API_ERROR,SEARCH_API_ERROR
Masjid Agung Pati,"Kabupaten Pati, Jawa Tengah",Masjid,,,,,,,,,,,,API_ERROR,SEARCH_API_ERROR
Arca Joko Budhek,"Kabupaten Tulungagung, Jawa Timur",Patung,ChIJd3ygiHfheC4RlMfeXB4y4Jw,Gunung Budheg,"Area Gn., Tanggung, Kec. Campurdarat, Kabupaten Tulungagung, Jawa Timur 66272",,,,,,,,,API_ERROR,DETAILS_API_ERROR
Patung Bekantan,"Kota Banjarmasin, Kalimantan Selatan",Patung,ChIJ6Wa3Jskj5C0R0EI-h8pTorw,Tugu Patung Bekantan,"Sungai Baru, Kec. Banjarmasin Tengah, Kota Banjarmasin, Kalimantan Selatan, Indonesia",,,,,,,,,API_ERROR,DETAILS_API_ERROR
Arca Wisnu,"Kabupaten Sumenep, Jawa Timur",Patung,,,,,,,,,,,,NOT_FOUND,NO_GOOGLE_RESULT
Patung Warak Ngendok,"Kabupaten Kendal, Jawa Tengah",Patung,,,,,,,,,,,,API_ERROR,SEARCH_API_ERROR
Arca Manusia Purba,"Kota Pagar Alam, Sumatera Selatan",Patung,ChIJu2zHl7NrNy4Ry_SOlDvz5KM,Situs Megalithikum Tanjung Aro,"X6WP+2J6, Kuripan Babas, Pagar Alam Utara, Pagar Alam City, South Sumatra 31519, Indonesia",4.1,62.0,https://maps.google.com/?cid=11809831560093299915&g_mp=CiVnb29nbGUubWFwcy5wbGFjZXMudjEuUGxhY2VzLkdldFBsYWNlEAIYBCAA,-4.0049658,103.2365275,SUCCESS,FIRST_RESULT,2026-09-27T17:25:44.500580+00:00,,
Patung Salib Buntu Singki,"Kabupaten Toraja Utara, Sulawesi Selatan",Patung,ChIJp6A3xvrpky0RKQivnJG6CI4,Buntu Singki' Tugu Salib,"Buntu Singki, 2VGR+QX6, Mentirotiku, Kec. Rantepao, Kabupaten Toraja Utara, Sulawesi Selatan 91833, Indonesia",4.0,199.0,https://maps.google.com/?cid=10234635287761193001&g_mp=CiVnb29nbGUubWFwcy5wbGFjZXMudjEuUGxhY2VzLkdldFBsYWNlEAIYBCAA,-2.9730982,119.8923877,SUCCESS,FIRST_RESULT,2026-09-27T17:25:44.866761+00:00,,
Patung Joko Dolog,"Kota Surabaya, Jawa Timur",Patung,,,,,,,,,,,,API_ERROR,SEARCH_API_ERROR
Patung Dewi Kwan Im,Kepulauan Riau,Patung,,,,,,,,,,,,API_ERROR,SEARCH_API_ERROR
Patung Letda Sucipto,"Kabupaten Tuban, Jawa Timur",Patung,,,,,,,,,,,,API_ERROR,SEARCH_API_ERROR
Patung Satria Gatot Kaca,"Kabupaten Badung, Bali",Patung,ChIJ3Urujw9E0i0RWSEmcOlT2sg,Satria Gatotkaca Park,"Jl. Raya Tuban No.1, Tuban, Kec. Kuta, Kabupaten Badung, Bali 80361, Indonesia",4.6,4374.0,https://maps.google.com/?cid=14472972614582542681&g_mp=CiVnb29nbGUubWFwcy5wbGFjZXMudjEuUGxhY2VzLkdldFBsYWNlEAIYBCAA,-8.744380099999999,115.17878959999999,SUCCESS,FIRST_RESULT,2026-09-27T17:25:45.412223+00:00,,
Patung Dewi Kwan Im Di,Kepulauan Riau,Patung,ChIJ-8mudtaK2TEROZcnjXk5cTc,Kwan Im Temple,"4WRC+34H, Tanjung Pinggir, Sekupang, Batam City, Riau Islands, Indonesia",4.6,121.0,https://maps.google.com/?cid=3995037538676348729&g_mp=CiVnb29nbGUubWFwcy5wbGFjZXMudjEuUGxhY2VzLkdldFBsYWNlEAIYBCAA,1.1401811,103.9203447,SUCCESS,FIRST_RESULT,2026-09-27T17:25:45.737455+00:00,,
Patung Mini,"Kabupaten Jepara, Jawa Tengah",Patung,ChIJcyWaBRcfcS4RfZwdQQCjTgE,Sentral Patung Mulyoharjo Jepara,"Jl. Mulyoharjo, Mulyoharjo II, Mulyoharjo, Kec. Jepara, Kabupaten Jepara, Jawa Tengah 59431",,,,,,,,,API_ERROR,DETAILS_API_ERROR
Arca Dwarapala,"Kabupaten Malang, Jawa Timur",Patung,,,,,,,,,,,,API_ERROR,SEARCH_API_ERROR
Patung Buddha Empat Wajah,"Kota Surabaya, Jawa Timur",Patung,ChIJEc5bXOb51y0Rx0tlU7rCWH4,Patung Brahma Empat Wajah,"Jl. Pantai Ria Kenjeran No.8, Sukolilo Baru, Kec. Bulak, Surabaya, Jawa Timur 60122, Indonesia",4.7,30.0,https://maps.google.com/?cid=9104240752248310727&g_mp=CiVnb29nbGUubWFwcy5wbGFjZXMudjEuUGxhY2VzLkdldFBsYWNlEAIYBCAA,-7.2472841,112.8010814,SUCCESS,FIRST_RESULT,2026-09-27T17:25:46.441234+00:00,,
Prasasti Padang Roco,"Kabupaten Dharmasraya, Sumatera Barat",Prasasti,ChIJg8L9GrSXKy4RjpIWOLgAnFE,Kompleks Candi Padang Roco,"2HPX+GPP, Siguntur, Kec. Sitiung, Kabupaten Dharmasraya, Sumatera Barat 27678",,,,,,,,,API_ERROR,DETAILS_API_ERROR
Prasasti Hering,"Kabupaten Nganjuk, Jawa Timur",Prasasti,,,,,,,,,,,,API_ERROR,SEARCH_API_ERROR
Prasasti Kinawe,"Kabupaten Nganjuk, Jawa Timur",Prasasti,,,,,,,,,,,,API_ERROR,SEARCH_API_ERROR
Prasasti Mula Malurung,"Kabupaten Lumajang, Jawa Timur",Prasasti,,,,,,,,,,,,API_ERROR,SEARCH_API_ERROR
Prasasti Plumpungan,"Kota Salatiga, Jawa Tengah",Prasasti,ChIJ9x4wRwV4ei4RbSfvbIKObUE,Prasasti Plumpungan,"MGV6+589, Jl. Plumpungan Jl. Plompongan, RT.002/RW.001, Kauman Kidul, Kec. Sidorejo, Kota Salatiga, Jawa Tengah 50712, Indonesia",4.5,584.0,https://maps.google.com/?cid=4714581075751282541&g_mp=CiVnb29nbGUubWFwcy5wbGFjZXMudjEuUGxhY2VzLkdldFBsYWNlEAIYBCAA,-7.3064051,110.5110016,SUCCESS,FIRST_RESULT,2026-09-27T17:25:47.226143+00:00,,
Prasasti Gondosuli,"Kabupaten Temanggung, Jawa Tengah",Prasasti,ChIJ5SAlRwB3cC4RDRVUjaiLbvg,PRASASTI GONDOSULI,"M4X4+725, Salakan, Gondosuli, Kec. Bulu, Kabupaten Temanggung, Jawa Tengah 56253",,,,,,,,,API_ERROR,DETAILS_API_ERROR
Prasasti Anjuk Ladang,"Kabupaten Nganjuk, Jawa Timur",Prasasti,,,,,,,,,,,,API_ERROR,SEARCH_API_ERROR
Prasasti Siwagrha Terjemahan Casparis,"Kabupaten Temanggung, Jawa Tengah",Prasasti,,,,,,,,,,,,API_ERROR,SEARCH_API_ERROR
Prasasti Wanua Tengah Iii,"Kabupaten Temanggung, Jawa Tengah",Prasasti,ChIJFTdZ6KV2cC4RLNT0Ymy4_3I,Candi Pringapus,"Pringapus, Kec. Ngadirejo, Kabupaten Temanggung, Jawa Tengah 56255",,,,,,,,,API_ERROR,DETAILS_API_ERROR
Prasasti Batutulis,"Kota Bogor, Jawa Barat",Prasasti,,,,,,,,,,,,API_ERROR,SEARCH_API_ERROR
Prasasti Karang Berahi,"Kabupaten Merangin, Jambi",Prasasti,,,,,,,,,,,,API_ERROR,SEARCH_API_ERROR
Prasasti Dinoyo,Jawa Timur,Prasasti,,,,,,,,,,,,API_ERROR,SEARCH_API_ERROR
Prasasti Dinoyo,Jawa Timur,Prasasti,,,,,,,,,,,,API_ERROR,SEARCH_API_ERROR
Prasasti Nalanda Tahun,"Kabupaten Temanggung, Jawa Tengah",Prasasti,,,,,,,,,,,,NOT_FOUND,NO_GOOGLE_RESULT
Pura Agung Jagatnatha,"Kota Denpasar, Bali",Pura,,,,,,,,,,,,API_ERROR,SEARCH_API_ERROR
Pura Batukaru,"Kabupaten Tabanan, Bali",Pura,,,,,,,,,,,,API_ERROR,SEARCH_API_ERROR
Pura Sakenan,"Kota Denpasar, Bali",Pura,,,,,,,,,,,,API_ERROR,SEARCH_API_ERROR
Pura Dalam Tahap Pembangunan,"Kabupaten Rejang Lebong, Bengkulu",Pura,,,,,,,,,,,,API_ERROR,SEARCH_API_ERROR
Pura Parhyangan Agung Jagatkartta,"Kota Bogor, Jawa Barat",Pura,ChIJ81TdFMHPaS4RHp1OO6Xp1Hs,Pura Parahyangan Agung Jagatkarta,"8PJP+C5W, Tamansari, Bogor Regency, West Java 16610, Indonesia",4.8,1713.0,https://maps.google.com/?cid=8923013657601678622&g_mp=CiVnb29nbGUubWFwcy5wbGFjZXMudjEuUGxhY2VzLkdldFBsYWNlEAIYBCAA,-6.6688984,106.7354632,SUCCESS,FIRST_RESULT,2026-09-27T17:25:49.279418+00:00,,
Pura Giri Kusuma,"Kota Bogor, Jawa Barat",Pura,ChIJe0nLAdbFaS4RCC2IauGemkk,Pura Giri Kusuma,"Jl. Pawon No.34, RT.03/RW.10, Tanah Baru, Kec. Bogor Utara, Kota Bogor, Jawa Barat 16154, Indonesia",4.8,105.0,https://maps.google.com/?cid=5303726202174319880&g_mp=CiVnb29nbGUubWFwcy5wbGFjZXMudjEuUGxhY2VzLkdldFBsYWNlEAIYBCAA,-6.59132,106.81804310000001,SUCCESS,FIRST_RESULT,2026-09-27T17:25:49.641440+00:00,,
Pura Jagad Karana,"Kota Surabaya, Jawa Timur",Pura,,,,,,,,,,,,API_ERROR,SEARCH_API_ERROR
Pura Lugusari Pagelaran,"Kabupaten Pringsewu, Lampung",Pura,,,,,,,,,,,,API_ERROR,SEARCH_API_ERROR
Pura Giri Sutra Mandala Gadingrejo,"Kabupaten Pringsewu, Lampung",Pura,,,,,,,,,,,,API_ERROR,SEARCH_API_ERROR
Pura Kerti Bhuana,"Kota Bandar Lampung, Lampung",Pura,,,,,,,,,,,,API_ERROR,SEARCH_API_ERROR
Pura Segara,"Kota Bandar Lampung, Lampung",Pura,,,,,,,,,,,,API_ERROR,SEARCH_API_ERROR
Pura Agung Raksa Buana,"Kota Medan, Sumatera Utara",Pura,,,,,,,,,,,,API_ERROR,SEARCH_API_ERROR
Pura Pulaki,"Kabupaten Buleleng, Bali",Pura,,,,,,,,,,,,API_ERROR,SEARCH_API_ERROR
Pura Watu Klosot,"Kabupaten Lumajang, Jawa Timur",Pura,,,,,,,,,,,,API_ERROR,SEARCH_API_ERROR
Pura Giri Jaya Natha,"Kota Balikpapan, Kalimantan Timur",Pura,,,,,,,,,,,,API_ERROR,SEARCH_API_ERROR
Pura Ulun Danu Bratan,"Kabupaten Tabanan, Bali",Pura,,,,,,,,,,,,API_ERROR,SEARCH_API_ERROR
Pura Majapahit,"Kabupaten Jembrana, Bali",Pura,,,,,,,,,,,,API_ERROR,SEARCH_API_ERROR
Pura Lempuyang,"Kabupaten Karangasem, Bali",Pura,ChIJkygiUxcH0i0RY5J3_lj9oEA,Penataran Agung Lempuyang Temple,"JJ5H+GQF, Jl. Pura Telaga Mas Lempuyang, Tri Buana, Kec. Abang, Kabupaten Karangasem, Bali 80852, Indonesia",4.0,12755.0,https://maps.google.com/?cid=4657000573369291363&g_mp=CiVnb29nbGUubWFwcy5wbGFjZXMudjEuUGxhY2VzLkdldFBsYWNlEAIYBCAA,-8.3917875,115.63155569999998,SUCCESS,FIRST_RESULT,2026-09-27T17:25:50.620452+00:00,,
Pura Jagatnata Banjarmasin,Kalimantan Selatan,Pura,,,,,,,,,,,,API_ERROR,SEARCH_API_ERROR
Pura Sebanyak Buah,Maluku,Pura,,,,,,,,,,,,API_ERROR,SEARCH_API_ERROR
Pura Penataran Puspem Badung,"Kabupaten Badung, Bali",Pura,,,,,,,,,,,,API_ERROR,SEARCH_API_ERROR
Pura Peti Tenget,"Kabupaten Badung, Bali",Pura,,,,,,,,,,,,API_ERROR,SEARCH_API_ERROR
Pura Pucak Tedung,"Kabupaten Badung, Bali",Pura,,,,,,,,,,,,API_ERROR,SEARCH_API_ERROR
Pura Sadha,"Kabupaten Badung, Bali",Pura,ChIJhzKDI_070i0RD4s2cdLwLnk,Pura Puru Sada (Kahyangan Jagat),"Jl. Soka No.8, Kapal, Kec. Mengwi, Kabupaten Badung, Bali 80351",,,,,,,,,API_ERROR,DETAILS_API_ERROR
Pura Tanah Lot,"Kabupaten Tabanan, Bali",Pura,,,,,,,,,,,,API_ERROR,SEARCH_API_ERROR
Pura Uluwatu,"Kabupaten Badung, Bali",Pura,,,,,,,,,,,,API_ERROR,SEARCH_API_ERROR
Pura Dalem Jawa,"Kabupaten Bangli, Bali",Pura,,,,,,,,,,,,API_ERROR,SEARCH_API_ERROR
Pura Kehen,"Kabupaten Bangli, Bali",Pura,,,,,,,,,,,,API_ERROR,SEARCH_API_ERROR
Pura Rambut Siwi,"Kabupaten Jembrana, Bali",Pura,,,,,,,,,,,,API_ERROR,SEARCH_API_ERROR
Pura Jati,"Kabupaten Jembrana, Bali",Pura,,,,,,,,,,,,API_ERROR,SEARCH_API_ERROR
Pura Besakih,"Kabupaten Karangasem, Bali",Pura,,,,,,,,,,,,API_ERROR,SEARCH_API_ERROR
Pura Taman Ayun,"Kabupaten Badung, Bali",Pura,,,,,,,,,,,,API_ERROR,SEARCH_API_ERROR
Rumah Adat Baluk,"Kabupaten Bengkayang, Kalimantan Barat",Rumah,,,,,,,,,,,,API_ERROR,SEARCH_API_ERROR
Rumah Adat Kutai Guntung,"Kota Bontang, Kalimantan Timur",Rumah,,,,,,,,,,,,API_ERROR,SEARCH_API_ERROR
Rumah Adat,Nusa Tenggara Timur,Rumah,,,,,,,,,,,,API_ERROR,SEARCH_API_ERROR
Rumah Adat Dan Moko,"Kabupaten Alor, Nusa Tenggara Timur",Rumah,,,,,,,,,,,,API_ERROR,SEARCH_API_ERROR
Rumah Adat Berwarna Coklat Tua,"Kabupaten Alor, Nusa Tenggara Timur",Rumah,,,,,,,,,,,,API_ERROR,SEARCH_API_ERROR
Rumah Adat,Nusa Tenggara Timur,Rumah,,,,,,,,,,,,API_ERROR,SEARCH_API_ERROR
Rumah Adat Pakpak,"Kabupaten Dairi, Sumatera Utara",Rumah,,,,,,,,,,,,API_ERROR,SEARCH_API_ERROR
Rumah Adat Palembang,"Kota Palembang, Sumatera Selatan",Rumah,,,,,,,,,,,,API_ERROR,SEARCH_API_ERROR
Rumah Adat,Nusa Tenggara Timur,Rumah,,,,,,,,,,,,API_ERROR,SEARCH_API_ERROR
Rumah Adat Dalam Perisai Segi Lima,"Kabupaten Toba Samosir, Sumatera Utara",Rumah,,,,,,,,,,,,API_ERROR,SEARCH_API_ERROR
Rumah Adat Desa Tumori,"Kota Gunungsitoli, Sumatera Utara",Rumah,,,,,,,,,,,,API_ERROR,SEARCH_API_ERROR
Rumah Adat Tradisional Madura Tanean Lanjhang,"Kabupaten Sumenep, Jawa Timur",Rumah,,,,,,,,,,,,API_ERROR,SEARCH_API_ERROR
Rumah Adat Dan Ritus Pesta Kacang Jontona,"Kabupaten Lembata, Nusa Tenggara Timur",Rumah,,,,,,,,,,,,API_ERROR,SEARCH_API_ERROR
Museum Keraton Sumenep,"Kabupaten Sumenep, Jawa Timur",Rumah,,,,,,,,,,,,API_ERROR,SEARCH_API_ERROR
Rumah Adat,Nusa Tenggara Timur,Rumah,,,,,,,,,,,,API_ERROR,SEARCH_API_ERROR
Rumah Adat Bandayo Poboide,"Kota Gorontalo, Gorontalo",Rumah,,,,,,,,,,,,API_ERROR,SEARCH_API_ERROR
Rumah Adat Panjalin,"Kabupaten Majalengka, Jawa Barat",Rumah,,,,,,,,,,,,API_ERROR,SEARCH_API_ERROR
Rumah Adat Bubungan Tinggi,Kalimantan Selatan,Rumah,,,,,,,,,,,,API_ERROR,SEARCH_API_ERROR
Rumah Adat Suku Dayak Bukit Disebut Balai,Kalimantan Selatan,Rumah,,,,,,,,,,,,API_ERROR,SEARCH_API_ERROR
Rumah Panggung,Kepulauan Bangka Belitung,Rumah,,,,,,,,,,,,API_ERROR,SEARCH_API_ERROR
Rumah Limas,Kepulauan Bangka Belitung,Rumah,,,,,,,,,,,,API_ERROR,SEARCH_API_ERROR
Rumah Adat,Nusa Tenggara Timur,Rumah,,,,,,,,,,,,API_ERROR,SEARCH_API_ERROR
Rumah Rakit,Kepulauan Bangka Belitung,Rumah,,,,,,,,,,,,API_ERROR,SEARCH_API_ERROR
Rumah Adat Gobel,Gorontalo,Rumah,,,,,,,,,,,,API_ERROR,SEARCH_API_ERROR
Rumah Adat Bentara Pineung,"Kabupaten Pidie, Aceh",Rumah,,,,,,,,,,,,API_ERROR,SEARCH_API_ERROR
Rumah Adat Bentara Blang,"Kabupaten Pidie, Aceh",Rumah,ChIJcaZPZ8WTQDARKkgXH3wmWUU,Lam Kuta,"8WGM+6P, Tungkop Cut, Indra Jaya, Pidie Regency, Aceh 24182, Indonesia",5.0,3.0,https://maps.google.com/?cid=4997067576083695658&g_mp=CiVnb29nbGUubWFwcy5wbGFjZXMudjEuUGxhY2VzLkdldFBsYWNlEAIYBCAA,5.3255815,95.93431869999999,SUCCESS,FIRST_RESULT,2026-09-27T17:25:54.244825+00:00,,
Rumah Adat Rejang Lebong,"Kabupaten Rejang Lebong, Bengkulu",Rumah,,,,,,,,,,,,API_ERROR,SEARCH_API_ERROR
Rumah Adat Dulohupa,"Kota Gorontalo, Gorontalo",Rumah,,,,,,,,,,,,API_ERROR,SEARCH_API_ERROR
Rumah Adat Dan Pasola,Nusa Tenggara Timur,Rumah,,,,,,,,,,,,API_ERROR,SEARCH_API_ERROR
Situs Fondasi Bilik,"Kabupaten Lingga, Kepulauan Riau",Situs,,,,,,,,,,,,API_ERROR,SEARCH_API_ERROR
Situs Selobanteng,"Kabupaten Situbondo, Jawa Timur",Situs,,,,,,,,,,,,API_ERROR,SEARCH_API_ERROR
Situs Istana Damnah,"Kabupaten Lingga, Kepulauan Riau",Situs,,,,,,,,,,,,API_ERROR,SEARCH_API_ERROR
Situs Prasejarah Sumbermalang,"Kabupaten Situbondo, Jawa Timur",Situs,,,,,,,,,,,,API_ERROR,SEARCH_API_ERROR
Situs Batu Lantai,"Kabupaten Situbondo, Jawa Timur",Situs,,,,,,,,,,,,API_ERROR,SEARCH_API_ERROR
Situs Makam Sayyid Ustman Bin Ali Bin Abdillah Al-Habsyi,"Kabupaten Sampang, Jawa Timur",Situs,,,,,,,,,,,,API_ERROR,SEARCH_API_ERROR
Situs Sendang Gede Ngimbang,"Kabupaten Lamongan, Jawa Timur",Situs,,,,,,,,,,,,API_ERROR,SEARCH_API_ERROR
Situs Makam Bangsacara,"Kabupaten Sampang, Jawa Timur",Situs,,,,,,,,,,,,API_ERROR,SEARCH_API_ERROR
Situs Makam Pangeran Santo Merto,"Kabupaten Sampang, Jawa Timur",Situs,,,,,,,,,,,,API_ERROR,SEARCH_API_ERROR
Situs Ratoh Ebuh,"Kabupaten Sampang, Jawa Timur",Situs,,,,,,,,,,,,API_ERROR,SEARCH_API_ERROR
Situs Pababaran Trunojoyo,"Kabupaten Sampang, Jawa Timur",Situs,,,,,,,,,,,,API_ERROR,SEARCH_API_ERROR
Situs Pangeran Rangga Sukawati,"Kabupaten Pamekasan, Jawa Timur",Situs,,,,,,,,,,,,API_ERROR,SEARCH_API_ERROR
Situs Istana Robat,"Kabupaten Lingga, Kepulauan Riau",Situs,,,,,,,,,,,,API_ERROR,SEARCH_API_ERROR
Situs Bung Karno,"Kabupaten Kediri, Jawa Timur",Situs,,,,,,,,,,,,API_ERROR,SEARCH_API_ERROR
Situs Makam Bangsacara Dan Ragapatmi,"Kabupaten Sampang, Jawa Timur",Situs,,,,,,,,,,,,API_ERROR,SEARCH_API_ERROR
Situs Warisan Dunia Unesco,"Kabupaten Ngada, Nusa Tenggara Timur",Situs,,,,,,,,,,,,API_ERROR,SEARCH_API_ERROR
Menara Bakaran Batu,"Kota Medan, Sumatera Utara",Situs,,,,,,,,,,,,API_ERROR,SEARCH_API_ERROR
Situs Candi Pulau Sawah,"Kabupaten Dharmasraya, Sumatera Barat",Situs,,,,,,,,,,,,API_ERROR,SEARCH_API_ERROR
Situs Tondowongso,"Kabupaten Kediri, Jawa Timur",Situs,,,,,,,,,,,,API_ERROR,SEARCH_API_ERROR
Wihara Mahavira Graha,"Kota Medan, Sumatera Utara",Situs,,,,,,,,,,,,API_ERROR,SEARCH_API_ERROR
Katedral Roma Katholik,"Kota Medan, Sumatera Utara",Situs,,,,,,,,,,,,API_ERROR,SEARCH_API_ERROR
Graha Bunda Maria Annai Velangkanni,"Kota Medan, Sumatera Utara",Situs,,,,,,,,,,,,API_ERROR,SEARCH_API_ERROR
Titi Gantung,"Kota Medan, Sumatera Utara",Situs,,,,,,,,,,,,API_ERROR,SEARCH_API_ERROR
Restoran Tip Top,"Kota Medan, Sumatera Utara",Situs,,,,,,,,,,,,API_ERROR,SEARCH_API_ERROR
Situs Purbakala Kokas,"Kabupaten Fakfak, Papua Barat",Situs,,,,,,,,,,,,API_ERROR,SEARCH_API_ERROR
Pekong Lima Medan Labuhan,"Kota Medan, Sumatera Utara",Situs,,,,,,,,,,,,API_ERROR,SEARCH_API_ERROR
Rumah Tjong A Fie,"Kota Medan, Sumatera Utara",Situs,,,,,,,,,,,,API_ERROR,SEARCH_API_ERROR
Menara Air Tirtanadi,"Kota Medan, Sumatera Utara",Situs,,,,,,,,,,,,API_ERROR,SEARCH_API_ERROR
Situs Cagar Budaya Pdri Kototinggi,"Kabupaten Lima Puluh Kota, Sumatera Barat",Situs,,,,,,,,,,,,API_ERROR,SEARCH_API_ERROR
Kawasan Megalit Maek,"Kabupaten Lima Puluh Kota, Sumatera Barat",Situs,,,,,,,,,,,,API_ERROR,SEARCH_API_ERROR
Kawasan Megalit Belubus,"Kabupaten Lima Puluh Kota, Sumatera Barat",Situs,,,,,,,,,,,,API_ERROR,SEARCH_API_ERROR
Situs Megalitik Sokoliman,"Kabupaten Gunungkidul, Yogyakarta",Situs,ChIJL7zcVRpLei4RMy4B3cYS7ZI,Situs Sokoliman 2 GK Indonesia,"Gelaran Sokoliman 2, Bejiharjo, Karangmojo, Gunungkidul Kabupaten Gunung Kidul, Sokoliman II, Bejiharjo, Kec. Karangmojo, Yogyakarta, Daerah Istimewa Yogyakarta 55891",,,,,,,,,API_ERROR,DETAILS_API_ERROR
Masjid Raya Al Mashun,"Kota Medan, Sumatera Utara",Situs,,,,,,,,,,,,API_ERROR,SEARCH_API_ERROR
Situs Kanjeng Sepuh Sedayu,"Kabupaten Gresik, Jawa Timur",Situs,,,,,,,,,,,,API_ERROR,SEARCH_API_ERROR
Situs Raja Balok,Kepulauan Bangka Belitung,Situs,,,,,,,,,,,,API_ERROR,SEARCH_API_ERROR
Situs Peninggalan Era Megalitikum,"Kabupaten Temanggung, Jawa Tengah",Situs,,,,,,,,,,,,API_ERROR,SEARCH_API_ERROR
Situs Makam Tegal Mas,"Kabupaten Situbondo, Jawa Timur",Situs,,,,,,,,,,,,API_ERROR,SEARCH_API_ERROR
Situs Lawang Gede,"Kabupaten Cirebon, Jawa Barat",Situs,,,,,,,,,,,,API_ERROR,SEARCH_API_ERROR
Situs Pasanggrahan Balong Biru,"Kabupaten Cirebon, Jawa Barat",Situs,,,,,,,,,,,,API_ERROR,SEARCH_API_ERROR
Situs Batu Tulis Huludayeuh,"Kabupaten Cirebon, Jawa Barat",Situs,,,,,,,,,,,,API_ERROR,SEARCH_API_ERROR
Situs Bleberan,Yogyakarta,Situs,,,,,,,,,,,,API_ERROR,SEARCH_API_ERROR
Situs Gondangan,"Kabupaten Gunungkidul, Yogyakarta",Situs,,,,,,,,,,,,API_ERROR,SEARCH_API_ERROR
Situs Oluhuta,Gorontalo,Situs,,,,,,,,,,,,API_ERROR,SEARCH_API_ERROR
Situs Sokoliman,Yogyakarta,Situs,,,,,,,,,,,,API_ERROR,SEARCH_API_ERROR
Situs Arca Gupolo,Yogyakarta,Situs,,,,,,,,,,,,API_ERROR,SEARCH_API_ERROR
Situs Arca Bugisan,Yogyakarta,Situs,,,,,,,,,,,,API_ERROR,SEARCH_API_ERROR
Situs Mangir,Yogyakarta,Situs,,,,,,,,,,,,API_ERROR,SEARCH_API_ERROR
Situs Payak,Yogyakarta,Situs,,,,,,,,,,,,API_ERROR,SEARCH_API_ERROR
Situs Mantup,Yogyakarta,Situs,,,,,,,,,,,,API_ERROR,SEARCH_API_ERROR
Situs Gondangan,"Kabupaten Gunungkidul, Yogyakarta",Situs,,,,,,,,,,,,API_ERROR,SEARCH_API_ERROR
Situs Gua Sentono,Yogyakarta,Situs,,,,,,,,,,,,API_ERROR,SEARCH_API_ERROR
Situs Trowulan,Jawa Timur,Situs,,,,,,,,,,,,API_ERROR,SEARCH_API_ERROR
Situs Kerajaan Kuala Batee,"Kabupaten Aceh Barat Daya, Aceh",Situs,,,,,,,,,,,,API_ERROR,SEARCH_API_ERROR
Situs Salakanagara,"Kabupaten Pandeglang, Banten",Situs,,,,,,,,,,,,API_ERROR,SEARCH_API_ERROR
Situs Manusia Purba Semedo,"Kabupaten Tegal, Jawa Tengah",Situs,,,,,,,,,,,,API_ERROR,SEARCH_API_ERROR
Situs Kota Sejarah Lasem,"Kabupaten Rembang, Jawa Tengah",Situs,,,,,,,,,,,,API_ERROR,SEARCH_API_ERROR
Situs Pertapaan Pamulang,"Kabupaten Rembang, Jawa Tengah",Situs,,,,,,,,,,,,API_ERROR,SEARCH_API_ERROR
Situs Tulang Belulang Manusia Austronesia Dan Peninggalan Kebudayaannya,"Kabupaten Rembang, Jawa Tengah",Situs,,,,,,,,,,,,API_ERROR,SEARCH_API_ERROR
Situs Tulang Belulang Manusia Austronesia,"Kabupaten Rembang, Jawa Tengah",Situs,,,,,,,,,,,,API_ERROR,SEARCH_API_ERROR
Situs Cungkuk,"Kabupaten Sukabumi, Jawa Barat",Situs,,,,,,,,,,,,API_ERROR,SEARCH_API_ERROR
Situs Gunung Ageung,"Kabupaten Majalengka, Jawa Barat",Situs,,,,,,,,,,,,API_ERROR,SEARCH_API_ERROR
Situs Sanghyang Lingga,"Kabupaten Majalengka, Jawa Barat",Situs,,,,,,,,,,,,API_ERROR,SEARCH_API_ERROR
Situs Sanghiang Sagarahiang,"Kabupaten Kuningan, Jawa Barat",Situs,,,,,,,,,,,,API_ERROR,SEARCH_API_ERROR
Situs Megalitikum Gunung Kasur,"Kabupaten Cianjur, Jawa Barat",Situs,,,,,,,,,,,,API_ERROR,SEARCH_API_ERROR
Situs Megalitikum Gunung Padang,"Kabupaten Cianjur, Jawa Barat",Situs,,,,,,,,,,,,API_ERROR,SEARCH_API_ERROR
Situs Gunung Padang,"Kabupaten Bandung, Jawa Barat",Situs,,,,,,,,,,,,API_ERROR,SEARCH_API_ERROR
Situs Makam Bosscha,"Kabupaten Bandung, Jawa Barat",Situs,,,,,,,,,,,,API_ERROR,SEARCH_API_ERROR
Situs Bumi Alit Kabuyutan,"Kabupaten Bandung, Jawa Barat",Situs,,,,,,,,,,,,API_ERROR,SEARCH_API_ERROR
Situs Rumah Hitam,"Kabupaten Bandung, Jawa Barat",Situs,,,,,,,,,,,,API_ERROR,SEARCH_API_ERROR
Situs Gosari,"Kabupaten Gresik, Jawa Timur",Situs,,,,,,,,,,,,API_ERROR,SEARCH_API_ERROR
Situs Desa Blebera,"Kabupaten Gunungkidul, Yogyakarta",Situs,,,,,,,,,,,,API_ERROR,SEARCH_API_ERROR
